2026-07-29 10:13:34 [main] ERROR com.vmfg.VMFGApplication -SmartRun Application Start Exception--->org.springframework.boot.devtools.restart.SilentExitExceptionHandler$SilentExitException
				
2026-07-29 10:14:04 [http-nio-8495-exec-7] ERROR com.vmfg.util.GetPropertyValue -getTenantPropertyVal Method Exception|||org.springframework.dao.EmptyResultDataAccessException: Incorrect result size: expected 1, actual 0
				
2026-07-29 10:14:04 [http-nio-8495-exec-7] ERROR com.vmfg.util.GetPropertyValue -getTenantPropertyValByTenantId Method Exception|||org.springframework.dao.EmptyResultDataAccessException: Incorrect result size: expected 1, actual 0
				
2026-07-29 10:14:04 [http-nio-8495-exec-7] ERROR com.vmfg.util.CommonBase64Class -CommonBase64Class getBasesBinary Method FileNotFoundException---->java.io.FileNotFoundException:  (No such file or directory)
				
2026-07-29 10:14:04 [http-nio-8495-exec-7] ERROR c.v.authentication.UserLoginService -getImageUrl DAO Method Exceptionjava.lang.NullPointerException
				
2026-07-29 10:15:05 [http-nio-8495-exec-10] ERROR com.vmfg.util.GetPropertyValue -getTenantPropertyVal Method Exception|||org.springframework.dao.EmptyResultDataAccessException: Incorrect result size: expected 1, actual 0
				
2026-07-29 10:15:05 [http-nio-8495-exec-10] ERROR com.vmfg.util.GetPropertyValue -getTenantPropertyValByTenantId Method Exception|||org.springframework.dao.EmptyResultDataAccessException: Incorrect result size: expected 1, actual 0
				
2026-07-29 10:15:05 [http-nio-8495-exec-10] ERROR com.vmfg.util.CommonBase64Class -CommonBase64Class getBasesBinary Method FileNotFoundException---->java.io.FileNotFoundException:  (No such file or directory)
				
2026-07-29 10:15:05 [http-nio-8495-exec-10] ERROR c.v.authentication.UserLoginService -getImageUrl DAO Method Exceptionjava.lang.NullPointerException
				
2026-07-29 10:15:48 [http-nio-8495-exec-9] ERROR com.vmfg.scm.dao.impl.GrnDAO -getPoCodeByPoId method Errororg.springframework.dao.EmptyResultDataAccessException: Incorrect result size: expected 1, actual 0
				
2026-07-29 10:22:52 [http-nio-8495-exec-1] ERROR com.vmfg.util.GetPropertyValue -getTenantPropertyVal Method Exception|||org.springframework.dao.EmptyResultDataAccessException: Incorrect result size: expected 1, actual 0
				
2026-07-29 10:22:52 [http-nio-8495-exec-1] ERROR com.vmfg.util.GetPropertyValue -getTenantPropertyValByTenantId Method Exception|||org.springframework.dao.EmptyResultDataAccessException: Incorrect result size: expected 1, actual 0
				
2026-07-29 10:22:52 [http-nio-8495-exec-1] ERROR com.vmfg.util.CommonBase64Class -CommonBase64Class getBasesBinary Method FileNotFoundException---->java.io.FileNotFoundException:  (No such file or directory)
				
2026-07-29 10:22:52 [http-nio-8495-exec-1] ERROR c.v.authentication.UserLoginService -getImageUrl DAO Method Exceptionjava.lang.NullPointerException
				
2026-07-29 10:31:28 [main] ERROR com.vmfg.VMFGApplication -SmartRun Application Start Exception--->org.springframework.boot.devtools.restart.SilentExitExceptionHandler$SilentExitException
				
2026-07-29 10:32:03 [http-nio-8495-exec-3] ERROR com.vmfg.scm.dao.impl.GrnDAO -getPoCodeByPoId method Errororg.springframework.dao.EmptyResultDataAccessException: Incorrect result size: expected 1, actual 0
				
2026-07-29 10:32:33 [http-nio-8495-exec-2] ERROR com.vmfg.scm.dao.impl.GrnDAO -getPoCodeByPoId method Errororg.springframework.dao.EmptyResultDataAccessException: Incorrect result size: expected 1, actual 0
				
2026-07-29 10:32:50 [http-nio-8495-exec-8] ERROR com.vmfg.scm.dao.impl.GrnDAO -getPoCodeByPoId method Errororg.springframework.dao.EmptyResultDataAccessException: Incorrect result size: expected 1, actual 0
				
2026-07-29 11:25:23 [main] ERROR com.vmfg.VMFGApplication -SmartRun Application Start Exception--->org.springframework.boot.devtools.restart.SilentExitExceptionHandler$SilentExitException
				
2026-07-29 11:25:34 [http-nio-8495-exec-1] ERROR com.vmfg.util.GetPropertyValue -getTenantPropertyVal Method Exception|||org.springframework.dao.EmptyResultDataAccessException: Incorrect result size: expected 1, actual 0
				
2026-07-29 11:25:34 [http-nio-8495-exec-1] ERROR com.vmfg.util.GetPropertyValue -getTenantPropertyValByTenantId Method Exception|||org.springframework.dao.EmptyResultDataAccessException: Incorrect result size: expected 1, actual 0
				
2026-07-29 11:25:34 [http-nio-8495-exec-1] ERROR com.vmfg.util.CommonBase64Class -CommonBase64Class getBasesBinary Method FileNotFoundException---->java.io.FileNotFoundException:  (No such file or directory)
				
2026-07-29 11:25:34 [http-nio-8495-exec-1] ERROR c.v.authentication.UserLoginService -getImageUrl DAO Method Exceptionjava.lang.NullPointerException
				
2026-07-29 11:26:43 [http-nio-8495-exec-5] ERROR com.vmfg.util.GetPropertyValue -getTenantPropertyVal Method Exception|||org.springframework.dao.EmptyResultDataAccessException: Incorrect result size: expected 1, actual 0
				
2026-07-29 11:26:43 [http-nio-8495-exec-5] ERROR com.vmfg.util.GetPropertyValue -getTenantPropertyValByTenantId Method Exception|||org.springframework.dao.EmptyResultDataAccessException: Incorrect result size: expected 1, actual 0
				
2026-07-29 11:26:43 [http-nio-8495-exec-5] ERROR com.vmfg.util.CommonBase64Class -CommonBase64Class getBasesBinary Method FileNotFoundException---->java.io.FileNotFoundException:  (No such file or directory)
				
2026-07-29 11:26:43 [http-nio-8495-exec-5] ERROR c.v.authentication.UserLoginService -getImageUrl DAO Method Exceptionjava.lang.NullPointerException
				
2026-07-29 11:29:03 [http-nio-8495-exec-1] ERROR com.vmfg.util.GetPropertyValue -getTenantPropertyVal Method Exception|||org.springframework.dao.EmptyResultDataAccessException: Incorrect result size: expected 1, actual 0
				
2026-07-29 11:29:03 [http-nio-8495-exec-1] ERROR com.vmfg.util.GetPropertyValue -getTenantPropertyValByTenantId Method Exception|||org.springframework.dao.EmptyResultDataAccessException: Incorrect result size: expected 1, actual 0
				
2026-07-29 11:29:03 [http-nio-8495-exec-1] ERROR com.vmfg.util.CommonBase64Class -CommonBase64Class getBasesBinary Method FileNotFoundException---->java.io.FileNotFoundException:  (No such file or directory)
				
2026-07-29 11:29:03 [http-nio-8495-exec-1] ERROR c.v.authentication.UserLoginService -getImageUrl DAO Method Exceptionjava.lang.NullPointerException
				
2026-07-29 11:29:24 [http-nio-8495-exec-9] ERROR c.v.d.rowmapper.DesignHdrRowMapper -DesignHdrRowMapper  Method Exceptionjava.sql.SQLSyntaxErrorException: Column 'IS_INTERNAL' not found.
				
2026-07-29 11:29:24 [http-nio-8495-exec-9] ERROR c.v.d.rowmapper.DesignHdrRowMapper -DesignHdrRowMapper  Method Exceptionjava.sql.SQLSyntaxErrorException: Column 'IS_INTERNAL' not found.
				
2026-07-29 11:29:24 [http-nio-8495-exec-9] ERROR c.v.d.rowmapper.DesignHdrRowMapper -DesignHdrRowMapper  Method Exceptionjava.sql.SQLSyntaxErrorException: Column 'IS_INTERNAL' not found.
				
2026-07-29 11:29:24 [http-nio-8495-exec-9] ERROR c.v.d.rowmapper.DesignHdrRowMapper -DesignHdrRowMapper  Method Exceptionjava.sql.SQLSyntaxErrorException: Column 'IS_INTERNAL' not found.
				
2026-07-29 11:29:24 [http-nio-8495-exec-9] ERROR c.v.d.rowmapper.DesignHdrRowMapper -DesignHdrRowMapper  Method Exceptionjava.sql.SQLSyntaxErrorException: Column 'IS_INTERNAL' not found.
				
2026-07-29 11:29:24 [http-nio-8495-exec-9] ERROR c.v.d.rowmapper.DesignHdrRowMapper -DesignHdrRowMapper  Method Exceptionjava.sql.SQLSyntaxErrorException: Column 'IS_INTERNAL' not found.
				
2026-07-29 11:29:24 [http-nio-8495-exec-9] ERROR c.v.d.rowmapper.DesignHdrRowMapper -DesignHdrRowMapper  Method Exceptionjava.sql.SQLSyntaxErrorException: Column 'IS_INTERNAL' not found.
				
2026-07-29 11:29:24 [http-nio-8495-exec-9] ERROR c.v.d.rowmapper.DesignHdrRowMapper -DesignHdrRowMapper  Method Exceptionjava.sql.SQLSyntaxErrorException: Column 'IS_INTERNAL' not found.
				
2026-07-29 11:29:24 [http-nio-8495-exec-9] ERROR c.v.d.rowmapper.DesignHdrRowMapper -DesignHdrRowMapper  Method Exceptionjava.sql.SQLSyntaxErrorException: Column 'IS_INTERNAL' not found.
				
2026-07-29 11:29:24 [http-nio-8495-exec-9] ERROR c.v.d.rowmapper.DesignHdrRowMapper -DesignHdrRowMapper  Method Exceptionjava.sql.SQLSyntaxErrorException: Column 'IS_INTERNAL' not found.
				
2026-07-29 11:29:24 [http-nio-8495-exec-9] ERROR c.v.d.rowmapper.DesignHdrRowMapper -DesignHdrRowMapper  Method Exceptionjava.sql.SQLSyntaxErrorException: Column 'IS_INTERNAL' not found.
				
2026-07-29 11:29:24 [http-nio-8495-exec-9] ERROR c.v.d.rowmapper.DesignHdrRowMapper -DesignHdrRowMapper  Method Exceptionjava.sql.SQLSyntaxErrorException: Column 'IS_INTERNAL' not found.
				
2026-07-29 11:29:24 [http-nio-8495-exec-9] ERROR c.v.d.rowmapper.DesignHdrRowMapper -DesignHdrRowMapper  Method Exceptionjava.sql.SQLSyntaxErrorException: Column 'IS_INTERNAL' not found.
				
2026-07-29 11:29:24 [http-nio-8495-exec-9] ERROR c.v.d.rowmapper.DesignHdrRowMapper -DesignHdrRowMapper  Method Exceptionjava.sql.SQLSyntaxErrorException: Column 'IS_INTERNAL' not found.
				
2026-07-29 11:29:24 [http-nio-8495-exec-9] ERROR c.v.d.rowmapper.DesignHdrRowMapper -DesignHdrRowMapper  Method Exceptionjava.sql.SQLSyntaxErrorException: Column 'IS_INTERNAL' not found.
				
2026-07-29 11:29:24 [http-nio-8495-exec-9] ERROR c.v.d.rowmapper.DesignHdrRowMapper -DesignHdrRowMapper  Method Exceptionjava.sql.SQLSyntaxErrorException: Column 'IS_INTERNAL' not found.
				
2026-07-29 11:29:24 [http-nio-8495-exec-9] ERROR c.v.d.rowmapper.DesignHdrRowMapper -DesignHdrRowMapper  Method Exceptionjava.sql.SQLSyntaxErrorException: Column 'IS_INTERNAL' not found.
				
2026-07-29 11:29:24 [http-nio-8495-exec-9] ERROR c.v.d.rowmapper.DesignHdrRowMapper -DesignHdrRowMapper  Method Exceptionjava.sql.SQLSyntaxErrorException: Column 'IS_INTERNAL' not found.
				
2026-07-29 11:29:24 [http-nio-8495-exec-9] ERROR c.v.d.rowmapper.DesignHdrRowMapper -DesignHdrRowMapper  Method Exceptionjava.sql.SQLSyntaxErrorException: Column 'IS_INTERNAL' not found.
				
2026-07-29 11:29:24 [http-nio-8495-exec-9] ERROR c.v.d.rowmapper.DesignHdrRowMapper -DesignHdrRowMapper  Method Exceptionjava.sql.SQLSyntaxErrorException: Column 'IS_INTERNAL' not found.
				
2026-07-29 11:29:24 [http-nio-8495-exec-9] ERROR c.v.d.rowmapper.DesignHdrRowMapper -DesignHdrRowMapper  Method Exceptionjava.sql.SQLSyntaxErrorException: Column 'IS_INTERNAL' not found.
				
2026-07-29 11:29:24 [http-nio-8495-exec-9] ERROR c.v.d.rowmapper.DesignHdrRowMapper -DesignHdrRowMapper  Method Exceptionjava.sql.SQLSyntaxErrorException: Column 'IS_INTERNAL' not found.
				
2026-07-29 11:29:24 [http-nio-8495-exec-9] ERROR c.v.d.rowmapper.DesignHdrRowMapper -DesignHdrRowMapper  Method Exceptionjava.sql.SQLSyntaxErrorException: Column 'IS_INTERNAL' not found.
				
2026-07-29 11:29:24 [http-nio-8495-exec-9] ERROR c.v.d.rowmapper.DesignHdrRowMapper -DesignHdrRowMapper  Method Exceptionjava.sql.SQLSyntaxErrorException: Column 'IS_INTERNAL' not found.
				
2026-07-29 11:29:24 [http-nio-8495-exec-9] ERROR c.v.d.rowmapper.DesignHdrRowMapper -DesignHdrRowMapper  Method Exceptionjava.sql.SQLSyntaxErrorException: Column 'IS_INTERNAL' not found.
				
2026-07-29 11:29:24 [http-nio-8495-exec-9] ERROR c.v.d.rowmapper.DesignHdrRowMapper -DesignHdrRowMapper  Method Exceptionjava.sql.SQLSyntaxErrorException: Column 'IS_INTERNAL' not found.
				
2026-07-29 11:29:24 [http-nio-8495-exec-9] ERROR c.v.d.rowmapper.DesignHdrRowMapper -DesignHdrRowMapper  Method Exceptionjava.sql.SQLSyntaxErrorException: Column 'IS_INTERNAL' not found.
				
2026-07-29 11:29:24 [http-nio-8495-exec-9] ERROR c.v.d.rowmapper.DesignHdrRowMapper -DesignHdrRowMapper  Method Exceptionjava.sql.SQLSyntaxErrorException: Column 'IS_INTERNAL' not found.
				
2026-07-29 11:29:24 [http-nio-8495-exec-9] ERROR c.v.d.rowmapper.DesignHdrRowMapper -DesignHdrRowMapper  Method Exceptionjava.sql.SQLSyntaxErrorException: Column 'IS_INTERNAL' not found.
				
2026-07-29 11:29:24 [http-nio-8495-exec-9] ERROR c.v.d.rowmapper.DesignHdrRowMapper -DesignHdrRowMapper  Method Exceptionjava.sql.SQLSyntaxErrorException: Column 'IS_INTERNAL' not found.
				
2026-07-29 11:29:24 [http-nio-8495-exec-9] ERROR c.v.d.rowmapper.DesignHdrRowMapper -DesignHdrRowMapper  Method Exceptionjava.sql.SQLSyntaxErrorException: Column 'IS_INTERNAL' not found.
				
2026-07-29 11:29:24 [http-nio-8495-exec-9] ERROR c.v.d.rowmapper.DesignHdrRowMapper -DesignHdrRowMapper  Method Exceptionjava.sql.SQLSyntaxErrorException: Column 'IS_INTERNAL' not found.
				
2026-07-29 11:29:24 [http-nio-8495-exec-9] ERROR c.v.d.rowmapper.DesignHdrRowMapper -DesignHdrRowMapper  Method Exceptionjava.sql.SQLSyntaxErrorException: Column 'IS_INTERNAL' not found.
				
2026-07-29 11:29:24 [http-nio-8495-exec-9] ERROR c.v.d.rowmapper.DesignHdrRowMapper -DesignHdrRowMapper  Method Exceptionjava.sql.SQLSyntaxErrorException: Column 'IS_INTERNAL' not found.
				
2026-07-29 11:29:24 [http-nio-8495-exec-9] ERROR c.v.d.rowmapper.DesignHdrRowMapper -DesignHdrRowMapper  Method Exceptionjava.sql.SQLSyntaxErrorException: Column 'IS_INTERNAL' not found.
				
2026-07-29 11:29:24 [http-nio-8495-exec-9] ERROR c.v.d.rowmapper.DesignHdrRowMapper -DesignHdrRowMapper  Method Exceptionjava.sql.SQLSyntaxErrorException: Column 'IS_INTERNAL' not found.
				
2026-07-29 11:29:24 [http-nio-8495-exec-9] ERROR c.v.d.rowmapper.DesignHdrRowMapper -DesignHdrRowMapper  Method Exceptionjava.sql.SQLSyntaxErrorException: Column 'IS_INTERNAL' not found.
				
2026-07-29 11:29:24 [http-nio-8495-exec-9] ERROR c.v.d.rowmapper.DesignHdrRowMapper -DesignHdrRowMapper  Method Exceptionjava.sql.SQLSyntaxErrorException: Column 'IS_INTERNAL' not found.
				
2026-07-29 11:29:24 [http-nio-8495-exec-9] ERROR c.v.d.rowmapper.DesignHdrRowMapper -DesignHdrRowMapper  Method Exceptionjava.sql.SQLSyntaxErrorException: Column 'IS_INTERNAL' not found.
				
2026-07-29 11:29:24 [http-nio-8495-exec-9] ERROR c.v.d.rowmapper.DesignHdrRowMapper -DesignHdrRowMapper  Method Exceptionjava.sql.SQLSyntaxErrorException: Column 'IS_INTERNAL' not found.
				
2026-07-29 11:29:24 [http-nio-8495-exec-9] ERROR c.v.d.rowmapper.DesignHdrRowMapper -DesignHdrRowMapper  Method Exceptionjava.sql.SQLSyntaxErrorException: Column 'IS_INTERNAL' not found.
				
2026-07-29 11:29:24 [http-nio-8495-exec-9] ERROR c.v.d.rowmapper.DesignHdrRowMapper -DesignHdrRowMapper  Method Exceptionjava.sql.SQLSyntaxErrorException: Column 'IS_INTERNAL' not found.
				
2026-07-29 11:29:24 [http-nio-8495-exec-9] ERROR c.v.d.rowmapper.DesignHdrRowMapper -DesignHdrRowMapper  Method Exceptionjava.sql.SQLSyntaxErrorException: Column 'IS_INTERNAL' not found.
				
2026-07-29 11:29:24 [http-nio-8495-exec-9] ERROR c.v.d.rowmapper.DesignHdrRowMapper -DesignHdrRowMapper  Method Exceptionjava.sql.SQLSyntaxErrorException: Column 'IS_INTERNAL' not found.
				
2026-07-29 11:29:24 [http-nio-8495-exec-9] ERROR c.v.d.rowmapper.DesignHdrRowMapper -DesignHdrRowMapper  Method Exceptionjava.sql.SQLSyntaxErrorException: Column 'IS_INTERNAL' not found.
				
2026-07-29 11:29:24 [http-nio-8495-exec-9] ERROR c.v.d.rowmapper.DesignHdrRowMapper -DesignHdrRowMapper  Method Exceptionjava.sql.SQLSyntaxErrorException: Column 'IS_INTERNAL' not found.
				
2026-07-29 11:29:24 [http-nio-8495-exec-9] ERROR c.v.d.rowmapper.DesignHdrRowMapper -DesignHdrRowMapper  Method Exceptionjava.sql.SQLSyntaxErrorException: Column 'IS_INTERNAL' not found.
				
2026-07-29 11:29:24 [http-nio-8495-exec-9] ERROR c.v.d.rowmapper.DesignHdrRowMapper -DesignHdrRowMapper  Method Exceptionjava.sql.SQLSyntaxErrorException: Column 'IS_INTERNAL' not found.
				
2026-07-29 11:29:24 [http-nio-8495-exec-9] ERROR c.v.d.rowmapper.DesignHdrRowMapper -DesignHdrRowMapper  Method Exceptionjava.sql.SQLSyntaxErrorException: Column 'IS_INTERNAL' not found.
				
2026-07-29 11:29:24 [http-nio-8495-exec-9] ERROR c.v.d.rowmapper.DesignHdrRowMapper -DesignHdrRowMapper  Method Exceptionjava.sql.SQLSyntaxErrorException: Column 'IS_INTERNAL' not found.
				
2026-07-29 11:29:24 [http-nio-8495-exec-9] ERROR c.v.d.rowmapper.DesignHdrRowMapper -DesignHdrRowMapper  Method Exceptionjava.sql.SQLSyntaxErrorException: Column 'IS_INTERNAL' not found.
				
2026-07-29 11:29:24 [http-nio-8495-exec-9] ERROR c.v.d.rowmapper.DesignHdrRowMapper -DesignHdrRowMapper  Method Exceptionjava.sql.SQLSyntaxErrorException: Column 'IS_INTERNAL' not found.
				
2026-07-29 11:29:24 [http-nio-8495-exec-9] ERROR c.v.d.rowmapper.DesignHdrRowMapper -DesignHdrRowMapper  Method Exceptionjava.sql.SQLSyntaxErrorException: Column 'IS_INTERNAL' not found.
				
2026-07-29 11:29:24 [http-nio-8495-exec-9] ERROR c.v.d.rowmapper.DesignHdrRowMapper -DesignHdrRowMapper  Method Exceptionjava.sql.SQLSyntaxErrorException: Column 'IS_INTERNAL' not found.
				
2026-07-29 11:29:24 [http-nio-8495-exec-9] ERROR c.v.d.rowmapper.DesignHdrRowMapper -DesignHdrRowMapper  Method Exceptionjava.sql.SQLSyntaxErrorException: Column 'IS_INTERNAL' not found.
				
2026-07-29 11:29:24 [http-nio-8495-exec-9] ERROR c.v.d.rowmapper.DesignHdrRowMapper -DesignHdrRowMapper  Method Exceptionjava.sql.SQLSyntaxErrorException: Column 'IS_INTERNAL' not found.
				
2026-07-29 11:29:24 [http-nio-8495-exec-9] ERROR c.v.d.rowmapper.DesignHdrRowMapper -DesignHdrRowMapper  Method Exceptionjava.sql.SQLSyntaxErrorException: Column 'IS_INTERNAL' not found.
				
2026-07-29 11:29:24 [http-nio-8495-exec-9] ERROR c.v.d.rowmapper.DesignHdrRowMapper -DesignHdrRowMapper  Method Exceptionjava.sql.SQLSyntaxErrorException: Column 'IS_INTERNAL' not found.
				
2026-07-29 11:29:24 [http-nio-8495-exec-9] ERROR c.v.d.rowmapper.DesignHdrRowMapper -DesignHdrRowMapper  Method Exceptionjava.sql.SQLSyntaxErrorException: Column 'IS_INTERNAL' not found.
				
2026-07-29 11:29:24 [http-nio-8495-exec-9] ERROR c.v.d.rowmapper.DesignHdrRowMapper -DesignHdrRowMapper  Method Exceptionjava.sql.SQLSyntaxErrorException: Column 'IS_INTERNAL' not found.
				
2026-07-29 11:29:24 [http-nio-8495-exec-9] ERROR c.v.d.rowmapper.DesignHdrRowMapper -DesignHdrRowMapper  Method Exceptionjava.sql.SQLSyntaxErrorException: Column 'IS_INTERNAL' not found.
				
2026-07-29 11:29:24 [http-nio-8495-exec-9] ERROR c.v.d.rowmapper.DesignHdrRowMapper -DesignHdrRowMapper  Method Exceptionjava.sql.SQLSyntaxErrorException: Column 'IS_INTERNAL' not found.
				
2026-07-29 11:29:24 [http-nio-8495-exec-9] ERROR c.v.d.rowmapper.DesignHdrRowMapper -DesignHdrRowMapper  Method Exceptionjava.sql.SQLSyntaxErrorException: Column 'IS_INTERNAL' not found.
				
2026-07-29 11:29:24 [http-nio-8495-exec-9] ERROR c.v.d.rowmapper.DesignHdrRowMapper -DesignHdrRowMapper  Method Exceptionjava.sql.SQLSyntaxErrorException: Column 'IS_INTERNAL' not found.
				
2026-07-29 11:29:24 [http-nio-8495-exec-9] ERROR c.v.d.rowmapper.DesignHdrRowMapper -DesignHdrRowMapper  Method Exceptionjava.sql.SQLSyntaxErrorException: Column 'IS_INTERNAL' not found.
				
2026-07-29 11:29:24 [http-nio-8495-exec-9] ERROR c.v.d.rowmapper.DesignHdrRowMapper -DesignHdrRowMapper  Method Exceptionjava.sql.SQLSyntaxErrorException: Column 'IS_INTERNAL' not found.
				
2026-07-29 11:29:24 [http-nio-8495-exec-9] ERROR c.v.d.rowmapper.DesignHdrRowMapper -DesignHdrRowMapper  Method Exceptionjava.sql.SQLSyntaxErrorException: Column 'IS_INTERNAL' not found.
				
2026-07-29 11:29:24 [http-nio-8495-exec-9] ERROR c.v.d.rowmapper.DesignHdrRowMapper -DesignHdrRowMapper  Method Exceptionjava.sql.SQLSyntaxErrorException: Column 'IS_INTERNAL' not found.
				
2026-07-29 11:29:32 [http-nio-8495-exec-8] ERROR c.v.d.rowmapper.DesignHdrRowMapper -DesignHdrRowMapper  Method Exceptionjava.sql.SQLSyntaxErrorException: Column 'IS_INTERNAL' not found.
				
2026-07-29 11:29:32 [http-nio-8495-exec-8] ERROR c.v.d.rowmapper.DesignHdrRowMapper -DesignHdrRowMapper  Method Exceptionjava.sql.SQLSyntaxErrorException: Column 'IS_INTERNAL' not found.
				
2026-07-29 11:29:32 [http-nio-8495-exec-8] ERROR c.v.d.rowmapper.DesignHdrRowMapper -DesignHdrRowMapper  Method Exceptionjava.sql.SQLSyntaxErrorException: Column 'IS_INTERNAL' not found.
				
2026-07-29 11:29:32 [http-nio-8495-exec-8] ERROR c.v.d.rowmapper.DesignHdrRowMapper -DesignHdrRowMapper  Method Exceptionjava.sql.SQLSyntaxErrorException: Column 'IS_INTERNAL' not found.
				
2026-07-29 11:29:32 [http-nio-8495-exec-8] ERROR c.v.d.rowmapper.DesignHdrRowMapper -DesignHdrRowMapper  Method Exceptionjava.sql.SQLSyntaxErrorException: Column 'IS_INTERNAL' not found.
				
2026-07-29 11:29:32 [http-nio-8495-exec-8] ERROR c.v.d.rowmapper.DesignHdrRowMapper -DesignHdrRowMapper  Method Exceptionjava.sql.SQLSyntaxErrorException: Column 'IS_INTERNAL' not found.
				
2026-07-29 11:29:32 [http-nio-8495-exec-8] ERROR c.v.d.rowmapper.DesignHdrRowMapper -DesignHdrRowMapper  Method Exceptionjava.sql.SQLSyntaxErrorException: Column 'IS_INTERNAL' not found.
				
2026-07-29 11:29:32 [http-nio-8495-exec-8] ERROR c.v.d.rowmapper.DesignHdrRowMapper -DesignHdrRowMapper  Method Exceptionjava.sql.SQLSyntaxErrorException: Column 'IS_INTERNAL' not found.
				
2026-07-29 11:29:32 [http-nio-8495-exec-8] ERROR c.v.d.rowmapper.DesignHdrRowMapper -DesignHdrRowMapper  Method Exceptionjava.sql.SQLSyntaxErrorException: Column 'IS_INTERNAL' not found.
				
2026-07-29 11:29:32 [http-nio-8495-exec-8] ERROR c.v.d.rowmapper.DesignHdrRowMapper -DesignHdrRowMapper  Method Exceptionjava.sql.SQLSyntaxErrorException: Column 'IS_INTERNAL' not found.
				
2026-07-29 11:29:32 [http-nio-8495-exec-8] ERROR c.v.d.rowmapper.DesignHdrRowMapper -DesignHdrRowMapper  Method Exceptionjava.sql.SQLSyntaxErrorException: Column 'IS_INTERNAL' not found.
				
2026-07-29 11:29:32 [http-nio-8495-exec-8] ERROR c.v.d.rowmapper.DesignHdrRowMapper -DesignHdrRowMapper  Method Exceptionjava.sql.SQLSyntaxErrorException: Column 'IS_INTERNAL' not found.
				
2026-07-29 11:29:32 [http-nio-8495-exec-8] ERROR c.v.d.rowmapper.DesignHdrRowMapper -DesignHdrRowMapper  Method Exceptionjava.sql.SQLSyntaxErrorException: Column 'IS_INTERNAL' not found.
				
2026-07-29 11:29:32 [http-nio-8495-exec-8] ERROR c.v.d.rowmapper.DesignHdrRowMapper -DesignHdrRowMapper  Method Exceptionjava.sql.SQLSyntaxErrorException: Column 'IS_INTERNAL' not found.
				
2026-07-29 11:29:32 [http-nio-8495-exec-8] ERROR c.v.d.rowmapper.DesignHdrRowMapper -DesignHdrRowMapper  Method Exceptionjava.sql.SQLSyntaxErrorException: Column 'IS_INTERNAL' not found.
				
2026-07-29 11:29:32 [http-nio-8495-exec-8] ERROR c.v.d.rowmapper.DesignHdrRowMapper -DesignHdrRowMapper  Method Exceptionjava.sql.SQLSyntaxErrorException: Column 'IS_INTERNAL' not found.
				
2026-07-29 11:29:32 [http-nio-8495-exec-8] ERROR c.v.d.rowmapper.DesignHdrRowMapper -DesignHdrRowMapper  Method Exceptionjava.sql.SQLSyntaxErrorException: Column 'IS_INTERNAL' not found.
				
2026-07-29 11:29:32 [http-nio-8495-exec-8] ERROR c.v.d.rowmapper.DesignHdrRowMapper -DesignHdrRowMapper  Method Exceptionjava.sql.SQLSyntaxErrorException: Column 'IS_INTERNAL' not found.
				
2026-07-29 11:29:32 [http-nio-8495-exec-8] ERROR c.v.d.rowmapper.DesignHdrRowMapper -DesignHdrRowMapper  Method Exceptionjava.sql.SQLSyntaxErrorException: Column 'IS_INTERNAL' not found.
				
2026-07-29 11:29:32 [http-nio-8495-exec-8] ERROR c.v.d.rowmapper.DesignHdrRowMapper -DesignHdrRowMapper  Method Exceptionjava.sql.SQLSyntaxErrorException: Column 'IS_INTERNAL' not found.
				
2026-07-29 11:29:32 [http-nio-8495-exec-8] ERROR c.v.d.rowmapper.DesignHdrRowMapper -DesignHdrRowMapper  Method Exceptionjava.sql.SQLSyntaxErrorException: Column 'IS_INTERNAL' not found.
				
2026-07-29 11:29:32 [http-nio-8495-exec-8] ERROR c.v.d.rowmapper.DesignHdrRowMapper -DesignHdrRowMapper  Method Exceptionjava.sql.SQLSyntaxErrorException: Column 'IS_INTERNAL' not found.
				
2026-07-29 11:29:32 [http-nio-8495-exec-8] ERROR c.v.d.rowmapper.DesignHdrRowMapper -DesignHdrRowMapper  Method Exceptionjava.sql.SQLSyntaxErrorException: Column 'IS_INTERNAL' not found.
				
2026-07-29 11:29:32 [http-nio-8495-exec-8] ERROR c.v.d.rowmapper.DesignHdrRowMapper -DesignHdrRowMapper  Method Exceptionjava.sql.SQLSyntaxErrorException: Column 'IS_INTERNAL' not found.
				
2026-07-29 11:29:32 [http-nio-8495-exec-8] ERROR c.v.d.rowmapper.DesignHdrRowMapper -DesignHdrRowMapper  Method Exceptionjava.sql.SQLSyntaxErrorException: Column 'IS_INTERNAL' not found.
				
2026-07-29 11:29:32 [http-nio-8495-exec-8] ERROR c.v.d.rowmapper.DesignHdrRowMapper -DesignHdrRowMapper  Method Exceptionjava.sql.SQLSyntaxErrorException: Column 'IS_INTERNAL' not found.
				
2026-07-29 11:29:32 [http-nio-8495-exec-8] ERROR c.v.d.rowmapper.DesignHdrRowMapper -DesignHdrRowMapper  Method Exceptionjava.sql.SQLSyntaxErrorException: Column 'IS_INTERNAL' not found.
				
2026-07-29 11:29:32 [http-nio-8495-exec-8] ERROR c.v.d.rowmapper.DesignHdrRowMapper -DesignHdrRowMapper  Method Exceptionjava.sql.SQLSyntaxErrorException: Column 'IS_INTERNAL' not found.
				
2026-07-29 11:29:32 [http-nio-8495-exec-8] ERROR c.v.d.rowmapper.DesignHdrRowMapper -DesignHdrRowMapper  Method Exceptionjava.sql.SQLSyntaxErrorException: Column 'IS_INTERNAL' not found.
				
2026-07-29 11:29:32 [http-nio-8495-exec-8] ERROR c.v.d.rowmapper.DesignHdrRowMapper -DesignHdrRowMapper  Method Exceptionjava.sql.SQLSyntaxErrorException: Column 'IS_INTERNAL' not found.
				
2026-07-29 11:29:32 [http-nio-8495-exec-8] ERROR c.v.d.rowmapper.DesignHdrRowMapper -DesignHdrRowMapper  Method Exceptionjava.sql.SQLSyntaxErrorException: Column 'IS_INTERNAL' not found.
				
2026-07-29 11:29:32 [http-nio-8495-exec-8] ERROR c.v.d.rowmapper.DesignHdrRowMapper -DesignHdrRowMapper  Method Exceptionjava.sql.SQLSyntaxErrorException: Column 'IS_INTERNAL' not found.
				
2026-07-29 11:29:32 [http-nio-8495-exec-8] ERROR c.v.d.rowmapper.DesignHdrRowMapper -DesignHdrRowMapper  Method Exceptionjava.sql.SQLSyntaxErrorException: Column 'IS_INTERNAL' not found.
				
2026-07-29 11:29:32 [http-nio-8495-exec-8] ERROR c.v.d.rowmapper.DesignHdrRowMapper -DesignHdrRowMapper  Method Exceptionjava.sql.SQLSyntaxErrorException: Column 'IS_INTERNAL' not found.
				
2026-07-29 11:29:32 [http-nio-8495-exec-8] ERROR c.v.d.rowmapper.DesignHdrRowMapper -DesignHdrRowMapper  Method Exceptionjava.sql.SQLSyntaxErrorException: Column 'IS_INTERNAL' not found.
				
2026-07-29 11:29:32 [http-nio-8495-exec-8] ERROR c.v.d.rowmapper.DesignHdrRowMapper -DesignHdrRowMapper  Method Exceptionjava.sql.SQLSyntaxErrorException: Column 'IS_INTERNAL' not found.
				
2026-07-29 11:29:32 [http-nio-8495-exec-8] ERROR c.v.d.rowmapper.DesignHdrRowMapper -DesignHdrRowMapper  Method Exceptionjava.sql.SQLSyntaxErrorException: Column 'IS_INTERNAL' not found.
				
2026-07-29 11:29:32 [http-nio-8495-exec-8] ERROR c.v.d.rowmapper.DesignHdrRowMapper -DesignHdrRowMapper  Method Exceptionjava.sql.SQLSyntaxErrorException: Column 'IS_INTERNAL' not found.
				
2026-07-29 11:29:32 [http-nio-8495-exec-8] ERROR c.v.d.rowmapper.DesignHdrRowMapper -DesignHdrRowMapper  Method Exceptionjava.sql.SQLSyntaxErrorException: Column 'IS_INTERNAL' not found.
				
2026-07-29 11:29:32 [http-nio-8495-exec-8] ERROR c.v.d.rowmapper.DesignHdrRowMapper -DesignHdrRowMapper  Method Exceptionjava.sql.SQLSyntaxErrorException: Column 'IS_INTERNAL' not found.
				
2026-07-29 11:29:32 [http-nio-8495-exec-8] ERROR c.v.d.rowmapper.DesignHdrRowMapper -DesignHdrRowMapper  Method Exceptionjava.sql.SQLSyntaxErrorException: Column 'IS_INTERNAL' not found.
				
2026-07-29 11:29:32 [http-nio-8495-exec-8] ERROR c.v.d.rowmapper.DesignHdrRowMapper -DesignHdrRowMapper  Method Exceptionjava.sql.SQLSyntaxErrorException: Column 'IS_INTERNAL' not found.
				
2026-07-29 11:29:32 [http-nio-8495-exec-8] ERROR c.v.d.rowmapper.DesignHdrRowMapper -DesignHdrRowMapper  Method Exceptionjava.sql.SQLSyntaxErrorException: Column 'IS_INTERNAL' not found.
				
2026-07-29 11:29:32 [http-nio-8495-exec-8] ERROR c.v.d.rowmapper.DesignHdrRowMapper -DesignHdrRowMapper  Method Exceptionjava.sql.SQLSyntaxErrorException: Column 'IS_INTERNAL' not found.
				
2026-07-29 11:29:32 [http-nio-8495-exec-8] ERROR c.v.d.rowmapper.DesignHdrRowMapper -DesignHdrRowMapper  Method Exceptionjava.sql.SQLSyntaxErrorException: Column 'IS_INTERNAL' not found.
				
2026-07-29 11:29:33 [http-nio-8495-exec-8] ERROR c.v.d.rowmapper.DesignHdrRowMapper -DesignHdrRowMapper  Method Exceptionjava.sql.SQLSyntaxErrorException: Column 'IS_INTERNAL' not found.
				
2026-07-29 11:29:33 [http-nio-8495-exec-8] ERROR c.v.d.rowmapper.DesignHdrRowMapper -DesignHdrRowMapper  Method Exceptionjava.sql.SQLSyntaxErrorException: Column 'IS_INTERNAL' not found.
				
2026-07-29 11:29:33 [http-nio-8495-exec-8] ERROR c.v.d.rowmapper.DesignHdrRowMapper -DesignHdrRowMapper  Method Exceptionjava.sql.SQLSyntaxErrorException: Column 'IS_INTERNAL' not found.
				
2026-07-29 11:29:33 [http-nio-8495-exec-8] ERROR c.v.d.rowmapper.DesignHdrRowMapper -DesignHdrRowMapper  Method Exceptionjava.sql.SQLSyntaxErrorException: Column 'IS_INTERNAL' not found.
				
2026-07-29 11:29:33 [http-nio-8495-exec-8] ERROR c.v.d.rowmapper.DesignHdrRowMapper -DesignHdrRowMapper  Method Exceptionjava.sql.SQLSyntaxErrorException: Column 'IS_INTERNAL' not found.
				
2026-07-29 11:29:33 [http-nio-8495-exec-8] ERROR c.v.d.rowmapper.DesignHdrRowMapper -DesignHdrRowMapper  Method Exceptionjava.sql.SQLSyntaxErrorException: Column 'IS_INTERNAL' not found.
				
2026-07-29 11:29:33 [http-nio-8495-exec-8] ERROR c.v.d.rowmapper.DesignHdrRowMapper -DesignHdrRowMapper  Method Exceptionjava.sql.SQLSyntaxErrorException: Column 'IS_INTERNAL' not found.
				
2026-07-29 11:29:33 [http-nio-8495-exec-8] ERROR c.v.d.rowmapper.DesignHdrRowMapper -DesignHdrRowMapper  Method Exceptionjava.sql.SQLSyntaxErrorException: Column 'IS_INTERNAL' not found.
				
2026-07-29 11:29:33 [http-nio-8495-exec-8] ERROR c.v.d.rowmapper.DesignHdrRowMapper -DesignHdrRowMapper  Method Exceptionjava.sql.SQLSyntaxErrorException: Column 'IS_INTERNAL' not found.
				
2026-07-29 11:29:33 [http-nio-8495-exec-8] ERROR c.v.d.rowmapper.DesignHdrRowMapper -DesignHdrRowMapper  Method Exceptionjava.sql.SQLSyntaxErrorException: Column 'IS_INTERNAL' not found.
				
2026-07-29 11:29:33 [http-nio-8495-exec-8] ERROR c.v.d.rowmapper.DesignHdrRowMapper -DesignHdrRowMapper  Method Exceptionjava.sql.SQLSyntaxErrorException: Column 'IS_INTERNAL' not found.
				
2026-07-29 11:29:33 [http-nio-8495-exec-8] ERROR c.v.d.rowmapper.DesignHdrRowMapper -DesignHdrRowMapper  Method Exceptionjava.sql.SQLSyntaxErrorException: Column 'IS_INTERNAL' not found.
				
2026-07-29 11:29:33 [http-nio-8495-exec-8] ERROR c.v.d.rowmapper.DesignHdrRowMapper -DesignHdrRowMapper  Method Exceptionjava.sql.SQLSyntaxErrorException: Column 'IS_INTERNAL' not found.
				
2026-07-29 11:29:33 [http-nio-8495-exec-8] ERROR c.v.d.rowmapper.DesignHdrRowMapper -DesignHdrRowMapper  Method Exceptionjava.sql.SQLSyntaxErrorException: Column 'IS_INTERNAL' not found.
				
2026-07-29 11:29:33 [http-nio-8495-exec-8] ERROR c.v.d.rowmapper.DesignHdrRowMapper -DesignHdrRowMapper  Method Exceptionjava.sql.SQLSyntaxErrorException: Column 'IS_INTERNAL' not found.
				
2026-07-29 11:29:33 [http-nio-8495-exec-8] ERROR c.v.d.rowmapper.DesignHdrRowMapper -DesignHdrRowMapper  Method Exceptionjava.sql.SQLSyntaxErrorException: Column 'IS_INTERNAL' not found.
				
2026-07-29 11:29:33 [http-nio-8495-exec-8] ERROR c.v.d.rowmapper.DesignHdrRowMapper -DesignHdrRowMapper  Method Exceptionjava.sql.SQLSyntaxErrorException: Column 'IS_INTERNAL' not found.
				
2026-07-29 11:29:33 [http-nio-8495-exec-8] ERROR c.v.d.rowmapper.DesignHdrRowMapper -DesignHdrRowMapper  Method Exceptionjava.sql.SQLSyntaxErrorException: Column 'IS_INTERNAL' not found.
				
2026-07-29 11:29:33 [http-nio-8495-exec-8] ERROR c.v.d.rowmapper.DesignHdrRowMapper -DesignHdrRowMapper  Method Exceptionjava.sql.SQLSyntaxErrorException: Column 'IS_INTERNAL' not found.
				
2026-07-29 11:29:33 [http-nio-8495-exec-8] ERROR c.v.d.rowmapper.DesignHdrRowMapper -DesignHdrRowMapper  Method Exceptionjava.sql.SQLSyntaxErrorException: Column 'IS_INTERNAL' not found.
				
2026-07-29 11:29:33 [http-nio-8495-exec-8] ERROR c.v.d.rowmapper.DesignHdrRowMapper -DesignHdrRowMapper  Method Exceptionjava.sql.SQLSyntaxErrorException: Column 'IS_INTERNAL' not found.
				
2026-07-29 11:29:33 [http-nio-8495-exec-8] ERROR c.v.d.rowmapper.DesignHdrRowMapper -DesignHdrRowMapper  Method Exceptionjava.sql.SQLSyntaxErrorException: Column 'IS_INTERNAL' not found.
				
2026-07-29 11:29:33 [http-nio-8495-exec-8] ERROR c.v.d.rowmapper.DesignHdrRowMapper -DesignHdrRowMapper  Method Exceptionjava.sql.SQLSyntaxErrorException: Column 'IS_INTERNAL' not found.
				
2026-07-29 11:30:11 [http-nio-8495-exec-6] ERROR com.vmfg.util.GetPropertyValue -getTenantPropertyVal Method Exception|||org.springframework.dao.EmptyResultDataAccessException: Incorrect result size: expected 1, actual 0
				
2026-07-29 11:30:11 [http-nio-8495-exec-6] ERROR com.vmfg.util.GetPropertyValue -getTenantPropertyValByTenantId Method Exception|||org.springframework.dao.EmptyResultDataAccessException: Incorrect result size: expected 1, actual 0
				
2026-07-29 11:30:11 [http-nio-8495-exec-6] ERROR com.vmfg.util.CommonBase64Class -CommonBase64Class getBasesBinary Method FileNotFoundException---->java.io.FileNotFoundException:  (No such file or directory)
				
2026-07-29 11:30:11 [http-nio-8495-exec-6] ERROR c.v.authentication.UserLoginService -getImageUrl DAO Method Exceptionjava.lang.NullPointerException
				
2026-07-29 11:30:45 [http-nio-8495-exec-8] ERROR com.vmfg.util.GetPropertyValue -getTenantPropertyVal Method Exception|||org.springframework.dao.EmptyResultDataAccessException: Incorrect result size: expected 1, actual 0
				
2026-07-29 11:30:45 [http-nio-8495-exec-8] ERROR com.vmfg.util.GetPropertyValue -getTenantPropertyValByTenantId Method Exception|||org.springframework.dao.EmptyResultDataAccessException: Incorrect result size: expected 1, actual 0
				
2026-07-29 11:30:45 [http-nio-8495-exec-8] ERROR com.vmfg.util.CommonBase64Class -CommonBase64Class getBasesBinary Method FileNotFoundException---->java.io.FileNotFoundException:  (No such file or directory)
				
2026-07-29 11:30:45 [http-nio-8495-exec-8] ERROR c.v.authentication.UserLoginService -getImageUrl DAO Method Exceptionjava.lang.NullPointerException
				
2026-07-29 11:31:14 [http-nio-8495-exec-8] ERROR c.v.d.rowmapper.DesignHdrRowMapper -DesignHdrRowMapper  Method Exceptionjava.sql.SQLSyntaxErrorException: Column 'IS_INTERNAL' not found.
				
2026-07-29 11:31:14 [http-nio-8495-exec-8] ERROR c.v.d.rowmapper.DesignHdrRowMapper -DesignHdrRowMapper  Method Exceptionjava.sql.SQLSyntaxErrorException: Column 'IS_INTERNAL' not found.
				
2026-07-29 11:31:14 [http-nio-8495-exec-8] ERROR c.v.d.rowmapper.DesignHdrRowMapper -DesignHdrRowMapper  Method Exceptionjava.sql.SQLSyntaxErrorException: Column 'IS_INTERNAL' not found.
				
2026-07-29 11:31:14 [http-nio-8495-exec-8] ERROR c.v.d.rowmapper.DesignHdrRowMapper -DesignHdrRowMapper  Method Exceptionjava.sql.SQLSyntaxErrorException: Column 'IS_INTERNAL' not found.
				
2026-07-29 11:31:14 [http-nio-8495-exec-8] ERROR c.v.d.rowmapper.DesignHdrRowMapper -DesignHdrRowMapper  Method Exceptionjava.sql.SQLSyntaxErrorException: Column 'IS_INTERNAL' not found.
				
2026-07-29 11:31:14 [http-nio-8495-exec-8] ERROR c.v.d.rowmapper.DesignHdrRowMapper -DesignHdrRowMapper  Method Exceptionjava.sql.SQLSyntaxErrorException: Column 'IS_INTERNAL' not found.
				
2026-07-29 11:31:14 [http-nio-8495-exec-8] ERROR c.v.d.rowmapper.DesignHdrRowMapper -DesignHdrRowMapper  Method Exceptionjava.sql.SQLSyntaxErrorException: Column 'IS_INTERNAL' not found.
				
2026-07-29 11:31:14 [http-nio-8495-exec-8] ERROR c.v.d.rowmapper.DesignHdrRowMapper -DesignHdrRowMapper  Method Exceptionjava.sql.SQLSyntaxErrorException: Column 'IS_INTERNAL' not found.
				
2026-07-29 11:31:14 [http-nio-8495-exec-8] ERROR c.v.d.rowmapper.DesignHdrRowMapper -DesignHdrRowMapper  Method Exceptionjava.sql.SQLSyntaxErrorException: Column 'IS_INTERNAL' not found.
				
2026-07-29 11:31:14 [http-nio-8495-exec-8] ERROR c.v.d.rowmapper.DesignHdrRowMapper -DesignHdrRowMapper  Method Exceptionjava.sql.SQLSyntaxErrorException: Column 'IS_INTERNAL' not found.
				
2026-07-29 11:31:14 [http-nio-8495-exec-8] ERROR c.v.d.rowmapper.DesignHdrRowMapper -DesignHdrRowMapper  Method Exceptionjava.sql.SQLSyntaxErrorException: Column 'IS_INTERNAL' not found.
				
2026-07-29 11:31:14 [http-nio-8495-exec-8] ERROR c.v.d.rowmapper.DesignHdrRowMapper -DesignHdrRowMapper  Method Exceptionjava.sql.SQLSyntaxErrorException: Column 'IS_INTERNAL' not found.
				
2026-07-29 11:31:14 [http-nio-8495-exec-8] ERROR c.v.d.rowmapper.DesignHdrRowMapper -DesignHdrRowMapper  Method Exceptionjava.sql.SQLSyntaxErrorException: Column 'IS_INTERNAL' not found.
				
2026-07-29 11:31:14 [http-nio-8495-exec-8] ERROR c.v.d.rowmapper.DesignHdrRowMapper -DesignHdrRowMapper  Method Exceptionjava.sql.SQLSyntaxErrorException: Column 'IS_INTERNAL' not found.
				
2026-07-29 11:31:14 [http-nio-8495-exec-8] ERROR c.v.d.rowmapper.DesignHdrRowMapper -DesignHdrRowMapper  Method Exceptionjava.sql.SQLSyntaxErrorException: Column 'IS_INTERNAL' not found.
				
2026-07-29 11:31:14 [http-nio-8495-exec-8] ERROR c.v.d.rowmapper.DesignHdrRowMapper -DesignHdrRowMapper  Method Exceptionjava.sql.SQLSyntaxErrorException: Column 'IS_INTERNAL' not found.
				
2026-07-29 11:31:14 [http-nio-8495-exec-8] ERROR c.v.d.rowmapper.DesignHdrRowMapper -DesignHdrRowMapper  Method Exceptionjava.sql.SQLSyntaxErrorException: Column 'IS_INTERNAL' not found.
				
2026-07-29 11:31:14 [http-nio-8495-exec-8] ERROR c.v.d.rowmapper.DesignHdrRowMapper -DesignHdrRowMapper  Method Exceptionjava.sql.SQLSyntaxErrorException: Column 'IS_INTERNAL' not found.
				
2026-07-29 11:31:14 [http-nio-8495-exec-8] ERROR c.v.d.rowmapper.DesignHdrRowMapper -DesignHdrRowMapper  Method Exceptionjava.sql.SQLSyntaxErrorException: Column 'IS_INTERNAL' not found.
				
2026-07-29 11:31:14 [http-nio-8495-exec-8] ERROR c.v.d.rowmapper.DesignHdrRowMapper -DesignHdrRowMapper  Method Exceptionjava.sql.SQLSyntaxErrorException: Column 'IS_INTERNAL' not found.
				
2026-07-29 11:31:14 [http-nio-8495-exec-8] ERROR c.v.d.rowmapper.DesignHdrRowMapper -DesignHdrRowMapper  Method Exceptionjava.sql.SQLSyntaxErrorException: Column 'IS_INTERNAL' not found.
				
2026-07-29 11:31:14 [http-nio-8495-exec-8] ERROR c.v.d.rowmapper.DesignHdrRowMapper -DesignHdrRowMapper  Method Exceptionjava.sql.SQLSyntaxErrorException: Column 'IS_INTERNAL' not found.
				
2026-07-29 11:31:14 [http-nio-8495-exec-8] ERROR c.v.d.rowmapper.DesignHdrRowMapper -DesignHdrRowMapper  Method Exceptionjava.sql.SQLSyntaxErrorException: Column 'IS_INTERNAL' not found.
				
2026-07-29 11:31:14 [http-nio-8495-exec-8] ERROR c.v.d.rowmapper.DesignHdrRowMapper -DesignHdrRowMapper  Method Exceptionjava.sql.SQLSyntaxErrorException: Column 'IS_INTERNAL' not found.
				
2026-07-29 11:31:14 [http-nio-8495-exec-8] ERROR c.v.d.rowmapper.DesignHdrRowMapper -DesignHdrRowMapper  Method Exceptionjava.sql.SQLSyntaxErrorException: Column 'IS_INTERNAL' not found.
				
2026-07-29 11:31:14 [http-nio-8495-exec-8] ERROR c.v.d.rowmapper.DesignHdrRowMapper -DesignHdrRowMapper  Method Exceptionjava.sql.SQLSyntaxErrorException: Column 'IS_INTERNAL' not found.
				
2026-07-29 11:31:14 [http-nio-8495-exec-8] ERROR c.v.d.rowmapper.DesignHdrRowMapper -DesignHdrRowMapper  Method Exceptionjava.sql.SQLSyntaxErrorException: Column 'IS_INTERNAL' not found.
				
2026-07-29 11:31:14 [http-nio-8495-exec-8] ERROR c.v.d.rowmapper.DesignHdrRowMapper -DesignHdrRowMapper  Method Exceptionjava.sql.SQLSyntaxErrorException: Column 'IS_INTERNAL' not found.
				
2026-07-29 11:31:14 [http-nio-8495-exec-8] ERROR c.v.d.rowmapper.DesignHdrRowMapper -DesignHdrRowMapper  Method Exceptionjava.sql.SQLSyntaxErrorException: Column 'IS_INTERNAL' not found.
				
2026-07-29 11:31:14 [http-nio-8495-exec-8] ERROR c.v.d.rowmapper.DesignHdrRowMapper -DesignHdrRowMapper  Method Exceptionjava.sql.SQLSyntaxErrorException: Column 'IS_INTERNAL' not found.
				
2026-07-29 11:31:14 [http-nio-8495-exec-8] ERROR c.v.d.rowmapper.DesignHdrRowMapper -DesignHdrRowMapper  Method Exceptionjava.sql.SQLSyntaxErrorException: Column 'IS_INTERNAL' not found.
				
2026-07-29 11:31:14 [http-nio-8495-exec-8] ERROR c.v.d.rowmapper.DesignHdrRowMapper -DesignHdrRowMapper  Method Exceptionjava.sql.SQLSyntaxErrorException: Column 'IS_INTERNAL' not found.
				
2026-07-29 11:31:14 [http-nio-8495-exec-8] ERROR c.v.d.rowmapper.DesignHdrRowMapper -DesignHdrRowMapper  Method Exceptionjava.sql.SQLSyntaxErrorException: Column 'IS_INTERNAL' not found.
				
2026-07-29 11:31:14 [http-nio-8495-exec-8] ERROR c.v.d.rowmapper.DesignHdrRowMapper -DesignHdrRowMapper  Method Exceptionjava.sql.SQLSyntaxErrorException: Column 'IS_INTERNAL' not found.
				
2026-07-29 11:31:14 [http-nio-8495-exec-8] ERROR c.v.d.rowmapper.DesignHdrRowMapper -DesignHdrRowMapper  Method Exceptionjava.sql.SQLSyntaxErrorException: Column 'IS_INTERNAL' not found.
				
2026-07-29 11:31:14 [http-nio-8495-exec-8] ERROR c.v.d.rowmapper.DesignHdrRowMapper -DesignHdrRowMapper  Method Exceptionjava.sql.SQLSyntaxErrorException: Column 'IS_INTERNAL' not found.
				
2026-07-29 11:31:14 [http-nio-8495-exec-8] ERROR c.v.d.rowmapper.DesignHdrRowMapper -DesignHdrRowMapper  Method Exceptionjava.sql.SQLSyntaxErrorException: Column 'IS_INTERNAL' not found.
				
2026-07-29 11:31:14 [http-nio-8495-exec-8] ERROR c.v.d.rowmapper.DesignHdrRowMapper -DesignHdrRowMapper  Method Exceptionjava.sql.SQLSyntaxErrorException: Column 'IS_INTERNAL' not found.
				
2026-07-29 11:31:14 [http-nio-8495-exec-8] ERROR c.v.d.rowmapper.DesignHdrRowMapper -DesignHdrRowMapper  Method Exceptionjava.sql.SQLSyntaxErrorException: Column 'IS_INTERNAL' not found.
				
2026-07-29 11:31:14 [http-nio-8495-exec-8] ERROR c.v.d.rowmapper.DesignHdrRowMapper -DesignHdrRowMapper  Method Exceptionjava.sql.SQLSyntaxErrorException: Column 'IS_INTERNAL' not found.
				
2026-07-29 11:31:14 [http-nio-8495-exec-8] ERROR c.v.d.rowmapper.DesignHdrRowMapper -DesignHdrRowMapper  Method Exceptionjava.sql.SQLSyntaxErrorException: Column 'IS_INTERNAL' not found.
				
2026-07-29 11:31:14 [http-nio-8495-exec-8] ERROR c.v.d.rowmapper.DesignHdrRowMapper -DesignHdrRowMapper  Method Exceptionjava.sql.SQLSyntaxErrorException: Column 'IS_INTERNAL' not found.
				
2026-07-29 11:31:14 [http-nio-8495-exec-8] ERROR c.v.d.rowmapper.DesignHdrRowMapper -DesignHdrRowMapper  Method Exceptionjava.sql.SQLSyntaxErrorException: Column 'IS_INTERNAL' not found.
				
2026-07-29 11:31:14 [http-nio-8495-exec-8] ERROR c.v.d.rowmapper.DesignHdrRowMapper -DesignHdrRowMapper  Method Exceptionjava.sql.SQLSyntaxErrorException: Column 'IS_INTERNAL' not found.
				
2026-07-29 11:31:14 [http-nio-8495-exec-8] ERROR c.v.d.rowmapper.DesignHdrRowMapper -DesignHdrRowMapper  Method Exceptionjava.sql.SQLSyntaxErrorException: Column 'IS_INTERNAL' not found.
				
2026-07-29 11:31:14 [http-nio-8495-exec-8] ERROR c.v.d.rowmapper.DesignHdrRowMapper -DesignHdrRowMapper  Method Exceptionjava.sql.SQLSyntaxErrorException: Column 'IS_INTERNAL' not found.
				
2026-07-29 11:31:14 [http-nio-8495-exec-8] ERROR c.v.d.rowmapper.DesignHdrRowMapper -DesignHdrRowMapper  Method Exceptionjava.sql.SQLSyntaxErrorException: Column 'IS_INTERNAL' not found.
				
2026-07-29 11:31:14 [http-nio-8495-exec-8] ERROR c.v.d.rowmapper.DesignHdrRowMapper -DesignHdrRowMapper  Method Exceptionjava.sql.SQLSyntaxErrorException: Column 'IS_INTERNAL' not found.
				
2026-07-29 11:31:14 [http-nio-8495-exec-8] ERROR c.v.d.rowmapper.DesignHdrRowMapper -DesignHdrRowMapper  Method Exceptionjava.sql.SQLSyntaxErrorException: Column 'IS_INTERNAL' not found.
				
2026-07-29 11:31:14 [http-nio-8495-exec-8] ERROR c.v.d.rowmapper.DesignHdrRowMapper -DesignHdrRowMapper  Method Exceptionjava.sql.SQLSyntaxErrorException: Column 'IS_INTERNAL' not found.
				
2026-07-29 11:31:14 [http-nio-8495-exec-8] ERROR c.v.d.rowmapper.DesignHdrRowMapper -DesignHdrRowMapper  Method Exceptionjava.sql.SQLSyntaxErrorException: Column 'IS_INTERNAL' not found.
				
2026-07-29 11:31:14 [http-nio-8495-exec-8] ERROR c.v.d.rowmapper.DesignHdrRowMapper -DesignHdrRowMapper  Method Exceptionjava.sql.SQLSyntaxErrorException: Column 'IS_INTERNAL' not found.
				
2026-07-29 11:31:14 [http-nio-8495-exec-8] ERROR c.v.d.rowmapper.DesignHdrRowMapper -DesignHdrRowMapper  Method Exceptionjava.sql.SQLSyntaxErrorException: Column 'IS_INTERNAL' not found.
				
2026-07-29 11:31:14 [http-nio-8495-exec-8] ERROR c.v.d.rowmapper.DesignHdrRowMapper -DesignHdrRowMapper  Method Exceptionjava.sql.SQLSyntaxErrorException: Column 'IS_INTERNAL' not found.
				
2026-07-29 11:31:14 [http-nio-8495-exec-8] ERROR c.v.d.rowmapper.DesignHdrRowMapper -DesignHdrRowMapper  Method Exceptionjava.sql.SQLSyntaxErrorException: Column 'IS_INTERNAL' not found.
				
2026-07-29 11:31:14 [http-nio-8495-exec-8] ERROR c.v.d.rowmapper.DesignHdrRowMapper -DesignHdrRowMapper  Method Exceptionjava.sql.SQLSyntaxErrorException: Column 'IS_INTERNAL' not found.
				
2026-07-29 11:31:14 [http-nio-8495-exec-8] ERROR c.v.d.rowmapper.DesignHdrRowMapper -DesignHdrRowMapper  Method Exceptionjava.sql.SQLSyntaxErrorException: Column 'IS_INTERNAL' not found.
				
2026-07-29 11:31:14 [http-nio-8495-exec-8] ERROR c.v.d.rowmapper.DesignHdrRowMapper -DesignHdrRowMapper  Method Exceptionjava.sql.SQLSyntaxErrorException: Column 'IS_INTERNAL' not found.
				
2026-07-29 11:31:14 [http-nio-8495-exec-8] ERROR c.v.d.rowmapper.DesignHdrRowMapper -DesignHdrRowMapper  Method Exceptionjava.sql.SQLSyntaxErrorException: Column 'IS_INTERNAL' not found.
				
2026-07-29 11:31:14 [http-nio-8495-exec-8] ERROR c.v.d.rowmapper.DesignHdrRowMapper -DesignHdrRowMapper  Method Exceptionjava.sql.SQLSyntaxErrorException: Column 'IS_INTERNAL' not found.
				
2026-07-29 11:31:14 [http-nio-8495-exec-8] ERROR c.v.d.rowmapper.DesignHdrRowMapper -DesignHdrRowMapper  Method Exceptionjava.sql.SQLSyntaxErrorException: Column 'IS_INTERNAL' not found.
				
2026-07-29 11:31:14 [http-nio-8495-exec-8] ERROR c.v.d.rowmapper.DesignHdrRowMapper -DesignHdrRowMapper  Method Exceptionjava.sql.SQLSyntaxErrorException: Column 'IS_INTERNAL' not found.
				
2026-07-29 11:31:14 [http-nio-8495-exec-8] ERROR c.v.d.rowmapper.DesignHdrRowMapper -DesignHdrRowMapper  Method Exceptionjava.sql.SQLSyntaxErrorException: Column 'IS_INTERNAL' not found.
				
2026-07-29 11:31:14 [http-nio-8495-exec-8] ERROR c.v.d.rowmapper.DesignHdrRowMapper -DesignHdrRowMapper  Method Exceptionjava.sql.SQLSyntaxErrorException: Column 'IS_INTERNAL' not found.
				
2026-07-29 11:31:14 [http-nio-8495-exec-8] ERROR c.v.d.rowmapper.DesignHdrRowMapper -DesignHdrRowMapper  Method Exceptionjava.sql.SQLSyntaxErrorException: Column 'IS_INTERNAL' not found.
				
2026-07-29 11:31:14 [http-nio-8495-exec-8] ERROR c.v.d.rowmapper.DesignHdrRowMapper -DesignHdrRowMapper  Method Exceptionjava.sql.SQLSyntaxErrorException: Column 'IS_INTERNAL' not found.
				
2026-07-29 11:31:14 [http-nio-8495-exec-8] ERROR c.v.d.rowmapper.DesignHdrRowMapper -DesignHdrRowMapper  Method Exceptionjava.sql.SQLSyntaxErrorException: Column 'IS_INTERNAL' not found.
				
2026-07-29 11:31:14 [http-nio-8495-exec-8] ERROR c.v.d.rowmapper.DesignHdrRowMapper -DesignHdrRowMapper  Method Exceptionjava.sql.SQLSyntaxErrorException: Column 'IS_INTERNAL' not found.
				
2026-07-29 11:31:20 [http-nio-8495-exec-2] ERROR c.v.d.rowmapper.DesignHdrRowMapper -DesignHdrRowMapper  Method Exceptionjava.sql.SQLSyntaxErrorException: Column 'IS_INTERNAL' not found.
				
2026-07-29 11:31:20 [http-nio-8495-exec-2] ERROR c.v.d.rowmapper.DesignHdrRowMapper -DesignHdrRowMapper  Method Exceptionjava.sql.SQLSyntaxErrorException: Column 'IS_INTERNAL' not found.
				
2026-07-29 11:31:20 [http-nio-8495-exec-2] ERROR c.v.d.rowmapper.DesignHdrRowMapper -DesignHdrRowMapper  Method Exceptionjava.sql.SQLSyntaxErrorException: Column 'IS_INTERNAL' not found.
				
2026-07-29 11:31:20 [http-nio-8495-exec-2] ERROR c.v.d.rowmapper.DesignHdrRowMapper -DesignHdrRowMapper  Method Exceptionjava.sql.SQLSyntaxErrorException: Column 'IS_INTERNAL' not found.
				
2026-07-29 11:31:20 [http-nio-8495-exec-2] ERROR c.v.d.rowmapper.DesignHdrRowMapper -DesignHdrRowMapper  Method Exceptionjava.sql.SQLSyntaxErrorException: Column 'IS_INTERNAL' not found.
				
2026-07-29 11:31:20 [http-nio-8495-exec-2] ERROR c.v.d.rowmapper.DesignHdrRowMapper -DesignHdrRowMapper  Method Exceptionjava.sql.SQLSyntaxErrorException: Column 'IS_INTERNAL' not found.
				
2026-07-29 11:31:20 [http-nio-8495-exec-2] ERROR c.v.d.rowmapper.DesignHdrRowMapper -DesignHdrRowMapper  Method Exceptionjava.sql.SQLSyntaxErrorException: Column 'IS_INTERNAL' not found.
				
2026-07-29 11:31:20 [http-nio-8495-exec-2] ERROR c.v.d.rowmapper.DesignHdrRowMapper -DesignHdrRowMapper  Method Exceptionjava.sql.SQLSyntaxErrorException: Column 'IS_INTERNAL' not found.
				
2026-07-29 11:31:20 [http-nio-8495-exec-2] ERROR c.v.d.rowmapper.DesignHdrRowMapper -DesignHdrRowMapper  Method Exceptionjava.sql.SQLSyntaxErrorException: Column 'IS_INTERNAL' not found.
				
2026-07-29 11:31:20 [http-nio-8495-exec-2] ERROR c.v.d.rowmapper.DesignHdrRowMapper -DesignHdrRowMapper  Method Exceptionjava.sql.SQLSyntaxErrorException: Column 'IS_INTERNAL' not found.
				
2026-07-29 11:31:20 [http-nio-8495-exec-2] ERROR c.v.d.rowmapper.DesignHdrRowMapper -DesignHdrRowMapper  Method Exceptionjava.sql.SQLSyntaxErrorException: Column 'IS_INTERNAL' not found.
				
2026-07-29 11:31:20 [http-nio-8495-exec-2] ERROR c.v.d.rowmapper.DesignHdrRowMapper -DesignHdrRowMapper  Method Exceptionjava.sql.SQLSyntaxErrorException: Column 'IS_INTERNAL' not found.
				
2026-07-29 11:31:20 [http-nio-8495-exec-2] ERROR c.v.d.rowmapper.DesignHdrRowMapper -DesignHdrRowMapper  Method Exceptionjava.sql.SQLSyntaxErrorException: Column 'IS_INTERNAL' not found.
				
2026-07-29 11:31:20 [http-nio-8495-exec-2] ERROR c.v.d.rowmapper.DesignHdrRowMapper -DesignHdrRowMapper  Method Exceptionjava.sql.SQLSyntaxErrorException: Column 'IS_INTERNAL' not found.
				
2026-07-29 11:31:20 [http-nio-8495-exec-2] ERROR c.v.d.rowmapper.DesignHdrRowMapper -DesignHdrRowMapper  Method Exceptionjava.sql.SQLSyntaxErrorException: Column 'IS_INTERNAL' not found.
				
2026-07-29 11:31:20 [http-nio-8495-exec-2] ERROR c.v.d.rowmapper.DesignHdrRowMapper -DesignHdrRowMapper  Method Exceptionjava.sql.SQLSyntaxErrorException: Column 'IS_INTERNAL' not found.
				
2026-07-29 11:31:20 [http-nio-8495-exec-2] ERROR c.v.d.rowmapper.DesignHdrRowMapper -DesignHdrRowMapper  Method Exceptionjava.sql.SQLSyntaxErrorException: Column 'IS_INTERNAL' not found.
				
2026-07-29 11:31:20 [http-nio-8495-exec-2] ERROR c.v.d.rowmapper.DesignHdrRowMapper -DesignHdrRowMapper  Method Exceptionjava.sql.SQLSyntaxErrorException: Column 'IS_INTERNAL' not found.
				
2026-07-29 11:31:20 [http-nio-8495-exec-2] ERROR c.v.d.rowmapper.DesignHdrRowMapper -DesignHdrRowMapper  Method Exceptionjava.sql.SQLSyntaxErrorException: Column 'IS_INTERNAL' not found.
				
2026-07-29 11:31:20 [http-nio-8495-exec-2] ERROR c.v.d.rowmapper.DesignHdrRowMapper -DesignHdrRowMapper  Method Exceptionjava.sql.SQLSyntaxErrorException: Column 'IS_INTERNAL' not found.
				
2026-07-29 11:31:20 [http-nio-8495-exec-2] ERROR c.v.d.rowmapper.DesignHdrRowMapper -DesignHdrRowMapper  Method Exceptionjava.sql.SQLSyntaxErrorException: Column 'IS_INTERNAL' not found.
				
2026-07-29 11:31:20 [http-nio-8495-exec-2] ERROR c.v.d.rowmapper.DesignHdrRowMapper -DesignHdrRowMapper  Method Exceptionjava.sql.SQLSyntaxErrorException: Column 'IS_INTERNAL' not found.
				
2026-07-29 11:31:20 [http-nio-8495-exec-2] ERROR c.v.d.rowmapper.DesignHdrRowMapper -DesignHdrRowMapper  Method Exceptionjava.sql.SQLSyntaxErrorException: Column 'IS_INTERNAL' not found.
				
2026-07-29 11:31:20 [http-nio-8495-exec-2] ERROR c.v.d.rowmapper.DesignHdrRowMapper -DesignHdrRowMapper  Method Exceptionjava.sql.SQLSyntaxErrorException: Column 'IS_INTERNAL' not found.
				
2026-07-29 11:31:20 [http-nio-8495-exec-2] ERROR c.v.d.rowmapper.DesignHdrRowMapper -DesignHdrRowMapper  Method Exceptionjava.sql.SQLSyntaxErrorException: Column 'IS_INTERNAL' not found.
				
2026-07-29 11:31:20 [http-nio-8495-exec-2] ERROR c.v.d.rowmapper.DesignHdrRowMapper -DesignHdrRowMapper  Method Exceptionjava.sql.SQLSyntaxErrorException: Column 'IS_INTERNAL' not found.
				
2026-07-29 11:31:20 [http-nio-8495-exec-2] ERROR c.v.d.rowmapper.DesignHdrRowMapper -DesignHdrRowMapper  Method Exceptionjava.sql.SQLSyntaxErrorException: Column 'IS_INTERNAL' not found.
				
2026-07-29 11:31:20 [http-nio-8495-exec-2] ERROR c.v.d.rowmapper.DesignHdrRowMapper -DesignHdrRowMapper  Method Exceptionjava.sql.SQLSyntaxErrorException: Column 'IS_INTERNAL' not found.
				
2026-07-29 11:31:20 [http-nio-8495-exec-2] ERROR c.v.d.rowmapper.DesignHdrRowMapper -DesignHdrRowMapper  Method Exceptionjava.sql.SQLSyntaxErrorException: Column 'IS_INTERNAL' not found.
				
2026-07-29 11:31:20 [http-nio-8495-exec-2] ERROR c.v.d.rowmapper.DesignHdrRowMapper -DesignHdrRowMapper  Method Exceptionjava.sql.SQLSyntaxErrorException: Column 'IS_INTERNAL' not found.
				
2026-07-29 11:31:20 [http-nio-8495-exec-2] ERROR c.v.d.rowmapper.DesignHdrRowMapper -DesignHdrRowMapper  Method Exceptionjava.sql.SQLSyntaxErrorException: Column 'IS_INTERNAL' not found.
				
2026-07-29 11:31:20 [http-nio-8495-exec-2] ERROR c.v.d.rowmapper.DesignHdrRowMapper -DesignHdrRowMapper  Method Exceptionjava.sql.SQLSyntaxErrorException: Column 'IS_INTERNAL' not found.
				
2026-07-29 11:31:20 [http-nio-8495-exec-2] ERROR c.v.d.rowmapper.DesignHdrRowMapper -DesignHdrRowMapper  Method Exceptionjava.sql.SQLSyntaxErrorException: Column 'IS_INTERNAL' not found.
				
2026-07-29 11:31:20 [http-nio-8495-exec-2] ERROR c.v.d.rowmapper.DesignHdrRowMapper -DesignHdrRowMapper  Method Exceptionjava.sql.SQLSyntaxErrorException: Column 'IS_INTERNAL' not found.
				
2026-07-29 11:31:20 [http-nio-8495-exec-2] ERROR c.v.d.rowmapper.DesignHdrRowMapper -DesignHdrRowMapper  Method Exceptionjava.sql.SQLSyntaxErrorException: Column 'IS_INTERNAL' not found.
				
2026-07-29 11:31:20 [http-nio-8495-exec-2] ERROR c.v.d.rowmapper.DesignHdrRowMapper -DesignHdrRowMapper  Method Exceptionjava.sql.SQLSyntaxErrorException: Column 'IS_INTERNAL' not found.
				
2026-07-29 11:31:20 [http-nio-8495-exec-2] ERROR c.v.d.rowmapper.DesignHdrRowMapper -DesignHdrRowMapper  Method Exceptionjava.sql.SQLSyntaxErrorException: Column 'IS_INTERNAL' not found.
				
2026-07-29 11:31:20 [http-nio-8495-exec-2] ERROR c.v.d.rowmapper.DesignHdrRowMapper -DesignHdrRowMapper  Method Exceptionjava.sql.SQLSyntaxErrorException: Column 'IS_INTERNAL' not found.
				
2026-07-29 11:31:20 [http-nio-8495-exec-2] ERROR c.v.d.rowmapper.DesignHdrRowMapper -DesignHdrRowMapper  Method Exceptionjava.sql.SQLSyntaxErrorException: Column 'IS_INTERNAL' not found.
				
2026-07-29 11:31:20 [http-nio-8495-exec-2] ERROR c.v.d.rowmapper.DesignHdrRowMapper -DesignHdrRowMapper  Method Exceptionjava.sql.SQLSyntaxErrorException: Column 'IS_INTERNAL' not found.
				
2026-07-29 11:31:20 [http-nio-8495-exec-2] ERROR c.v.d.rowmapper.DesignHdrRowMapper -DesignHdrRowMapper  Method Exceptionjava.sql.SQLSyntaxErrorException: Column 'IS_INTERNAL' not found.
				
2026-07-29 11:31:20 [http-nio-8495-exec-2] ERROR c.v.d.rowmapper.DesignHdrRowMapper -DesignHdrRowMapper  Method Exceptionjava.sql.SQLSyntaxErrorException: Column 'IS_INTERNAL' not found.
				
2026-07-29 11:31:20 [http-nio-8495-exec-2] ERROR c.v.d.rowmapper.DesignHdrRowMapper -DesignHdrRowMapper  Method Exceptionjava.sql.SQLSyntaxErrorException: Column 'IS_INTERNAL' not found.
				
2026-07-29 11:31:20 [http-nio-8495-exec-2] ERROR c.v.d.rowmapper.DesignHdrRowMapper -DesignHdrRowMapper  Method Exceptionjava.sql.SQLSyntaxErrorException: Column 'IS_INTERNAL' not found.
				
2026-07-29 11:31:20 [http-nio-8495-exec-2] ERROR c.v.d.rowmapper.DesignHdrRowMapper -DesignHdrRowMapper  Method Exceptionjava.sql.SQLSyntaxErrorException: Column 'IS_INTERNAL' not found.
				
2026-07-29 11:31:20 [http-nio-8495-exec-2] ERROR c.v.d.rowmapper.DesignHdrRowMapper -DesignHdrRowMapper  Method Exceptionjava.sql.SQLSyntaxErrorException: Column 'IS_INTERNAL' not found.
				
2026-07-29 11:31:20 [http-nio-8495-exec-2] ERROR c.v.d.rowmapper.DesignHdrRowMapper -DesignHdrRowMapper  Method Exceptionjava.sql.SQLSyntaxErrorException: Column 'IS_INTERNAL' not found.
				
2026-07-29 11:31:20 [http-nio-8495-exec-2] ERROR c.v.d.rowmapper.DesignHdrRowMapper -DesignHdrRowMapper  Method Exceptionjava.sql.SQLSyntaxErrorException: Column 'IS_INTERNAL' not found.
				
2026-07-29 11:31:20 [http-nio-8495-exec-2] ERROR c.v.d.rowmapper.DesignHdrRowMapper -DesignHdrRowMapper  Method Exceptionjava.sql.SQLSyntaxErrorException: Column 'IS_INTERNAL' not found.
				
2026-07-29 11:31:20 [http-nio-8495-exec-2] ERROR c.v.d.rowmapper.DesignHdrRowMapper -DesignHdrRowMapper  Method Exceptionjava.sql.SQLSyntaxErrorException: Column 'IS_INTERNAL' not found.
				
2026-07-29 11:31:20 [http-nio-8495-exec-2] ERROR c.v.d.rowmapper.DesignHdrRowMapper -DesignHdrRowMapper  Method Exceptionjava.sql.SQLSyntaxErrorException: Column 'IS_INTERNAL' not found.
				
2026-07-29 11:31:20 [http-nio-8495-exec-2] ERROR c.v.d.rowmapper.DesignHdrRowMapper -DesignHdrRowMapper  Method Exceptionjava.sql.SQLSyntaxErrorException: Column 'IS_INTERNAL' not found.
				
2026-07-29 11:31:20 [http-nio-8495-exec-2] ERROR c.v.d.rowmapper.DesignHdrRowMapper -DesignHdrRowMapper  Method Exceptionjava.sql.SQLSyntaxErrorException: Column 'IS_INTERNAL' not found.
				
2026-07-29 11:31:20 [http-nio-8495-exec-2] ERROR c.v.d.rowmapper.DesignHdrRowMapper -DesignHdrRowMapper  Method Exceptionjava.sql.SQLSyntaxErrorException: Column 'IS_INTERNAL' not found.
				
2026-07-29 11:31:20 [http-nio-8495-exec-2] ERROR c.v.d.rowmapper.DesignHdrRowMapper -DesignHdrRowMapper  Method Exceptionjava.sql.SQLSyntaxErrorException: Column 'IS_INTERNAL' not found.
				
2026-07-29 11:31:20 [http-nio-8495-exec-2] ERROR c.v.d.rowmapper.DesignHdrRowMapper -DesignHdrRowMapper  Method Exceptionjava.sql.SQLSyntaxErrorException: Column 'IS_INTERNAL' not found.
				
2026-07-29 11:31:20 [http-nio-8495-exec-2] ERROR c.v.d.rowmapper.DesignHdrRowMapper -DesignHdrRowMapper  Method Exceptionjava.sql.SQLSyntaxErrorException: Column 'IS_INTERNAL' not found.
				
2026-07-29 11:31:20 [http-nio-8495-exec-2] ERROR c.v.d.rowmapper.DesignHdrRowMapper -DesignHdrRowMapper  Method Exceptionjava.sql.SQLSyntaxErrorException: Column 'IS_INTERNAL' not found.
				
2026-07-29 11:31:20 [http-nio-8495-exec-2] ERROR c.v.d.rowmapper.DesignHdrRowMapper -DesignHdrRowMapper  Method Exceptionjava.sql.SQLSyntaxErrorException: Column 'IS_INTERNAL' not found.
				
2026-07-29 11:31:20 [http-nio-8495-exec-2] ERROR c.v.d.rowmapper.DesignHdrRowMapper -DesignHdrRowMapper  Method Exceptionjava.sql.SQLSyntaxErrorException: Column 'IS_INTERNAL' not found.
				
2026-07-29 11:31:20 [http-nio-8495-exec-2] ERROR c.v.d.rowmapper.DesignHdrRowMapper -DesignHdrRowMapper  Method Exceptionjava.sql.SQLSyntaxErrorException: Column 'IS_INTERNAL' not found.
				
2026-07-29 11:31:20 [http-nio-8495-exec-2] ERROR c.v.d.rowmapper.DesignHdrRowMapper -DesignHdrRowMapper  Method Exceptionjava.sql.SQLSyntaxErrorException: Column 'IS_INTERNAL' not found.
				
2026-07-29 11:31:20 [http-nio-8495-exec-2] ERROR c.v.d.rowmapper.DesignHdrRowMapper -DesignHdrRowMapper  Method Exceptionjava.sql.SQLSyntaxErrorException: Column 'IS_INTERNAL' not found.
				
2026-07-29 11:31:20 [http-nio-8495-exec-2] ERROR c.v.d.rowmapper.DesignHdrRowMapper -DesignHdrRowMapper  Method Exceptionjava.sql.SQLSyntaxErrorException: Column 'IS_INTERNAL' not found.
				
2026-07-29 11:31:20 [http-nio-8495-exec-2] ERROR c.v.d.rowmapper.DesignHdrRowMapper -DesignHdrRowMapper  Method Exceptionjava.sql.SQLSyntaxErrorException: Column 'IS_INTERNAL' not found.
				
2026-07-29 11:31:20 [http-nio-8495-exec-2] ERROR c.v.d.rowmapper.DesignHdrRowMapper -DesignHdrRowMapper  Method Exceptionjava.sql.SQLSyntaxErrorException: Column 'IS_INTERNAL' not found.
				
2026-07-29 11:31:20 [http-nio-8495-exec-2] ERROR c.v.d.rowmapper.DesignHdrRowMapper -DesignHdrRowMapper  Method Exceptionjava.sql.SQLSyntaxErrorException: Column 'IS_INTERNAL' not found.
				
2026-07-29 11:31:20 [http-nio-8495-exec-2] ERROR c.v.d.rowmapper.DesignHdrRowMapper -DesignHdrRowMapper  Method Exceptionjava.sql.SQLSyntaxErrorException: Column 'IS_INTERNAL' not found.
				
2026-07-29 11:32:24 [http-nio-8495-exec-5] ERROR c.v.scm.dao.impl.IndentManagementDAO -indentVerCheck Method Exception ---> org.springframework.dao.EmptyResultDataAccessException: Incorrect result size: expected 1, actual 0
				
2026-07-29 11:32:24 [http-nio-8495-exec-6] ERROR c.v.scm.dao.impl.IndentManagementDAO -indentVerCheck Method Exception ---> org.springframework.dao.EmptyResultDataAccessException: Incorrect result size: expected 1, actual 0
				
2026-07-29 11:33:14 [http-nio-8495-exec-9] ERROR com.vmfg.util.GetPropertyValue -getTenantPropertyVal Method Exception|||org.springframework.dao.EmptyResultDataAccessException: Incorrect result size: expected 1, actual 0
				
2026-07-29 11:33:14 [http-nio-8495-exec-9] ERROR com.vmfg.util.GetPropertyValue -getTenantPropertyValByTenantId Method Exception|||org.springframework.dao.EmptyResultDataAccessException: Incorrect result size: expected 1, actual 0
				
2026-07-29 11:33:14 [http-nio-8495-exec-9] ERROR com.vmfg.util.CommonBase64Class -CommonBase64Class getBasesBinary Method FileNotFoundException---->java.io.FileNotFoundException:  (No such file or directory)
				
2026-07-29 11:33:14 [http-nio-8495-exec-9] ERROR c.v.authentication.UserLoginService -getImageUrl DAO Method Exceptionjava.lang.NullPointerException
				
2026-07-29 11:34:41 [http-nio-8495-exec-9] ERROR com.vmfg.util.GetPropertyValue -getTenantPropertyVal Method Exception|||org.springframework.dao.EmptyResultDataAccessException: Incorrect result size: expected 1, actual 0
				
2026-07-29 11:34:41 [http-nio-8495-exec-9] ERROR com.vmfg.util.GetPropertyValue -getTenantPropertyValByTenantId Method Exception|||org.springframework.dao.EmptyResultDataAccessException: Incorrect result size: expected 1, actual 0
				
2026-07-29 11:34:41 [http-nio-8495-exec-9] ERROR com.vmfg.util.CommonBase64Class -CommonBase64Class getBasesBinary Method FileNotFoundException---->java.io.FileNotFoundException:  (No such file or directory)
				
2026-07-29 11:34:41 [http-nio-8495-exec-9] ERROR c.v.authentication.UserLoginService -getImageUrl DAO Method Exceptionjava.lang.NullPointerException
				
2026-07-29 11:35:15 [http-nio-8495-exec-7] ERROR c.v.g.s.impl.StageManagementService -getprocessEnbleStatus Errorjava.lang.IndexOutOfBoundsException: Index: 0, Size: 0
				
2026-07-29 11:35:33 [http-nio-8495-exec-9] ERROR com.vmfg.util.DocumentApprovalInsert -DocumentApprovalInsert error org.springframework.dao.EmptyResultDataAccessException: Incorrect result size: expected 1, actual 0
				
2026-07-29 11:36:41 [http-nio-8495-exec-10] ERROR com.vmfg.util.GetPropertyValue -getTenantPropertyVal Method Exception|||org.springframework.dao.EmptyResultDataAccessException: Incorrect result size: expected 1, actual 0
				
2026-07-29 11:36:41 [http-nio-8495-exec-10] ERROR com.vmfg.util.GetPropertyValue -getTenantPropertyValByTenantId Method Exception|||org.springframework.dao.EmptyResultDataAccessException: Incorrect result size: expected 1, actual 0
				
2026-07-29 11:36:41 [http-nio-8495-exec-10] ERROR com.vmfg.util.CommonBase64Class -CommonBase64Class getBasesBinary Method FileNotFoundException---->java.io.FileNotFoundException:  (No such file or directory)
				
2026-07-29 11:36:41 [http-nio-8495-exec-10] ERROR c.v.authentication.UserLoginService -getImageUrl DAO Method Exceptionjava.lang.NullPointerException
				
2026-07-29 11:37:21 [http-nio-8495-exec-8] ERROR com.vmfg.util.GetPropertyValue -getTenantPropertyVal Method Exception|||org.springframework.dao.EmptyResultDataAccessException: Incorrect result size: expected 1, actual 0
				
2026-07-29 11:37:21 [http-nio-8495-exec-8] ERROR com.vmfg.util.GetPropertyValue -getTenantPropertyValByTenantId Method Exception|||org.springframework.dao.EmptyResultDataAccessException: Incorrect result size: expected 1, actual 0
				
2026-07-29 11:37:21 [http-nio-8495-exec-8] ERROR com.vmfg.util.CommonBase64Class -CommonBase64Class getBasesBinary Method FileNotFoundException---->java.io.FileNotFoundException:  (No such file or directory)
				
2026-07-29 11:37:21 [http-nio-8495-exec-8] ERROR c.v.authentication.UserLoginService -getImageUrl DAO Method Exceptionjava.lang.NullPointerException
				
2026-07-29 11:38:16 [http-nio-8495-exec-5] ERROR com.vmfg.util.GetPropertyValue -getTenantPropertyVal Method Exception|||org.springframework.dao.EmptyResultDataAccessException: Incorrect result size: expected 1, actual 0
				
2026-07-29 11:38:16 [http-nio-8495-exec-5] ERROR com.vmfg.util.GetPropertyValue -getTenantPropertyValByTenantId Method Exception|||org.springframework.dao.EmptyResultDataAccessException: Incorrect result size: expected 1, actual 0
				
2026-07-29 11:38:16 [http-nio-8495-exec-5] ERROR com.vmfg.util.CommonBase64Class -CommonBase64Class getBasesBinary Method FileNotFoundException---->java.io.FileNotFoundException:  (No such file or directory)
				
2026-07-29 11:38:16 [http-nio-8495-exec-5] ERROR c.v.authentication.UserLoginService -getImageUrl DAO Method Exceptionjava.lang.NullPointerException
				
2026-07-29 11:38:46 [http-nio-8495-exec-5] ERROR com.vmfg.project.dao.impl.ProjectDAO -getProjectCodeByProjId method Errororg.springframework.dao.EmptyResultDataAccessException: Incorrect result size: expected 1, actual 0
				
2026-07-29 11:38:46 [http-nio-8495-exec-8] ERROR com.vmfg.project.dao.impl.ProjectDAO -getProjectCodeByProjId method Errororg.springframework.dao.EmptyResultDataAccessException: Incorrect result size: expected 1, actual 0
				
2026-07-29 11:38:50 [http-nio-8495-exec-8] ERROR com.vmfg.util.GetPropertyValue -getTenantPropertyVal Method Exception|||org.springframework.dao.EmptyResultDataAccessException: Incorrect result size: expected 1, actual 0
				
2026-07-29 11:38:50 [http-nio-8495-exec-8] ERROR com.vmfg.util.GetPropertyValue -getTenantPropertyValByTenantId Method Exception|||org.springframework.dao.EmptyResultDataAccessException: Incorrect result size: expected 1, actual 0
				
2026-07-29 11:38:50 [http-nio-8495-exec-8] ERROR com.vmfg.util.CommonBase64Class -CommonBase64Class getBasesBinary Method FileNotFoundException---->java.io.FileNotFoundException:  (No such file or directory)
				
2026-07-29 11:38:50 [http-nio-8495-exec-8] ERROR c.v.authentication.UserLoginService -getImageUrl DAO Method Exceptionjava.lang.NullPointerException
				
2026-07-29 11:39:23 [http-nio-8495-exec-6] ERROR com.vmfg.util.GetPropertyValue -getTenantPropertyVal Method Exception|||org.springframework.dao.EmptyResultDataAccessException: Incorrect result size: expected 1, actual 0
				
2026-07-29 11:39:23 [http-nio-8495-exec-6] ERROR com.vmfg.util.GetPropertyValue -getTenantPropertyValByTenantId Method Exception|||org.springframework.dao.EmptyResultDataAccessException: Incorrect result size: expected 1, actual 0
				
2026-07-29 11:39:23 [http-nio-8495-exec-6] ERROR com.vmfg.util.CommonBase64Class -CommonBase64Class getBasesBinary Method FileNotFoundException---->java.io.FileNotFoundException:  (No such file or directory)
				
2026-07-29 11:39:23 [http-nio-8495-exec-6] ERROR c.v.authentication.UserLoginService -getImageUrl DAO Method Exceptionjava.lang.NullPointerException
				
2026-07-29 11:41:41 [http-nio-8495-exec-1] ERROR com.vmfg.scm.dao.impl.GrnDAO -getPoCodeByPoId method Errororg.springframework.dao.EmptyResultDataAccessException: Incorrect result size: expected 1, actual 0
				
2026-07-29 11:46:34 [http-nio-8495-exec-9] ERROR com.vmfg.scm.dao.impl.GrnDAO -getPoCodeByPoId method Errororg.springframework.dao.EmptyResultDataAccessException: Incorrect result size: expected 1, actual 0
				
2026-07-29 11:46:34 [http-nio-8495-exec-9] ERROR c.v.design.dao.impl.IndentUploadDAO -getStatusCodebySeqAndDocTypeByDocGrp Method Exception --->org.springframework.dao.EmptyResultDataAccessException: Incorrect result size: expected 1, actual 0
				
2026-07-29 11:46:34 [http-nio-8495-exec-9] ERROR c.v.design.dao.impl.IndentUploadDAO -getStatusCodebySeqAndDocTypeByDocGrp Method Exception --->org.springframework.dao.EmptyResultDataAccessException: Incorrect result size: expected 1, actual 0
				
2026-07-29 11:46:42 [http-nio-8495-exec-4] ERROR com.vmfg.scm.dao.impl.GrnDAO -getPoCodeByPoId method Errororg.springframework.dao.EmptyResultDataAccessException: Incorrect result size: expected 1, actual 0
				
2026-07-29 11:47:10 [http-nio-8495-exec-3] ERROR com.vmfg.scm.dao.impl.GrnDAO -getPoCodeByPoId method Errororg.springframework.dao.EmptyResultDataAccessException: Incorrect result size: expected 1, actual 0
				
2026-07-29 11:47:16 [http-nio-8495-exec-2] ERROR com.vmfg.util.GetPropertyValue -getTenantPropertyVal Method Exception|||org.springframework.dao.EmptyResultDataAccessException: Incorrect result size: expected 1, actual 0
				
2026-07-29 11:47:16 [http-nio-8495-exec-2] ERROR com.vmfg.util.GetPropertyValue -getTenantPropertyValByTenantId Method Exception|||org.springframework.dao.EmptyResultDataAccessException: Incorrect result size: expected 1, actual 0
				
2026-07-29 11:47:16 [http-nio-8495-exec-2] ERROR com.vmfg.util.CommonBase64Class -CommonBase64Class getBasesBinary Method FileNotFoundException---->java.io.FileNotFoundException:  (No such file or directory)
				
2026-07-29 11:47:16 [http-nio-8495-exec-2] ERROR c.v.authentication.UserLoginService -getImageUrl DAO Method Exceptionjava.lang.NullPointerException
				
2026-07-29 11:48:20 [http-nio-8495-exec-10] ERROR com.vmfg.scm.dao.impl.GrnDAO -getPoCodeByPoId method Errororg.springframework.dao.EmptyResultDataAccessException: Incorrect result size: expected 1, actual 0
				
2026-07-29 11:48:49 [http-nio-8495-exec-2] ERROR com.vmfg.scm.dao.impl.GrnDAO -getPoCodeByPoId method Errororg.springframework.dao.EmptyResultDataAccessException: Incorrect result size: expected 1, actual 0
				
2026-07-29 12:01:52 [http-nio-8495-exec-9] ERROR com.vmfg.util.GetPropertyValue -getTenantPropertyVal Method Exception|||org.springframework.dao.EmptyResultDataAccessException: Incorrect result size: expected 1, actual 0
				
2026-07-29 12:01:52 [http-nio-8495-exec-9] ERROR com.vmfg.util.GetPropertyValue -getTenantPropertyValByTenantId Method Exception|||org.springframework.dao.EmptyResultDataAccessException: Incorrect result size: expected 1, actual 0
				
2026-07-29 12:01:52 [http-nio-8495-exec-9] ERROR com.vmfg.util.CommonBase64Class -CommonBase64Class getBasesBinary Method FileNotFoundException---->java.io.FileNotFoundException:  (No such file or directory)
				
2026-07-29 12:01:52 [http-nio-8495-exec-9] ERROR c.v.authentication.UserLoginService -getImageUrl DAO Method Exceptionjava.lang.NullPointerException
				
2026-07-29 12:10:12 [http-nio-8495-exec-10] ERROR com.vmfg.util.GetPropertyValue -getTenantPropertyVal Method Exception|||org.springframework.dao.EmptyResultDataAccessException: Incorrect result size: expected 1, actual 0
				
2026-07-29 12:10:12 [http-nio-8495-exec-10] ERROR com.vmfg.util.GetPropertyValue -getTenantPropertyValByTenantId Method Exception|||org.springframework.dao.EmptyResultDataAccessException: Incorrect result size: expected 1, actual 0
				
2026-07-29 12:10:12 [http-nio-8495-exec-10] ERROR com.vmfg.util.CommonBase64Class -CommonBase64Class getBasesBinary Method FileNotFoundException---->java.io.FileNotFoundException:  (No such file or directory)
				
2026-07-29 12:10:12 [http-nio-8495-exec-10] ERROR c.v.authentication.UserLoginService -getImageUrl DAO Method Exceptionjava.lang.NullPointerException
				
2026-07-29 14:50:16 [http-nio-8495-exec-3] ERROR com.vmfg.util.GetPropertyValue -getTenantPropertyVal Method Exception|||org.springframework.dao.EmptyResultDataAccessException: Incorrect result size: expected 1, actual 0
				
2026-07-29 14:50:16 [http-nio-8495-exec-3] ERROR com.vmfg.util.GetPropertyValue -getTenantPropertyValByTenantId Method Exception|||org.springframework.dao.EmptyResultDataAccessException: Incorrect result size: expected 1, actual 0
				
2026-07-29 14:50:16 [http-nio-8495-exec-3] ERROR com.vmfg.util.CommonBase64Class -CommonBase64Class getBasesBinary Method FileNotFoundException---->java.io.FileNotFoundException:  (No such file or directory)
				
2026-07-29 14:50:16 [http-nio-8495-exec-3] ERROR c.v.authentication.UserLoginService -getImageUrl DAO Method Exceptionjava.lang.NullPointerException
				
2026-07-29 17:38:30 [main] ERROR com.vmfg.VMFGApplication -SmartRun Application Start Exception--->org.springframework.boot.devtools.restart.SilentExitExceptionHandler$SilentExitException
				
2026-07-29 17:39:08 [http-nio-8495-exec-6] ERROR com.vmfg.util.GetPropertyValue -getTenantPropertyVal Method Exception|||org.springframework.dao.EmptyResultDataAccessException: Incorrect result size: expected 1, actual 0
				
2026-07-29 17:39:08 [http-nio-8495-exec-6] ERROR com.vmfg.util.GetPropertyValue -getTenantPropertyValByTenantId Method Exception|||org.springframework.dao.EmptyResultDataAccessException: Incorrect result size: expected 1, actual 0
				
2026-07-29 17:39:08 [http-nio-8495-exec-6] ERROR com.vmfg.util.CommonBase64Class -CommonBase64Class getBasesBinary Method FileNotFoundException---->java.io.FileNotFoundException:  (No such file or directory)
				
2026-07-29 17:39:08 [http-nio-8495-exec-6] ERROR c.v.authentication.UserLoginService -getImageUrl DAO Method Exceptionjava.lang.NullPointerException
				
2026-07-29 17:39:27 [http-nio-8495-exec-1] ERROR c.v.d.rowmapper.DesignHdrRowMapper -DesignHdrRowMapper  Method Exceptionjava.sql.SQLSyntaxErrorException: Column 'IS_INTERNAL' not found.
				
2026-07-29 17:39:27 [http-nio-8495-exec-1] ERROR c.v.d.rowmapper.DesignHdrRowMapper -DesignHdrRowMapper  Method Exceptionjava.sql.SQLSyntaxErrorException: Column 'IS_INTERNAL' not found.
				
2026-07-29 17:39:27 [http-nio-8495-exec-1] ERROR c.v.d.rowmapper.DesignHdrRowMapper -DesignHdrRowMapper  Method Exceptionjava.sql.SQLSyntaxErrorException: Column 'IS_INTERNAL' not found.
				
2026-07-29 17:39:27 [http-nio-8495-exec-1] ERROR c.v.d.rowmapper.DesignHdrRowMapper -DesignHdrRowMapper  Method Exceptionjava.sql.SQLSyntaxErrorException: Column 'IS_INTERNAL' not found.
				
2026-07-29 17:39:27 [http-nio-8495-exec-1] ERROR c.v.d.rowmapper.DesignHdrRowMapper -DesignHdrRowMapper  Method Exceptionjava.sql.SQLSyntaxErrorException: Column 'IS_INTERNAL' not found.
				
2026-07-29 17:39:27 [http-nio-8495-exec-1] ERROR c.v.d.rowmapper.DesignHdrRowMapper -DesignHdrRowMapper  Method Exceptionjava.sql.SQLSyntaxErrorException: Column 'IS_INTERNAL' not found.
				
2026-07-29 17:39:27 [http-nio-8495-exec-1] ERROR c.v.d.rowmapper.DesignHdrRowMapper -DesignHdrRowMapper  Method Exceptionjava.sql.SQLSyntaxErrorException: Column 'IS_INTERNAL' not found.
				
2026-07-29 17:39:27 [http-nio-8495-exec-1] ERROR c.v.d.rowmapper.DesignHdrRowMapper -DesignHdrRowMapper  Method Exceptionjava.sql.SQLSyntaxErrorException: Column 'IS_INTERNAL' not found.
				
2026-07-29 17:39:27 [http-nio-8495-exec-1] ERROR c.v.d.rowmapper.DesignHdrRowMapper -DesignHdrRowMapper  Method Exceptionjava.sql.SQLSyntaxErrorException: Column 'IS_INTERNAL' not found.
				
2026-07-29 17:39:27 [http-nio-8495-exec-1] ERROR c.v.d.rowmapper.DesignHdrRowMapper -DesignHdrRowMapper  Method Exceptionjava.sql.SQLSyntaxErrorException: Column 'IS_INTERNAL' not found.
				
2026-07-29 17:39:27 [http-nio-8495-exec-1] ERROR c.v.d.rowmapper.DesignHdrRowMapper -DesignHdrRowMapper  Method Exceptionjava.sql.SQLSyntaxErrorException: Column 'IS_INTERNAL' not found.
				
2026-07-29 17:39:27 [http-nio-8495-exec-1] ERROR c.v.d.rowmapper.DesignHdrRowMapper -DesignHdrRowMapper  Method Exceptionjava.sql.SQLSyntaxErrorException: Column 'IS_INTERNAL' not found.
				
2026-07-29 17:39:27 [http-nio-8495-exec-1] ERROR c.v.d.rowmapper.DesignHdrRowMapper -DesignHdrRowMapper  Method Exceptionjava.sql.SQLSyntaxErrorException: Column 'IS_INTERNAL' not found.
				
2026-07-29 17:39:27 [http-nio-8495-exec-1] ERROR c.v.d.rowmapper.DesignHdrRowMapper -DesignHdrRowMapper  Method Exceptionjava.sql.SQLSyntaxErrorException: Column 'IS_INTERNAL' not found.
				
2026-07-29 17:39:27 [http-nio-8495-exec-1] ERROR c.v.d.rowmapper.DesignHdrRowMapper -DesignHdrRowMapper  Method Exceptionjava.sql.SQLSyntaxErrorException: Column 'IS_INTERNAL' not found.
				
2026-07-29 17:39:27 [http-nio-8495-exec-1] ERROR c.v.d.rowmapper.DesignHdrRowMapper -DesignHdrRowMapper  Method Exceptionjava.sql.SQLSyntaxErrorException: Column 'IS_INTERNAL' not found.
				
2026-07-29 17:39:27 [http-nio-8495-exec-1] ERROR c.v.d.rowmapper.DesignHdrRowMapper -DesignHdrRowMapper  Method Exceptionjava.sql.SQLSyntaxErrorException: Column 'IS_INTERNAL' not found.
				
2026-07-29 17:39:27 [http-nio-8495-exec-1] ERROR c.v.d.rowmapper.DesignHdrRowMapper -DesignHdrRowMapper  Method Exceptionjava.sql.SQLSyntaxErrorException: Column 'IS_INTERNAL' not found.
				
2026-07-29 17:39:27 [http-nio-8495-exec-1] ERROR c.v.d.rowmapper.DesignHdrRowMapper -DesignHdrRowMapper  Method Exceptionjava.sql.SQLSyntaxErrorException: Column 'IS_INTERNAL' not found.
				
2026-07-29 17:39:27 [http-nio-8495-exec-1] ERROR c.v.d.rowmapper.DesignHdrRowMapper -DesignHdrRowMapper  Method Exceptionjava.sql.SQLSyntaxErrorException: Column 'IS_INTERNAL' not found.
				
2026-07-29 17:39:27 [http-nio-8495-exec-1] ERROR c.v.d.rowmapper.DesignHdrRowMapper -DesignHdrRowMapper  Method Exceptionjava.sql.SQLSyntaxErrorException: Column 'IS_INTERNAL' not found.
				
2026-07-29 17:39:27 [http-nio-8495-exec-1] ERROR c.v.d.rowmapper.DesignHdrRowMapper -DesignHdrRowMapper  Method Exceptionjava.sql.SQLSyntaxErrorException: Column 'IS_INTERNAL' not found.
				
2026-07-29 17:39:27 [http-nio-8495-exec-1] ERROR c.v.d.rowmapper.DesignHdrRowMapper -DesignHdrRowMapper  Method Exceptionjava.sql.SQLSyntaxErrorException: Column 'IS_INTERNAL' not found.
				
2026-07-29 17:39:27 [http-nio-8495-exec-1] ERROR c.v.d.rowmapper.DesignHdrRowMapper -DesignHdrRowMapper  Method Exceptionjava.sql.SQLSyntaxErrorException: Column 'IS_INTERNAL' not found.
				
2026-07-29 17:39:27 [http-nio-8495-exec-1] ERROR c.v.d.rowmapper.DesignHdrRowMapper -DesignHdrRowMapper  Method Exceptionjava.sql.SQLSyntaxErrorException: Column 'IS_INTERNAL' not found.
				
2026-07-29 17:39:27 [http-nio-8495-exec-1] ERROR c.v.d.rowmapper.DesignHdrRowMapper -DesignHdrRowMapper  Method Exceptionjava.sql.SQLSyntaxErrorException: Column 'IS_INTERNAL' not found.
				
2026-07-29 17:39:27 [http-nio-8495-exec-1] ERROR c.v.d.rowmapper.DesignHdrRowMapper -DesignHdrRowMapper  Method Exceptionjava.sql.SQLSyntaxErrorException: Column 'IS_INTERNAL' not found.
				
2026-07-29 17:39:27 [http-nio-8495-exec-1] ERROR c.v.d.rowmapper.DesignHdrRowMapper -DesignHdrRowMapper  Method Exceptionjava.sql.SQLSyntaxErrorException: Column 'IS_INTERNAL' not found.
				
2026-07-29 17:39:27 [http-nio-8495-exec-1] ERROR c.v.d.rowmapper.DesignHdrRowMapper -DesignHdrRowMapper  Method Exceptionjava.sql.SQLSyntaxErrorException: Column 'IS_INTERNAL' not found.
				
2026-07-29 17:39:27 [http-nio-8495-exec-1] ERROR c.v.d.rowmapper.DesignHdrRowMapper -DesignHdrRowMapper  Method Exceptionjava.sql.SQLSyntaxErrorException: Column 'IS_INTERNAL' not found.
				
2026-07-29 17:39:27 [http-nio-8495-exec-1] ERROR c.v.d.rowmapper.DesignHdrRowMapper -DesignHdrRowMapper  Method Exceptionjava.sql.SQLSyntaxErrorException: Column 'IS_INTERNAL' not found.
				
2026-07-29 17:39:27 [http-nio-8495-exec-1] ERROR c.v.d.rowmapper.DesignHdrRowMapper -DesignHdrRowMapper  Method Exceptionjava.sql.SQLSyntaxErrorException: Column 'IS_INTERNAL' not found.
				
2026-07-29 17:39:27 [http-nio-8495-exec-1] ERROR c.v.d.rowmapper.DesignHdrRowMapper -DesignHdrRowMapper  Method Exceptionjava.sql.SQLSyntaxErrorException: Column 'IS_INTERNAL' not found.
				
2026-07-29 17:39:27 [http-nio-8495-exec-1] ERROR c.v.d.rowmapper.DesignHdrRowMapper -DesignHdrRowMapper  Method Exceptionjava.sql.SQLSyntaxErrorException: Column 'IS_INTERNAL' not found.
				
2026-07-29 17:39:27 [http-nio-8495-exec-1] ERROR c.v.d.rowmapper.DesignHdrRowMapper -DesignHdrRowMapper  Method Exceptionjava.sql.SQLSyntaxErrorException: Column 'IS_INTERNAL' not found.
				
2026-07-29 17:39:27 [http-nio-8495-exec-1] ERROR c.v.d.rowmapper.DesignHdrRowMapper -DesignHdrRowMapper  Method Exceptionjava.sql.SQLSyntaxErrorException: Column 'IS_INTERNAL' not found.
				
2026-07-29 17:39:27 [http-nio-8495-exec-1] ERROR c.v.d.rowmapper.DesignHdrRowMapper -DesignHdrRowMapper  Method Exceptionjava.sql.SQLSyntaxErrorException: Column 'IS_INTERNAL' not found.
				
2026-07-29 17:39:27 [http-nio-8495-exec-1] ERROR c.v.d.rowmapper.DesignHdrRowMapper -DesignHdrRowMapper  Method Exceptionjava.sql.SQLSyntaxErrorException: Column 'IS_INTERNAL' not found.
				
2026-07-29 17:39:27 [http-nio-8495-exec-1] ERROR c.v.d.rowmapper.DesignHdrRowMapper -DesignHdrRowMapper  Method Exceptionjava.sql.SQLSyntaxErrorException: Column 'IS_INTERNAL' not found.
				
2026-07-29 17:39:27 [http-nio-8495-exec-1] ERROR c.v.d.rowmapper.DesignHdrRowMapper -DesignHdrRowMapper  Method Exceptionjava.sql.SQLSyntaxErrorException: Column 'IS_INTERNAL' not found.
				
2026-07-29 17:39:27 [http-nio-8495-exec-1] ERROR c.v.d.rowmapper.DesignHdrRowMapper -DesignHdrRowMapper  Method Exceptionjava.sql.SQLSyntaxErrorException: Column 'IS_INTERNAL' not found.
				
2026-07-29 17:39:27 [http-nio-8495-exec-1] ERROR c.v.d.rowmapper.DesignHdrRowMapper -DesignHdrRowMapper  Method Exceptionjava.sql.SQLSyntaxErrorException: Column 'IS_INTERNAL' not found.
				
2026-07-29 17:39:27 [http-nio-8495-exec-1] ERROR c.v.d.rowmapper.DesignHdrRowMapper -DesignHdrRowMapper  Method Exceptionjava.sql.SQLSyntaxErrorException: Column 'IS_INTERNAL' not found.
				
2026-07-29 17:39:27 [http-nio-8495-exec-1] ERROR c.v.d.rowmapper.DesignHdrRowMapper -DesignHdrRowMapper  Method Exceptionjava.sql.SQLSyntaxErrorException: Column 'IS_INTERNAL' not found.
				
2026-07-29 17:39:27 [http-nio-8495-exec-1] ERROR c.v.d.rowmapper.DesignHdrRowMapper -DesignHdrRowMapper  Method Exceptionjava.sql.SQLSyntaxErrorException: Column 'IS_INTERNAL' not found.
				
2026-07-29 17:39:27 [http-nio-8495-exec-1] ERROR c.v.d.rowmapper.DesignHdrRowMapper -DesignHdrRowMapper  Method Exceptionjava.sql.SQLSyntaxErrorException: Column 'IS_INTERNAL' not found.
				
2026-07-29 17:39:27 [http-nio-8495-exec-1] ERROR c.v.d.rowmapper.DesignHdrRowMapper -DesignHdrRowMapper  Method Exceptionjava.sql.SQLSyntaxErrorException: Column 'IS_INTERNAL' not found.
				
2026-07-29 17:39:27 [http-nio-8495-exec-1] ERROR c.v.d.rowmapper.DesignHdrRowMapper -DesignHdrRowMapper  Method Exceptionjava.sql.SQLSyntaxErrorException: Column 'IS_INTERNAL' not found.
				
2026-07-29 17:39:27 [http-nio-8495-exec-1] ERROR c.v.d.rowmapper.DesignHdrRowMapper -DesignHdrRowMapper  Method Exceptionjava.sql.SQLSyntaxErrorException: Column 'IS_INTERNAL' not found.
				
2026-07-29 17:39:27 [http-nio-8495-exec-1] ERROR c.v.d.rowmapper.DesignHdrRowMapper -DesignHdrRowMapper  Method Exceptionjava.sql.SQLSyntaxErrorException: Column 'IS_INTERNAL' not found.
				
2026-07-29 17:39:27 [http-nio-8495-exec-1] ERROR c.v.d.rowmapper.DesignHdrRowMapper -DesignHdrRowMapper  Method Exceptionjava.sql.SQLSyntaxErrorException: Column 'IS_INTERNAL' not found.
				
2026-07-29 17:39:27 [http-nio-8495-exec-1] ERROR c.v.d.rowmapper.DesignHdrRowMapper -DesignHdrRowMapper  Method Exceptionjava.sql.SQLSyntaxErrorException: Column 'IS_INTERNAL' not found.
				
2026-07-29 17:39:27 [http-nio-8495-exec-1] ERROR c.v.d.rowmapper.DesignHdrRowMapper -DesignHdrRowMapper  Method Exceptionjava.sql.SQLSyntaxErrorException: Column 'IS_INTERNAL' not found.
				
2026-07-29 17:39:27 [http-nio-8495-exec-1] ERROR c.v.d.rowmapper.DesignHdrRowMapper -DesignHdrRowMapper  Method Exceptionjava.sql.SQLSyntaxErrorException: Column 'IS_INTERNAL' not found.
				
2026-07-29 17:39:27 [http-nio-8495-exec-1] ERROR c.v.d.rowmapper.DesignHdrRowMapper -DesignHdrRowMapper  Method Exceptionjava.sql.SQLSyntaxErrorException: Column 'IS_INTERNAL' not found.
				
2026-07-29 17:39:27 [http-nio-8495-exec-1] ERROR c.v.d.rowmapper.DesignHdrRowMapper -DesignHdrRowMapper  Method Exceptionjava.sql.SQLSyntaxErrorException: Column 'IS_INTERNAL' not found.
				
2026-07-29 17:39:27 [http-nio-8495-exec-1] ERROR c.v.d.rowmapper.DesignHdrRowMapper -DesignHdrRowMapper  Method Exceptionjava.sql.SQLSyntaxErrorException: Column 'IS_INTERNAL' not found.
				
2026-07-29 17:39:27 [http-nio-8495-exec-1] ERROR c.v.d.rowmapper.DesignHdrRowMapper -DesignHdrRowMapper  Method Exceptionjava.sql.SQLSyntaxErrorException: Column 'IS_INTERNAL' not found.
				
2026-07-29 17:39:27 [http-nio-8495-exec-1] ERROR c.v.d.rowmapper.DesignHdrRowMapper -DesignHdrRowMapper  Method Exceptionjava.sql.SQLSyntaxErrorException: Column 'IS_INTERNAL' not found.
				
2026-07-29 17:39:27 [http-nio-8495-exec-1] ERROR c.v.d.rowmapper.DesignHdrRowMapper -DesignHdrRowMapper  Method Exceptionjava.sql.SQLSyntaxErrorException: Column 'IS_INTERNAL' not found.
				
2026-07-29 17:39:27 [http-nio-8495-exec-1] ERROR c.v.d.rowmapper.DesignHdrRowMapper -DesignHdrRowMapper  Method Exceptionjava.sql.SQLSyntaxErrorException: Column 'IS_INTERNAL' not found.
				
2026-07-29 17:39:27 [http-nio-8495-exec-1] ERROR c.v.d.rowmapper.DesignHdrRowMapper -DesignHdrRowMapper  Method Exceptionjava.sql.SQLSyntaxErrorException: Column 'IS_INTERNAL' not found.
				
2026-07-29 17:39:27 [http-nio-8495-exec-1] ERROR c.v.d.rowmapper.DesignHdrRowMapper -DesignHdrRowMapper  Method Exceptionjava.sql.SQLSyntaxErrorException: Column 'IS_INTERNAL' not found.
				
2026-07-29 17:39:27 [http-nio-8495-exec-1] ERROR c.v.d.rowmapper.DesignHdrRowMapper -DesignHdrRowMapper  Method Exceptionjava.sql.SQLSyntaxErrorException: Column 'IS_INTERNAL' not found.
				
2026-07-29 17:39:27 [http-nio-8495-exec-1] ERROR c.v.d.rowmapper.DesignHdrRowMapper -DesignHdrRowMapper  Method Exceptionjava.sql.SQLSyntaxErrorException: Column 'IS_INTERNAL' not found.
				
2026-07-29 17:39:27 [http-nio-8495-exec-1] ERROR c.v.d.rowmapper.DesignHdrRowMapper -DesignHdrRowMapper  Method Exceptionjava.sql.SQLSyntaxErrorException: Column 'IS_INTERNAL' not found.
				
2026-07-29 17:39:28 [http-nio-8495-exec-1] ERROR c.v.d.rowmapper.DesignHdrRowMapper -DesignHdrRowMapper  Method Exceptionjava.sql.SQLSyntaxErrorException: Column 'IS_INTERNAL' not found.
				
2026-07-29 17:39:28 [http-nio-8495-exec-1] ERROR c.v.d.rowmapper.DesignHdrRowMapper -DesignHdrRowMapper  Method Exceptionjava.sql.SQLSyntaxErrorException: Column 'IS_INTERNAL' not found.
				
2026-07-29 17:39:33 [http-nio-8495-exec-2] ERROR c.v.d.rowmapper.DesignHdrRowMapper -DesignHdrRowMapper  Method Exceptionjava.sql.SQLSyntaxErrorException: Column 'IS_INTERNAL' not found.
				
2026-07-29 17:39:33 [http-nio-8495-exec-2] ERROR c.v.d.rowmapper.DesignHdrRowMapper -DesignHdrRowMapper  Method Exceptionjava.sql.SQLSyntaxErrorException: Column 'IS_INTERNAL' not found.
				
2026-07-29 17:39:33 [http-nio-8495-exec-2] ERROR c.v.d.rowmapper.DesignHdrRowMapper -DesignHdrRowMapper  Method Exceptionjava.sql.SQLSyntaxErrorException: Column 'IS_INTERNAL' not found.
				
2026-07-29 17:39:33 [http-nio-8495-exec-2] ERROR c.v.d.rowmapper.DesignHdrRowMapper -DesignHdrRowMapper  Method Exceptionjava.sql.SQLSyntaxErrorException: Column 'IS_INTERNAL' not found.
				
2026-07-29 17:39:33 [http-nio-8495-exec-2] ERROR c.v.d.rowmapper.DesignHdrRowMapper -DesignHdrRowMapper  Method Exceptionjava.sql.SQLSyntaxErrorException: Column 'IS_INTERNAL' not found.
				
2026-07-29 17:39:33 [http-nio-8495-exec-2] ERROR c.v.d.rowmapper.DesignHdrRowMapper -DesignHdrRowMapper  Method Exceptionjava.sql.SQLSyntaxErrorException: Column 'IS_INTERNAL' not found.
				
2026-07-29 17:39:33 [http-nio-8495-exec-2] ERROR c.v.d.rowmapper.DesignHdrRowMapper -DesignHdrRowMapper  Method Exceptionjava.sql.SQLSyntaxErrorException: Column 'IS_INTERNAL' not found.
				
2026-07-29 17:39:33 [http-nio-8495-exec-2] ERROR c.v.d.rowmapper.DesignHdrRowMapper -DesignHdrRowMapper  Method Exceptionjava.sql.SQLSyntaxErrorException: Column 'IS_INTERNAL' not found.
				
2026-07-29 17:39:33 [http-nio-8495-exec-2] ERROR c.v.d.rowmapper.DesignHdrRowMapper -DesignHdrRowMapper  Method Exceptionjava.sql.SQLSyntaxErrorException: Column 'IS_INTERNAL' not found.
				
2026-07-29 17:39:33 [http-nio-8495-exec-2] ERROR c.v.d.rowmapper.DesignHdrRowMapper -DesignHdrRowMapper  Method Exceptionjava.sql.SQLSyntaxErrorException: Column 'IS_INTERNAL' not found.
				
2026-07-29 17:39:33 [http-nio-8495-exec-2] ERROR c.v.d.rowmapper.DesignHdrRowMapper -DesignHdrRowMapper  Method Exceptionjava.sql.SQLSyntaxErrorException: Column 'IS_INTERNAL' not found.
				
2026-07-29 17:39:33 [http-nio-8495-exec-2] ERROR c.v.d.rowmapper.DesignHdrRowMapper -DesignHdrRowMapper  Method Exceptionjava.sql.SQLSyntaxErrorException: Column 'IS_INTERNAL' not found.
				
2026-07-29 17:39:33 [http-nio-8495-exec-2] ERROR c.v.d.rowmapper.DesignHdrRowMapper -DesignHdrRowMapper  Method Exceptionjava.sql.SQLSyntaxErrorException: Column 'IS_INTERNAL' not found.
				
2026-07-29 17:39:33 [http-nio-8495-exec-2] ERROR c.v.d.rowmapper.DesignHdrRowMapper -DesignHdrRowMapper  Method Exceptionjava.sql.SQLSyntaxErrorException: Column 'IS_INTERNAL' not found.
				
2026-07-29 17:39:33 [http-nio-8495-exec-2] ERROR c.v.d.rowmapper.DesignHdrRowMapper -DesignHdrRowMapper  Method Exceptionjava.sql.SQLSyntaxErrorException: Column 'IS_INTERNAL' not found.
				
2026-07-29 17:39:33 [http-nio-8495-exec-2] ERROR c.v.d.rowmapper.DesignHdrRowMapper -DesignHdrRowMapper  Method Exceptionjava.sql.SQLSyntaxErrorException: Column 'IS_INTERNAL' not found.
				
2026-07-29 17:39:33 [http-nio-8495-exec-2] ERROR c.v.d.rowmapper.DesignHdrRowMapper -DesignHdrRowMapper  Method Exceptionjava.sql.SQLSyntaxErrorException: Column 'IS_INTERNAL' not found.
				
2026-07-29 17:39:33 [http-nio-8495-exec-2] ERROR c.v.d.rowmapper.DesignHdrRowMapper -DesignHdrRowMapper  Method Exceptionjava.sql.SQLSyntaxErrorException: Column 'IS_INTERNAL' not found.
				
2026-07-29 17:39:33 [http-nio-8495-exec-2] ERROR c.v.d.rowmapper.DesignHdrRowMapper -DesignHdrRowMapper  Method Exceptionjava.sql.SQLSyntaxErrorException: Column 'IS_INTERNAL' not found.
				
2026-07-29 17:39:33 [http-nio-8495-exec-2] ERROR c.v.d.rowmapper.DesignHdrRowMapper -DesignHdrRowMapper  Method Exceptionjava.sql.SQLSyntaxErrorException: Column 'IS_INTERNAL' not found.
				
2026-07-29 17:39:33 [http-nio-8495-exec-2] ERROR c.v.d.rowmapper.DesignHdrRowMapper -DesignHdrRowMapper  Method Exceptionjava.sql.SQLSyntaxErrorException: Column 'IS_INTERNAL' not found.
				
2026-07-29 17:39:33 [http-nio-8495-exec-2] ERROR c.v.d.rowmapper.DesignHdrRowMapper -DesignHdrRowMapper  Method Exceptionjava.sql.SQLSyntaxErrorException: Column 'IS_INTERNAL' not found.
				
2026-07-29 17:39:33 [http-nio-8495-exec-2] ERROR c.v.d.rowmapper.DesignHdrRowMapper -DesignHdrRowMapper  Method Exceptionjava.sql.SQLSyntaxErrorException: Column 'IS_INTERNAL' not found.
				
2026-07-29 17:39:33 [http-nio-8495-exec-2] ERROR c.v.d.rowmapper.DesignHdrRowMapper -DesignHdrRowMapper  Method Exceptionjava.sql.SQLSyntaxErrorException: Column 'IS_INTERNAL' not found.
				
2026-07-29 17:39:33 [http-nio-8495-exec-2] ERROR c.v.d.rowmapper.DesignHdrRowMapper -DesignHdrRowMapper  Method Exceptionjava.sql.SQLSyntaxErrorException: Column 'IS_INTERNAL' not found.
				
2026-07-29 17:39:33 [http-nio-8495-exec-2] ERROR c.v.d.rowmapper.DesignHdrRowMapper -DesignHdrRowMapper  Method Exceptionjava.sql.SQLSyntaxErrorException: Column 'IS_INTERNAL' not found.
				
2026-07-29 17:39:33 [http-nio-8495-exec-2] ERROR c.v.d.rowmapper.DesignHdrRowMapper -DesignHdrRowMapper  Method Exceptionjava.sql.SQLSyntaxErrorException: Column 'IS_INTERNAL' not found.
				
2026-07-29 17:39:33 [http-nio-8495-exec-2] ERROR c.v.d.rowmapper.DesignHdrRowMapper -DesignHdrRowMapper  Method Exceptionjava.sql.SQLSyntaxErrorException: Column 'IS_INTERNAL' not found.
				
2026-07-29 17:39:33 [http-nio-8495-exec-2] ERROR c.v.d.rowmapper.DesignHdrRowMapper -DesignHdrRowMapper  Method Exceptionjava.sql.SQLSyntaxErrorException: Column 'IS_INTERNAL' not found.
				
2026-07-29 17:39:33 [http-nio-8495-exec-2] ERROR c.v.d.rowmapper.DesignHdrRowMapper -DesignHdrRowMapper  Method Exceptionjava.sql.SQLSyntaxErrorException: Column 'IS_INTERNAL' not found.
				
2026-07-29 17:39:33 [http-nio-8495-exec-2] ERROR c.v.d.rowmapper.DesignHdrRowMapper -DesignHdrRowMapper  Method Exceptionjava.sql.SQLSyntaxErrorException: Column 'IS_INTERNAL' not found.
				
2026-07-29 17:39:33 [http-nio-8495-exec-2] ERROR c.v.d.rowmapper.DesignHdrRowMapper -DesignHdrRowMapper  Method Exceptionjava.sql.SQLSyntaxErrorException: Column 'IS_INTERNAL' not found.
				
2026-07-29 17:39:33 [http-nio-8495-exec-2] ERROR c.v.d.rowmapper.DesignHdrRowMapper -DesignHdrRowMapper  Method Exceptionjava.sql.SQLSyntaxErrorException: Column 'IS_INTERNAL' not found.
				
2026-07-29 17:39:33 [http-nio-8495-exec-2] ERROR c.v.d.rowmapper.DesignHdrRowMapper -DesignHdrRowMapper  Method Exceptionjava.sql.SQLSyntaxErrorException: Column 'IS_INTERNAL' not found.
				
2026-07-29 17:39:33 [http-nio-8495-exec-2] ERROR c.v.d.rowmapper.DesignHdrRowMapper -DesignHdrRowMapper  Method Exceptionjava.sql.SQLSyntaxErrorException: Column 'IS_INTERNAL' not found.
				
2026-07-29 17:39:33 [http-nio-8495-exec-2] ERROR c.v.d.rowmapper.DesignHdrRowMapper -DesignHdrRowMapper  Method Exceptionjava.sql.SQLSyntaxErrorException: Column 'IS_INTERNAL' not found.
				
2026-07-29 17:39:33 [http-nio-8495-exec-2] ERROR c.v.d.rowmapper.DesignHdrRowMapper -DesignHdrRowMapper  Method Exceptionjava.sql.SQLSyntaxErrorException: Column 'IS_INTERNAL' not found.
				
2026-07-29 17:39:33 [http-nio-8495-exec-2] ERROR c.v.d.rowmapper.DesignHdrRowMapper -DesignHdrRowMapper  Method Exceptionjava.sql.SQLSyntaxErrorException: Column 'IS_INTERNAL' not found.
				
2026-07-29 17:39:33 [http-nio-8495-exec-2] ERROR c.v.d.rowmapper.DesignHdrRowMapper -DesignHdrRowMapper  Method Exceptionjava.sql.SQLSyntaxErrorException: Column 'IS_INTERNAL' not found.
				
2026-07-29 17:39:33 [http-nio-8495-exec-2] ERROR c.v.d.rowmapper.DesignHdrRowMapper -DesignHdrRowMapper  Method Exceptionjava.sql.SQLSyntaxErrorException: Column 'IS_INTERNAL' not found.
				
2026-07-29 17:39:33 [http-nio-8495-exec-2] ERROR c.v.d.rowmapper.DesignHdrRowMapper -DesignHdrRowMapper  Method Exceptionjava.sql.SQLSyntaxErrorException: Column 'IS_INTERNAL' not found.
				
2026-07-29 17:39:33 [http-nio-8495-exec-2] ERROR c.v.d.rowmapper.DesignHdrRowMapper -DesignHdrRowMapper  Method Exceptionjava.sql.SQLSyntaxErrorException: Column 'IS_INTERNAL' not found.
				
2026-07-29 17:39:33 [http-nio-8495-exec-2] ERROR c.v.d.rowmapper.DesignHdrRowMapper -DesignHdrRowMapper  Method Exceptionjava.sql.SQLSyntaxErrorException: Column 'IS_INTERNAL' not found.
				
2026-07-29 17:39:33 [http-nio-8495-exec-2] ERROR c.v.d.rowmapper.DesignHdrRowMapper -DesignHdrRowMapper  Method Exceptionjava.sql.SQLSyntaxErrorException: Column 'IS_INTERNAL' not found.
				
2026-07-29 17:39:33 [http-nio-8495-exec-2] ERROR c.v.d.rowmapper.DesignHdrRowMapper -DesignHdrRowMapper  Method Exceptionjava.sql.SQLSyntaxErrorException: Column 'IS_INTERNAL' not found.
				
2026-07-29 17:39:33 [http-nio-8495-exec-2] ERROR c.v.d.rowmapper.DesignHdrRowMapper -DesignHdrRowMapper  Method Exceptionjava.sql.SQLSyntaxErrorException: Column 'IS_INTERNAL' not found.
				
2026-07-29 17:39:33 [http-nio-8495-exec-2] ERROR c.v.d.rowmapper.DesignHdrRowMapper -DesignHdrRowMapper  Method Exceptionjava.sql.SQLSyntaxErrorException: Column 'IS_INTERNAL' not found.
				
2026-07-29 17:39:33 [http-nio-8495-exec-2] ERROR c.v.d.rowmapper.DesignHdrRowMapper -DesignHdrRowMapper  Method Exceptionjava.sql.SQLSyntaxErrorException: Column 'IS_INTERNAL' not found.
				
2026-07-29 17:39:33 [http-nio-8495-exec-2] ERROR c.v.d.rowmapper.DesignHdrRowMapper -DesignHdrRowMapper  Method Exceptionjava.sql.SQLSyntaxErrorException: Column 'IS_INTERNAL' not found.
				
2026-07-29 17:39:33 [http-nio-8495-exec-2] ERROR c.v.d.rowmapper.DesignHdrRowMapper -DesignHdrRowMapper  Method Exceptionjava.sql.SQLSyntaxErrorException: Column 'IS_INTERNAL' not found.
				
2026-07-29 17:39:33 [http-nio-8495-exec-2] ERROR c.v.d.rowmapper.DesignHdrRowMapper -DesignHdrRowMapper  Method Exceptionjava.sql.SQLSyntaxErrorException: Column 'IS_INTERNAL' not found.
				
2026-07-29 17:39:33 [http-nio-8495-exec-2] ERROR c.v.d.rowmapper.DesignHdrRowMapper -DesignHdrRowMapper  Method Exceptionjava.sql.SQLSyntaxErrorException: Column 'IS_INTERNAL' not found.
				
2026-07-29 17:39:33 [http-nio-8495-exec-2] ERROR c.v.d.rowmapper.DesignHdrRowMapper -DesignHdrRowMapper  Method Exceptionjava.sql.SQLSyntaxErrorException: Column 'IS_INTERNAL' not found.
				
2026-07-29 17:39:33 [http-nio-8495-exec-2] ERROR c.v.d.rowmapper.DesignHdrRowMapper -DesignHdrRowMapper  Method Exceptionjava.sql.SQLSyntaxErrorException: Column 'IS_INTERNAL' not found.
				
2026-07-29 17:39:33 [http-nio-8495-exec-2] ERROR c.v.d.rowmapper.DesignHdrRowMapper -DesignHdrRowMapper  Method Exceptionjava.sql.SQLSyntaxErrorException: Column 'IS_INTERNAL' not found.
				
2026-07-29 17:39:33 [http-nio-8495-exec-2] ERROR c.v.d.rowmapper.DesignHdrRowMapper -DesignHdrRowMapper  Method Exceptionjava.sql.SQLSyntaxErrorException: Column 'IS_INTERNAL' not found.
				
2026-07-29 17:39:33 [http-nio-8495-exec-2] ERROR c.v.d.rowmapper.DesignHdrRowMapper -DesignHdrRowMapper  Method Exceptionjava.sql.SQLSyntaxErrorException: Column 'IS_INTERNAL' not found.
				
2026-07-29 17:39:33 [http-nio-8495-exec-2] ERROR c.v.d.rowmapper.DesignHdrRowMapper -DesignHdrRowMapper  Method Exceptionjava.sql.SQLSyntaxErrorException: Column 'IS_INTERNAL' not found.
				
2026-07-29 17:39:33 [http-nio-8495-exec-2] ERROR c.v.d.rowmapper.DesignHdrRowMapper -DesignHdrRowMapper  Method Exceptionjava.sql.SQLSyntaxErrorException: Column 'IS_INTERNAL' not found.
				
2026-07-29 17:39:33 [http-nio-8495-exec-2] ERROR c.v.d.rowmapper.DesignHdrRowMapper -DesignHdrRowMapper  Method Exceptionjava.sql.SQLSyntaxErrorException: Column 'IS_INTERNAL' not found.
				
2026-07-29 17:39:33 [http-nio-8495-exec-2] ERROR c.v.d.rowmapper.DesignHdrRowMapper -DesignHdrRowMapper  Method Exceptionjava.sql.SQLSyntaxErrorException: Column 'IS_INTERNAL' not found.
				
2026-07-29 17:39:34 [http-nio-8495-exec-2] ERROR c.v.d.rowmapper.DesignHdrRowMapper -DesignHdrRowMapper  Method Exceptionjava.sql.SQLSyntaxErrorException: Column 'IS_INTERNAL' not found.
				
2026-07-29 17:39:34 [http-nio-8495-exec-2] ERROR c.v.d.rowmapper.DesignHdrRowMapper -DesignHdrRowMapper  Method Exceptionjava.sql.SQLSyntaxErrorException: Column 'IS_INTERNAL' not found.
				
2026-07-29 17:39:34 [http-nio-8495-exec-2] ERROR c.v.d.rowmapper.DesignHdrRowMapper -DesignHdrRowMapper  Method Exceptionjava.sql.SQLSyntaxErrorException: Column 'IS_INTERNAL' not found.
				
2026-07-29 17:39:34 [http-nio-8495-exec-2] ERROR c.v.d.rowmapper.DesignHdrRowMapper -DesignHdrRowMapper  Method Exceptionjava.sql.SQLSyntaxErrorException: Column 'IS_INTERNAL' not found.
				
2026-07-29 17:39:34 [http-nio-8495-exec-2] ERROR c.v.d.rowmapper.DesignHdrRowMapper -DesignHdrRowMapper  Method Exceptionjava.sql.SQLSyntaxErrorException: Column 'IS_INTERNAL' not found.
				
2026-07-29 17:39:34 [http-nio-8495-exec-2] ERROR c.v.d.rowmapper.DesignHdrRowMapper -DesignHdrRowMapper  Method Exceptionjava.sql.SQLSyntaxErrorException: Column 'IS_INTERNAL' not found.
				
2026-07-29 17:39:34 [http-nio-8495-exec-2] ERROR c.v.d.rowmapper.DesignHdrRowMapper -DesignHdrRowMapper  Method Exceptionjava.sql.SQLSyntaxErrorException: Column 'IS_INTERNAL' not found.
				
2026-07-29 17:40:12 [http-nio-8495-exec-4] ERROR c.v.scm.dao.impl.IndentManagementDAO -indentVerCheck Method Exception ---> org.springframework.dao.EmptyResultDataAccessException: Incorrect result size: expected 1, actual 0
				
2026-07-29 17:40:12 [http-nio-8495-exec-7] ERROR c.v.scm.dao.impl.IndentManagementDAO -indentVerCheck Method Exception ---> org.springframework.dao.EmptyResultDataAccessException: Incorrect result size: expected 1, actual 0
				
2026-07-29 17:40:39 [http-nio-8495-exec-4] ERROR com.vmfg.util.GetPropertyValue -getTenantPropertyVal Method Exception|||org.springframework.dao.EmptyResultDataAccessException: Incorrect result size: expected 1, actual 0
				
2026-07-29 17:40:39 [http-nio-8495-exec-4] ERROR com.vmfg.util.GetPropertyValue -getTenantPropertyValByTenantId Method Exception|||org.springframework.dao.EmptyResultDataAccessException: Incorrect result size: expected 1, actual 0
				
2026-07-29 17:40:39 [http-nio-8495-exec-4] ERROR com.vmfg.util.CommonBase64Class -CommonBase64Class getBasesBinary Method FileNotFoundException---->java.io.FileNotFoundException:  (No such file or directory)
				
2026-07-29 17:40:39 [http-nio-8495-exec-4] ERROR c.v.authentication.UserLoginService -getImageUrl DAO Method Exceptionjava.lang.NullPointerException
				
2026-07-29 17:41:25 [http-nio-8495-exec-7] ERROR com.vmfg.util.GetPropertyValue -getTenantPropertyVal Method Exception|||org.springframework.dao.EmptyResultDataAccessException: Incorrect result size: expected 1, actual 0
				
2026-07-29 17:41:25 [http-nio-8495-exec-7] ERROR com.vmfg.util.GetPropertyValue -getTenantPropertyValByTenantId Method Exception|||org.springframework.dao.EmptyResultDataAccessException: Incorrect result size: expected 1, actual 0
				
2026-07-29 17:41:25 [http-nio-8495-exec-7] ERROR com.vmfg.util.CommonBase64Class -CommonBase64Class getBasesBinary Method FileNotFoundException---->java.io.FileNotFoundException:  (No such file or directory)
				
2026-07-29 17:41:25 [http-nio-8495-exec-7] ERROR c.v.authentication.UserLoginService -getImageUrl DAO Method Exceptionjava.lang.NullPointerException
				
2026-07-29 17:41:51 [http-nio-8495-exec-1] ERROR c.v.g.s.impl.StageManagementService -getprocessEnbleStatus Errorjava.lang.IndexOutOfBoundsException: Index: 0, Size: 0
				
2026-07-29 17:42:05 [http-nio-8495-exec-3] ERROR com.vmfg.util.DocumentApprovalInsert -DocumentApprovalInsert error org.springframework.dao.EmptyResultDataAccessException: Incorrect result size: expected 1, actual 0
				
2026-07-29 17:44:28 [http-nio-8495-exec-2] ERROR com.vmfg.scm.dao.impl.GrnDAO -getPoCodeByPoId method Errororg.springframework.dao.EmptyResultDataAccessException: Incorrect result size: expected 1, actual 0
				
2026-07-29 17:44:28 [http-nio-8495-exec-2] ERROR c.v.design.dao.impl.IndentUploadDAO -getStatusCodebySeqAndDocTypeByDocGrp Method Exception --->org.springframework.dao.EmptyResultDataAccessException: Incorrect result size: expected 1, actual 0
				
2026-07-29 17:44:28 [http-nio-8495-exec-2] ERROR c.v.design.dao.impl.IndentUploadDAO -getStatusCodebySeqAndDocTypeByDocGrp Method Exception --->org.springframework.dao.EmptyResultDataAccessException: Incorrect result size: expected 1, actual 0
				
2026-07-29 17:44:35 [http-nio-8495-exec-5] ERROR com.vmfg.scm.dao.impl.GrnDAO -getPoCodeByPoId method Errororg.springframework.dao.EmptyResultDataAccessException: Incorrect result size: expected 1, actual 0
				
2026-07-29 17:44:43 [http-nio-8495-exec-2] ERROR com.vmfg.scm.dao.impl.GrnDAO -getPoCodeByPoId method Errororg.springframework.dao.EmptyResultDataAccessException: Incorrect result size: expected 1, actual 0
				
2026-07-29 17:44:50 [http-nio-8495-exec-8] ERROR com.vmfg.util.GetPropertyValue -getTenantPropertyVal Method Exception|||org.springframework.dao.EmptyResultDataAccessException: Incorrect result size: expected 1, actual 0
				
2026-07-29 17:44:50 [http-nio-8495-exec-8] ERROR com.vmfg.util.GetPropertyValue -getTenantPropertyValByTenantId Method Exception|||org.springframework.dao.EmptyResultDataAccessException: Incorrect result size: expected 1, actual 0
				
2026-07-29 17:44:50 [http-nio-8495-exec-8] ERROR com.vmfg.util.CommonBase64Class -CommonBase64Class getBasesBinary Method FileNotFoundException---->java.io.FileNotFoundException:  (No such file or directory)
				
2026-07-29 17:44:50 [http-nio-8495-exec-8] ERROR c.v.authentication.UserLoginService -getImageUrl DAO Method Exceptionjava.lang.NullPointerException
				
2026-07-29 17:45:16 [http-nio-8495-exec-9] ERROR com.vmfg.scm.dao.impl.GrnDAO -getPoCodeByPoId method Errororg.springframework.dao.EmptyResultDataAccessException: Incorrect result size: expected 1, actual 0
				
2026-07-29 17:45:37 [http-nio-8495-exec-1] ERROR com.vmfg.scm.dao.impl.GrnDAO -getPoCodeByPoId method Errororg.springframework.dao.EmptyResultDataAccessException: Incorrect result size: expected 1, actual 0
				
2026-07-29 17:50:54 [main] ERROR com.vmfg.VMFGApplication -SmartRun Application Start Exception--->org.springframework.boot.devtools.restart.SilentExitExceptionHandler$SilentExitException
				
2026-07-29 17:50:56 [http-nio-8495-exec-1] ERROR com.vmfg.util.GetPropertyValue -getTenantPropertyVal Method Exception|||org.springframework.dao.EmptyResultDataAccessException: Incorrect result size: expected 1, actual 0
				
2026-07-29 17:50:56 [http-nio-8495-exec-1] ERROR com.vmfg.util.GetPropertyValue -getTenantPropertyVal Method Exception|||org.springframework.dao.IncorrectResultSizeDataAccessException: Incorrect result size: expected 1, actual 2
				
2026-07-29 17:50:56 [http-nio-8495-exec-1] ERROR com.vmfg.util.GetPropertyValue -getTenantPropertyValByTenantId Method Exception|||org.springframework.dao.EmptyResultDataAccessException: Incorrect result size: expected 1, actual 0
				
2026-07-29 17:50:56 [http-nio-8495-exec-1] ERROR com.vmfg.util.CommonBase64Class -CommonBase64Class getBasesBinary Method FileNotFoundException---->java.io.FileNotFoundException:  (No such file or directory)
				
2026-07-29 17:50:56 [http-nio-8495-exec-1] ERROR c.v.authentication.UserLoginService -getImageUrl DAO Method Exceptionjava.lang.NullPointerException
				
2026-07-29 17:50:57 [http-nio-8495-exec-3] ERROR com.vmfg.util.GetPropertyValue -getTenantPropertyVal Method Exception|||org.springframework.dao.EmptyResultDataAccessException: Incorrect result size: expected 1, actual 0
				
2026-07-29 17:50:57 [http-nio-8495-exec-3] ERROR com.vmfg.util.GetPropertyValue -getTenantPropertyValByTenantId Method Exception|||org.springframework.dao.EmptyResultDataAccessException: Incorrect result size: expected 1, actual 0
				
2026-07-29 17:50:57 [http-nio-8495-exec-3] ERROR com.vmfg.util.CommonBase64Class -CommonBase64Class getBasesBinary Method FileNotFoundException---->java.io.FileNotFoundException:  (No such file or directory)
				
2026-07-29 17:50:57 [http-nio-8495-exec-3] ERROR c.v.authentication.UserLoginService -getImageUrl DAO Method Exceptionjava.lang.NullPointerException
				
2026-07-29 17:50:57 [http-nio-8495-exec-4] ERROR com.vmfg.util.GetPropertyValue -getPropValueByTenant Method Exception|||org.springframework.dao.EmptyResultDataAccessException: Incorrect result size: expected 1, actual 0
				
2026-07-29 17:50:57 [http-nio-8495-exec-4] ERROR c.v.g.d.impl.NotificationGeneralDAO -NotificationGeneralDAO error java.lang.NumberFormatException: For input string: ""
				
2026-07-29 17:51:23 [http-nio-8495-exec-2] ERROR com.vmfg.scm.dao.impl.GrnDAO -getPoCodeByPoId method Errororg.springframework.dao.EmptyResultDataAccessException: Incorrect result size: expected 1, actual 0
				
2026-07-29 17:51:56 [http-nio-8495-exec-9] ERROR com.vmfg.scm.dao.impl.GrnDAO -getPoCodeByPoId method Errororg.springframework.dao.EmptyResultDataAccessException: Incorrect result size: expected 1, actual 0
				
2026-07-29 17:54:00 [http-nio-8495-exec-9] ERROR com.vmfg.scm.dao.impl.GrnDAO -getPoCodeByPoId method Errororg.springframework.dao.EmptyResultDataAccessException: Incorrect result size: expected 1, actual 0
				
2026-07-29 17:54:22 [http-nio-8495-exec-1] ERROR com.vmfg.scm.dao.impl.GrnDAO -getPoCodeByPoId method Errororg.springframework.dao.EmptyResultDataAccessException: Incorrect result size: expected 1, actual 0
				
2026-07-29 17:55:12 [http-nio-8495-exec-5] ERROR com.vmfg.scm.dao.impl.GrnDAO -getPoCodeByPoId method Errororg.springframework.dao.EmptyResultDataAccessException: Incorrect result size: expected 1, actual 0
				
2026-07-29 17:55:29 [http-nio-8495-exec-1] ERROR com.vmfg.scm.dao.impl.GrnDAO -getPoCodeByPoId method Errororg.springframework.dao.EmptyResultDataAccessException: Incorrect result size: expected 1, actual 0
				
2026-07-29 17:56:32 [http-nio-8495-exec-1] ERROR com.vmfg.scm.dao.impl.GrnDAO -getPoCodeByPoId method Errororg.springframework.dao.EmptyResultDataAccessException: Incorrect result size: expected 1, actual 0
				
