2026-08-04 09:47:39 [background-preinit] INFO  o.h.validator.internal.util.Version -HV000001: Hibernate Validator 6.2.3.Final
				
2026-08-04 09:47:41 [restartedMain] INFO  o.s.boot.SpringApplication -

                                ooooooo &&&&&&&&                              
                              oo     oo &.     &                              
                    ooooooo  oo      oo &:     &&                             
                 oo        oooo      oo &&       *&&&&  &&&&&&                
               oo            oo      oo &&                    &&&             
              oo                     oo &&&&&                  &o             
              oo                     oo &&     &&&&&           &              
              oo           ooo       oo &&           &&&       &&             
           ooooo           o:        oo &&              &        &&           
       ooo     *oo       oo          oo &&                        &&&&&&&     
     oo           ooooooo            oo &&                              &&    
    o&                                      &&&&*       &&               &&   
   oo                                            &&       &&              &&  
   o     ooooo                  @     @@    @@     &&:     &&           &&    
  oo ooo       ooo          @@@@@@@@@@@@@@@@@@@@@    &&     &&         &&     
  ooo            oo         @@ @@@ @@@@@@@@@@@  @     &&     &&         &     
  oo               o      @@@@ @@@ @@@@@@@@@@@  @@@    &&     &         &&    
  o&               oo       @@ @@@ @@@@@@@@@@@  @       &     &         &&    
  oo               oo       @@ @@ @ @@@@        @       &&                &&& 
  oo                      @@@@ @@@@@@@@@@@@@@@  @@@:    &&                  &&
  oo                        @@ @@@@@@@@@@@ @@@  @       &&        o&        &&
   o                        @@ @@@@@ @@@  @@@@  @       &         &&        &.
   oo                     @@@@ @@@ @@@@@@@@@@@  @@@@   &          &    .&&&&  
    o         oooo          @@                  @     &.         &&    &&     
    oo    ooo      &oo          @     @@    @@      &&          &&    &&      
     oo oo            oo        @     @     @@    &&           &&    &&       
      ooo              oo                      &&&           &&      &&       
         oooooooo       oo           oo &&&&&&              &&         &      
              oo        oo           oo &&         &      &&           &&     
              o        :o            oo &&  .&&&&&     &&.           &&       
              o       oo             oo &&                    &&&&&&&&        
              oo    ooo              oo &&                  &&                
                oo                   oo &&                &&                  
                  oo        oooo     oo &&                &                   
                     ooooooo  &o     oo &&      &&&       &                   
                                oo   oo && :&&&   .&& &&&*                    
                                   &ooo &&&                                   

==============================================
SmartRun Product by SmartRun Tech. All rights reserved.
==============================================
Application Version : 2.6.7
Application Title : SmartRun MES
Contact : support@smartruntech.com
==============================================

				
2026-08-04 09:47:41 [restartedMain] INFO  com.vmfg.VMFGApplication -Starting VMFGApplication using Java 1.8.0_482 on Peachs-Mac-mini.local with PID 1880 (/Users/peach/Spring_Boot_Projects/bgr/OneDrive_1_4-15-2026/BGR-SOURCE_CODE-sandbox/SmartRun_ProjectManagement_Java/SR_Management/target/classes started by peach in /Users/peach/Spring_Boot_Projects/bgr/OneDrive_1_4-15-2026/BGR-SOURCE_CODE-sandbox/SmartRun_ProjectManagement_Java/SR_Management)
				
2026-08-04 09:47:41 [restartedMain] INFO  com.vmfg.VMFGApplication -The following 1 profile is active: "dev"
				
2026-08-04 09:47:41 [restartedMain] INFO  o.s.b.d.e.DevToolsPropertyDefaultsPostProcessor -Devtools property defaults active! Set 'spring.devtools.add-properties' to 'false' to disable
				
2026-08-04 09:47:41 [restartedMain] INFO  o.s.b.d.e.DevToolsPropertyDefaultsPostProcessor -For additional web related logging consider setting the 'logging.level.web' property to 'DEBUG'
				
2026-08-04 09:47:43 [restartedMain] INFO  o.s.d.r.c.RepositoryConfigurationDelegate -Bootstrapping Spring Data JDBC repositories in DEFAULT mode.
				
2026-08-04 09:47:43 [restartedMain] INFO  o.s.d.r.c.RepositoryConfigurationDelegate -Finished Spring Data repository scanning in 95 ms. Found 0 JDBC repository interfaces.
				
2026-08-04 09:47:45 [restartedMain] INFO  o.s.b.w.e.tomcat.TomcatWebServer -Tomcat initialized with port(s): 8495 (http)
				
2026-08-04 09:47:45 [restartedMain] INFO  o.a.coyote.http11.Http11NioProtocol -Initializing ProtocolHandler ["http-nio-8495"]
				
2026-08-04 09:47:45 [restartedMain] INFO  o.a.catalina.core.StandardService -Starting service [Tomcat]
				
2026-08-04 09:47:45 [restartedMain] INFO  o.a.catalina.core.StandardEngine -Starting Servlet engine: [Apache Tomcat/9.0.63]
				
2026-08-04 09:47:45 [restartedMain] INFO  o.a.c.c.C.[.[localhost].[/smartrun] -Initializing Spring embedded WebApplicationContext
				
2026-08-04 09:47:45 [restartedMain] INFO  o.s.b.w.s.c.ServletWebServerApplicationContext -Root WebApplicationContext: initialization completed in 3912 ms
				
2026-08-04 09:47:48 [restartedMain] INFO  s.d.s.w.PropertySourcedRequestMappingHandlerMapping -Mapped URL path [/v2/api-docs] onto method [springfox.documentation.swagger2.web.Swagger2Controller#getDocumentation(String, HttpServletRequest)]
				
2026-08-04 09:47:48 [restartedMain] INFO  o.s.s.web.DefaultSecurityFilterChain -Will secure any request with [org.springframework.security.web.session.DisableEncodeUrlFilter@7fc309f0, org.springframework.security.web.context.request.async.WebAsyncManagerIntegrationFilter@3157b453, org.springframework.security.web.context.SecurityContextPersistenceFilter@725a14fe, org.springframework.security.web.header.HeaderWriterFilter@3deecba0, org.springframework.web.filter.CorsFilter@3970ca7a, org.springframework.security.web.authentication.logout.LogoutFilter@464f288f, com.vmfg.security.config.JwtRequestFilter@29f72894, org.springframework.security.web.savedrequest.RequestCacheAwareFilter@4a91e5b7, org.springframework.security.web.servletapi.SecurityContextHolderAwareRequestFilter@12a70840, org.springframework.security.web.authentication.AnonymousAuthenticationFilter@40e8cc2f, org.springframework.security.web.session.SessionManagementFilter@6ad5fbd5, org.springframework.security.web.access.ExceptionTranslationFilter@f9eb1c5, org.springframework.security.web.access.intercept.FilterSecurityInterceptor@63e294a1]
				
2026-08-04 09:47:49 [restartedMain] INFO  o.s.b.d.a.OptionalLiveReloadServer -LiveReload server is running on port 35729
				
2026-08-04 09:47:49 [restartedMain] INFO  com.zaxxer.hikari.HikariDataSource -HikariPool-1 - Starting...
				
2026-08-04 09:47:49 [restartedMain] INFO  com.zaxxer.hikari.HikariDataSource -HikariPool-1 - Start completed.
				
2026-08-04 09:47:50 [restartedMain] INFO  o.a.coyote.http11.Http11NioProtocol -Starting ProtocolHandler ["http-nio-8495"]
				
2026-08-04 09:47:50 [restartedMain] INFO  o.s.b.w.e.tomcat.TomcatWebServer -Tomcat started on port(s): 8495 (http) with context path '/smartrun'
				
2026-08-04 09:47:50 [restartedMain] INFO  s.d.s.w.p.DocumentationPluginsBootstrapper -Context refreshed
				
2026-08-04 09:47:50 [restartedMain] INFO  s.d.s.w.p.DocumentationPluginsBootstrapper -Found 1 custom documentation plugin(s)
				
2026-08-04 09:47:50 [restartedMain] INFO  s.d.s.w.s.ApiListingReferenceScanner -Scanning for api listing references
				
2026-08-04 09:47:51 [restartedMain] INFO  s.d.s.w.r.o.CachingOperationNameGenerator -Generating unique operation named: insertOrUpdateSalesBudgetSheetHdrAndDtlUsingPOST_1
				
2026-08-04 09:47:52 [restartedMain] INFO  s.d.s.w.r.o.CachingOperationNameGenerator -Generating unique operation named: getVendorDetailHdrViewUsingPOST_1
				
2026-08-04 09:47:52 [restartedMain] INFO  s.d.s.w.r.o.CachingOperationNameGenerator -Generating unique operation named: updateUserRoleMappingUsingPOST_1
				
2026-08-04 09:47:52 [restartedMain] INFO  com.vmfg.VMFGApplication -Started VMFGApplication in 13.384 seconds (JVM running for 15.048)
				
2026-08-04 09:47:52 [restartedMain] INFO  c.v.config.DevFlywayMigrationRunner -Running Flyway migrations against sandbox datasource
				
2026-08-04 09:47:52 [restartedMain] INFO  o.f.c.i.license.VersionPrinter -Flyway Community Edition 9.22.3 by Redgate
				
2026-08-04 09:47:52 [restartedMain] INFO  o.f.c.i.license.VersionPrinter -See release notes here: https://rd.gt/416ObMi
				
2026-08-04 09:47:52 [restartedMain] INFO  o.f.c.i.license.VersionPrinter -
				
2026-08-04 09:47:52 [restartedMain] INFO  org.flywaydb.core.FlywayExecutor -Database: jdbc:mysql://localhost:3306/smartrun_bgr_sandbox (MySQL 9.6)
				
2026-08-04 09:47:52 [restartedMain] WARN  o.f.c.i.database.base.Database -Flyway upgrade recommended: MySQL 9.6 is newer than this version of Flyway and support has not been tested. The latest supported version of MySQL is 8.0.
				
2026-08-04 09:47:52 [restartedMain] INFO  o.f.core.internal.command.DbValidate -Successfully validated 4 migrations (execution time 00:00.044s)
				
2026-08-04 09:47:52 [restartedMain] INFO  o.f.core.internal.command.DbMigrate -Current version of schema `smartrun_bgr_sandbox`: 3
				
2026-08-04 09:47:52 [restartedMain] INFO  o.f.core.internal.command.DbMigrate -Schema `smartrun_bgr_sandbox` is up to date. No migration necessary.
				
2026-08-04 09:47:52 [main] ERROR com.vmfg.VMFGApplication -SmartRun Application Start Exception--->org.springframework.boot.devtools.restart.SilentExitExceptionHandler$SilentExitException
				
2026-08-04 09:48:10 [http-nio-8495-exec-1] INFO  o.a.c.c.C.[.[localhost].[/smartrun] -Initializing Spring DispatcherServlet 'dispatcherServlet'
				
2026-08-04 09:48:10 [http-nio-8495-exec-1] INFO  o.s.web.servlet.DispatcherServlet -Initializing Servlet 'dispatcherServlet'
				
2026-08-04 09:48:10 [http-nio-8495-exec-1] INFO  o.s.web.servlet.DispatcherServlet -Completed initialization in 7 ms
				
2026-08-04 09:48:11 [http-nio-8495-exec-3] ERROR com.vmfg.util.GetPropertyValue -getTenantPropertyVal Method Exception|||org.springframework.dao.EmptyResultDataAccessException: Incorrect result size: expected 1, actual 0
				
2026-08-04 09:48:11 [http-nio-8495-exec-3] ERROR com.vmfg.util.GetPropertyValue -getTenantPropertyValByTenantId Method Exception|||org.springframework.dao.EmptyResultDataAccessException: Incorrect result size: expected 1, actual 0
				
2026-08-04 09:48:11 [http-nio-8495-exec-3] INFO  com.vmfg.util.CommonBase64Class -CommonBase64Class getBasesBinary method Start
				
2026-08-04 09:48:11 [http-nio-8495-exec-3] ERROR com.vmfg.util.CommonBase64Class -CommonBase64Class getBasesBinary Method FileNotFoundException---->java.io.FileNotFoundException:  (No such file or directory)
				
2026-08-04 09:48:11 [http-nio-8495-exec-3] ERROR c.v.authentication.UserLoginService -getImageUrl DAO Method Exceptionjava.lang.NullPointerException
				
2026-08-04 09:48:56 [http-nio-8495-exec-10] INFO  com.vmfg.authentication.UserLoginDAO - getUserDtlForAuth DAO method Start
				
2026-08-04 09:48:56 [http-nio-8495-exec-10] INFO  com.vmfg.authentication.UserLoginDAO -getUserLoginInfo DAO method end
				
2026-08-04 09:48:56 [http-nio-8495-exec-8] INFO  c.v.g.c.NotificationGeneralController -getNotificationDetails   method Start
				
2026-08-04 09:48:56 [http-nio-8495-exec-2] INFO  c.v.g.c.NotificationGeneralController -getNotificationDetails   method Start
				
2026-08-04 09:48:56 [http-nio-8495-exec-7] INFO  c.v.g.c.NotificationGeneralController -getNotificationDetails   method Start
				
2026-08-04 09:48:57 [http-nio-8495-exec-9] INFO  c.v.p.controller.ProjectController -getProjectDtl   method Start
				
2026-08-04 09:48:57 [http-nio-8495-exec-1] INFO  c.v.g.services.impl.TileViewService -getProjectTitleView  method start
				
2026-08-04 09:48:57 [http-nio-8495-exec-5] INFO  c.v.s.c.IndentManagementController -getIndentProjectDtlsByDate Controller  method Start
				
2026-08-04 09:48:57 [http-nio-8495-exec-5] INFO  c.v.s.c.IndentManagementController -getIndentProjectDtlsByDate Controller  method end
				
2026-08-04 09:48:57 [http-nio-8495-exec-6] INFO  c.v.g.c.NotificationGeneralController -getNotificationDetails   method Start
				
2026-08-04 09:48:57 [http-nio-8495-exec-1] INFO  c.v.g.c.StageManagementController -getProjectTitleView   method end
				
2026-08-04 09:48:57 [http-nio-8495-exec-3] INFO  c.v.g.c.NotificationGeneralController -getNotificationDetails   method Start
				
2026-08-04 09:48:58 [http-nio-8495-exec-4] INFO  c.v.g.c.NotificationGeneralController -getNotificationDetails   method Start
				
2026-08-04 09:49:06 [http-nio-8495-exec-10] INFO  c.v.p.controller.ProjectController -getProjectDtl   method Start
				
2026-08-04 09:49:06 [http-nio-8495-exec-5] INFO  c.v.g.services.impl.TileViewService -getProjectTitleView  method start
				
2026-08-04 09:49:06 [http-nio-8495-exec-2] INFO  c.v.p.controller.ProjectController -getProjectDtl   method Start
				
2026-08-04 09:49:07 [http-nio-8495-exec-7] INFO  c.v.g.c.NotificationGeneralController -getNotificationDetails   method Start
				
2026-08-04 09:49:07 [http-nio-8495-exec-5] INFO  c.v.g.c.StageManagementController -getProjectTitleView   method end
				
2026-08-04 09:49:07 [http-nio-8495-exec-6] INFO  c.v.g.c.NotificationGeneralController -getNotificationDetails   method Start
				
2026-08-04 09:49:07 [http-nio-8495-exec-1] INFO  c.v.g.c.NotificationGeneralController -getNotificationDetails   method Start
				
2026-08-04 09:49:07 [http-nio-8495-exec-7] INFO  c.v.p.controller.ProjectController -getProjectDtl   method Start
				
2026-08-04 09:49:07 [http-nio-8495-exec-8] INFO  c.v.g.c.DepartmentAndEmployeeInfoController -DepartmentAndEmployeeInfoController   method Start
				
2026-08-04 09:49:07 [http-nio-8495-exec-8] INFO  c.v.g.s.i.DepartmentAndEmployeeService -DepartmentAndEmployeeService  method start
				
2026-08-04 09:49:07 [http-nio-8495-exec-10] INFO  c.v.p.controller.ProjectController -getProjTimePlanDropDown   method Start
				
2026-08-04 09:49:07 [http-nio-8495-exec-5] INFO  c.v.p.controller.ProjectController -getTimeLineByPM   method Start
				
2026-08-04 09:49:07 [http-nio-8495-exec-5] INFO  c.v.p.controller.ProjectController -getProjectInitiationMstResp   method Start
				
2026-08-04 09:49:07 [http-nio-8495-exec-4] INFO  c.v.s.c.SalesBudgetSheetController -getKeyCategory   method Start
				
2026-08-04 09:49:07 [http-nio-8495-exec-3] INFO  c.v.g.c.NotificationGeneralController -getNotificationDetails   method Start
				
2026-08-04 09:49:07 [http-nio-8495-exec-9] INFO  c.v.p.controller.ProjectController -getLinkStatusByPMId   method Start
				
2026-08-04 09:49:07 [http-nio-8495-exec-4] INFO  c.v.s.c.SalesBudgetSheetController -getKeyCategory method End
				
2026-08-04 09:49:07 [http-nio-8495-exec-8] INFO  c.v.g.c.NotificationGeneralController -getNotificationDetails   method Start
				
2026-08-04 09:49:07 [http-nio-8495-exec-7] INFO  c.v.g.c.NotificationGeneralController -getNotificationDetails   method Start
				
2026-08-04 09:49:07 [http-nio-8495-exec-2] INFO  c.v.g.c.NotificationGeneralController -getNotificationDetails   method Start
				
2026-08-04 09:49:07 [http-nio-8495-exec-5] INFO  c.v.g.c.NotificationGeneralController -getNotificationDetails   method Start
				
2026-08-04 09:49:07 [http-nio-8495-exec-10] INFO  c.v.g.c.NotificationGeneralController -getNotificationDetails   method Start
				
2026-08-04 09:49:08 [http-nio-8495-exec-4] INFO  c.v.g.c.NotificationGeneralController -getNotificationDetails   method Start
				
2026-08-04 09:49:08 [http-nio-8495-exec-9] INFO  c.v.g.c.NotificationGeneralController -getNotificationDetails   method Start
				
2026-08-04 09:49:08 [http-nio-8495-exec-6] INFO  c.v.g.c.NotificationGeneralController -getNotificationDetails   method Start
				
2026-08-04 09:49:08 [http-nio-8495-exec-1] INFO  c.v.g.c.NotificationGeneralController -getNotificationDetails   method Start
				
2026-08-04 09:49:08 [http-nio-8495-exec-3] INFO  c.v.g.c.NotificationGeneralController -getNotificationDetails   method Start
				
2026-08-04 09:49:09 [http-nio-8495-exec-9] INFO  c.v.g.c.DepartmentAndEmployeeInfoController -DepartmentAndEmployeeInfoController   method Start
				
2026-08-04 09:49:09 [http-nio-8495-exec-9] INFO  c.v.g.s.i.DepartmentAndEmployeeService -DepartmentAndEmployeeService  method start
				
2026-08-04 09:49:09 [http-nio-8495-exec-10] INFO  c.v.p.controller.ProjectController -getLinkStatusByPMId   method Start
				
2026-08-04 09:49:09 [http-nio-8495-exec-9] INFO  c.v.p.controller.ProjectController -getCostFlowTypeByPmHdrId   method Start
				
2026-08-04 09:49:09 [http-nio-8495-exec-3] INFO  c.v.g.c.NotificationGeneralController -getNotificationDetails   method Start
				
2026-08-04 09:49:09 [http-nio-8495-exec-7] INFO  c.v.g.c.NotificationGeneralController -getNotificationDetails   method Start
				
2026-08-04 09:49:09 [http-nio-8495-exec-5] INFO  c.v.g.c.NotificationGeneralController -getNotificationDetails   method Start
				
2026-08-04 09:49:09 [http-nio-8495-exec-6] INFO  c.v.g.c.NotificationGeneralController -getNotificationDetails   method Start
				
2026-08-04 09:49:09 [http-nio-8495-exec-9] INFO  c.v.g.c.NotificationGeneralController -getNotificationDetails   method Start
				
2026-08-04 09:49:09 [http-nio-8495-exec-1] INFO  c.v.g.c.NotificationGeneralController -getNotificationDetails   method Start
				
2026-08-04 09:49:09 [http-nio-8495-exec-2] INFO  c.v.g.c.NotificationGeneralController -getNotificationDetails   method Start
				
2026-08-04 09:49:10 [http-nio-8495-exec-10] INFO  c.v.g.c.NotificationGeneralController -getNotificationDetails   method Start
				
2026-08-04 10:34:36 [HikariPool-1 housekeeper] WARN  com.zaxxer.hikari.pool.HikariPool -HikariPool-1 - Thread starvation or clock leap detected (housekeeper delta=7m46s157ms).
				
2026-08-04 10:47:50 [Thread-6] INFO  com.zaxxer.hikari.HikariDataSource -HikariPool-1 - Shutdown initiated...
				
2026-08-04 10:47:50 [Thread-6] INFO  com.zaxxer.hikari.HikariDataSource -HikariPool-1 - Shutdown completed.
				
2026-08-04 10:47:50 [restartedMain] INFO  com.vmfg.VMFGApplication -SmartRun Application Started
				
2026-08-04 10:47:51 [restartedMain] INFO  o.s.boot.SpringApplication -

                                ooooooo &&&&&&&&                              
                              oo     oo &.     &                              
                    ooooooo  oo      oo &:     &&                             
                 oo        oooo      oo &&       *&&&&  &&&&&&                
               oo            oo      oo &&                    &&&             
              oo                     oo &&&&&                  &o             
              oo                     oo &&     &&&&&           &              
              oo           ooo       oo &&           &&&       &&             
           ooooo           o:        oo &&              &        &&           
       ooo     *oo       oo          oo &&                        &&&&&&&     
     oo           ooooooo            oo &&                              &&    
    o&                                      &&&&*       &&               &&   
   oo                                            &&       &&              &&  
   o     ooooo                  @     @@    @@     &&:     &&           &&    
  oo ooo       ooo          @@@@@@@@@@@@@@@@@@@@@    &&     &&         &&     
  ooo            oo         @@ @@@ @@@@@@@@@@@  @     &&     &&         &     
  oo               o      @@@@ @@@ @@@@@@@@@@@  @@@    &&     &         &&    
  o&               oo       @@ @@@ @@@@@@@@@@@  @       &     &         &&    
  oo               oo       @@ @@ @ @@@@        @       &&                &&& 
  oo                      @@@@ @@@@@@@@@@@@@@@  @@@:    &&                  &&
  oo                        @@ @@@@@@@@@@@ @@@  @       &&        o&        &&
   o                        @@ @@@@@ @@@  @@@@  @       &         &&        &.
   oo                     @@@@ @@@ @@@@@@@@@@@  @@@@   &          &    .&&&&  
    o         oooo          @@                  @     &.         &&    &&     
    oo    ooo      &oo          @     @@    @@      &&          &&    &&      
     oo oo            oo        @     @     @@    &&           &&    &&       
      ooo              oo                      &&&           &&      &&       
         oooooooo       oo           oo &&&&&&              &&         &      
              oo        oo           oo &&         &      &&           &&     
              o        :o            oo &&  .&&&&&     &&.           &&       
              o       oo             oo &&                    &&&&&&&&        
              oo    ooo              oo &&                  &&                
                oo                   oo &&                &&                  
                  oo        oooo     oo &&                &                   
                     ooooooo  &o     oo &&      &&&       &                   
                                oo   oo && :&&&   .&& &&&*                    
                                   &ooo &&&                                   

==============================================
SmartRun Product by SmartRun Tech. All rights reserved.
==============================================
Application Version : 2.6.7
Application Title : SmartRun MES
Contact : support@smartruntech.com
==============================================

				
2026-08-04 10:47:51 [restartedMain] INFO  com.vmfg.VMFGApplication -Starting VMFGApplication using Java 1.8.0_482 on Peachs-Mac-mini.local with PID 1880 (/Users/peach/Spring_Boot_Projects/bgr/OneDrive_1_4-15-2026/BGR-SOURCE_CODE-sandbox/SmartRun_ProjectManagement_Java/SR_Management/target/classes started by peach in /Users/peach/Spring_Boot_Projects/bgr/OneDrive_1_4-15-2026/BGR-SOURCE_CODE-sandbox/SmartRun_ProjectManagement_Java/SR_Management)
				
2026-08-04 10:47:51 [restartedMain] INFO  com.vmfg.VMFGApplication -The following 1 profile is active: "dev"
				
2026-08-04 10:47:51 [restartedMain] INFO  o.s.d.r.c.RepositoryConfigurationDelegate -Bootstrapping Spring Data JDBC repositories in DEFAULT mode.
				
2026-08-04 10:47:51 [restartedMain] INFO  o.s.d.r.c.RepositoryConfigurationDelegate -Finished Spring Data repository scanning in 7 ms. Found 0 JDBC repository interfaces.
				
2026-08-04 10:47:52 [restartedMain] INFO  o.s.b.w.e.tomcat.TomcatWebServer -Tomcat initialized with port(s): 8495 (http)
				
2026-08-04 10:47:52 [restartedMain] INFO  o.a.coyote.http11.Http11NioProtocol -Initializing ProtocolHandler ["http-nio-8495"]
				
2026-08-04 10:47:52 [restartedMain] INFO  o.a.catalina.core.StandardService -Starting service [Tomcat]
				
2026-08-04 10:47:52 [restartedMain] INFO  o.a.catalina.core.StandardEngine -Starting Servlet engine: [Apache Tomcat/9.0.63]
				
2026-08-04 10:47:52 [restartedMain] INFO  o.a.c.c.C.[.[localhost].[/smartrun] -Initializing Spring embedded WebApplicationContext
				
2026-08-04 10:47:52 [restartedMain] INFO  o.s.b.w.s.c.ServletWebServerApplicationContext -Root WebApplicationContext: initialization completed in 1214 ms
				
2026-08-04 10:47:52 [restartedMain] INFO  s.d.s.w.PropertySourcedRequestMappingHandlerMapping -Mapped URL path [/v2/api-docs] onto method [springfox.documentation.swagger2.web.Swagger2Controller#getDocumentation(String, HttpServletRequest)]
				
2026-08-04 10:47:52 [restartedMain] INFO  o.s.b.d.a.OptionalLiveReloadServer -LiveReload server is running on port 35729
				
2026-08-04 10:47:52 [restartedMain] INFO  com.zaxxer.hikari.HikariDataSource -HikariPool-2 - Starting...
				
2026-08-04 10:47:52 [restartedMain] INFO  com.zaxxer.hikari.HikariDataSource -HikariPool-2 - Start completed.
				
2026-08-04 10:47:53 [restartedMain] WARN  o.s.b.a.s.s.UserDetailsServiceAutoConfiguration -

Using generated security password: a1758b39-2e1b-4914-8276-29bb0c0424cf

This generated password is for development use only. Your security configuration must be updated before running your application in production.

				
2026-08-04 10:47:53 [restartedMain] INFO  o.s.s.web.DefaultSecurityFilterChain -Will secure any request with [org.springframework.security.web.session.DisableEncodeUrlFilter@b67aa8a, org.springframework.security.web.context.request.async.WebAsyncManagerIntegrationFilter@369b9e0c, org.springframework.security.web.context.SecurityContextPersistenceFilter@75fc401d, org.springframework.security.web.header.HeaderWriterFilter@632bbbb1, org.springframework.security.web.csrf.CsrfFilter@1f2b5a42, org.springframework.security.web.authentication.logout.LogoutFilter@6f8206a0, org.springframework.security.web.authentication.UsernamePasswordAuthenticationFilter@24680c71, org.springframework.security.web.authentication.ui.DefaultLoginPageGeneratingFilter@4b00aaf, org.springframework.security.web.authentication.ui.DefaultLogoutPageGeneratingFilter@318c859c, org.springframework.security.web.authentication.www.BasicAuthenticationFilter@507aed5e, org.springframework.security.web.savedrequest.RequestCacheAwareFilter@24579dcc, org.springframework.security.web.servletapi.SecurityContextHolderAwareRequestFilter@1a9f4cc4, org.springframework.security.web.authentication.AnonymousAuthenticationFilter@f7894f4, org.springframework.security.web.session.SessionManagementFilter@269704dc, org.springframework.security.web.access.ExceptionTranslationFilter@75f491c7, org.springframework.security.web.access.intercept.FilterSecurityInterceptor@753fb20d]
				
2026-08-04 10:47:53 [restartedMain] INFO  o.a.coyote.http11.Http11NioProtocol -Starting ProtocolHandler ["http-nio-8495"]
				
2026-08-04 10:47:53 [restartedMain] INFO  o.s.b.w.e.tomcat.TomcatWebServer -Tomcat started on port(s): 8495 (http) with context path '/smartrun'
				
2026-08-04 10:47:53 [restartedMain] INFO  s.d.s.w.p.DocumentationPluginsBootstrapper -Context refreshed
				
2026-08-04 10:47:53 [restartedMain] INFO  s.d.s.w.p.DocumentationPluginsBootstrapper -Found 1 custom documentation plugin(s)
				
2026-08-04 10:47:53 [restartedMain] INFO  s.d.s.w.s.ApiListingReferenceScanner -Scanning for api listing references
				
2026-08-04 10:47:53 [restartedMain] INFO  com.vmfg.VMFGApplication -Started VMFGApplication in 2.745 seconds (JVM running for 3179.594)
				
2026-08-04 10:47:53 [restartedMain] INFO  o.s.b.d.a.ConditionEvaluationDeltaLoggingListener -Condition evaluation delta:


==========================
CONDITION EVALUATION DELTA
==========================


Positive matches:
-----------------

   SpringBootWebSecurityConfiguration.SecurityFilterChainConfiguration matched:
      - AllNestedConditions 2 matched 0 did not; NestedCondition on DefaultWebSecurityCondition.Beans @ConditionalOnMissingBean (types: org.springframework.security.config.annotation.web.configuration.WebSecurityConfigurerAdapter,org.springframework.security.web.SecurityFilterChain; SearchStrategy: all) did not find any beans; NestedCondition on DefaultWebSecurityCondition.Classes @ConditionalOnClass found required classes 'org.springframework.security.web.SecurityFilterChain', 'org.springframework.security.config.annotation.web.builders.HttpSecurity' (DefaultWebSecurityCondition)

   SpringBootWebSecurityConfiguration.WebSecurityEnablerConfiguration matched:
      - @ConditionalOnClass found required class 'org.springframework.security.config.annotation.web.configuration.EnableWebSecurity' (OnClassCondition)
      - @ConditionalOnMissingBean (names: springSecurityFilterChain; SearchStrategy: all) did not find any beans (OnBeanCondition)

   UserDetailsServiceAutoConfiguration matched:
      - @ConditionalOnClass found required class 'org.springframework.security.authentication.AuthenticationManager' (OnClassCondition)
      - @ConditionalOnBean (types: org.springframework.security.config.annotation.ObjectPostProcessor; SearchStrategy: all) found bean 'objectPostProcessor'; @ConditionalOnMissingBean (types: org.springframework.security.authentication.AuthenticationManager,org.springframework.security.authentication.AuthenticationProvider,org.springframework.security.core.userdetails.UserDetailsService,org.springframework.security.authentication.AuthenticationManagerResolver,org.springframework.security.oauth2.jwt.JwtDecoder,org.springframework.security.oauth2.server.resource.introspection.OpaqueTokenIntrospector,org.springframework.security.oauth2.client.registration.ClientRegistrationRepository,org.springframework.security.saml2.provider.service.registration.RelyingPartyRegistrationRepository; SearchStrategy: all) did not find any beans (OnBeanCondition)


Negative matches:
-----------------

    None


Exclusions:
-----------

    None


Unconditional classes:
----------------------

    None



				
2026-08-04 10:48:09 [Thread-9] INFO  com.zaxxer.hikari.HikariDataSource -HikariPool-2 - Shutdown initiated...
				
2026-08-04 10:48:09 [Thread-9] INFO  com.zaxxer.hikari.HikariDataSource -HikariPool-2 - Shutdown completed.
				
2026-08-04 10:48:09 [restartedMain] INFO  com.vmfg.VMFGApplication -SmartRun Application Started
				
2026-08-04 10:48:09 [restartedMain] INFO  o.s.boot.SpringApplication -

                                ooooooo &&&&&&&&                              
                              oo     oo &.     &                              
                    ooooooo  oo      oo &:     &&                             
                 oo        oooo      oo &&       *&&&&  &&&&&&                
               oo            oo      oo &&                    &&&             
              oo                     oo &&&&&                  &o             
              oo                     oo &&     &&&&&           &              
              oo           ooo       oo &&           &&&       &&             
           ooooo           o:        oo &&              &        &&           
       ooo     *oo       oo          oo &&                        &&&&&&&     
     oo           ooooooo            oo &&                              &&    
    o&                                      &&&&*       &&               &&   
   oo                                            &&       &&              &&  
   o     ooooo                  @     @@    @@     &&:     &&           &&    
  oo ooo       ooo          @@@@@@@@@@@@@@@@@@@@@    &&     &&         &&     
  ooo            oo         @@ @@@ @@@@@@@@@@@  @     &&     &&         &     
  oo               o      @@@@ @@@ @@@@@@@@@@@  @@@    &&     &         &&    
  o&               oo       @@ @@@ @@@@@@@@@@@  @       &     &         &&    
  oo               oo       @@ @@ @ @@@@        @       &&                &&& 
  oo                      @@@@ @@@@@@@@@@@@@@@  @@@:    &&                  &&
  oo                        @@ @@@@@@@@@@@ @@@  @       &&        o&        &&
   o                        @@ @@@@@ @@@  @@@@  @       &         &&        &.
   oo                     @@@@ @@@ @@@@@@@@@@@  @@@@   &          &    .&&&&  
    o         oooo          @@                  @     &.         &&    &&     
    oo    ooo      &oo          @     @@    @@      &&          &&    &&      
     oo oo            oo        @     @     @@    &&           &&    &&       
      ooo              oo                      &&&           &&      &&       
         oooooooo       oo           oo &&&&&&              &&         &      
              oo        oo           oo &&         &      &&           &&     
              o        :o            oo &&  .&&&&&     &&.           &&       
              o       oo             oo &&                    &&&&&&&&        
              oo    ooo              oo &&                  &&                
                oo                   oo &&                &&                  
                  oo        oooo     oo &&                &                   
                     ooooooo  &o     oo &&      &&&       &                   
                                oo   oo && :&&&   .&& &&&*                    
                                   &ooo &&&                                   

==============================================
SmartRun Product by SmartRun Tech. All rights reserved.
==============================================
Application Version : 2.6.7
Application Title : SmartRun MES
Contact : support@smartruntech.com
==============================================

				
2026-08-04 10:48:09 [restartedMain] INFO  com.vmfg.VMFGApplication -Starting VMFGApplication using Java 1.8.0_482 on Peachs-Mac-mini.local with PID 1880 (/Users/peach/Spring_Boot_Projects/bgr/OneDrive_1_4-15-2026/BGR-SOURCE_CODE-sandbox/SmartRun_ProjectManagement_Java/SR_Management/target/classes started by peach in /Users/peach/Spring_Boot_Projects/bgr/OneDrive_1_4-15-2026/BGR-SOURCE_CODE-sandbox/SmartRun_ProjectManagement_Java/SR_Management)
				
2026-08-04 10:48:09 [restartedMain] INFO  com.vmfg.VMFGApplication -The following 1 profile is active: "dev"
				
2026-08-04 10:48:10 [restartedMain] INFO  o.s.d.r.c.RepositoryConfigurationDelegate -Bootstrapping Spring Data JDBC repositories in DEFAULT mode.
				
2026-08-04 10:48:10 [restartedMain] INFO  o.s.d.r.c.RepositoryConfigurationDelegate -Finished Spring Data repository scanning in 40 ms. Found 0 JDBC repository interfaces.
				
2026-08-04 10:48:10 [restartedMain] INFO  o.s.b.w.e.tomcat.TomcatWebServer -Tomcat initialized with port(s): 8495 (http)
				
2026-08-04 10:48:10 [restartedMain] INFO  o.a.coyote.http11.Http11NioProtocol -Initializing ProtocolHandler ["http-nio-8495"]
				
2026-08-04 10:48:10 [restartedMain] INFO  o.a.catalina.core.StandardService -Starting service [Tomcat]
				
2026-08-04 10:48:10 [restartedMain] INFO  o.a.catalina.core.StandardEngine -Starting Servlet engine: [Apache Tomcat/9.0.63]
				
2026-08-04 10:48:10 [restartedMain] INFO  o.a.c.c.C.[.[localhost].[/smartrun] -Initializing Spring embedded WebApplicationContext
				
2026-08-04 10:48:10 [restartedMain] INFO  o.s.b.w.s.c.ServletWebServerApplicationContext -Root WebApplicationContext: initialization completed in 940 ms
				
2026-08-04 10:48:11 [restartedMain] INFO  s.d.s.w.PropertySourcedRequestMappingHandlerMapping -Mapped URL path [/v2/api-docs] onto method [springfox.documentation.swagger2.web.Swagger2Controller#getDocumentation(String, HttpServletRequest)]
				
2026-08-04 10:48:11 [restartedMain] INFO  o.s.s.web.DefaultSecurityFilterChain -Will secure any request with [org.springframework.security.web.session.DisableEncodeUrlFilter@72c29eea, org.springframework.security.web.context.request.async.WebAsyncManagerIntegrationFilter@57ac023, org.springframework.security.web.context.SecurityContextPersistenceFilter@708be4bf, org.springframework.security.web.header.HeaderWriterFilter@77c2c8d1, org.springframework.web.filter.CorsFilter@e173432, org.springframework.security.web.authentication.logout.LogoutFilter@6f18b154, com.vmfg.security.config.JwtRequestFilter@4a9d65c9, org.springframework.security.web.savedrequest.RequestCacheAwareFilter@3a865ade, org.springframework.security.web.servletapi.SecurityContextHolderAwareRequestFilter@5be3891f, org.springframework.security.web.authentication.AnonymousAuthenticationFilter@1e202127, org.springframework.security.web.session.SessionManagementFilter@f62806f, org.springframework.security.web.access.ExceptionTranslationFilter@10bb5f97, org.springframework.security.web.access.intercept.FilterSecurityInterceptor@743c9364]
				
2026-08-04 10:48:12 [restartedMain] INFO  o.s.b.d.a.OptionalLiveReloadServer -LiveReload server is running on port 35729
				
2026-08-04 10:48:12 [restartedMain] INFO  com.zaxxer.hikari.HikariDataSource -HikariPool-3 - Starting...
				
2026-08-04 10:48:12 [restartedMain] INFO  com.zaxxer.hikari.HikariDataSource -HikariPool-3 - Start completed.
				
2026-08-04 10:48:12 [restartedMain] INFO  o.a.coyote.http11.Http11NioProtocol -Starting ProtocolHandler ["http-nio-8495"]
				
2026-08-04 10:48:12 [restartedMain] INFO  o.s.b.w.e.tomcat.TomcatWebServer -Tomcat started on port(s): 8495 (http) with context path '/smartrun'
				
2026-08-04 10:48:12 [restartedMain] INFO  s.d.s.w.p.DocumentationPluginsBootstrapper -Context refreshed
				
2026-08-04 10:48:12 [restartedMain] INFO  s.d.s.w.p.DocumentationPluginsBootstrapper -Found 1 custom documentation plugin(s)
				
2026-08-04 10:48:12 [restartedMain] INFO  s.d.s.w.s.ApiListingReferenceScanner -Scanning for api listing references
				
2026-08-04 10:48:12 [restartedMain] INFO  s.d.s.w.r.o.CachingOperationNameGenerator -Generating unique operation named: insertOrUpdateSalesBudgetSheetHdrAndDtlUsingPOST_1
				
2026-08-04 10:48:12 [restartedMain] INFO  s.d.s.w.r.o.CachingOperationNameGenerator -Generating unique operation named: getVendorDetailHdrViewUsingPOST_1
				
2026-08-04 10:48:12 [restartedMain] INFO  s.d.s.w.r.o.CachingOperationNameGenerator -Generating unique operation named: updateUserRoleMappingUsingPOST_1
				
2026-08-04 10:48:12 [restartedMain] INFO  com.vmfg.VMFGApplication -Started VMFGApplication in 3.282 seconds (JVM running for 3199.114)
				
2026-08-04 10:48:12 [restartedMain] INFO  c.v.config.DevFlywayMigrationRunner -Running Flyway migrations against sandbox datasource
				
2026-08-04 10:48:12 [restartedMain] INFO  org.flywaydb.core.FlywayExecutor -Database: jdbc:mysql://localhost:3306/smartrun_bgr_sandbox (MySQL 9.6)
				
2026-08-04 10:48:12 [restartedMain] WARN  o.f.c.i.database.base.Database -Flyway upgrade recommended: MySQL 9.6 is newer than this version of Flyway and support has not been tested. The latest supported version of MySQL is 8.0.
				
2026-08-04 10:48:12 [restartedMain] INFO  o.f.core.internal.command.DbValidate -Successfully validated 4 migrations (execution time 00:00.019s)
				
2026-08-04 10:48:12 [restartedMain] INFO  o.f.core.internal.command.DbMigrate -Current version of schema `smartrun_bgr_sandbox`: 3
				
2026-08-04 10:48:12 [restartedMain] INFO  o.f.core.internal.command.DbMigrate -Schema `smartrun_bgr_sandbox` is up to date. No migration necessary.
				
2026-08-04 10:48:12 [restartedMain] INFO  o.s.b.d.a.ConditionEvaluationDeltaLoggingListener -Condition evaluation delta:


==========================
CONDITION EVALUATION DELTA
==========================


Positive matches:
-----------------

    None


Negative matches:
-----------------

   SpringBootWebSecurityConfiguration.SecurityFilterChainConfiguration:
      Did not match:
         - AllNestedConditions 1 matched 1 did not; NestedCondition on DefaultWebSecurityCondition.Beans @ConditionalOnMissingBean (types: org.springframework.security.config.annotation.web.configuration.WebSecurityConfigurerAdapter,org.springframework.security.web.SecurityFilterChain; SearchStrategy: all) found beans of type 'org.springframework.security.web.SecurityFilterChain' filterChain; NestedCondition on DefaultWebSecurityCondition.Classes @ConditionalOnClass found required classes 'org.springframework.security.web.SecurityFilterChain', 'org.springframework.security.config.annotation.web.builders.HttpSecurity' (DefaultWebSecurityCondition)

   SpringBootWebSecurityConfiguration.WebSecurityEnablerConfiguration:
      Did not match:
         - @ConditionalOnMissingBean (names: springSecurityFilterChain; SearchStrategy: all) found beans named springSecurityFilterChain (OnBeanCondition)
      Matched:
         - @ConditionalOnClass found required class 'org.springframework.security.config.annotation.web.configuration.EnableWebSecurity' (OnClassCondition)

   UserDetailsServiceAutoConfiguration:
      Did not match:
         - @ConditionalOnMissingBean (types: org.springframework.security.authentication.AuthenticationManager,org.springframework.security.authentication.AuthenticationProvider,org.springframework.security.core.userdetails.UserDetailsService,org.springframework.security.authentication.AuthenticationManagerResolver,org.springframework.security.oauth2.jwt.JwtDecoder,org.springframework.security.oauth2.server.resource.introspection.OpaqueTokenIntrospector,org.springframework.security.oauth2.client.registration.ClientRegistrationRepository,org.springframework.security.saml2.provider.service.registration.RelyingPartyRegistrationRepository; SearchStrategy: all) found beans of type 'org.springframework.security.authentication.AuthenticationManager' authenticationManager and found beans of type 'org.springframework.security.core.userdetails.UserDetailsService' userLoginDAO (OnBeanCondition)
      Matched:
         - @ConditionalOnClass found required class 'org.springframework.security.authentication.AuthenticationManager' (OnClassCondition)


Exclusions:
-----------

    None


Unconditional classes:
----------------------

    None



				
2026-08-04 10:48:26 [Thread-13] INFO  com.zaxxer.hikari.HikariDataSource -HikariPool-3 - Shutdown initiated...
				
2026-08-04 10:48:26 [Thread-13] INFO  com.zaxxer.hikari.HikariDataSource -HikariPool-3 - Shutdown completed.
				
2026-08-04 10:48:27 [restartedMain] INFO  com.vmfg.VMFGApplication -SmartRun Application Started
				
2026-08-04 10:48:27 [restartedMain] INFO  o.s.boot.SpringApplication -

                                ooooooo &&&&&&&&                              
                              oo     oo &.     &                              
                    ooooooo  oo      oo &:     &&                             
                 oo        oooo      oo &&       *&&&&  &&&&&&                
               oo            oo      oo &&                    &&&             
              oo                     oo &&&&&                  &o             
              oo                     oo &&     &&&&&           &              
              oo           ooo       oo &&           &&&       &&             
           ooooo           o:        oo &&              &        &&           
       ooo     *oo       oo          oo &&                        &&&&&&&     
     oo           ooooooo            oo &&                              &&    
    o&                                      &&&&*       &&               &&   
   oo                                            &&       &&              &&  
   o     ooooo                  @     @@    @@     &&:     &&           &&    
  oo ooo       ooo          @@@@@@@@@@@@@@@@@@@@@    &&     &&         &&     
  ooo            oo         @@ @@@ @@@@@@@@@@@  @     &&     &&         &     
  oo               o      @@@@ @@@ @@@@@@@@@@@  @@@    &&     &         &&    
  o&               oo       @@ @@@ @@@@@@@@@@@  @       &     &         &&    
  oo               oo       @@ @@ @ @@@@        @       &&                &&& 
  oo                      @@@@ @@@@@@@@@@@@@@@  @@@:    &&                  &&
  oo                        @@ @@@@@@@@@@@ @@@  @       &&        o&        &&
   o                        @@ @@@@@ @@@  @@@@  @       &         &&        &.
   oo                     @@@@ @@@ @@@@@@@@@@@  @@@@   &          &    .&&&&  
    o         oooo          @@                  @     &.         &&    &&     
    oo    ooo      &oo          @     @@    @@      &&          &&    &&      
     oo oo            oo        @     @     @@    &&           &&    &&       
      ooo              oo                      &&&           &&      &&       
         oooooooo       oo           oo &&&&&&              &&         &      
              oo        oo           oo &&         &      &&           &&     
              o        :o            oo &&  .&&&&&     &&.           &&       
              o       oo             oo &&                    &&&&&&&&        
              oo    ooo              oo &&                  &&                
                oo                   oo &&                &&                  
                  oo        oooo     oo &&                &                   
                     ooooooo  &o     oo &&      &&&       &                   
                                oo   oo && :&&&   .&& &&&*                    
                                   &ooo &&&                                   

==============================================
SmartRun Product by SmartRun Tech. All rights reserved.
==============================================
Application Version : 2.6.7
Application Title : SmartRun MES
Contact : support@smartruntech.com
==============================================

				
2026-08-04 10:48:27 [restartedMain] INFO  com.vmfg.VMFGApplication -Starting VMFGApplication using Java 1.8.0_482 on Peachs-Mac-mini.local with PID 1880 (/Users/peach/Spring_Boot_Projects/bgr/OneDrive_1_4-15-2026/BGR-SOURCE_CODE-sandbox/SmartRun_ProjectManagement_Java/SR_Management/target/classes started by peach in /Users/peach/Spring_Boot_Projects/bgr/OneDrive_1_4-15-2026/BGR-SOURCE_CODE-sandbox/SmartRun_ProjectManagement_Java/SR_Management)
				
2026-08-04 10:48:27 [restartedMain] INFO  com.vmfg.VMFGApplication -The following 1 profile is active: "dev"
				
2026-08-04 10:48:28 [restartedMain] INFO  o.s.d.r.c.RepositoryConfigurationDelegate -Bootstrapping Spring Data JDBC repositories in DEFAULT mode.
				
2026-08-04 10:48:28 [restartedMain] INFO  o.s.d.r.c.RepositoryConfigurationDelegate -Finished Spring Data repository scanning in 1 ms. Found 0 JDBC repository interfaces.
				
2026-08-04 10:48:28 [restartedMain] INFO  o.s.b.w.e.tomcat.TomcatWebServer -Tomcat initialized with port(s): 8495 (http)
				
2026-08-04 10:48:28 [restartedMain] INFO  o.a.coyote.http11.Http11NioProtocol -Initializing ProtocolHandler ["http-nio-8495"]
				
2026-08-04 10:48:28 [restartedMain] INFO  o.a.catalina.core.StandardService -Starting service [Tomcat]
				
2026-08-04 10:48:28 [restartedMain] INFO  o.a.catalina.core.StandardEngine -Starting Servlet engine: [Apache Tomcat/9.0.63]
				
2026-08-04 10:48:28 [restartedMain] INFO  o.a.c.c.C.[.[localhost].[/smartrun] -Initializing Spring embedded WebApplicationContext
				
2026-08-04 10:48:28 [restartedMain] INFO  o.s.b.w.s.c.ServletWebServerApplicationContext -Root WebApplicationContext: initialization completed in 603 ms
				
2026-08-04 10:48:28 [restartedMain] INFO  s.d.s.w.PropertySourcedRequestMappingHandlerMapping -Mapped URL path [/v2/api-docs] onto method [springfox.documentation.swagger2.web.Swagger2Controller#getDocumentation(String, HttpServletRequest)]
				
2026-08-04 10:48:28 [restartedMain] INFO  o.s.b.d.a.OptionalLiveReloadServer -LiveReload server is running on port 35729
				
2026-08-04 10:48:28 [restartedMain] INFO  com.zaxxer.hikari.HikariDataSource -HikariPool-4 - Starting...
				
2026-08-04 10:48:28 [restartedMain] INFO  com.zaxxer.hikari.HikariDataSource -HikariPool-4 - Start completed.
				
2026-08-04 10:48:28 [restartedMain] WARN  o.s.b.a.s.s.UserDetailsServiceAutoConfiguration -

Using generated security password: a84f97ee-ba51-4007-947c-96e56b464733

This generated password is for development use only. Your security configuration must be updated before running your application in production.

				
2026-08-04 10:48:28 [restartedMain] INFO  o.s.s.web.DefaultSecurityFilterChain -Will secure any request with [org.springframework.security.web.session.DisableEncodeUrlFilter@48af0b05, org.springframework.security.web.context.request.async.WebAsyncManagerIntegrationFilter@588b6246, org.springframework.security.web.context.SecurityContextPersistenceFilter@1821ef65, org.springframework.security.web.header.HeaderWriterFilter@3993a85b, org.springframework.security.web.csrf.CsrfFilter@5cd54d0d, org.springframework.security.web.authentication.logout.LogoutFilter@56bb346b, org.springframework.security.web.authentication.UsernamePasswordAuthenticationFilter@546ab182, org.springframework.security.web.authentication.ui.DefaultLoginPageGeneratingFilter@787d7662, org.springframework.security.web.authentication.ui.DefaultLogoutPageGeneratingFilter@59ec2e74, org.springframework.security.web.authentication.www.BasicAuthenticationFilter@6c958329, org.springframework.security.web.savedrequest.RequestCacheAwareFilter@610b172d, org.springframework.security.web.servletapi.SecurityContextHolderAwareRequestFilter@45feaa27, org.springframework.security.web.authentication.AnonymousAuthenticationFilter@192072ab, org.springframework.security.web.session.SessionManagementFilter@6e6a7a80, org.springframework.security.web.access.ExceptionTranslationFilter@599418f4, org.springframework.security.web.access.intercept.FilterSecurityInterceptor@12105492]
				
2026-08-04 10:48:28 [restartedMain] INFO  o.a.coyote.http11.Http11NioProtocol -Starting ProtocolHandler ["http-nio-8495"]
				
2026-08-04 10:48:28 [restartedMain] INFO  o.s.b.w.e.tomcat.TomcatWebServer -Tomcat started on port(s): 8495 (http) with context path '/smartrun'
				
2026-08-04 10:48:28 [restartedMain] INFO  s.d.s.w.p.DocumentationPluginsBootstrapper -Context refreshed
				
2026-08-04 10:48:28 [restartedMain] INFO  s.d.s.w.p.DocumentationPluginsBootstrapper -Found 1 custom documentation plugin(s)
				
2026-08-04 10:48:28 [restartedMain] INFO  s.d.s.w.s.ApiListingReferenceScanner -Scanning for api listing references
				
2026-08-04 10:48:29 [restartedMain] INFO  com.vmfg.VMFGApplication -Started VMFGApplication in 1.76 seconds (JVM running for 3215.227)
				
2026-08-04 10:48:29 [restartedMain] INFO  o.s.b.d.a.ConditionEvaluationDeltaLoggingListener -Condition evaluation delta:


==========================
CONDITION EVALUATION DELTA
==========================


Positive matches:
-----------------

   SpringBootWebSecurityConfiguration.SecurityFilterChainConfiguration matched:
      - AllNestedConditions 2 matched 0 did not; NestedCondition on DefaultWebSecurityCondition.Beans @ConditionalOnMissingBean (types: org.springframework.security.config.annotation.web.configuration.WebSecurityConfigurerAdapter,org.springframework.security.web.SecurityFilterChain; SearchStrategy: all) did not find any beans; NestedCondition on DefaultWebSecurityCondition.Classes @ConditionalOnClass found required classes 'org.springframework.security.web.SecurityFilterChain', 'org.springframework.security.config.annotation.web.builders.HttpSecurity' (DefaultWebSecurityCondition)

   SpringBootWebSecurityConfiguration.WebSecurityEnablerConfiguration matched:
      - @ConditionalOnClass found required class 'org.springframework.security.config.annotation.web.configuration.EnableWebSecurity' (OnClassCondition)
      - @ConditionalOnMissingBean (names: springSecurityFilterChain; SearchStrategy: all) did not find any beans (OnBeanCondition)

   UserDetailsServiceAutoConfiguration matched:
      - @ConditionalOnClass found required class 'org.springframework.security.authentication.AuthenticationManager' (OnClassCondition)
      - @ConditionalOnBean (types: org.springframework.security.config.annotation.ObjectPostProcessor; SearchStrategy: all) found bean 'objectPostProcessor'; @ConditionalOnMissingBean (types: org.springframework.security.authentication.AuthenticationManager,org.springframework.security.authentication.AuthenticationProvider,org.springframework.security.core.userdetails.UserDetailsService,org.springframework.security.authentication.AuthenticationManagerResolver,org.springframework.security.oauth2.jwt.JwtDecoder,org.springframework.security.oauth2.server.resource.introspection.OpaqueTokenIntrospector,org.springframework.security.oauth2.client.registration.ClientRegistrationRepository,org.springframework.security.saml2.provider.service.registration.RelyingPartyRegistrationRepository; SearchStrategy: all) did not find any beans (OnBeanCondition)


Negative matches:
-----------------

    None


Exclusions:
-----------

    None


Unconditional classes:
----------------------

    None



				
2026-08-04 10:48:38 [Thread-17] INFO  com.zaxxer.hikari.HikariDataSource -HikariPool-4 - Shutdown initiated...
				
2026-08-04 10:48:38 [Thread-17] INFO  com.zaxxer.hikari.HikariDataSource -HikariPool-4 - Shutdown completed.
				
2026-08-04 10:48:38 [restartedMain] INFO  com.vmfg.VMFGApplication -SmartRun Application Started
				
2026-08-04 10:48:39 [restartedMain] INFO  o.s.boot.SpringApplication -

                                ooooooo &&&&&&&&                              
                              oo     oo &.     &                              
                    ooooooo  oo      oo &:     &&                             
                 oo        oooo      oo &&       *&&&&  &&&&&&                
               oo            oo      oo &&                    &&&             
              oo                     oo &&&&&                  &o             
              oo                     oo &&     &&&&&           &              
              oo           ooo       oo &&           &&&       &&             
           ooooo           o:        oo &&              &        &&           
       ooo     *oo       oo          oo &&                        &&&&&&&     
     oo           ooooooo            oo &&                              &&    
    o&                                      &&&&*       &&               &&   
   oo                                            &&       &&              &&  
   o     ooooo                  @     @@    @@     &&:     &&           &&    
  oo ooo       ooo          @@@@@@@@@@@@@@@@@@@@@    &&     &&         &&     
  ooo            oo         @@ @@@ @@@@@@@@@@@  @     &&     &&         &     
  oo               o      @@@@ @@@ @@@@@@@@@@@  @@@    &&     &         &&    
  o&               oo       @@ @@@ @@@@@@@@@@@  @       &     &         &&    
  oo               oo       @@ @@ @ @@@@        @       &&                &&& 
  oo                      @@@@ @@@@@@@@@@@@@@@  @@@:    &&                  &&
  oo                        @@ @@@@@@@@@@@ @@@  @       &&        o&        &&
   o                        @@ @@@@@ @@@  @@@@  @       &         &&        &.
   oo                     @@@@ @@@ @@@@@@@@@@@  @@@@   &          &    .&&&&  
    o         oooo          @@                  @     &.         &&    &&     
    oo    ooo      &oo          @     @@    @@      &&          &&    &&      
     oo oo            oo        @     @     @@    &&           &&    &&       
      ooo              oo                      &&&           &&      &&       
         oooooooo       oo           oo &&&&&&              &&         &      
              oo        oo           oo &&         &      &&           &&     
              o        :o            oo &&  .&&&&&     &&.           &&       
              o       oo             oo &&                    &&&&&&&&        
              oo    ooo              oo &&                  &&                
                oo                   oo &&                &&                  
                  oo        oooo     oo &&                &                   
                     ooooooo  &o     oo &&      &&&       &                   
                                oo   oo && :&&&   .&& &&&*                    
                                   &ooo &&&                                   

==============================================
SmartRun Product by SmartRun Tech. All rights reserved.
==============================================
Application Version : 2.6.7
Application Title : SmartRun MES
Contact : support@smartruntech.com
==============================================

				
2026-08-04 10:48:39 [restartedMain] INFO  com.vmfg.VMFGApplication -Starting VMFGApplication using Java 1.8.0_482 on Peachs-Mac-mini.local with PID 1880 (/Users/peach/Spring_Boot_Projects/bgr/OneDrive_1_4-15-2026/BGR-SOURCE_CODE-sandbox/SmartRun_ProjectManagement_Java/SR_Management/target/classes started by peach in /Users/peach/Spring_Boot_Projects/bgr/OneDrive_1_4-15-2026/BGR-SOURCE_CODE-sandbox/SmartRun_ProjectManagement_Java/SR_Management)
				
2026-08-04 10:48:39 [restartedMain] INFO  com.vmfg.VMFGApplication -The following 1 profile is active: "dev"
				
2026-08-04 10:48:39 [restartedMain] INFO  o.s.d.r.c.RepositoryConfigurationDelegate -Bootstrapping Spring Data JDBC repositories in DEFAULT mode.
				
2026-08-04 10:48:39 [restartedMain] INFO  o.s.d.r.c.RepositoryConfigurationDelegate -Finished Spring Data repository scanning in 18 ms. Found 0 JDBC repository interfaces.
				
2026-08-04 10:48:39 [restartedMain] INFO  o.s.b.w.e.tomcat.TomcatWebServer -Tomcat initialized with port(s): 8495 (http)
				
2026-08-04 10:48:39 [restartedMain] INFO  o.a.coyote.http11.Http11NioProtocol -Initializing ProtocolHandler ["http-nio-8495"]
				
2026-08-04 10:48:39 [restartedMain] INFO  o.a.catalina.core.StandardService -Starting service [Tomcat]
				
2026-08-04 10:48:39 [restartedMain] INFO  o.a.catalina.core.StandardEngine -Starting Servlet engine: [Apache Tomcat/9.0.63]
				
2026-08-04 10:48:39 [restartedMain] INFO  o.a.c.c.C.[.[localhost].[/smartrun] -Initializing Spring embedded WebApplicationContext
				
2026-08-04 10:48:39 [restartedMain] INFO  o.s.b.w.s.c.ServletWebServerApplicationContext -Root WebApplicationContext: initialization completed in 593 ms
				
2026-08-04 10:48:39 [restartedMain] WARN  o.s.b.w.s.c.AnnotationConfigServletWebServerApplicationContext -Exception encountered during context initialization - cancelling refresh attempt: org.springframework.beans.factory.UnsatisfiedDependencyException: Error creating bean with name 'indentUploadDAO': Unsatisfied dependency expressed through field 'projectDAO'; nested exception is org.springframework.beans.factory.UnsatisfiedDependencyException: Error creating bean with name 'projectDAO': Unsatisfied dependency expressed through field 'commonNotifyMethod'; nested exception is org.springframework.beans.factory.UnsatisfiedDependencyException: Error creating bean with name 'commonNotifyMethod': Unsatisfied dependency expressed through field 'OutlookNotificationService'; nested exception is org.springframework.beans.factory.UnsatisfiedDependencyException: Error creating bean with name 'outlookNotificationService': Unsatisfied dependency expressed through field 'IOutllookNotificationDAO'; nested exception is org.springframework.beans.factory.NoSuchBeanDefinitionException: No qualifying bean of type 'com.vmfg.general.dao.interfaces.IOutllookNotificationDAO' available: expected at least 1 bean which qualifies as autowire candidate. Dependency annotations: {@org.springframework.beans.factory.annotation.Autowired(required=true)}
				
2026-08-04 10:48:39 [restartedMain] INFO  o.a.catalina.core.StandardService -Stopping service [Tomcat]
				
2026-08-04 10:48:39 [restartedMain] INFO  o.s.b.a.l.ConditionEvaluationReportLoggingListener -

Error starting ApplicationContext. To display the conditions report re-run your application with 'debug' enabled.
				
2026-08-04 10:48:39 [restartedMain] ERROR o.s.b.d.LoggingFailureAnalysisReporter -

***************************
APPLICATION FAILED TO START
***************************

Description:

Field IOutllookNotificationDAO in com.vmfg.general.services.impl.OutlookNotificationService required a bean of type 'com.vmfg.general.dao.interfaces.IOutllookNotificationDAO' that could not be found.

The injection point has the following annotations:
	- @org.springframework.beans.factory.annotation.Autowired(required=true)


Action:

Consider defining a bean of type 'com.vmfg.general.dao.interfaces.IOutllookNotificationDAO' in your configuration.

				
2026-08-04 10:48:39 [restartedMain] ERROR com.vmfg.VMFGApplication -SmartRun Application Start Exception--->org.springframework.beans.factory.UnsatisfiedDependencyException: Error creating bean with name 'indentUploadDAO': Unsatisfied dependency expressed through field 'projectDAO'; nested exception is org.springframework.beans.factory.UnsatisfiedDependencyException: Error creating bean with name 'projectDAO': Unsatisfied dependency expressed through field 'commonNotifyMethod'; nested exception is org.springframework.beans.factory.UnsatisfiedDependencyException: Error creating bean with name 'commonNotifyMethod': Unsatisfied dependency expressed through field 'OutlookNotificationService'; nested exception is org.springframework.beans.factory.UnsatisfiedDependencyException: Error creating bean with name 'outlookNotificationService': Unsatisfied dependency expressed through field 'IOutllookNotificationDAO'; nested exception is org.springframework.beans.factory.NoSuchBeanDefinitionException: No qualifying bean of type 'com.vmfg.general.dao.interfaces.IOutllookNotificationDAO' available: expected at least 1 bean which qualifies as autowire candidate. Dependency annotations: {@org.springframework.beans.factory.annotation.Autowired(required=true)}
				
2026-08-04 10:57:22 [background-preinit] INFO  o.h.validator.internal.util.Version -HV000001: Hibernate Validator 6.2.3.Final
				
2026-08-04 10:57:24 [restartedMain] INFO  o.s.boot.SpringApplication -

                                ooooooo &&&&&&&&                              
                              oo     oo &.     &                              
                    ooooooo  oo      oo &:     &&                             
                 oo        oooo      oo &&       *&&&&  &&&&&&                
               oo            oo      oo &&                    &&&             
              oo                     oo &&&&&                  &o             
              oo                     oo &&     &&&&&           &              
              oo           ooo       oo &&           &&&       &&             
           ooooo           o:        oo &&              &        &&           
       ooo     *oo       oo          oo &&                        &&&&&&&     
     oo           ooooooo            oo &&                              &&    
    o&                                      &&&&*       &&               &&   
   oo                                            &&       &&              &&  
   o     ooooo                  @     @@    @@     &&:     &&           &&    
  oo ooo       ooo          @@@@@@@@@@@@@@@@@@@@@    &&     &&         &&     
  ooo            oo         @@ @@@ @@@@@@@@@@@  @     &&     &&         &     
  oo               o      @@@@ @@@ @@@@@@@@@@@  @@@    &&     &         &&    
  o&               oo       @@ @@@ @@@@@@@@@@@  @       &     &         &&    
  oo               oo       @@ @@ @ @@@@        @       &&                &&& 
  oo                      @@@@ @@@@@@@@@@@@@@@  @@@:    &&                  &&
  oo                        @@ @@@@@@@@@@@ @@@  @       &&        o&        &&
   o                        @@ @@@@@ @@@  @@@@  @       &         &&        &.
   oo                     @@@@ @@@ @@@@@@@@@@@  @@@@   &          &    .&&&&  
    o         oooo          @@                  @     &.         &&    &&     
    oo    ooo      &oo          @     @@    @@      &&          &&    &&      
     oo oo            oo        @     @     @@    &&           &&    &&       
      ooo              oo                      &&&           &&      &&       
         oooooooo       oo           oo &&&&&&              &&         &      
              oo        oo           oo &&         &      &&           &&     
              o        :o            oo &&  .&&&&&     &&.           &&       
              o       oo             oo &&                    &&&&&&&&        
              oo    ooo              oo &&                  &&                
                oo                   oo &&                &&                  
                  oo        oooo     oo &&                &                   
                     ooooooo  &o     oo &&      &&&       &                   
                                oo   oo && :&&&   .&& &&&*                    
                                   &ooo &&&                                   

==============================================
SmartRun Product by SmartRun Tech. All rights reserved.
==============================================
Application Version : 2.6.7
Application Title : SmartRun MES
Contact : support@smartruntech.com
==============================================

				
2026-08-04 10:57:24 [restartedMain] INFO  com.vmfg.VMFGApplication -Starting VMFGApplication using Java 1.8.0_482 on Peachs-Mac-mini.local with PID 2968 (/Users/peach/Spring_Boot_Projects/bgr/OneDrive_1_4-15-2026/BGR-SOURCE_CODE-sandbox/SmartRun_ProjectManagement_Java/SR_Management/target/classes started by peach in /Users/peach/Spring_Boot_Projects/bgr/OneDrive_1_4-15-2026/BGR-SOURCE_CODE-sandbox/SmartRun_ProjectManagement_Java/SR_Management)
				
2026-08-04 10:57:24 [restartedMain] INFO  com.vmfg.VMFGApplication -The following 1 profile is active: "dev"
				
2026-08-04 10:57:24 [restartedMain] INFO  o.s.b.d.e.DevToolsPropertyDefaultsPostProcessor -Devtools property defaults active! Set 'spring.devtools.add-properties' to 'false' to disable
				
2026-08-04 10:57:24 [restartedMain] INFO  o.s.b.d.e.DevToolsPropertyDefaultsPostProcessor -For additional web related logging consider setting the 'logging.level.web' property to 'DEBUG'
				
2026-08-04 10:57:26 [restartedMain] INFO  o.s.d.r.c.RepositoryConfigurationDelegate -Bootstrapping Spring Data JDBC repositories in DEFAULT mode.
				
2026-08-04 10:57:26 [restartedMain] INFO  o.s.d.r.c.RepositoryConfigurationDelegate -Finished Spring Data repository scanning in 84 ms. Found 0 JDBC repository interfaces.
				
2026-08-04 10:57:27 [restartedMain] INFO  o.s.b.w.e.tomcat.TomcatWebServer -Tomcat initialized with port(s): 8495 (http)
				
2026-08-04 10:57:28 [restartedMain] INFO  o.a.coyote.http11.Http11NioProtocol -Initializing ProtocolHandler ["http-nio-8495"]
				
2026-08-04 10:57:28 [restartedMain] INFO  o.a.catalina.core.StandardService -Starting service [Tomcat]
				
2026-08-04 10:57:28 [restartedMain] INFO  o.a.catalina.core.StandardEngine -Starting Servlet engine: [Apache Tomcat/9.0.63]
				
2026-08-04 10:57:28 [restartedMain] INFO  o.a.c.c.C.[.[localhost].[/smartrun] -Initializing Spring embedded WebApplicationContext
				
2026-08-04 10:57:28 [restartedMain] INFO  o.s.b.w.s.c.ServletWebServerApplicationContext -Root WebApplicationContext: initialization completed in 3614 ms
				
2026-08-04 10:57:31 [restartedMain] INFO  s.d.s.w.PropertySourcedRequestMappingHandlerMapping -Mapped URL path [/v2/api-docs] onto method [springfox.documentation.swagger2.web.Swagger2Controller#getDocumentation(String, HttpServletRequest)]
				
2026-08-04 10:57:31 [restartedMain] INFO  o.s.s.web.DefaultSecurityFilterChain -Will secure any request with [org.springframework.security.web.session.DisableEncodeUrlFilter@4048f9b0, org.springframework.security.web.context.request.async.WebAsyncManagerIntegrationFilter@69761e6b, org.springframework.security.web.context.SecurityContextPersistenceFilter@76ab1c7a, org.springframework.security.web.header.HeaderWriterFilter@3d8b5c11, org.springframework.web.filter.CorsFilter@7b809ad6, org.springframework.security.web.authentication.logout.LogoutFilter@11be482d, com.vmfg.security.config.JwtRequestFilter@1776b010, org.springframework.security.web.savedrequest.RequestCacheAwareFilter@1dded2e0, org.springframework.security.web.servletapi.SecurityContextHolderAwareRequestFilter@aa5ab69, org.springframework.security.web.authentication.AnonymousAuthenticationFilter@76cce359, org.springframework.security.web.session.SessionManagementFilter@6a789173, org.springframework.security.web.access.ExceptionTranslationFilter@29899d75, org.springframework.security.web.access.intercept.FilterSecurityInterceptor@2934f68]
				
2026-08-04 10:57:31 [restartedMain] INFO  o.s.b.d.a.OptionalLiveReloadServer -LiveReload server is running on port 35729
				
2026-08-04 10:57:31 [restartedMain] INFO  com.zaxxer.hikari.HikariDataSource -HikariPool-1 - Starting...
				
2026-08-04 10:57:32 [restartedMain] INFO  com.zaxxer.hikari.HikariDataSource -HikariPool-1 - Start completed.
				
2026-08-04 10:57:32 [restartedMain] INFO  o.a.coyote.http11.Http11NioProtocol -Starting ProtocolHandler ["http-nio-8495"]
				
2026-08-04 10:57:32 [restartedMain] INFO  o.s.b.w.e.tomcat.TomcatWebServer -Tomcat started on port(s): 8495 (http) with context path '/smartrun'
				
2026-08-04 10:57:32 [restartedMain] INFO  s.d.s.w.p.DocumentationPluginsBootstrapper -Context refreshed
				
2026-08-04 10:57:32 [restartedMain] INFO  s.d.s.w.p.DocumentationPluginsBootstrapper -Found 1 custom documentation plugin(s)
				
2026-08-04 10:57:32 [restartedMain] INFO  s.d.s.w.s.ApiListingReferenceScanner -Scanning for api listing references
				
2026-08-04 10:57:34 [restartedMain] INFO  s.d.s.w.r.o.CachingOperationNameGenerator -Generating unique operation named: insertOrUpdateSalesBudgetSheetHdrAndDtlUsingPOST_1
				
2026-08-04 10:57:34 [restartedMain] INFO  s.d.s.w.r.o.CachingOperationNameGenerator -Generating unique operation named: getVendorDetailHdrViewUsingPOST_1
				
2026-08-04 10:57:34 [restartedMain] INFO  s.d.s.w.r.o.CachingOperationNameGenerator -Generating unique operation named: updateUserRoleMappingUsingPOST_1
				
2026-08-04 10:57:34 [restartedMain] INFO  com.vmfg.VMFGApplication -Started VMFGApplication in 12.306 seconds (JVM running for 13.18)
				
2026-08-04 10:57:34 [restartedMain] INFO  c.v.config.DevFlywayMigrationRunner -Running Flyway migrations against sandbox datasource
				
2026-08-04 10:57:34 [restartedMain] INFO  o.f.c.i.license.VersionPrinter -Flyway Community Edition 9.22.3 by Redgate
				
2026-08-04 10:57:34 [restartedMain] INFO  o.f.c.i.license.VersionPrinter -See release notes here: https://rd.gt/416ObMi
				
2026-08-04 10:57:34 [restartedMain] INFO  o.f.c.i.license.VersionPrinter -
				
2026-08-04 10:57:34 [restartedMain] INFO  org.flywaydb.core.FlywayExecutor -Database: jdbc:mysql://localhost:3306/smartrun_bgr_sandbox (MySQL 9.6)
				
2026-08-04 10:57:34 [restartedMain] WARN  o.f.c.i.database.base.Database -Flyway upgrade recommended: MySQL 9.6 is newer than this version of Flyway and support has not been tested. The latest supported version of MySQL is 8.0.
				
2026-08-04 10:57:34 [restartedMain] INFO  o.f.core.internal.command.DbValidate -Successfully validated 4 migrations (execution time 00:00.024s)
				
2026-08-04 10:57:34 [restartedMain] INFO  o.f.core.internal.command.DbMigrate -Current version of schema `smartrun_bgr_sandbox`: 3
				
2026-08-04 10:57:34 [restartedMain] INFO  o.f.core.internal.command.DbMigrate -Schema `smartrun_bgr_sandbox` is up to date. No migration necessary.
				
2026-08-04 10:57:34 [main] ERROR com.vmfg.VMFGApplication -SmartRun Application Start Exception--->org.springframework.boot.devtools.restart.SilentExitExceptionHandler$SilentExitException
				
2026-08-04 10:59:47 [SpringApplicationShutdownHook] INFO  com.zaxxer.hikari.HikariDataSource -HikariPool-1 - Shutdown initiated...
				
2026-08-04 10:59:47 [SpringApplicationShutdownHook] INFO  com.zaxxer.hikari.HikariDataSource -HikariPool-1 - Shutdown completed.
				
2026-08-04 10:59:50 [background-preinit] INFO  o.h.validator.internal.util.Version -HV000001: Hibernate Validator 6.2.3.Final
				
2026-08-04 10:59:51 [restartedMain] INFO  o.s.boot.SpringApplication -

                                ooooooo &&&&&&&&                              
                              oo     oo &.     &                              
                    ooooooo  oo      oo &:     &&                             
                 oo        oooo      oo &&       *&&&&  &&&&&&                
               oo            oo      oo &&                    &&&             
              oo                     oo &&&&&                  &o             
              oo                     oo &&     &&&&&           &              
              oo           ooo       oo &&           &&&       &&             
           ooooo           o:        oo &&              &        &&           
       ooo     *oo       oo          oo &&                        &&&&&&&     
     oo           ooooooo            oo &&                              &&    
    o&                                      &&&&*       &&               &&   
   oo                                            &&       &&              &&  
   o     ooooo                  @     @@    @@     &&:     &&           &&    
  oo ooo       ooo          @@@@@@@@@@@@@@@@@@@@@    &&     &&         &&     
  ooo            oo         @@ @@@ @@@@@@@@@@@  @     &&     &&         &     
  oo               o      @@@@ @@@ @@@@@@@@@@@  @@@    &&     &         &&    
  o&               oo       @@ @@@ @@@@@@@@@@@  @       &     &         &&    
  oo               oo       @@ @@ @ @@@@        @       &&                &&& 
  oo                      @@@@ @@@@@@@@@@@@@@@  @@@:    &&                  &&
  oo                        @@ @@@@@@@@@@@ @@@  @       &&        o&        &&
   o                        @@ @@@@@ @@@  @@@@  @       &         &&        &.
   oo                     @@@@ @@@ @@@@@@@@@@@  @@@@   &          &    .&&&&  
    o         oooo          @@                  @     &.         &&    &&     
    oo    ooo      &oo          @     @@    @@      &&          &&    &&      
     oo oo            oo        @     @     @@    &&           &&    &&       
      ooo              oo                      &&&           &&      &&       
         oooooooo       oo           oo &&&&&&              &&         &      
              oo        oo           oo &&         &      &&           &&     
              o        :o            oo &&  .&&&&&     &&.           &&       
              o       oo             oo &&                    &&&&&&&&        
              oo    ooo              oo &&                  &&                
                oo                   oo &&                &&                  
                  oo        oooo     oo &&                &                   
                     ooooooo  &o     oo &&      &&&       &                   
                                oo   oo && :&&&   .&& &&&*                    
                                   &ooo &&&                                   

==============================================
SmartRun Product by SmartRun Tech. All rights reserved.
==============================================
Application Version : 2.6.7
Application Title : SmartRun MES
Contact : support@smartruntech.com
==============================================

				
2026-08-04 10:59:51 [restartedMain] INFO  com.vmfg.VMFGApplication -Starting VMFGApplication using Java 1.8.0_482 on Peachs-Mac-mini.local with PID 2990 (/Users/peach/Spring_Boot_Projects/bgr/OneDrive_1_4-15-2026/BGR-SOURCE_CODE-sandbox/SmartRun_ProjectManagement_Java/SR_Management/target/classes started by peach in /Users/peach/Spring_Boot_Projects/bgr/OneDrive_1_4-15-2026/BGR-SOURCE_CODE-sandbox/SmartRun_ProjectManagement_Java/SR_Management)
				
2026-08-04 10:59:51 [restartedMain] INFO  com.vmfg.VMFGApplication -The following 1 profile is active: "dev"
				
2026-08-04 10:59:51 [restartedMain] INFO  o.s.b.d.e.DevToolsPropertyDefaultsPostProcessor -Devtools property defaults active! Set 'spring.devtools.add-properties' to 'false' to disable
				
2026-08-04 10:59:51 [restartedMain] INFO  o.s.b.d.e.DevToolsPropertyDefaultsPostProcessor -For additional web related logging consider setting the 'logging.level.web' property to 'DEBUG'
				
2026-08-04 10:59:53 [restartedMain] INFO  o.s.d.r.c.RepositoryConfigurationDelegate -Bootstrapping Spring Data JDBC repositories in DEFAULT mode.
				
2026-08-04 10:59:53 [restartedMain] INFO  o.s.d.r.c.RepositoryConfigurationDelegate -Finished Spring Data repository scanning in 102 ms. Found 0 JDBC repository interfaces.
				
2026-08-04 10:59:54 [restartedMain] INFO  o.s.b.w.e.tomcat.TomcatWebServer -Tomcat initialized with port(s): 8495 (http)
				
2026-08-04 10:59:54 [restartedMain] INFO  o.a.coyote.http11.Http11NioProtocol -Initializing ProtocolHandler ["http-nio-8495"]
				
2026-08-04 10:59:54 [restartedMain] INFO  o.a.catalina.core.StandardService -Starting service [Tomcat]
				
2026-08-04 10:59:54 [restartedMain] INFO  o.a.catalina.core.StandardEngine -Starting Servlet engine: [Apache Tomcat/9.0.63]
				
2026-08-04 10:59:55 [restartedMain] INFO  o.a.c.c.C.[.[localhost].[/smartrun] -Initializing Spring embedded WebApplicationContext
				
2026-08-04 10:59:55 [restartedMain] INFO  o.s.b.w.s.c.ServletWebServerApplicationContext -Root WebApplicationContext: initialization completed in 3426 ms
				
2026-08-04 10:59:57 [restartedMain] INFO  s.d.s.w.PropertySourcedRequestMappingHandlerMapping -Mapped URL path [/v2/api-docs] onto method [springfox.documentation.swagger2.web.Swagger2Controller#getDocumentation(String, HttpServletRequest)]
				
2026-08-04 10:59:58 [restartedMain] INFO  o.s.s.web.DefaultSecurityFilterChain -Will secure any request with [org.springframework.security.web.session.DisableEncodeUrlFilter@7b968730, org.springframework.security.web.context.request.async.WebAsyncManagerIntegrationFilter@6c1aa87f, org.springframework.security.web.context.SecurityContextPersistenceFilter@310274b8, org.springframework.security.web.header.HeaderWriterFilter@15a373ab, org.springframework.web.filter.CorsFilter@434f1270, org.springframework.security.web.authentication.logout.LogoutFilter@120c99f1, com.vmfg.security.config.JwtRequestFilter@79348848, org.springframework.security.web.savedrequest.RequestCacheAwareFilter@5030584f, org.springframework.security.web.servletapi.SecurityContextHolderAwareRequestFilter@287dfbbf, org.springframework.security.web.authentication.AnonymousAuthenticationFilter@e521636, org.springframework.security.web.session.SessionManagementFilter@219a53e6, org.springframework.security.web.access.ExceptionTranslationFilter@6ed39ed2, org.springframework.security.web.access.intercept.FilterSecurityInterceptor@4c524575]
				
2026-08-04 10:59:58 [restartedMain] INFO  o.s.b.d.a.OptionalLiveReloadServer -LiveReload server is running on port 35729
				
2026-08-04 10:59:58 [restartedMain] INFO  com.zaxxer.hikari.HikariDataSource -HikariPool-1 - Starting...
				
2026-08-04 10:59:59 [restartedMain] INFO  com.zaxxer.hikari.HikariDataSource -HikariPool-1 - Start completed.
				
2026-08-04 10:59:59 [restartedMain] INFO  o.a.coyote.http11.Http11NioProtocol -Starting ProtocolHandler ["http-nio-8495"]
				
2026-08-04 10:59:59 [restartedMain] INFO  o.s.b.w.e.tomcat.TomcatWebServer -Tomcat started on port(s): 8495 (http) with context path '/smartrun'
				
2026-08-04 10:59:59 [restartedMain] INFO  s.d.s.w.p.DocumentationPluginsBootstrapper -Context refreshed
				
2026-08-04 10:59:59 [restartedMain] INFO  s.d.s.w.p.DocumentationPluginsBootstrapper -Found 1 custom documentation plugin(s)
				
2026-08-04 10:59:59 [restartedMain] INFO  s.d.s.w.s.ApiListingReferenceScanner -Scanning for api listing references
				
2026-08-04 11:00:01 [restartedMain] INFO  s.d.s.w.r.o.CachingOperationNameGenerator -Generating unique operation named: insertOrUpdateSalesBudgetSheetHdrAndDtlUsingPOST_1
				
2026-08-04 11:00:01 [restartedMain] INFO  s.d.s.w.r.o.CachingOperationNameGenerator -Generating unique operation named: getVendorDetailHdrViewUsingPOST_1
				
2026-08-04 11:00:01 [restartedMain] INFO  s.d.s.w.r.o.CachingOperationNameGenerator -Generating unique operation named: updateUserRoleMappingUsingPOST_1
				
2026-08-04 11:00:01 [restartedMain] INFO  com.vmfg.VMFGApplication -Started VMFGApplication in 11.356 seconds (JVM running for 12.114)
				
2026-08-04 11:00:01 [restartedMain] INFO  c.v.config.DevFlywayMigrationRunner -Running Flyway migrations against sandbox datasource
				
2026-08-04 11:00:01 [restartedMain] INFO  o.f.c.i.license.VersionPrinter -Flyway Community Edition 9.22.3 by Redgate
				
2026-08-04 11:00:01 [restartedMain] INFO  o.f.c.i.license.VersionPrinter -See release notes here: https://rd.gt/416ObMi
				
2026-08-04 11:00:01 [restartedMain] INFO  o.f.c.i.license.VersionPrinter -
				
2026-08-04 11:00:01 [restartedMain] INFO  org.flywaydb.core.FlywayExecutor -Database: jdbc:mysql://localhost:3306/smartrun_bgr_sandbox (MySQL 9.6)
				
2026-08-04 11:00:01 [restartedMain] WARN  o.f.c.i.database.base.Database -Flyway upgrade recommended: MySQL 9.6 is newer than this version of Flyway and support has not been tested. The latest supported version of MySQL is 8.0.
				
2026-08-04 11:00:01 [restartedMain] INFO  o.f.core.internal.command.DbValidate -Successfully validated 4 migrations (execution time 00:00.024s)
				
2026-08-04 11:00:01 [restartedMain] INFO  o.f.core.internal.command.DbMigrate -Current version of schema `smartrun_bgr_sandbox`: 3
				
2026-08-04 11:00:01 [restartedMain] INFO  o.f.core.internal.command.DbMigrate -Schema `smartrun_bgr_sandbox` is up to date. No migration necessary.
				
2026-08-04 11:00:01 [main] ERROR com.vmfg.VMFGApplication -SmartRun Application Start Exception--->org.springframework.boot.devtools.restart.SilentExitExceptionHandler$SilentExitException
				
2026-08-04 11:00:27 [http-nio-8495-exec-5] INFO  o.a.c.c.C.[.[localhost].[/smartrun] -Initializing Spring DispatcherServlet 'dispatcherServlet'
				
2026-08-04 11:00:27 [http-nio-8495-exec-5] INFO  o.s.web.servlet.DispatcherServlet -Initializing Servlet 'dispatcherServlet'
				
2026-08-04 11:00:27 [http-nio-8495-exec-5] INFO  o.s.web.servlet.DispatcherServlet -Completed initialization in 5 ms
				
2026-08-04 11:00:28 [http-nio-8495-exec-9] INFO  c.v.g.c.NotificationGeneralController -getNotificationDetails   method Start
				
2026-08-04 11:00:28 [http-nio-8495-exec-8] INFO  c.v.g.c.NotificationGeneralController -getNotificationDetails   method Start
				
2026-08-04 11:00:28 [http-nio-8495-exec-10] INFO  c.v.g.c.NotificationGeneralController -getNotificationDetails   method Start
				
2026-08-04 11:00:28 [http-nio-8495-exec-6] INFO  c.v.p.controller.ProjectController -getTimeLineByPM   method Start
				
2026-08-04 11:00:28 [http-nio-8495-exec-1] INFO  c.v.p.controller.ProjectController -getProjectDtl   method Start
				
2026-08-04 11:00:28 [http-nio-8495-exec-6] INFO  c.v.p.controller.ProjectController -getProjTimePlanDropDown   method Start
				
2026-08-04 11:00:28 [http-nio-8495-exec-4] INFO  c.v.p.controller.ProjectController -getProjectInitiationMstResp   method Start
				
2026-08-04 11:00:28 [http-nio-8495-exec-1] INFO  c.v.g.c.DepartmentAndEmployeeInfoController -DepartmentAndEmployeeInfoController   method Start
				
2026-08-04 11:00:28 [http-nio-8495-exec-1] INFO  c.v.g.s.i.DepartmentAndEmployeeService -DepartmentAndEmployeeService  method start
				
2026-08-04 11:00:28 [http-nio-8495-exec-1] INFO  c.v.p.controller.ProjectController -getLinkStatusByPMId   method Start
				
2026-08-04 11:00:28 [http-nio-8495-exec-6] INFO  c.v.g.c.NotificationGeneralController -getNotificationDetails   method Start
				
2026-08-04 11:00:28 [http-nio-8495-exec-4] INFO  c.v.s.c.SalesBudgetSheetController -getKeyCategory   method Start
				
2026-08-04 11:00:28 [http-nio-8495-exec-4] INFO  c.v.s.c.SalesBudgetSheetController -getKeyCategory method End
				
2026-08-04 11:00:28 [http-nio-8495-exec-7] INFO  c.v.g.c.NotificationGeneralController -getNotificationDetails   method Start
				
2026-08-04 11:00:28 [http-nio-8495-exec-3] INFO  c.v.g.c.NotificationGeneralController -getNotificationDetails   method Start
				
2026-08-04 11:00:29 [http-nio-8495-exec-9] INFO  c.v.g.c.NotificationGeneralController -getNotificationDetails   method Start
				
2026-08-04 11:00:29 [http-nio-8495-exec-5] INFO  c.v.g.c.NotificationGeneralController -getNotificationDetails   method Start
				
2026-08-04 11:00:29 [http-nio-8495-exec-2] INFO  c.v.g.c.NotificationGeneralController -getNotificationDetails   method Start
				
2026-08-04 11:00:29 [http-nio-8495-exec-4] INFO  c.v.g.c.NotificationGeneralController -getNotificationDetails   method Start
				
2026-08-04 11:00:29 [http-nio-8495-exec-1] INFO  c.v.g.c.NotificationGeneralController -getNotificationDetails   method Start
				
2026-08-04 11:00:29 [http-nio-8495-exec-10] INFO  c.v.g.c.NotificationGeneralController -getNotificationDetails   method Start
				
2026-08-04 11:00:29 [http-nio-8495-exec-8] INFO  c.v.g.c.NotificationGeneralController -getNotificationDetails   method Start
				
2026-08-04 11:00:36 [http-nio-8495-exec-9] INFO  c.v.g.c.DepartmentAndEmployeeInfoController -DepartmentAndEmployeeInfoController   method Start
				
2026-08-04 11:00:36 [http-nio-8495-exec-3] INFO  c.v.p.controller.ProjectController -getLinkStatusByPMId   method Start
				
2026-08-04 11:00:36 [http-nio-8495-exec-9] INFO  c.v.g.s.i.DepartmentAndEmployeeService -DepartmentAndEmployeeService  method start
				
2026-08-04 11:00:36 [http-nio-8495-exec-7] INFO  c.v.p.controller.ProjectController -getCostFlowTypeByPmHdrId   method Start
				
2026-08-04 11:00:36 [http-nio-8495-exec-2] INFO  c.v.g.c.NotificationGeneralController -getNotificationDetails   method Start
				
2026-08-04 11:00:36 [http-nio-8495-exec-5] INFO  c.v.g.c.NotificationGeneralController -getNotificationDetails   method Start
				
2026-08-04 11:00:36 [http-nio-8495-exec-4] INFO  c.v.g.c.NotificationGeneralController -getNotificationDetails   method Start
				
2026-08-04 11:00:36 [http-nio-8495-exec-9] INFO  c.v.g.c.NotificationGeneralController -getNotificationDetails   method Start
				
2026-08-04 11:00:36 [http-nio-8495-exec-8] INFO  c.v.g.c.NotificationGeneralController -getNotificationDetails   method Start
				
2026-08-04 11:00:37 [http-nio-8495-exec-7] INFO  c.v.g.c.NotificationGeneralController -getNotificationDetails   method Start
				
2026-08-04 11:00:37 [http-nio-8495-exec-6] INFO  c.v.g.c.NotificationGeneralController -getNotificationDetails   method Start
				
2026-08-04 11:00:38 [http-nio-8495-exec-3] INFO  c.v.g.c.NotificationGeneralController -getNotificationDetails   method Start
				
2026-08-04 11:02:14 [http-nio-8495-exec-6] INFO  c.v.g.c.NotificationGeneralController -getNotificationDetails   method Start
				
2026-08-04 11:02:15 [http-nio-8495-exec-10] INFO  c.v.p.controller.ProjectController -getProjectDtl   method Start
				
2026-08-04 11:02:15 [http-nio-8495-exec-1] INFO  c.v.g.services.impl.TileViewService -getProjectTitleView  method start
				
2026-08-04 11:02:15 [http-nio-8495-exec-2] INFO  c.v.s.c.IndentManagementController -getIndentProjectDtlsByDate Controller  method Start
				
2026-08-04 11:02:15 [http-nio-8495-exec-2] INFO  c.v.s.c.IndentManagementController -getIndentProjectDtlsByDate Controller  method end
				
2026-08-04 11:02:15 [http-nio-8495-exec-2] INFO  c.v.g.c.NotificationGeneralController -getNotificationDetails   method Start
				
2026-08-04 11:02:15 [http-nio-8495-exec-1] INFO  c.v.g.c.StageManagementController -getProjectTitleView   method end
				
2026-08-04 11:02:15 [http-nio-8495-exec-9] INFO  c.v.g.c.NotificationGeneralController -getNotificationDetails   method Start
				
2026-08-04 11:02:15 [http-nio-8495-exec-5] INFO  c.v.g.c.NotificationGeneralController -getNotificationDetails   method Start
				
2026-08-04 11:02:20 [http-nio-8495-exec-8] INFO  c.v.p.controller.ProjectController -getProjectDtl   method Start
				
2026-08-04 11:02:20 [http-nio-8495-exec-7] INFO  c.v.g.services.impl.TileViewService -getProjectTitleView  method start
				
2026-08-04 11:02:20 [http-nio-8495-exec-6] INFO  c.v.p.controller.ProjectController -getProjectDtl   method Start
				
2026-08-04 11:02:20 [http-nio-8495-exec-4] INFO  c.v.g.c.NotificationGeneralController -getNotificationDetails   method Start
				
2026-08-04 11:02:20 [http-nio-8495-exec-7] INFO  c.v.g.c.StageManagementController -getProjectTitleView   method end
				
2026-08-04 11:02:20 [http-nio-8495-exec-1] INFO  c.v.g.c.NotificationGeneralController -getNotificationDetails   method Start
				
2026-08-04 11:02:20 [http-nio-8495-exec-10] INFO  c.v.g.c.NotificationGeneralController -getNotificationDetails   method Start
				
2026-08-04 11:02:20 [http-nio-8495-exec-2] INFO  c.v.p.controller.ProjectController -getProjectDtl   method Start
				
2026-08-04 11:02:20 [http-nio-8495-exec-9] INFO  c.v.p.controller.ProjectController -getProjTimePlanDropDown   method Start
				
2026-08-04 11:02:20 [http-nio-8495-exec-2] INFO  c.v.p.controller.ProjectController -getTimeLineByPM   method Start
				
2026-08-04 11:02:20 [http-nio-8495-exec-5] INFO  c.v.p.controller.ProjectController -getProjectInitiationMstResp   method Start
				
2026-08-04 11:02:20 [http-nio-8495-exec-9] INFO  c.v.g.c.DepartmentAndEmployeeInfoController -DepartmentAndEmployeeInfoController   method Start
				
2026-08-04 11:02:20 [http-nio-8495-exec-9] INFO  c.v.g.s.i.DepartmentAndEmployeeService -DepartmentAndEmployeeService  method start
				
2026-08-04 11:02:20 [http-nio-8495-exec-6] INFO  c.v.p.controller.ProjectController -getLinkStatusByPMId   method Start
				
2026-08-04 11:02:20 [http-nio-8495-exec-3] INFO  c.v.g.c.NotificationGeneralController -getNotificationDetails   method Start
				
2026-08-04 11:02:20 [http-nio-8495-exec-7] INFO  c.v.s.c.SalesBudgetSheetController -getKeyCategory   method Start
				
2026-08-04 11:02:20 [http-nio-8495-exec-7] INFO  c.v.s.c.SalesBudgetSheetController -getKeyCategory method End
				
2026-08-04 11:02:20 [http-nio-8495-exec-4] INFO  c.v.g.c.NotificationGeneralController -getNotificationDetails   method Start
				
2026-08-04 11:02:20 [http-nio-8495-exec-2] INFO  c.v.g.c.NotificationGeneralController -getNotificationDetails   method Start
				
2026-08-04 11:02:20 [http-nio-8495-exec-5] INFO  c.v.g.c.NotificationGeneralController -getNotificationDetails   method Start
				
2026-08-04 11:02:20 [http-nio-8495-exec-9] INFO  c.v.g.c.NotificationGeneralController -getNotificationDetails   method Start
				
2026-08-04 11:02:20 [http-nio-8495-exec-8] INFO  c.v.g.c.NotificationGeneralController -getNotificationDetails   method Start
				
2026-08-04 11:02:21 [http-nio-8495-exec-7] INFO  c.v.g.c.NotificationGeneralController -getNotificationDetails   method Start
				
2026-08-04 11:02:21 [http-nio-8495-exec-4] INFO  c.v.g.c.NotificationGeneralController -getNotificationDetails   method Start
				
2026-08-04 11:02:21 [http-nio-8495-exec-1] INFO  c.v.g.c.NotificationGeneralController -getNotificationDetails   method Start
				
2026-08-04 11:02:21 [http-nio-8495-exec-6] INFO  c.v.g.c.NotificationGeneralController -getNotificationDetails   method Start
				
2026-08-04 11:02:21 [http-nio-8495-exec-10] INFO  c.v.g.c.NotificationGeneralController -getNotificationDetails   method Start
				
2026-08-04 11:02:22 [http-nio-8495-exec-4] INFO  c.v.g.c.DepartmentAndEmployeeInfoController -DepartmentAndEmployeeInfoController   method Start
				
2026-08-04 11:02:22 [http-nio-8495-exec-4] INFO  c.v.g.s.i.DepartmentAndEmployeeService -DepartmentAndEmployeeService  method start
				
2026-08-04 11:02:22 [http-nio-8495-exec-5] INFO  c.v.p.controller.ProjectController -getLinkStatusByPMId   method Start
				
2026-08-04 11:02:22 [http-nio-8495-exec-6] INFO  c.v.g.c.NotificationGeneralController -getNotificationDetails   method Start
				
2026-08-04 11:02:22 [http-nio-8495-exec-7] INFO  c.v.p.controller.ProjectController -getCostFlowTypeByPmHdrId   method Start
				
2026-08-04 11:02:22 [http-nio-8495-exec-4] INFO  c.v.g.c.NotificationGeneralController -getNotificationDetails   method Start
				
2026-08-04 11:02:22 [http-nio-8495-exec-10] INFO  c.v.g.c.NotificationGeneralController -getNotificationDetails   method Start
				
2026-08-04 11:02:22 [http-nio-8495-exec-3] INFO  c.v.g.c.NotificationGeneralController -getNotificationDetails   method Start
				
2026-08-04 11:02:22 [http-nio-8495-exec-1] INFO  c.v.g.c.NotificationGeneralController -getNotificationDetails   method Start
				
2026-08-04 11:02:22 [http-nio-8495-exec-8] INFO  c.v.g.c.NotificationGeneralController -getNotificationDetails   method Start
				
2026-08-04 11:02:23 [http-nio-8495-exec-7] INFO  c.v.g.c.NotificationGeneralController -getNotificationDetails   method Start
				
2026-08-04 11:02:23 [http-nio-8495-exec-5] INFO  c.v.g.c.NotificationGeneralController -getNotificationDetails   method Start
				
2026-08-04 11:02:40 [http-nio-8495-exec-4] INFO  c.v.g.c.NotificationGeneralController -getNotificationDetails   method Start
				
2026-08-04 11:02:40 [http-nio-8495-exec-1] INFO  c.v.s.c.IndentManagementController -getIndentProjectDtlsByDate Controller  method Start
				
2026-08-04 11:02:40 [http-nio-8495-exec-10] INFO  c.v.p.controller.ProjectController -getProjectDtl   method Start
				
2026-08-04 11:02:40 [http-nio-8495-exec-3] INFO  c.v.g.services.impl.TileViewService -getProjectTitleView  method start
				
2026-08-04 11:02:40 [http-nio-8495-exec-1] INFO  c.v.s.c.IndentManagementController -getIndentProjectDtlsByDate Controller  method end
				
2026-08-04 11:02:40 [http-nio-8495-exec-8] INFO  c.v.g.c.NotificationGeneralController -getNotificationDetails   method Start
				
2026-08-04 11:02:40 [http-nio-8495-exec-3] INFO  c.v.g.c.StageManagementController -getProjectTitleView   method end
				
2026-08-04 11:02:40 [http-nio-8495-exec-2] INFO  c.v.g.c.NotificationGeneralController -getNotificationDetails   method Start
				
2026-08-04 11:02:41 [http-nio-8495-exec-7] INFO  c.v.g.c.NotificationGeneralController -getNotificationDetails   method Start
				
2026-08-04 11:02:41 [http-nio-8495-exec-5] INFO  c.v.g.services.impl.TileViewService -getProjectTitleView  method start
				
2026-08-04 11:02:41 [http-nio-8495-exec-6] INFO  c.v.p.controller.ProjectController -getProjectDtl   method Start
				
2026-08-04 11:02:41 [http-nio-8495-exec-9] INFO  c.v.p.controller.ProjectController -getProjectDtl   method Start
				
2026-08-04 11:02:42 [http-nio-8495-exec-4] INFO  c.v.g.c.NotificationGeneralController -getNotificationDetails   method Start
				
2026-08-04 11:02:42 [http-nio-8495-exec-5] INFO  c.v.g.c.StageManagementController -getProjectTitleView   method end
				
2026-08-04 11:02:42 [http-nio-8495-exec-1] INFO  c.v.g.c.NotificationGeneralController -getNotificationDetails   method Start
				
2026-08-04 11:02:42 [http-nio-8495-exec-3] INFO  c.v.g.c.NotificationGeneralController -getNotificationDetails   method Start
				
2026-08-04 11:02:42 [http-nio-8495-exec-8] INFO  c.v.g.c.NotificationGeneralController -getNotificationDetails   method Start
				
2026-08-04 11:02:42 [http-nio-8495-exec-7] INFO  c.v.p.controller.ProjectController -getProjectDtl   method Start
				
2026-08-04 11:02:42 [http-nio-8495-exec-9] INFO  c.v.g.c.DepartmentAndEmployeeInfoController -DepartmentAndEmployeeInfoController   method Start
				
2026-08-04 11:02:42 [http-nio-8495-exec-5] INFO  c.v.p.controller.ProjectController -getProjTimePlanDropDown   method Start
				
2026-08-04 11:02:42 [http-nio-8495-exec-6] INFO  c.v.p.controller.ProjectController -getTimeLineByPM   method Start
				
2026-08-04 11:02:42 [http-nio-8495-exec-9] INFO  c.v.g.s.i.DepartmentAndEmployeeService -DepartmentAndEmployeeService  method start
				
2026-08-04 11:02:42 [http-nio-8495-exec-10] INFO  c.v.p.controller.ProjectController -getProjectInitiationMstResp   method Start
				
2026-08-04 11:02:42 [http-nio-8495-exec-2] INFO  c.v.p.controller.ProjectController -getLinkStatusByPMId   method Start
				
2026-08-04 11:02:42 [http-nio-8495-exec-5] INFO  c.v.g.c.NotificationGeneralController -getNotificationDetails   method Start
				
2026-08-04 11:02:42 [http-nio-8495-exec-4] INFO  c.v.s.c.SalesBudgetSheetController -getKeyCategory   method Start
				
2026-08-04 11:02:42 [http-nio-8495-exec-4] INFO  c.v.s.c.SalesBudgetSheetController -getKeyCategory method End
				
2026-08-04 11:02:42 [http-nio-8495-exec-4] INFO  c.v.g.c.NotificationGeneralController -getNotificationDetails   method Start
				
2026-08-04 11:02:42 [http-nio-8495-exec-2] INFO  c.v.g.c.NotificationGeneralController -getNotificationDetails   method Start
				
2026-08-04 11:02:42 [http-nio-8495-exec-1] INFO  c.v.g.c.NotificationGeneralController -getNotificationDetails   method Start
				
2026-08-04 11:02:42 [http-nio-8495-exec-3] INFO  c.v.g.c.NotificationGeneralController -getNotificationDetails   method Start
				
2026-08-04 11:02:42 [http-nio-8495-exec-9] INFO  c.v.g.c.NotificationGeneralController -getNotificationDetails   method Start
				
2026-08-04 11:02:42 [http-nio-8495-exec-5] INFO  c.v.g.c.NotificationGeneralController -getNotificationDetails   method Start
				
2026-08-04 11:02:42 [http-nio-8495-exec-10] INFO  c.v.g.c.NotificationGeneralController -getNotificationDetails   method Start
				
2026-08-04 11:02:42 [http-nio-8495-exec-6] INFO  c.v.g.c.NotificationGeneralController -getNotificationDetails   method Start
				
2026-08-04 11:02:42 [http-nio-8495-exec-7] INFO  c.v.g.c.NotificationGeneralController -getNotificationDetails   method Start
				
2026-08-04 11:02:46 [http-nio-8495-exec-3] INFO  c.v.g.c.DepartmentAndEmployeeInfoController -DepartmentAndEmployeeInfoController   method Start
				
2026-08-04 11:02:46 [http-nio-8495-exec-3] INFO  c.v.g.s.i.DepartmentAndEmployeeService -DepartmentAndEmployeeService  method start
				
2026-08-04 11:02:46 [http-nio-8495-exec-4] INFO  c.v.p.controller.ProjectController -getCostFlowTypeByPmHdrId   method Start
				
2026-08-04 11:02:46 [http-nio-8495-exec-8] INFO  c.v.p.controller.ProjectController -getLinkStatusByPMId   method Start
				
2026-08-04 11:02:46 [http-nio-8495-exec-3] INFO  c.v.g.c.NotificationGeneralController -getNotificationDetails   method Start
				
2026-08-04 11:02:46 [http-nio-8495-exec-2] INFO  c.v.g.c.NotificationGeneralController -getNotificationDetails   method Start
				
2026-08-04 11:02:46 [http-nio-8495-exec-4] INFO  c.v.g.c.NotificationGeneralController -getNotificationDetails   method Start
				
2026-08-04 11:02:46 [http-nio-8495-exec-6] INFO  c.v.g.c.NotificationGeneralController -getNotificationDetails   method Start
				
2026-08-04 11:02:46 [http-nio-8495-exec-10] INFO  c.v.g.c.NotificationGeneralController -getNotificationDetails   method Start
				
2026-08-04 11:02:46 [http-nio-8495-exec-5] INFO  c.v.g.c.NotificationGeneralController -getNotificationDetails   method Start
				
2026-08-04 11:02:46 [http-nio-8495-exec-7] INFO  c.v.g.c.NotificationGeneralController -getNotificationDetails   method Start
				
2026-08-04 11:02:47 [http-nio-8495-exec-9] INFO  c.v.g.c.NotificationGeneralController -getNotificationDetails   method Start
				
2026-08-04 11:05:13 [http-nio-8495-exec-7] INFO  c.v.g.c.NotificationGeneralController -getNotificationDetails   method Start
				
2026-08-04 11:05:13 [http-nio-8495-exec-1] INFO  c.v.p.controller.ProjectController -getProjectDtl   method Start
				
2026-08-04 11:05:13 [http-nio-8495-exec-9] INFO  c.v.g.services.impl.TileViewService -getProjectTitleView  method start
				
2026-08-04 11:05:13 [http-nio-8495-exec-2] INFO  c.v.s.c.IndentManagementController -getIndentProjectDtlsByDate Controller  method Start
				
2026-08-04 11:05:13 [http-nio-8495-exec-2] INFO  c.v.s.c.IndentManagementController -getIndentProjectDtlsByDate Controller  method end
				
2026-08-04 11:05:13 [http-nio-8495-exec-8] INFO  c.v.g.c.NotificationGeneralController -getNotificationDetails   method Start
				
2026-08-04 11:05:13 [http-nio-8495-exec-9] INFO  c.v.g.c.StageManagementController -getProjectTitleView   method end
				
2026-08-04 11:05:13 [http-nio-8495-exec-9] INFO  c.v.g.c.NotificationGeneralController -getNotificationDetails   method Start
				
2026-08-04 11:05:13 [http-nio-8495-exec-3] INFO  c.v.g.c.NotificationGeneralController -getNotificationDetails   method Start
				
2026-08-04 11:05:18 [http-nio-8495-exec-4] INFO  c.v.g.services.impl.TileViewService -getProjectTitleView  method start
				
2026-08-04 11:05:18 [http-nio-8495-exec-10] INFO  c.v.p.controller.ProjectController -getProjectDtl   method Start
				
2026-08-04 11:05:18 [http-nio-8495-exec-6] INFO  c.v.p.controller.ProjectController -getProjectDtl   method Start
				
2026-08-04 11:05:18 [http-nio-8495-exec-5] INFO  c.v.g.c.NotificationGeneralController -getNotificationDetails   method Start
				
2026-08-04 11:05:18 [http-nio-8495-exec-4] INFO  c.v.g.c.StageManagementController -getProjectTitleView   method end
				
2026-08-04 11:05:18 [http-nio-8495-exec-7] INFO  c.v.g.c.NotificationGeneralController -getNotificationDetails   method Start
				
2026-08-04 11:05:18 [http-nio-8495-exec-2] INFO  c.v.g.c.NotificationGeneralController -getNotificationDetails   method Start
				
2026-08-04 11:05:18 [http-nio-8495-exec-8] INFO  c.v.g.c.NotificationGeneralController -getNotificationDetails   method Start
				
2026-08-04 11:05:18 [http-nio-8495-exec-3] INFO  c.v.p.controller.ProjectController -getProjectDtl   method Start
				
2026-08-04 11:05:18 [http-nio-8495-exec-6] INFO  c.v.p.controller.ProjectController -getTimeLineByPM   method Start
				
2026-08-04 11:05:18 [http-nio-8495-exec-4] INFO  c.v.p.controller.ProjectController -getProjTimePlanDropDown   method Start
				
2026-08-04 11:05:18 [http-nio-8495-exec-10] INFO  c.v.g.c.DepartmentAndEmployeeInfoController -DepartmentAndEmployeeInfoController   method Start
				
2026-08-04 11:05:18 [http-nio-8495-exec-10] INFO  c.v.g.s.i.DepartmentAndEmployeeService -DepartmentAndEmployeeService  method start
				
2026-08-04 11:05:18 [http-nio-8495-exec-1] INFO  c.v.p.controller.ProjectController -getProjectInitiationMstResp   method Start
				
2026-08-04 11:05:18 [http-nio-8495-exec-6] INFO  c.v.s.c.SalesBudgetSheetController -getKeyCategory   method Start
				
2026-08-04 11:05:18 [http-nio-8495-exec-9] INFO  c.v.p.controller.ProjectController -getLinkStatusByPMId   method Start
				
2026-08-04 11:05:18 [http-nio-8495-exec-6] INFO  c.v.s.c.SalesBudgetSheetController -getKeyCategory method End
				
2026-08-04 11:05:18 [http-nio-8495-exec-4] INFO  c.v.g.c.NotificationGeneralController -getNotificationDetails   method Start
				
2026-08-04 11:05:18 [http-nio-8495-exec-5] INFO  c.v.g.c.NotificationGeneralController -getNotificationDetails   method Start
				
2026-08-04 11:05:18 [http-nio-8495-exec-1] INFO  c.v.g.c.NotificationGeneralController -getNotificationDetails   method Start
				
2026-08-04 11:05:18 [http-nio-8495-exec-10] INFO  c.v.g.c.NotificationGeneralController -getNotificationDetails   method Start
				
2026-08-04 11:05:18 [http-nio-8495-exec-2] INFO  c.v.g.c.NotificationGeneralController -getNotificationDetails   method Start
				
2026-08-04 11:05:18 [http-nio-8495-exec-3] INFO  c.v.g.c.NotificationGeneralController -getNotificationDetails   method Start
				
2026-08-04 11:05:18 [http-nio-8495-exec-6] INFO  c.v.g.c.NotificationGeneralController -getNotificationDetails   method Start
				
2026-08-04 11:05:18 [http-nio-8495-exec-7] INFO  c.v.g.c.NotificationGeneralController -getNotificationDetails   method Start
				
2026-08-04 11:05:19 [http-nio-8495-exec-9] INFO  c.v.g.c.NotificationGeneralController -getNotificationDetails   method Start
				
2026-08-04 11:05:19 [http-nio-8495-exec-8] INFO  c.v.g.c.NotificationGeneralController -getNotificationDetails   method Start
				
2026-08-04 11:05:21 [http-nio-8495-exec-3] INFO  c.v.g.c.DepartmentAndEmployeeInfoController -DepartmentAndEmployeeInfoController   method Start
				
2026-08-04 11:05:21 [http-nio-8495-exec-3] INFO  c.v.g.s.i.DepartmentAndEmployeeService -DepartmentAndEmployeeService  method start
				
2026-08-04 11:05:21 [http-nio-8495-exec-7] INFO  c.v.g.c.NotificationGeneralController -getNotificationDetails   method Start
				
2026-08-04 11:05:21 [http-nio-8495-exec-6] INFO  c.v.g.c.NotificationGeneralController -getNotificationDetails   method Start
				
2026-08-04 11:05:21 [http-nio-8495-exec-10] INFO  c.v.p.controller.ProjectController -getCostFlowTypeByPmHdrId   method Start
				
2026-08-04 11:05:21 [http-nio-8495-exec-5] INFO  c.v.p.controller.ProjectController -getLinkStatusByPMId   method Start
				
2026-08-04 11:05:21 [http-nio-8495-exec-9] INFO  c.v.g.c.NotificationGeneralController -getNotificationDetails   method Start
				
2026-08-04 11:05:21 [http-nio-8495-exec-5] INFO  c.v.g.c.NotificationGeneralController -getNotificationDetails   method Start
				
2026-08-04 11:05:22 [http-nio-8495-exec-7] INFO  c.v.g.c.NotificationGeneralController -getNotificationDetails   method Start
				
2026-08-04 11:05:22 [http-nio-8495-exec-9] INFO  c.v.g.c.NotificationGeneralController -getNotificationDetails   method Start
				
2026-08-04 11:05:23 [http-nio-8495-exec-8] INFO  c.v.g.c.NotificationGeneralController -getNotificationDetails   method Start
				
2026-08-04 11:05:23 [http-nio-8495-exec-3] INFO  c.v.g.c.NotificationGeneralController -getNotificationDetails   method Start
				
2026-08-04 11:06:18 [http-nio-8495-exec-10] INFO  c.v.g.c.NotificationGeneralController -getNotificationDetails   method Start
				
2026-08-04 11:06:19 [http-nio-8495-exec-5] INFO  c.v.s.c.IndentManagementController -getIndentProjectDtlsByDate Controller  method Start
				
2026-08-04 11:06:19 [http-nio-8495-exec-6] INFO  c.v.p.controller.ProjectController -getProjectDtl   method Start
				
2026-08-04 11:06:19 [http-nio-8495-exec-7] INFO  c.v.g.services.impl.TileViewService -getProjectTitleView  method start
				
2026-08-04 11:06:19 [http-nio-8495-exec-5] INFO  c.v.s.c.IndentManagementController -getIndentProjectDtlsByDate Controller  method end
				
2026-08-04 11:06:19 [http-nio-8495-exec-9] INFO  c.v.g.c.NotificationGeneralController -getNotificationDetails   method Start
				
2026-08-04 11:06:19 [http-nio-8495-exec-7] INFO  c.v.g.c.StageManagementController -getProjectTitleView   method end
				
2026-08-04 11:06:19 [http-nio-8495-exec-4] INFO  c.v.g.c.NotificationGeneralController -getNotificationDetails   method Start
				
2026-08-04 11:06:19 [http-nio-8495-exec-6] INFO  c.v.g.c.NotificationGeneralController -getNotificationDetails   method Start
				
2026-08-04 11:06:20 [http-nio-8495-exec-3] INFO  c.v.g.services.impl.TileViewService -getProjectTitleView  method start
				
2026-08-04 11:06:20 [http-nio-8495-exec-2] INFO  c.v.p.controller.ProjectController -getProjectDtl   method Start
				
2026-08-04 11:06:20 [http-nio-8495-exec-8] INFO  c.v.p.controller.ProjectController -getProjectDtl   method Start
				
2026-08-04 11:06:20 [http-nio-8495-exec-1] INFO  c.v.g.c.NotificationGeneralController -getNotificationDetails   method Start
				
2026-08-04 11:06:20 [http-nio-8495-exec-3] INFO  c.v.g.c.StageManagementController -getProjectTitleView   method end
				
2026-08-04 11:06:20 [http-nio-8495-exec-10] INFO  c.v.g.c.NotificationGeneralController -getNotificationDetails   method Start
				
2026-08-04 11:06:20 [http-nio-8495-exec-5] INFO  c.v.g.c.NotificationGeneralController -getNotificationDetails   method Start
				
2026-08-04 11:06:20 [http-nio-8495-exec-9] INFO  c.v.g.c.NotificationGeneralController -getNotificationDetails   method Start
				
2026-08-04 11:06:20 [http-nio-8495-exec-6] INFO  c.v.p.controller.ProjectController -getProjectDtl   method Start
				
2026-08-04 11:06:21 [http-nio-8495-exec-6] INFO  c.v.p.controller.ProjectController -getProjTimePlanDropDown   method Start
				
2026-08-04 11:06:21 [http-nio-8495-exec-4] INFO  c.v.p.controller.ProjectController -getTimeLineByPM   method Start
				
2026-08-04 11:06:21 [http-nio-8495-exec-2] INFO  c.v.g.c.DepartmentAndEmployeeInfoController -DepartmentAndEmployeeInfoController   method Start
				
2026-08-04 11:06:21 [http-nio-8495-exec-3] INFO  c.v.p.controller.ProjectController -getProjectInitiationMstResp   method Start
				
2026-08-04 11:06:21 [http-nio-8495-exec-2] INFO  c.v.g.s.i.DepartmentAndEmployeeService -DepartmentAndEmployeeService  method start
				
2026-08-04 11:06:21 [http-nio-8495-exec-2] INFO  c.v.p.controller.ProjectController -getLinkStatusByPMId   method Start
				
2026-08-04 11:06:21 [http-nio-8495-exec-8] INFO  c.v.s.c.SalesBudgetSheetController -getKeyCategory   method Start
				
2026-08-04 11:06:21 [http-nio-8495-exec-8] INFO  c.v.s.c.SalesBudgetSheetController -getKeyCategory method End
				
2026-08-04 11:06:21 [http-nio-8495-exec-7] INFO  c.v.g.c.NotificationGeneralController -getNotificationDetails   method Start
				
2026-08-04 11:06:21 [http-nio-8495-exec-6] INFO  c.v.g.c.NotificationGeneralController -getNotificationDetails   method Start
				
2026-08-04 11:06:21 [http-nio-8495-exec-2] INFO  c.v.g.c.NotificationGeneralController -getNotificationDetails   method Start
				
2026-08-04 11:06:21 [http-nio-8495-exec-4] INFO  c.v.g.c.NotificationGeneralController -getNotificationDetails   method Start
				
2026-08-04 11:06:21 [http-nio-8495-exec-5] INFO  c.v.g.c.NotificationGeneralController -getNotificationDetails   method Start
				
2026-08-04 11:06:21 [http-nio-8495-exec-3] INFO  c.v.g.c.NotificationGeneralController -getNotificationDetails   method Start
				
2026-08-04 11:06:21 [http-nio-8495-exec-8] INFO  c.v.g.c.NotificationGeneralController -getNotificationDetails   method Start
				
2026-08-04 11:06:21 [http-nio-8495-exec-10] INFO  c.v.g.c.NotificationGeneralController -getNotificationDetails   method Start
				
2026-08-04 11:06:21 [http-nio-8495-exec-1] INFO  c.v.g.c.NotificationGeneralController -getNotificationDetails   method Start
				
2026-08-04 11:06:21 [http-nio-8495-exec-9] INFO  c.v.g.c.NotificationGeneralController -getNotificationDetails   method Start
				
2026-08-04 11:06:24 [http-nio-8495-exec-8] INFO  c.v.g.c.NotificationGeneralController -getNotificationDetails   method Start
				
2026-08-04 11:06:24 [http-nio-8495-exec-2] INFO  c.v.p.controller.ProjectController -getTimeTrackerByProjectId   method Start
				
2026-08-04 11:06:24 [http-nio-8495-exec-4] INFO  c.v.g.c.NotificationGeneralController -getNotificationDetails   method Start
				
2026-08-04 11:06:24 [http-nio-8495-exec-10] INFO  c.v.g.c.NotificationGeneralController -getNotificationDetails   method Start
				
2026-08-04 11:06:24 [http-nio-8495-exec-5] INFO  c.v.p.controller.ProjectController -updateDesignHdr   method Start
				
2026-08-04 11:06:24 [http-nio-8495-exec-2] INFO  c.v.p.controller.ProjectController -updateAssyMstResp   method Start
				
2026-08-04 11:06:24 [http-nio-8495-exec-5] INFO  c.v.p.service.impl.ProjectService -otheremp []
				
2026-08-04 11:06:24 [http-nio-8495-exec-1] INFO  c.v.g.c.NotificationGeneralController -getNotificationDetails   method Start
				
2026-08-04 11:06:24 [http-nio-8495-exec-9] INFO  c.v.g.c.NotificationGeneralController -getNotificationDetails   method Start
				
2026-08-04 11:06:24 [http-nio-8495-exec-7] INFO  c.v.g.c.NotificationGeneralController -getNotificationDetails   method Start
				
2026-08-04 11:06:25 [http-nio-8495-exec-3] INFO  c.v.g.c.NotificationGeneralController -getNotificationDetails   method Start
				
2026-08-04 11:06:39 [http-nio-8495-exec-8] INFO  c.v.p.controller.ProjectController -getLinkStatusByPMId   method Start
				
2026-08-04 11:06:39 [http-nio-8495-exec-1] INFO  c.v.g.c.DepartmentAndEmployeeInfoController -DepartmentAndEmployeeInfoController   method Start
				
2026-08-04 11:06:39 [http-nio-8495-exec-1] INFO  c.v.g.s.i.DepartmentAndEmployeeService -DepartmentAndEmployeeService  method start
				
2026-08-04 11:06:39 [http-nio-8495-exec-9] INFO  c.v.p.controller.ProjectController -getCostFlowTypeByPmHdrId   method Start
				
2026-08-04 11:06:39 [http-nio-8495-exec-7] INFO  c.v.g.c.NotificationGeneralController -getNotificationDetails   method Start
				
2026-08-04 11:06:39 [http-nio-8495-exec-3] INFO  c.v.g.c.NotificationGeneralController -getNotificationDetails   method Start
				
2026-08-04 11:06:39 [http-nio-8495-exec-6] INFO  c.v.g.c.NotificationGeneralController -getNotificationDetails   method Start
				
2026-08-04 11:06:39 [http-nio-8495-exec-2] INFO  c.v.g.c.NotificationGeneralController -getNotificationDetails   method Start
				
2026-08-04 11:06:39 [http-nio-8495-exec-10] INFO  c.v.g.c.NotificationGeneralController -getNotificationDetails   method Start
				
2026-08-04 11:06:39 [http-nio-8495-exec-1] INFO  c.v.g.c.NotificationGeneralController -getNotificationDetails   method Start
				
2026-08-04 11:06:40 [http-nio-8495-exec-9] INFO  c.v.g.c.NotificationGeneralController -getNotificationDetails   method Start
				
2026-08-04 11:10:17 [http-nio-8495-exec-9] INFO  c.v.g.c.NotificationGeneralController -getNotificationDetails   method Start
				
2026-08-04 11:10:17 [http-nio-8495-exec-8] INFO  c.v.g.c.NotificationGeneralController -getNotificationDetails   method Start
				
2026-08-04 11:10:17 [http-nio-8495-exec-4] INFO  c.v.g.c.NotificationGeneralController -getNotificationDetails   method Start
				
2026-08-04 11:10:17 [http-nio-8495-exec-3] INFO  c.v.p.controller.ProjectController -getProjectDtl   method Start
				
2026-08-04 11:10:17 [http-nio-8495-exec-2] INFO  c.v.p.controller.ProjectController -getTimeLineByPM   method Start
				
2026-08-04 11:10:17 [http-nio-8495-exec-6] INFO  c.v.p.controller.ProjectController -getProjTimePlanDropDown   method Start
				
2026-08-04 11:10:17 [http-nio-8495-exec-10] INFO  c.v.p.controller.ProjectController -getProjectInitiationMstResp   method Start
				
2026-08-04 11:10:17 [http-nio-8495-exec-5] INFO  c.v.g.c.DepartmentAndEmployeeInfoController -DepartmentAndEmployeeInfoController   method Start
				
2026-08-04 11:10:17 [http-nio-8495-exec-5] INFO  c.v.g.s.i.DepartmentAndEmployeeService -DepartmentAndEmployeeService  method start
				
2026-08-04 11:10:17 [http-nio-8495-exec-2] INFO  c.v.p.controller.ProjectController -getLinkStatusByPMId   method Start
				
2026-08-04 11:10:17 [http-nio-8495-exec-7] INFO  c.v.s.c.SalesBudgetSheetController -getKeyCategory   method Start
				
2026-08-04 11:10:17 [http-nio-8495-exec-1] INFO  c.v.g.c.NotificationGeneralController -getNotificationDetails   method Start
				
2026-08-04 11:10:17 [http-nio-8495-exec-7] INFO  c.v.s.c.SalesBudgetSheetController -getKeyCategory method End
				
2026-08-04 11:10:17 [http-nio-8495-exec-6] INFO  c.v.g.c.NotificationGeneralController -getNotificationDetails   method Start
				
2026-08-04 11:10:17 [http-nio-8495-exec-5] INFO  c.v.g.c.NotificationGeneralController -getNotificationDetails   method Start
				
2026-08-04 11:10:17 [http-nio-8495-exec-10] INFO  c.v.g.c.NotificationGeneralController -getNotificationDetails   method Start
				
2026-08-04 11:10:17 [http-nio-8495-exec-3] INFO  c.v.g.c.NotificationGeneralController -getNotificationDetails   method Start
				
2026-08-04 11:10:17 [http-nio-8495-exec-7] INFO  c.v.g.c.NotificationGeneralController -getNotificationDetails   method Start
				
2026-08-04 11:10:17 [http-nio-8495-exec-2] INFO  c.v.g.c.NotificationGeneralController -getNotificationDetails   method Start
				
2026-08-04 11:10:17 [http-nio-8495-exec-9] INFO  c.v.g.c.NotificationGeneralController -getNotificationDetails   method Start
				
2026-08-04 11:10:17 [http-nio-8495-exec-8] INFO  c.v.g.c.NotificationGeneralController -getNotificationDetails   method Start
				
2026-08-04 11:10:17 [http-nio-8495-exec-10] INFO  c.v.g.c.NotificationGeneralController -getNotificationDetails   method Start
				
2026-08-04 11:10:53 [http-nio-8495-exec-5] INFO  c.v.g.c.DepartmentAndEmployeeInfoController -DepartmentAndEmployeeInfoController   method Start
				
2026-08-04 11:10:53 [http-nio-8495-exec-5] INFO  c.v.g.s.i.DepartmentAndEmployeeService -DepartmentAndEmployeeService  method start
				
2026-08-04 11:10:53 [http-nio-8495-exec-2] INFO  c.v.g.c.NotificationGeneralController -getNotificationDetails   method Start
				
2026-08-04 11:10:53 [http-nio-8495-exec-8] INFO  c.v.p.controller.ProjectController -getLinkStatusByPMId   method Start
				
2026-08-04 11:10:53 [http-nio-8495-exec-9] INFO  c.v.p.controller.ProjectController -getCostFlowTypeByPmHdrId   method Start
				
2026-08-04 11:10:53 [http-nio-8495-exec-10] INFO  c.v.g.c.NotificationGeneralController -getNotificationDetails   method Start
				
2026-08-04 11:10:53 [http-nio-8495-exec-9] INFO  c.v.g.c.NotificationGeneralController -getNotificationDetails   method Start
				
2026-08-04 11:10:53 [http-nio-8495-exec-3] INFO  c.v.g.c.NotificationGeneralController -getNotificationDetails   method Start
				
2026-08-04 11:10:53 [http-nio-8495-exec-4] INFO  c.v.g.c.NotificationGeneralController -getNotificationDetails   method Start
				
2026-08-04 11:10:53 [http-nio-8495-exec-7] INFO  c.v.g.c.NotificationGeneralController -getNotificationDetails   method Start
				
2026-08-04 11:10:53 [http-nio-8495-exec-5] INFO  c.v.g.c.NotificationGeneralController -getNotificationDetails   method Start
				
2026-08-04 11:10:54 [http-nio-8495-exec-8] INFO  c.v.g.c.NotificationGeneralController -getNotificationDetails   method Start
				
2026-08-04 11:12:03 [http-nio-8495-exec-8] INFO  c.v.g.c.NotificationGeneralController -getNotificationDetails   method Start
				
2026-08-04 11:12:03 [http-nio-8495-exec-2] INFO  c.v.g.c.NotificationGeneralController -getNotificationDetails   method Start
				
2026-08-04 11:12:03 [http-nio-8495-exec-6] INFO  c.v.g.c.NotificationGeneralController -getNotificationDetails   method Start
				
2026-08-04 11:12:03 [http-nio-8495-exec-3] INFO  c.v.p.controller.ProjectController -getTimeLineByPM   method Start
				
2026-08-04 11:12:03 [http-nio-8495-exec-9] INFO  c.v.p.controller.ProjectController -getProjectDtl   method Start
				
2026-08-04 11:12:03 [http-nio-8495-exec-4] INFO  c.v.g.c.DepartmentAndEmployeeInfoController -DepartmentAndEmployeeInfoController   method Start
				
2026-08-04 11:12:03 [http-nio-8495-exec-4] INFO  c.v.g.s.i.DepartmentAndEmployeeService -DepartmentAndEmployeeService  method start
				
2026-08-04 11:12:03 [http-nio-8495-exec-10] INFO  c.v.p.controller.ProjectController -getProjTimePlanDropDown   method Start
				
2026-08-04 11:12:03 [http-nio-8495-exec-5] INFO  c.v.p.controller.ProjectController -getProjectInitiationMstResp   method Start
				
2026-08-04 11:12:03 [http-nio-8495-exec-9] INFO  c.v.s.c.SalesBudgetSheetController -getKeyCategory   method Start
				
2026-08-04 11:12:03 [http-nio-8495-exec-3] INFO  c.v.p.controller.ProjectController -getLinkStatusByPMId   method Start
				
2026-08-04 11:12:03 [http-nio-8495-exec-9] INFO  c.v.s.c.SalesBudgetSheetController -getKeyCategory method End
				
2026-08-04 11:12:03 [http-nio-8495-exec-4] INFO  c.v.g.c.NotificationGeneralController -getNotificationDetails   method Start
				
2026-08-04 11:12:03 [http-nio-8495-exec-10] INFO  c.v.g.c.NotificationGeneralController -getNotificationDetails   method Start
				
2026-08-04 11:12:03 [http-nio-8495-exec-5] INFO  c.v.g.c.NotificationGeneralController -getNotificationDetails   method Start
				
2026-08-04 11:12:03 [http-nio-8495-exec-7] INFO  c.v.g.c.NotificationGeneralController -getNotificationDetails   method Start
				
2026-08-04 11:12:03 [http-nio-8495-exec-1] INFO  c.v.g.c.NotificationGeneralController -getNotificationDetails   method Start
				
2026-08-04 11:12:03 [http-nio-8495-exec-9] INFO  c.v.g.c.NotificationGeneralController -getNotificationDetails   method Start
				
2026-08-04 11:12:04 [http-nio-8495-exec-3] INFO  c.v.g.c.NotificationGeneralController -getNotificationDetails   method Start
				
2026-08-04 11:12:04 [http-nio-8495-exec-2] INFO  c.v.g.c.NotificationGeneralController -getNotificationDetails   method Start
				
2026-08-04 11:12:04 [http-nio-8495-exec-6] INFO  c.v.g.c.NotificationGeneralController -getNotificationDetails   method Start
				
2026-08-04 11:12:04 [http-nio-8495-exec-8] INFO  c.v.g.c.NotificationGeneralController -getNotificationDetails   method Start
				
2026-08-04 11:12:34 [http-nio-8495-exec-10] INFO  c.v.g.c.NotificationGeneralController -getNotificationDetails   method Start
				
2026-08-04 11:12:34 [http-nio-8495-exec-9] INFO  c.v.g.c.NotificationGeneralController -getNotificationDetails   method Start
				
2026-08-04 11:12:34 [http-nio-8495-exec-7] INFO  c.v.g.c.NotificationGeneralController -getNotificationDetails   method Start
				
2026-08-04 11:12:34 [http-nio-8495-exec-6] INFO  c.v.p.controller.ProjectController -getTimeLineByPM   method Start
				
2026-08-04 11:12:34 [http-nio-8495-exec-3] INFO  c.v.p.controller.ProjectController -getProjectDtl   method Start
				
2026-08-04 11:12:34 [http-nio-8495-exec-6] INFO  c.v.p.controller.ProjectController -getProjectInitiationMstResp   method Start
				
2026-08-04 11:12:34 [http-nio-8495-exec-1] INFO  c.v.p.controller.ProjectController -getProjTimePlanDropDown   method Start
				
2026-08-04 11:12:34 [http-nio-8495-exec-3] INFO  c.v.g.c.DepartmentAndEmployeeInfoController -DepartmentAndEmployeeInfoController   method Start
				
2026-08-04 11:12:34 [http-nio-8495-exec-3] INFO  c.v.g.s.i.DepartmentAndEmployeeService -DepartmentAndEmployeeService  method start
				
2026-08-04 11:12:34 [http-nio-8495-exec-6] INFO  c.v.p.controller.ProjectController -getLinkStatusByPMId   method Start
				
2026-08-04 11:12:34 [http-nio-8495-exec-5] INFO  c.v.s.c.SalesBudgetSheetController -getKeyCategory   method Start
				
2026-08-04 11:12:34 [http-nio-8495-exec-4] INFO  c.v.g.c.NotificationGeneralController -getNotificationDetails   method Start
				
2026-08-04 11:12:34 [http-nio-8495-exec-5] INFO  c.v.s.c.SalesBudgetSheetController -getKeyCategory method End
				
2026-08-04 11:12:34 [http-nio-8495-exec-8] INFO  c.v.g.c.NotificationGeneralController -getNotificationDetails   method Start
				
2026-08-04 11:12:34 [http-nio-8495-exec-1] INFO  c.v.g.c.NotificationGeneralController -getNotificationDetails   method Start
				
2026-08-04 11:12:34 [http-nio-8495-exec-3] INFO  c.v.g.c.NotificationGeneralController -getNotificationDetails   method Start
				
2026-08-04 11:12:34 [http-nio-8495-exec-2] INFO  c.v.g.c.NotificationGeneralController -getNotificationDetails   method Start
				
2026-08-04 11:12:34 [http-nio-8495-exec-5] INFO  c.v.g.c.NotificationGeneralController -getNotificationDetails   method Start
				
2026-08-04 11:12:34 [http-nio-8495-exec-4] INFO  c.v.g.c.NotificationGeneralController -getNotificationDetails   method Start
				
2026-08-04 11:12:34 [http-nio-8495-exec-6] INFO  c.v.g.c.NotificationGeneralController -getNotificationDetails   method Start
				
2026-08-04 11:12:34 [http-nio-8495-exec-9] INFO  c.v.g.c.NotificationGeneralController -getNotificationDetails   method Start
				
2026-08-04 11:12:35 [http-nio-8495-exec-7] INFO  c.v.g.c.NotificationGeneralController -getNotificationDetails   method Start
				
2026-08-04 11:12:36 [http-nio-8495-exec-5] INFO  c.v.g.c.DepartmentAndEmployeeInfoController -DepartmentAndEmployeeInfoController   method Start
				
2026-08-04 11:12:36 [http-nio-8495-exec-5] INFO  c.v.g.s.i.DepartmentAndEmployeeService -DepartmentAndEmployeeService  method start
				
2026-08-04 11:12:36 [http-nio-8495-exec-10] INFO  c.v.p.controller.ProjectController -getLinkStatusByPMId   method Start
				
2026-08-04 11:12:36 [http-nio-8495-exec-5] INFO  c.v.g.c.NotificationGeneralController -getNotificationDetails   method Start
				
2026-08-04 11:12:36 [http-nio-8495-exec-1] INFO  c.v.p.controller.ProjectController -getCostFlowTypeByPmHdrId   method Start
				
2026-08-04 11:12:36 [http-nio-8495-exec-4] INFO  c.v.g.c.NotificationGeneralController -getNotificationDetails   method Start
				
2026-08-04 11:12:36 [http-nio-8495-exec-6] INFO  c.v.g.c.NotificationGeneralController -getNotificationDetails   method Start
				
2026-08-04 11:12:36 [http-nio-8495-exec-9] INFO  c.v.g.c.NotificationGeneralController -getNotificationDetails   method Start
				
2026-08-04 11:12:36 [http-nio-8495-exec-7] INFO  c.v.g.c.NotificationGeneralController -getNotificationDetails   method Start
				
2026-08-04 11:12:36 [http-nio-8495-exec-3] INFO  c.v.g.c.NotificationGeneralController -getNotificationDetails   method Start
				
2026-08-04 11:12:36 [http-nio-8495-exec-1] INFO  c.v.g.c.NotificationGeneralController -getNotificationDetails   method Start
				
2026-08-04 11:12:37 [http-nio-8495-exec-2] INFO  c.v.g.c.NotificationGeneralController -getNotificationDetails   method Start
				
2026-08-04 11:13:00 [http-nio-8495-exec-3] INFO  c.v.g.c.NotificationGeneralController -getNotificationDetails   method Start
				
2026-08-04 11:13:00 [http-nio-8495-exec-1] INFO  c.v.g.c.NotificationGeneralController -getNotificationDetails   method Start
				
2026-08-04 11:13:00 [http-nio-8495-exec-8] INFO  c.v.g.c.NotificationGeneralController -getNotificationDetails   method Start
				
2026-08-04 11:13:00 [http-nio-8495-exec-10] INFO  c.v.p.controller.ProjectController -getTimeLineByPM   method Start
				
2026-08-04 11:13:00 [http-nio-8495-exec-4] INFO  c.v.p.controller.ProjectController -getProjectDtl   method Start
				
2026-08-04 11:13:00 [http-nio-8495-exec-5] INFO  c.v.p.controller.ProjectController -getProjTimePlanDropDown   method Start
				
2026-08-04 11:13:00 [http-nio-8495-exec-6] INFO  c.v.p.controller.ProjectController -getProjectInitiationMstResp   method Start
				
2026-08-04 11:13:00 [http-nio-8495-exec-9] INFO  c.v.g.c.DepartmentAndEmployeeInfoController -DepartmentAndEmployeeInfoController   method Start
				
2026-08-04 11:13:00 [http-nio-8495-exec-9] INFO  c.v.g.s.i.DepartmentAndEmployeeService -DepartmentAndEmployeeService  method start
				
2026-08-04 11:13:00 [http-nio-8495-exec-4] INFO  c.v.p.controller.ProjectController -getLinkStatusByPMId   method Start
				
2026-08-04 11:13:00 [http-nio-8495-exec-5] INFO  c.v.s.c.SalesBudgetSheetController -getKeyCategory   method Start
				
2026-08-04 11:13:00 [http-nio-8495-exec-5] INFO  c.v.s.c.SalesBudgetSheetController -getKeyCategory method End
				
2026-08-04 11:13:00 [http-nio-8495-exec-9] INFO  c.v.g.c.NotificationGeneralController -getNotificationDetails   method Start
				
2026-08-04 11:13:00 [http-nio-8495-exec-2] INFO  c.v.g.c.NotificationGeneralController -getNotificationDetails   method Start
				
2026-08-04 11:13:00 [http-nio-8495-exec-6] INFO  c.v.g.c.NotificationGeneralController -getNotificationDetails   method Start
				
2026-08-04 11:13:01 [http-nio-8495-exec-10] INFO  c.v.g.c.NotificationGeneralController -getNotificationDetails   method Start
				
2026-08-04 11:13:01 [http-nio-8495-exec-7] INFO  c.v.g.c.NotificationGeneralController -getNotificationDetails   method Start
				
2026-08-04 11:13:01 [http-nio-8495-exec-4] INFO  c.v.g.c.NotificationGeneralController -getNotificationDetails   method Start
				
2026-08-04 11:13:01 [http-nio-8495-exec-5] INFO  c.v.g.c.NotificationGeneralController -getNotificationDetails   method Start
				
2026-08-04 11:13:01 [http-nio-8495-exec-3] INFO  c.v.g.c.NotificationGeneralController -getNotificationDetails   method Start
				
2026-08-04 11:13:01 [http-nio-8495-exec-8] INFO  c.v.g.c.NotificationGeneralController -getNotificationDetails   method Start
				
2026-08-04 11:13:01 [http-nio-8495-exec-1] INFO  c.v.g.c.NotificationGeneralController -getNotificationDetails   method Start
				
2026-08-04 11:13:02 [http-nio-8495-exec-4] INFO  c.v.g.c.DepartmentAndEmployeeInfoController -DepartmentAndEmployeeInfoController   method Start
				
2026-08-04 11:13:02 [http-nio-8495-exec-4] INFO  c.v.g.s.i.DepartmentAndEmployeeService -DepartmentAndEmployeeService  method start
				
2026-08-04 11:13:02 [http-nio-8495-exec-5] INFO  c.v.p.controller.ProjectController -getLinkStatusByPMId   method Start
				
2026-08-04 11:13:02 [http-nio-8495-exec-1] INFO  c.v.g.c.NotificationGeneralController -getNotificationDetails   method Start
				
2026-08-04 11:13:02 [http-nio-8495-exec-8] INFO  c.v.g.c.NotificationGeneralController -getNotificationDetails   method Start
				
2026-08-04 11:13:02 [http-nio-8495-exec-3] INFO  c.v.p.controller.ProjectController -getCostFlowTypeByPmHdrId   method Start
				
2026-08-04 11:13:02 [http-nio-8495-exec-9] INFO  c.v.g.c.NotificationGeneralController -getNotificationDetails   method Start
				
2026-08-04 11:13:03 [http-nio-8495-exec-4] INFO  c.v.g.c.NotificationGeneralController -getNotificationDetails   method Start
				
2026-08-04 11:13:03 [http-nio-8495-exec-10] INFO  c.v.g.c.NotificationGeneralController -getNotificationDetails   method Start
				
2026-08-04 11:13:03 [http-nio-8495-exec-6] INFO  c.v.g.c.NotificationGeneralController -getNotificationDetails   method Start
				
2026-08-04 11:13:03 [http-nio-8495-exec-3] INFO  c.v.g.c.NotificationGeneralController -getNotificationDetails   method Start
				
2026-08-04 11:13:04 [http-nio-8495-exec-5] INFO  c.v.g.c.NotificationGeneralController -getNotificationDetails   method Start
				
2026-08-04 11:13:07 [SpringApplicationShutdownHook] INFO  com.zaxxer.hikari.HikariDataSource -HikariPool-1 - Shutdown initiated...
				
2026-08-04 11:13:07 [SpringApplicationShutdownHook] INFO  com.zaxxer.hikari.HikariDataSource -HikariPool-1 - Shutdown completed.
				
2026-08-04 11:13:11 [background-preinit] INFO  o.h.validator.internal.util.Version -HV000001: Hibernate Validator 6.2.3.Final
				
2026-08-04 11:13:11 [restartedMain] INFO  o.s.boot.SpringApplication -

                                ooooooo &&&&&&&&                              
                              oo     oo &.     &                              
                    ooooooo  oo      oo &:     &&                             
                 oo        oooo      oo &&       *&&&&  &&&&&&                
               oo            oo      oo &&                    &&&             
              oo                     oo &&&&&                  &o             
              oo                     oo &&     &&&&&           &              
              oo           ooo       oo &&           &&&       &&             
           ooooo           o:        oo &&              &        &&           
       ooo     *oo       oo          oo &&                        &&&&&&&     
     oo           ooooooo            oo &&                              &&    
    o&                                      &&&&*       &&               &&   
   oo                                            &&       &&              &&  
   o     ooooo                  @     @@    @@     &&:     &&           &&    
  oo ooo       ooo          @@@@@@@@@@@@@@@@@@@@@    &&     &&         &&     
  ooo            oo         @@ @@@ @@@@@@@@@@@  @     &&     &&         &     
  oo               o      @@@@ @@@ @@@@@@@@@@@  @@@    &&     &         &&    
  o&               oo       @@ @@@ @@@@@@@@@@@  @       &     &         &&    
  oo               oo       @@ @@ @ @@@@        @       &&                &&& 
  oo                      @@@@ @@@@@@@@@@@@@@@  @@@:    &&                  &&
  oo                        @@ @@@@@@@@@@@ @@@  @       &&        o&        &&
   o                        @@ @@@@@ @@@  @@@@  @       &         &&        &.
   oo                     @@@@ @@@ @@@@@@@@@@@  @@@@   &          &    .&&&&  
    o         oooo          @@                  @     &.         &&    &&     
    oo    ooo      &oo          @     @@    @@      &&          &&    &&      
     oo oo            oo        @     @     @@    &&           &&    &&       
      ooo              oo                      &&&           &&      &&       
         oooooooo       oo           oo &&&&&&              &&         &      
              oo        oo           oo &&         &      &&           &&     
              o        :o            oo &&  .&&&&&     &&.           &&       
              o       oo             oo &&                    &&&&&&&&        
              oo    ooo              oo &&                  &&                
                oo                   oo &&                &&                  
                  oo        oooo     oo &&                &                   
                     ooooooo  &o     oo &&      &&&       &                   
                                oo   oo && :&&&   .&& &&&*                    
                                   &ooo &&&                                   

==============================================
SmartRun Product by SmartRun Tech. All rights reserved.
==============================================
Application Version : 2.6.7
Application Title : SmartRun MES
Contact : support@smartruntech.com
==============================================

				
2026-08-04 11:13:11 [restartedMain] INFO  com.vmfg.VMFGApplication -Starting VMFGApplication using Java 1.8.0_482 on Peachs-Mac-mini.local with PID 3179 (/Users/peach/Spring_Boot_Projects/bgr/OneDrive_1_4-15-2026/BGR-SOURCE_CODE-sandbox/SmartRun_ProjectManagement_Java/SR_Management/target/classes started by peach in /Users/peach/Spring_Boot_Projects/bgr/OneDrive_1_4-15-2026/BGR-SOURCE_CODE-sandbox/SmartRun_ProjectManagement_Java/SR_Management)
				
2026-08-04 11:13:11 [restartedMain] INFO  com.vmfg.VMFGApplication -The following 1 profile is active: "dev"
				
2026-08-04 11:13:12 [restartedMain] INFO  o.s.b.d.e.DevToolsPropertyDefaultsPostProcessor -Devtools property defaults active! Set 'spring.devtools.add-properties' to 'false' to disable
				
2026-08-04 11:13:12 [restartedMain] INFO  o.s.b.d.e.DevToolsPropertyDefaultsPostProcessor -For additional web related logging consider setting the 'logging.level.web' property to 'DEBUG'
				
2026-08-04 11:13:14 [restartedMain] INFO  o.s.d.r.c.RepositoryConfigurationDelegate -Bootstrapping Spring Data JDBC repositories in DEFAULT mode.
				
2026-08-04 11:13:14 [restartedMain] INFO  o.s.d.r.c.RepositoryConfigurationDelegate -Finished Spring Data repository scanning in 114 ms. Found 0 JDBC repository interfaces.
				
2026-08-04 11:13:15 [restartedMain] INFO  o.s.b.w.e.tomcat.TomcatWebServer -Tomcat initialized with port(s): 8495 (http)
				
2026-08-04 11:13:15 [restartedMain] INFO  o.a.coyote.http11.Http11NioProtocol -Initializing ProtocolHandler ["http-nio-8495"]
				
2026-08-04 11:13:15 [restartedMain] INFO  o.a.catalina.core.StandardService -Starting service [Tomcat]
				
2026-08-04 11:13:15 [restartedMain] INFO  o.a.catalina.core.StandardEngine -Starting Servlet engine: [Apache Tomcat/9.0.63]
				
2026-08-04 11:13:15 [restartedMain] INFO  o.a.c.c.C.[.[localhost].[/smartrun] -Initializing Spring embedded WebApplicationContext
				
2026-08-04 11:13:15 [restartedMain] INFO  o.s.b.w.s.c.ServletWebServerApplicationContext -Root WebApplicationContext: initialization completed in 3730 ms
				
2026-08-04 11:13:19 [restartedMain] INFO  s.d.s.w.PropertySourcedRequestMappingHandlerMapping -Mapped URL path [/v2/api-docs] onto method [springfox.documentation.swagger2.web.Swagger2Controller#getDocumentation(String, HttpServletRequest)]
				
2026-08-04 11:13:19 [restartedMain] INFO  o.s.s.web.DefaultSecurityFilterChain -Will secure any request with [org.springframework.security.web.session.DisableEncodeUrlFilter@6e0b89e7, org.springframework.security.web.context.request.async.WebAsyncManagerIntegrationFilter@494b3d44, org.springframework.security.web.context.SecurityContextPersistenceFilter@6ad5fbd5, org.springframework.security.web.header.HeaderWriterFilter@f9eb1c5, org.springframework.web.filter.CorsFilter@72f3d388, org.springframework.security.web.authentication.logout.LogoutFilter@a1c8068, com.vmfg.security.config.JwtRequestFilter@4637297a, org.springframework.security.web.savedrequest.RequestCacheAwareFilter@725a14fe, org.springframework.security.web.servletapi.SecurityContextHolderAwareRequestFilter@4a91e5b7, org.springframework.security.web.authentication.AnonymousAuthenticationFilter@5bb60d5d, org.springframework.security.web.session.SessionManagementFilter@41cc8cd0, org.springframework.security.web.access.ExceptionTranslationFilter@3326ade2, org.springframework.security.web.access.intercept.FilterSecurityInterceptor@7a136b89]
				
2026-08-04 11:13:19 [restartedMain] INFO  o.s.b.d.a.OptionalLiveReloadServer -LiveReload server is running on port 35729
				
2026-08-04 11:13:19 [restartedMain] INFO  com.zaxxer.hikari.HikariDataSource -HikariPool-1 - Starting...
				
2026-08-04 11:13:20 [restartedMain] INFO  com.zaxxer.hikari.HikariDataSource -HikariPool-1 - Start completed.
				
2026-08-04 11:13:20 [restartedMain] INFO  o.a.coyote.http11.Http11NioProtocol -Starting ProtocolHandler ["http-nio-8495"]
				
2026-08-04 11:13:20 [restartedMain] INFO  o.s.b.w.e.tomcat.TomcatWebServer -Tomcat started on port(s): 8495 (http) with context path '/smartrun'
				
2026-08-04 11:13:20 [restartedMain] INFO  s.d.s.w.p.DocumentationPluginsBootstrapper -Context refreshed
				
2026-08-04 11:13:20 [restartedMain] INFO  s.d.s.w.p.DocumentationPluginsBootstrapper -Found 1 custom documentation plugin(s)
				
2026-08-04 11:13:20 [restartedMain] INFO  s.d.s.w.s.ApiListingReferenceScanner -Scanning for api listing references
				
2026-08-04 11:13:22 [restartedMain] INFO  s.d.s.w.r.o.CachingOperationNameGenerator -Generating unique operation named: insertOrUpdateSalesBudgetSheetHdrAndDtlUsingPOST_1
				
2026-08-04 11:13:22 [restartedMain] INFO  s.d.s.w.r.o.CachingOperationNameGenerator -Generating unique operation named: getVendorDetailHdrViewUsingPOST_1
				
2026-08-04 11:13:22 [restartedMain] INFO  s.d.s.w.r.o.CachingOperationNameGenerator -Generating unique operation named: updateUserRoleMappingUsingPOST_1
				
2026-08-04 11:13:22 [restartedMain] INFO  com.vmfg.VMFGApplication -Started VMFGApplication in 11.9 seconds (JVM running for 12.73)
				
2026-08-04 11:13:22 [restartedMain] INFO  c.v.config.DevFlywayMigrationRunner -Running Flyway migrations against sandbox datasource
				
2026-08-04 11:13:22 [restartedMain] INFO  o.f.c.i.license.VersionPrinter -Flyway Community Edition 9.22.3 by Redgate
				
2026-08-04 11:13:22 [restartedMain] INFO  o.f.c.i.license.VersionPrinter -See release notes here: https://rd.gt/416ObMi
				
2026-08-04 11:13:22 [restartedMain] INFO  o.f.c.i.license.VersionPrinter -
				
2026-08-04 11:13:22 [restartedMain] INFO  org.flywaydb.core.FlywayExecutor -Database: jdbc:mysql://localhost:3306/smartrun_bgr_sandbox (MySQL 9.6)
				
2026-08-04 11:13:22 [restartedMain] WARN  o.f.c.i.database.base.Database -Flyway upgrade recommended: MySQL 9.6 is newer than this version of Flyway and support has not been tested. The latest supported version of MySQL is 8.0.
				
2026-08-04 11:13:22 [restartedMain] INFO  o.f.core.internal.command.DbValidate -Successfully validated 4 migrations (execution time 00:00.024s)
				
2026-08-04 11:13:22 [restartedMain] INFO  o.f.core.internal.command.DbMigrate -Current version of schema `smartrun_bgr_sandbox`: 3
				
2026-08-04 11:13:22 [restartedMain] INFO  o.f.core.internal.command.DbMigrate -Schema `smartrun_bgr_sandbox` is up to date. No migration necessary.
				
2026-08-04 11:13:22 [main] ERROR com.vmfg.VMFGApplication -SmartRun Application Start Exception--->org.springframework.boot.devtools.restart.SilentExitExceptionHandler$SilentExitException
				
2026-08-04 11:13:45 [http-nio-8495-exec-1] INFO  o.a.c.c.C.[.[localhost].[/smartrun] -Initializing Spring DispatcherServlet 'dispatcherServlet'
				
2026-08-04 11:13:45 [http-nio-8495-exec-1] INFO  o.s.web.servlet.DispatcherServlet -Initializing Servlet 'dispatcherServlet'
				
2026-08-04 11:13:45 [http-nio-8495-exec-1] INFO  o.s.web.servlet.DispatcherServlet -Completed initialization in 6 ms
				
2026-08-04 11:13:45 [http-nio-8495-exec-1] ERROR com.vmfg.util.GetPropertyValue -getTenantPropertyVal Method Exception|||org.springframework.dao.EmptyResultDataAccessException: Incorrect result size: expected 1, actual 0
				
2026-08-04 11:13:45 [http-nio-8495-exec-1] ERROR com.vmfg.util.GetPropertyValue -getTenantPropertyVal Method Exception|||org.springframework.dao.IncorrectResultSizeDataAccessException: Incorrect result size: expected 1, actual 2
				
2026-08-04 11:13:45 [http-nio-8495-exec-1] ERROR com.vmfg.util.GetPropertyValue -getTenantPropertyValByTenantId Method Exception|||org.springframework.dao.EmptyResultDataAccessException: Incorrect result size: expected 1, actual 0
				
2026-08-04 11:13:45 [http-nio-8495-exec-1] INFO  com.vmfg.util.CommonBase64Class -CommonBase64Class getBasesBinary method Start
				
2026-08-04 11:13:45 [http-nio-8495-exec-1] ERROR com.vmfg.util.CommonBase64Class -CommonBase64Class getBasesBinary Method FileNotFoundException---->java.io.FileNotFoundException:  (No such file or directory)
				
2026-08-04 11:13:45 [http-nio-8495-exec-1] ERROR c.v.authentication.UserLoginService -getImageUrl DAO Method Exceptionjava.lang.NullPointerException
				
2026-08-04 11:13:45 [http-nio-8495-exec-2] INFO  c.v.g.c.NotificationGeneralController -getNotificationDetails   method Start
				
2026-08-04 11:13:48 [http-nio-8495-exec-3] ERROR com.vmfg.util.GetPropertyValue -getTenantPropertyVal Method Exception|||org.springframework.dao.EmptyResultDataAccessException: Incorrect result size: expected 1, actual 0
				
2026-08-04 11:13:48 [http-nio-8495-exec-3] ERROR com.vmfg.util.GetPropertyValue -getTenantPropertyValByTenantId Method Exception|||org.springframework.dao.EmptyResultDataAccessException: Incorrect result size: expected 1, actual 0
				
2026-08-04 11:13:48 [http-nio-8495-exec-3] INFO  com.vmfg.util.CommonBase64Class -CommonBase64Class getBasesBinary method Start
				
2026-08-04 11:13:48 [http-nio-8495-exec-3] ERROR com.vmfg.util.CommonBase64Class -CommonBase64Class getBasesBinary Method FileNotFoundException---->java.io.FileNotFoundException:  (No such file or directory)
				
2026-08-04 11:13:48 [http-nio-8495-exec-3] ERROR c.v.authentication.UserLoginService -getImageUrl DAO Method Exceptionjava.lang.NullPointerException
				
2026-08-04 11:13:48 [http-nio-8495-exec-4] INFO  c.v.g.c.NotificationGeneralController -getNotificationDetails   method Start
				
2026-08-04 11:13:48 [http-nio-8495-exec-4] ERROR com.vmfg.util.GetPropertyValue -getPropValueByTenant Method Exception|||org.springframework.dao.EmptyResultDataAccessException: Incorrect result size: expected 1, actual 0
				
2026-08-04 11:13:48 [http-nio-8495-exec-4] ERROR c.v.g.d.impl.NotificationGeneralDAO -NotificationGeneralDAO error java.lang.NumberFormatException: For input string: ""
				
2026-08-04 11:14:02 [http-nio-8495-exec-6] INFO  com.vmfg.authentication.UserLoginDAO - getUserDtlForAuth DAO method Start
				
2026-08-04 11:14:02 [http-nio-8495-exec-6] INFO  com.vmfg.authentication.UserLoginDAO -getUserLoginInfo DAO method end
				
2026-08-04 11:14:02 [http-nio-8495-exec-10] INFO  c.v.g.c.NotificationGeneralController -getNotificationDetails   method Start
				
2026-08-04 11:14:02 [http-nio-8495-exec-2] INFO  c.v.g.c.NotificationGeneralController -getNotificationDetails   method Start
				
2026-08-04 11:14:02 [http-nio-8495-exec-1] INFO  c.v.g.c.NotificationGeneralController -getNotificationDetails   method Start
				
2026-08-04 11:14:02 [http-nio-8495-exec-4] INFO  c.v.s.c.IndentManagementController -getIndentProjectDtlsByDate Controller  method Start
				
2026-08-04 11:14:02 [http-nio-8495-exec-3] INFO  c.v.p.controller.ProjectController -getProjectDtl   method Start
				
2026-08-04 11:14:02 [http-nio-8495-exec-5] INFO  c.v.g.services.impl.TileViewService -getProjectTitleView  method start
				
2026-08-04 11:14:02 [http-nio-8495-exec-4] INFO  c.v.s.c.IndentManagementController -getIndentProjectDtlsByDate Controller  method end
				
2026-08-04 11:14:02 [http-nio-8495-exec-6] INFO  c.v.g.c.NotificationGeneralController -getNotificationDetails   method Start
				
2026-08-04 11:14:03 [http-nio-8495-exec-5] INFO  c.v.g.c.StageManagementController -getProjectTitleView   method end
				
2026-08-04 11:14:03 [http-nio-8495-exec-8] INFO  c.v.g.c.NotificationGeneralController -getNotificationDetails   method Start
				
2026-08-04 11:14:03 [http-nio-8495-exec-7] INFO  c.v.g.c.NotificationGeneralController -getNotificationDetails   method Start
				
2026-08-04 11:14:05 [http-nio-8495-exec-9] INFO  c.v.p.controller.ProjectController -getProjectDtl   method Start
				
2026-08-04 11:14:05 [http-nio-8495-exec-4] INFO  c.v.p.controller.ProjectController -getProjectDtl   method Start
				
2026-08-04 11:14:05 [http-nio-8495-exec-10] INFO  c.v.g.services.impl.TileViewService -getProjectTitleView  method start
				
2026-08-04 11:14:05 [http-nio-8495-exec-2] INFO  c.v.g.c.NotificationGeneralController -getNotificationDetails   method Start
				
2026-08-04 11:14:05 [http-nio-8495-exec-10] INFO  c.v.g.c.StageManagementController -getProjectTitleView   method end
				
2026-08-04 11:14:05 [http-nio-8495-exec-1] INFO  c.v.g.c.NotificationGeneralController -getNotificationDetails   method Start
				
2026-08-04 11:14:05 [http-nio-8495-exec-5] INFO  c.v.g.c.NotificationGeneralController -getNotificationDetails   method Start
				
2026-08-04 11:14:05 [http-nio-8495-exec-3] INFO  c.v.g.c.NotificationGeneralController -getNotificationDetails   method Start
				
2026-08-04 11:14:05 [http-nio-8495-exec-7] INFO  c.v.p.controller.ProjectController -getProjectDtl   method Start
				
2026-08-04 11:14:05 [http-nio-8495-exec-7] INFO  c.v.p.controller.ProjectController -getTimeLineByPM   method Start
				
2026-08-04 11:14:05 [http-nio-8495-exec-4] INFO  c.v.p.controller.ProjectController -getProjTimePlanDropDown   method Start
				
2026-08-04 11:14:05 [http-nio-8495-exec-7] INFO  c.v.g.c.DepartmentAndEmployeeInfoController -DepartmentAndEmployeeInfoController   method Start
				
2026-08-04 11:14:05 [http-nio-8495-exec-7] INFO  c.v.g.s.i.DepartmentAndEmployeeService -DepartmentAndEmployeeService  method start
				
2026-08-04 11:14:05 [http-nio-8495-exec-10] INFO  c.v.p.controller.ProjectController -getProjectInitiationMstResp   method Start
				
2026-08-04 11:14:05 [http-nio-8495-exec-10] INFO  c.v.p.controller.ProjectController -getLinkStatusByPMId   method Start
				
2026-08-04 11:14:05 [http-nio-8495-exec-8] INFO  c.v.s.c.SalesBudgetSheetController -getKeyCategory   method Start
				
2026-08-04 11:14:05 [http-nio-8495-exec-8] INFO  c.v.s.c.SalesBudgetSheetController -getKeyCategory method End
				
2026-08-04 11:14:05 [http-nio-8495-exec-4] INFO  c.v.g.c.NotificationGeneralController -getNotificationDetails   method Start
				
2026-08-04 11:14:05 [http-nio-8495-exec-2] INFO  c.v.g.c.NotificationGeneralController -getNotificationDetails   method Start
				
2026-08-04 11:14:05 [http-nio-8495-exec-10] INFO  c.v.g.c.NotificationGeneralController -getNotificationDetails   method Start
				
2026-08-04 11:14:05 [http-nio-8495-exec-7] INFO  c.v.g.c.NotificationGeneralController -getNotificationDetails   method Start
				
2026-08-04 11:14:05 [http-nio-8495-exec-9] INFO  c.v.g.c.NotificationGeneralController -getNotificationDetails   method Start
				
2026-08-04 11:14:06 [http-nio-8495-exec-6] INFO  c.v.g.c.NotificationGeneralController -getNotificationDetails   method Start
				
2026-08-04 11:14:06 [http-nio-8495-exec-8] INFO  c.v.g.c.NotificationGeneralController -getNotificationDetails   method Start
				
2026-08-04 11:14:06 [http-nio-8495-exec-2] INFO  c.v.g.c.NotificationGeneralController -getNotificationDetails   method Start
				
2026-08-04 11:14:06 [http-nio-8495-exec-1] INFO  c.v.g.c.NotificationGeneralController -getNotificationDetails   method Start
				
2026-08-04 11:14:06 [http-nio-8495-exec-5] INFO  c.v.g.c.NotificationGeneralController -getNotificationDetails   method Start
				
2026-08-04 11:14:07 [http-nio-8495-exec-10] INFO  c.v.g.c.DepartmentAndEmployeeInfoController -DepartmentAndEmployeeInfoController   method Start
				
2026-08-04 11:14:07 [http-nio-8495-exec-10] INFO  c.v.g.s.i.DepartmentAndEmployeeService -DepartmentAndEmployeeService  method start
				
2026-08-04 11:14:07 [http-nio-8495-exec-2] INFO  c.v.p.controller.ProjectController -getLinkStatusByPMId   method Start
				
2026-08-04 11:14:07 [http-nio-8495-exec-5] INFO  c.v.p.controller.ProjectController -getCostFlowTypeByPmHdrId   method Start
				
2026-08-04 11:14:07 [http-nio-8495-exec-3] INFO  c.v.g.c.NotificationGeneralController -getNotificationDetails   method Start
				
2026-08-04 11:14:07 [http-nio-8495-exec-9] INFO  c.v.g.c.NotificationGeneralController -getNotificationDetails   method Start
				
2026-08-04 11:14:07 [http-nio-8495-exec-8] INFO  c.v.g.c.NotificationGeneralController -getNotificationDetails   method Start
				
2026-08-04 11:14:07 [http-nio-8495-exec-10] INFO  c.v.g.c.NotificationGeneralController -getNotificationDetails   method Start
				
2026-08-04 11:14:07 [http-nio-8495-exec-6] INFO  c.v.g.c.NotificationGeneralController -getNotificationDetails   method Start
				
2026-08-04 11:14:07 [http-nio-8495-exec-8] INFO  c.v.g.c.NotificationGeneralController -getNotificationDetails   method Start
				
2026-08-04 11:14:07 [http-nio-8495-exec-9] INFO  c.v.g.c.NotificationGeneralController -getNotificationDetails   method Start
				
2026-08-04 11:14:08 [http-nio-8495-exec-7] INFO  c.v.g.c.NotificationGeneralController -getNotificationDetails   method Start
				
2026-08-04 11:19:46 [http-nio-8495-exec-4] INFO  c.v.g.c.NotificationGeneralController -getNotificationDetails   method Start
				
2026-08-04 11:19:46 [http-nio-8495-exec-1] INFO  c.v.p.controller.ProjectController -getTimeLineByPM   method Start
				
2026-08-04 11:19:46 [http-nio-8495-exec-3] INFO  c.v.g.c.DepartmentAndEmployeeInfoController -DepartmentAndEmployeeInfoController   method Start
				
2026-08-04 11:19:46 [http-nio-8495-exec-3] INFO  c.v.g.s.i.DepartmentAndEmployeeService -DepartmentAndEmployeeService  method start
				
2026-08-04 11:19:46 [http-nio-8495-exec-5] INFO  c.v.p.controller.ProjectController -getProjTimePlanDropDown   method Start
				
2026-08-04 11:19:46 [http-nio-8495-exec-2] INFO  c.v.p.controller.ProjectController -getProjectDtl   method Start
				
2026-08-04 11:19:46 [http-nio-8495-exec-5] INFO  c.v.p.controller.ProjectController -getProjectInitiationMstResp   method Start
				
2026-08-04 11:19:46 [http-nio-8495-exec-7] INFO  c.v.p.controller.ProjectController -getLinkStatusByPMId   method Start
				
2026-08-04 11:19:46 [http-nio-8495-exec-10] INFO  c.v.s.c.SalesBudgetSheetController -getKeyCategory   method Start
				
2026-08-04 11:19:46 [http-nio-8495-exec-10] INFO  c.v.s.c.SalesBudgetSheetController -getKeyCategory method End
				
2026-08-04 11:19:46 [http-nio-8495-exec-6] INFO  c.v.g.c.NotificationGeneralController -getNotificationDetails   method Start
				
2026-08-04 11:19:46 [http-nio-8495-exec-9] INFO  c.v.g.c.NotificationGeneralController -getNotificationDetails   method Start
				
2026-08-04 11:19:46 [http-nio-8495-exec-5] INFO  c.v.g.c.NotificationGeneralController -getNotificationDetails   method Start
				
2026-08-04 11:19:46 [http-nio-8495-exec-2] INFO  c.v.g.c.NotificationGeneralController -getNotificationDetails   method Start
				
2026-08-04 11:19:46 [http-nio-8495-exec-8] INFO  c.v.g.c.NotificationGeneralController -getNotificationDetails   method Start
				
2026-08-04 11:19:47 [http-nio-8495-exec-1] INFO  c.v.g.c.NotificationGeneralController -getNotificationDetails   method Start
				
2026-08-04 11:19:47 [http-nio-8495-exec-10] INFO  c.v.g.c.NotificationGeneralController -getNotificationDetails   method Start
				
2026-08-04 11:19:47 [http-nio-8495-exec-7] INFO  c.v.g.c.NotificationGeneralController -getNotificationDetails   method Start
				
2026-08-04 11:19:47 [http-nio-8495-exec-3] INFO  c.v.g.c.NotificationGeneralController -getNotificationDetails   method Start
				
2026-08-04 11:19:47 [http-nio-8495-exec-6] INFO  c.v.g.c.NotificationGeneralController -getNotificationDetails   method Start
				
2026-08-04 11:19:47 [http-nio-8495-exec-4] INFO  c.v.g.c.NotificationGeneralController -getNotificationDetails   method Start
				
2026-08-04 11:19:47 [http-nio-8495-exec-5] INFO  c.v.g.c.NotificationGeneralController -getNotificationDetails   method Start
				
2026-08-04 11:20:31 [http-nio-8495-exec-10] INFO  c.v.g.c.DepartmentAndEmployeeInfoController -DepartmentAndEmployeeInfoController   method Start
				
2026-08-04 11:20:31 [http-nio-8495-exec-10] INFO  c.v.g.s.i.DepartmentAndEmployeeService -DepartmentAndEmployeeService  method start
				
2026-08-04 11:20:31 [http-nio-8495-exec-8] INFO  c.v.g.c.NotificationGeneralController -getNotificationDetails   method Start
				
2026-08-04 11:20:31 [http-nio-8495-exec-3] INFO  c.v.g.c.NotificationGeneralController -getNotificationDetails   method Start
				
2026-08-04 11:20:31 [http-nio-8495-exec-6] INFO  c.v.p.controller.ProjectController -getCostFlowTypeByPmHdrId   method Start
				
2026-08-04 11:20:31 [http-nio-8495-exec-7] INFO  c.v.p.controller.ProjectController -getLinkStatusByPMId   method Start
				
2026-08-04 11:20:31 [http-nio-8495-exec-5] INFO  c.v.g.c.NotificationGeneralController -getNotificationDetails   method Start
				
2026-08-04 11:20:31 [http-nio-8495-exec-9] INFO  c.v.g.c.NotificationGeneralController -getNotificationDetails   method Start
				
2026-08-04 11:20:31 [http-nio-8495-exec-1] INFO  c.v.g.c.NotificationGeneralController -getNotificationDetails   method Start
				
2026-08-04 11:20:31 [http-nio-8495-exec-8] INFO  c.v.g.c.NotificationGeneralController -getNotificationDetails   method Start
				
2026-08-04 11:20:31 [http-nio-8495-exec-10] INFO  c.v.g.c.NotificationGeneralController -getNotificationDetails   method Start
				
2026-08-04 11:20:32 [http-nio-8495-exec-6] INFO  c.v.g.c.NotificationGeneralController -getNotificationDetails   method Start
				
2026-08-04 11:44:42 [HikariPool-1 housekeeper] WARN  com.zaxxer.hikari.pool.HikariPool -HikariPool-1 - Thread starvation or clock leap detected (housekeeper delta=13m52s482ms).
				
2026-08-04 12:11:22 [HikariPool-1 housekeeper] WARN  com.zaxxer.hikari.pool.HikariPool -HikariPool-1 - Thread starvation or clock leap detected (housekeeper delta=16m9s153ms).
				
2026-08-04 12:21:25 [HikariPool-1 housekeeper] WARN  com.zaxxer.hikari.pool.HikariPool -HikariPool-1 - Thread starvation or clock leap detected (housekeeper delta=9m33s438ms).
				
2026-08-04 12:29:44 [Thread-6] INFO  com.zaxxer.hikari.HikariDataSource -HikariPool-1 - Shutdown initiated...
				
2026-08-04 12:29:44 [Thread-6] INFO  com.zaxxer.hikari.HikariDataSource -HikariPool-1 - Shutdown completed.
				
2026-08-04 12:29:44 [restartedMain] INFO  com.vmfg.VMFGApplication -SmartRun Application Started
				
2026-08-04 12:29:45 [restartedMain] INFO  o.s.boot.SpringApplication -

                                ooooooo &&&&&&&&                              
                              oo     oo &.     &                              
                    ooooooo  oo      oo &:     &&                             
                 oo        oooo      oo &&       *&&&&  &&&&&&                
               oo            oo      oo &&                    &&&             
              oo                     oo &&&&&                  &o             
              oo                     oo &&     &&&&&           &              
              oo           ooo       oo &&           &&&       &&             
           ooooo           o:        oo &&              &        &&           
       ooo     *oo       oo          oo &&                        &&&&&&&     
     oo           ooooooo            oo &&                              &&    
    o&                                      &&&&*       &&               &&   
   oo                                            &&       &&              &&  
   o     ooooo                  @     @@    @@     &&:     &&           &&    
  oo ooo       ooo          @@@@@@@@@@@@@@@@@@@@@    &&     &&         &&     
  ooo            oo         @@ @@@ @@@@@@@@@@@  @     &&     &&         &     
  oo               o      @@@@ @@@ @@@@@@@@@@@  @@@    &&     &         &&    
  o&               oo       @@ @@@ @@@@@@@@@@@  @       &     &         &&    
  oo               oo       @@ @@ @ @@@@        @       &&                &&& 
  oo                      @@@@ @@@@@@@@@@@@@@@  @@@:    &&                  &&
  oo                        @@ @@@@@@@@@@@ @@@  @       &&        o&        &&
   o                        @@ @@@@@ @@@  @@@@  @       &         &&        &.
   oo                     @@@@ @@@ @@@@@@@@@@@  @@@@   &          &    .&&&&  
    o         oooo          @@                  @     &.         &&    &&     
    oo    ooo      &oo          @     @@    @@      &&          &&    &&      
     oo oo            oo        @     @     @@    &&           &&    &&       
      ooo              oo                      &&&           &&      &&       
         oooooooo       oo           oo &&&&&&              &&         &      
              oo        oo           oo &&         &      &&           &&     
              o        :o            oo &&  .&&&&&     &&.           &&       
              o       oo             oo &&                    &&&&&&&&        
              oo    ooo              oo &&                  &&                
                oo                   oo &&                &&                  
                  oo        oooo     oo &&                &                   
                     ooooooo  &o     oo &&      &&&       &                   
                                oo   oo && :&&&   .&& &&&*                    
                                   &ooo &&&                                   

==============================================
SmartRun Product by SmartRun Tech. All rights reserved.
==============================================
Application Version : 2.6.7
Application Title : SmartRun MES
Contact : support@smartruntech.com
==============================================

				
2026-08-04 12:29:45 [restartedMain] INFO  com.vmfg.VMFGApplication -Starting VMFGApplication using Java 1.8.0_482 on Peachs-Mac-mini.local with PID 3179 (/Users/peach/Spring_Boot_Projects/bgr/OneDrive_1_4-15-2026/BGR-SOURCE_CODE-sandbox/SmartRun_ProjectManagement_Java/SR_Management/target/classes started by peach in /Users/peach/Spring_Boot_Projects/bgr/OneDrive_1_4-15-2026/BGR-SOURCE_CODE-sandbox/SmartRun_ProjectManagement_Java/SR_Management)
				
2026-08-04 12:29:45 [restartedMain] INFO  com.vmfg.VMFGApplication -The following 1 profile is active: "dev"
				
2026-08-04 12:29:45 [restartedMain] INFO  o.s.d.r.c.RepositoryConfigurationDelegate -Bootstrapping Spring Data JDBC repositories in DEFAULT mode.
				
2026-08-04 12:29:45 [restartedMain] INFO  o.s.d.r.c.RepositoryConfigurationDelegate -Finished Spring Data repository scanning in 14 ms. Found 0 JDBC repository interfaces.
				
2026-08-04 12:29:46 [restartedMain] INFO  o.s.b.w.e.tomcat.TomcatWebServer -Tomcat initialized with port(s): 8495 (http)
				
2026-08-04 12:29:46 [restartedMain] INFO  o.a.coyote.http11.Http11NioProtocol -Initializing ProtocolHandler ["http-nio-8495"]
				
2026-08-04 12:29:46 [restartedMain] INFO  o.a.catalina.core.StandardService -Starting service [Tomcat]
				
2026-08-04 12:29:46 [restartedMain] INFO  o.a.catalina.core.StandardEngine -Starting Servlet engine: [Apache Tomcat/9.0.63]
				
2026-08-04 12:29:46 [restartedMain] INFO  o.a.c.c.C.[.[localhost].[/smartrun] -Initializing Spring embedded WebApplicationContext
				
2026-08-04 12:29:46 [restartedMain] INFO  o.s.b.w.s.c.ServletWebServerApplicationContext -Root WebApplicationContext: initialization completed in 1266 ms
				
2026-08-04 12:29:46 [restartedMain] INFO  s.d.s.w.PropertySourcedRequestMappingHandlerMapping -Mapped URL path [/v2/api-docs] onto method [springfox.documentation.swagger2.web.Swagger2Controller#getDocumentation(String, HttpServletRequest)]
				
2026-08-04 12:29:46 [restartedMain] INFO  o.s.b.d.a.OptionalLiveReloadServer -LiveReload server is running on port 35729
				
2026-08-04 12:29:47 [restartedMain] INFO  com.zaxxer.hikari.HikariDataSource -HikariPool-2 - Starting...
				
2026-08-04 12:29:47 [restartedMain] INFO  com.zaxxer.hikari.HikariDataSource -HikariPool-2 - Start completed.
				
2026-08-04 12:29:47 [restartedMain] WARN  o.s.b.a.s.s.UserDetailsServiceAutoConfiguration -

Using generated security password: 1b8fa0e8-a104-4845-9584-eb9d5be7ea3c

This generated password is for development use only. Your security configuration must be updated before running your application in production.

				
2026-08-04 12:29:47 [restartedMain] INFO  o.s.s.web.DefaultSecurityFilterChain -Will secure any request with [org.springframework.security.web.session.DisableEncodeUrlFilter@56018c6, org.springframework.security.web.context.request.async.WebAsyncManagerIntegrationFilter@1825ef36, org.springframework.security.web.context.SecurityContextPersistenceFilter@356f06f2, org.springframework.security.web.header.HeaderWriterFilter@7c9761f7, org.springframework.security.web.csrf.CsrfFilter@401258f6, org.springframework.security.web.authentication.logout.LogoutFilter@25806736, org.springframework.security.web.authentication.UsernamePasswordAuthenticationFilter@8a3bde6, org.springframework.security.web.authentication.ui.DefaultLoginPageGeneratingFilter@235ab804, org.springframework.security.web.authentication.ui.DefaultLogoutPageGeneratingFilter@22cd7e13, org.springframework.security.web.authentication.www.BasicAuthenticationFilter@30914861, org.springframework.security.web.savedrequest.RequestCacheAwareFilter@4822e131, org.springframework.security.web.servletapi.SecurityContextHolderAwareRequestFilter@f7da91b, org.springframework.security.web.authentication.AnonymousAuthenticationFilter@218c043, org.springframework.security.web.session.SessionManagementFilter@2e10537b, org.springframework.security.web.access.ExceptionTranslationFilter@3479392f, org.springframework.security.web.access.intercept.FilterSecurityInterceptor@4ec807bc]
				
2026-08-04 12:29:47 [restartedMain] INFO  o.a.coyote.http11.Http11NioProtocol -Starting ProtocolHandler ["http-nio-8495"]
				
2026-08-04 12:29:47 [restartedMain] INFO  o.s.b.w.e.tomcat.TomcatWebServer -Tomcat started on port(s): 8495 (http) with context path '/smartrun'
				
2026-08-04 12:29:47 [restartedMain] INFO  s.d.s.w.p.DocumentationPluginsBootstrapper -Context refreshed
				
2026-08-04 12:29:47 [restartedMain] INFO  s.d.s.w.p.DocumentationPluginsBootstrapper -Found 1 custom documentation plugin(s)
				
2026-08-04 12:29:47 [restartedMain] INFO  s.d.s.w.s.ApiListingReferenceScanner -Scanning for api listing references
				
2026-08-04 12:29:47 [restartedMain] INFO  com.vmfg.VMFGApplication -Started VMFGApplication in 2.846 seconds (JVM running for 2312.566)
				
2026-08-04 12:29:47 [restartedMain] INFO  o.s.b.d.a.ConditionEvaluationDeltaLoggingListener -Condition evaluation delta:


==========================
CONDITION EVALUATION DELTA
==========================


Positive matches:
-----------------

   SpringBootWebSecurityConfiguration.SecurityFilterChainConfiguration matched:
      - AllNestedConditions 2 matched 0 did not; NestedCondition on DefaultWebSecurityCondition.Beans @ConditionalOnMissingBean (types: org.springframework.security.config.annotation.web.configuration.WebSecurityConfigurerAdapter,org.springframework.security.web.SecurityFilterChain; SearchStrategy: all) did not find any beans; NestedCondition on DefaultWebSecurityCondition.Classes @ConditionalOnClass found required classes 'org.springframework.security.web.SecurityFilterChain', 'org.springframework.security.config.annotation.web.builders.HttpSecurity' (DefaultWebSecurityCondition)

   SpringBootWebSecurityConfiguration.WebSecurityEnablerConfiguration matched:
      - @ConditionalOnClass found required class 'org.springframework.security.config.annotation.web.configuration.EnableWebSecurity' (OnClassCondition)
      - @ConditionalOnMissingBean (names: springSecurityFilterChain; SearchStrategy: all) did not find any beans (OnBeanCondition)

   UserDetailsServiceAutoConfiguration matched:
      - @ConditionalOnClass found required class 'org.springframework.security.authentication.AuthenticationManager' (OnClassCondition)
      - @ConditionalOnBean (types: org.springframework.security.config.annotation.ObjectPostProcessor; SearchStrategy: all) found bean 'objectPostProcessor'; @ConditionalOnMissingBean (types: org.springframework.security.authentication.AuthenticationManager,org.springframework.security.authentication.AuthenticationProvider,org.springframework.security.core.userdetails.UserDetailsService,org.springframework.security.authentication.AuthenticationManagerResolver,org.springframework.security.oauth2.jwt.JwtDecoder,org.springframework.security.oauth2.server.resource.introspection.OpaqueTokenIntrospector,org.springframework.security.oauth2.client.registration.ClientRegistrationRepository,org.springframework.security.saml2.provider.service.registration.RelyingPartyRegistrationRepository; SearchStrategy: all) did not find any beans (OnBeanCondition)


Negative matches:
-----------------

    None


Exclusions:
-----------

    None


Unconditional classes:
----------------------

    None



				
2026-08-04 12:30:02 [Thread-9] INFO  com.zaxxer.hikari.HikariDataSource -HikariPool-2 - Shutdown initiated...
				
2026-08-04 12:30:02 [Thread-9] INFO  com.zaxxer.hikari.HikariDataSource -HikariPool-2 - Shutdown completed.
				
2026-08-04 12:30:02 [restartedMain] INFO  com.vmfg.VMFGApplication -SmartRun Application Started
				
2026-08-04 12:30:03 [restartedMain] INFO  o.s.boot.SpringApplication -

                                ooooooo &&&&&&&&                              
                              oo     oo &.     &                              
                    ooooooo  oo      oo &:     &&                             
                 oo        oooo      oo &&       *&&&&  &&&&&&                
               oo            oo      oo &&                    &&&             
              oo                     oo &&&&&                  &o             
              oo                     oo &&     &&&&&           &              
              oo           ooo       oo &&           &&&       &&             
           ooooo           o:        oo &&              &        &&           
       ooo     *oo       oo          oo &&                        &&&&&&&     
     oo           ooooooo            oo &&                              &&    
    o&                                      &&&&*       &&               &&   
   oo                                            &&       &&              &&  
   o     ooooo                  @     @@    @@     &&:     &&           &&    
  oo ooo       ooo          @@@@@@@@@@@@@@@@@@@@@    &&     &&         &&     
  ooo            oo         @@ @@@ @@@@@@@@@@@  @     &&     &&         &     
  oo               o      @@@@ @@@ @@@@@@@@@@@  @@@    &&     &         &&    
  o&               oo       @@ @@@ @@@@@@@@@@@  @       &     &         &&    
  oo               oo       @@ @@ @ @@@@        @       &&                &&& 
  oo                      @@@@ @@@@@@@@@@@@@@@  @@@:    &&                  &&
  oo                        @@ @@@@@@@@@@@ @@@  @       &&        o&        &&
   o                        @@ @@@@@ @@@  @@@@  @       &         &&        &.
   oo                     @@@@ @@@ @@@@@@@@@@@  @@@@   &          &    .&&&&  
    o         oooo          @@                  @     &.         &&    &&     
    oo    ooo      &oo          @     @@    @@      &&          &&    &&      
     oo oo            oo        @     @     @@    &&           &&    &&       
      ooo              oo                      &&&           &&      &&       
         oooooooo       oo           oo &&&&&&              &&         &      
              oo        oo           oo &&         &      &&           &&     
              o        :o            oo &&  .&&&&&     &&.           &&       
              o       oo             oo &&                    &&&&&&&&        
              oo    ooo              oo &&                  &&                
                oo                   oo &&                &&                  
                  oo        oooo     oo &&                &                   
                     ooooooo  &o     oo &&      &&&       &                   
                                oo   oo && :&&&   .&& &&&*                    
                                   &ooo &&&                                   

==============================================
SmartRun Product by SmartRun Tech. All rights reserved.
==============================================
Application Version : 2.6.7
Application Title : SmartRun MES
Contact : support@smartruntech.com
==============================================

				
2026-08-04 12:30:03 [restartedMain] INFO  com.vmfg.VMFGApplication -Starting VMFGApplication using Java 1.8.0_482 on Peachs-Mac-mini.local with PID 3179 (/Users/peach/Spring_Boot_Projects/bgr/OneDrive_1_4-15-2026/BGR-SOURCE_CODE-sandbox/SmartRun_ProjectManagement_Java/SR_Management/target/classes started by peach in /Users/peach/Spring_Boot_Projects/bgr/OneDrive_1_4-15-2026/BGR-SOURCE_CODE-sandbox/SmartRun_ProjectManagement_Java/SR_Management)
				
2026-08-04 12:30:03 [restartedMain] INFO  com.vmfg.VMFGApplication -The following 1 profile is active: "dev"
				
2026-08-04 12:30:03 [restartedMain] INFO  o.s.d.r.c.RepositoryConfigurationDelegate -Bootstrapping Spring Data JDBC repositories in DEFAULT mode.
				
2026-08-04 12:30:03 [restartedMain] INFO  o.s.d.r.c.RepositoryConfigurationDelegate -Finished Spring Data repository scanning in 52 ms. Found 0 JDBC repository interfaces.
				
2026-08-04 12:30:04 [restartedMain] INFO  o.s.b.w.e.tomcat.TomcatWebServer -Tomcat initialized with port(s): 8495 (http)
				
2026-08-04 12:30:04 [restartedMain] INFO  o.a.coyote.http11.Http11NioProtocol -Initializing ProtocolHandler ["http-nio-8495"]
				
2026-08-04 12:30:04 [restartedMain] INFO  o.a.catalina.core.StandardService -Starting service [Tomcat]
				
2026-08-04 12:30:04 [restartedMain] INFO  o.a.catalina.core.StandardEngine -Starting Servlet engine: [Apache Tomcat/9.0.63]
				
2026-08-04 12:30:04 [restartedMain] INFO  o.a.c.c.C.[.[localhost].[/smartrun] -Initializing Spring embedded WebApplicationContext
				
2026-08-04 12:30:04 [restartedMain] INFO  o.s.b.w.s.c.ServletWebServerApplicationContext -Root WebApplicationContext: initialization completed in 815 ms
				
2026-08-04 12:30:05 [restartedMain] INFO  s.d.s.w.PropertySourcedRequestMappingHandlerMapping -Mapped URL path [/v2/api-docs] onto method [springfox.documentation.swagger2.web.Swagger2Controller#getDocumentation(String, HttpServletRequest)]
				
2026-08-04 12:30:05 [restartedMain] INFO  o.s.s.web.DefaultSecurityFilterChain -Will secure any request with [org.springframework.security.web.session.DisableEncodeUrlFilter@747e02c5, org.springframework.security.web.context.request.async.WebAsyncManagerIntegrationFilter@2b00b742, org.springframework.security.web.context.SecurityContextPersistenceFilter@70b365a1, org.springframework.security.web.header.HeaderWriterFilter@15684916, org.springframework.web.filter.CorsFilter@1f8b5ebf, org.springframework.security.web.authentication.logout.LogoutFilter@6774493b, com.vmfg.security.config.JwtRequestFilter@179b2461, org.springframework.security.web.savedrequest.RequestCacheAwareFilter@7e31da6d, org.springframework.security.web.servletapi.SecurityContextHolderAwareRequestFilter@29c60c44, org.springframework.security.web.authentication.AnonymousAuthenticationFilter@64297629, org.springframework.security.web.session.SessionManagementFilter@12488cb, org.springframework.security.web.access.ExceptionTranslationFilter@36a71577, org.springframework.security.web.access.intercept.FilterSecurityInterceptor@31094a05]
				
2026-08-04 12:30:05 [restartedMain] INFO  o.s.b.d.a.OptionalLiveReloadServer -LiveReload server is running on port 35729
				
2026-08-04 12:30:05 [restartedMain] INFO  com.zaxxer.hikari.HikariDataSource -HikariPool-3 - Starting...
				
2026-08-04 12:30:05 [restartedMain] INFO  com.zaxxer.hikari.HikariDataSource -HikariPool-3 - Start completed.
				
2026-08-04 12:30:05 [restartedMain] INFO  o.a.coyote.http11.Http11NioProtocol -Starting ProtocolHandler ["http-nio-8495"]
				
2026-08-04 12:30:05 [restartedMain] INFO  o.s.b.w.e.tomcat.TomcatWebServer -Tomcat started on port(s): 8495 (http) with context path '/smartrun'
				
2026-08-04 12:30:05 [restartedMain] INFO  s.d.s.w.p.DocumentationPluginsBootstrapper -Context refreshed
				
2026-08-04 12:30:05 [restartedMain] INFO  s.d.s.w.p.DocumentationPluginsBootstrapper -Found 1 custom documentation plugin(s)
				
2026-08-04 12:30:05 [restartedMain] INFO  s.d.s.w.s.ApiListingReferenceScanner -Scanning for api listing references
				
2026-08-04 12:30:05 [restartedMain] INFO  s.d.s.w.r.o.CachingOperationNameGenerator -Generating unique operation named: insertOrUpdateSalesBudgetSheetHdrAndDtlUsingPOST_1
				
2026-08-04 12:30:05 [restartedMain] INFO  s.d.s.w.r.o.CachingOperationNameGenerator -Generating unique operation named: getVendorDetailHdrViewUsingPOST_1
				
2026-08-04 12:30:05 [restartedMain] INFO  s.d.s.w.r.o.CachingOperationNameGenerator -Generating unique operation named: updateUserRoleMappingUsingPOST_1
				
2026-08-04 12:30:06 [restartedMain] INFO  com.vmfg.VMFGApplication -Started VMFGApplication in 3.033 seconds (JVM running for 2331.061)
				
2026-08-04 12:30:06 [restartedMain] INFO  c.v.config.DevFlywayMigrationRunner -Running Flyway migrations against sandbox datasource
				
2026-08-04 12:30:06 [restartedMain] INFO  org.flywaydb.core.FlywayExecutor -Database: jdbc:mysql://localhost:3306/smartrun_bgr_sandbox (MySQL 9.6)
				
2026-08-04 12:30:06 [restartedMain] WARN  o.f.c.i.database.base.Database -Flyway upgrade recommended: MySQL 9.6 is newer than this version of Flyway and support has not been tested. The latest supported version of MySQL is 8.0.
				
2026-08-04 12:30:06 [restartedMain] INFO  o.f.core.internal.command.DbValidate -Successfully validated 4 migrations (execution time 00:00.024s)
				
2026-08-04 12:30:06 [restartedMain] INFO  o.f.core.internal.command.DbMigrate -Current version of schema `smartrun_bgr_sandbox`: 3
				
2026-08-04 12:30:06 [restartedMain] INFO  o.f.core.internal.command.DbMigrate -Schema `smartrun_bgr_sandbox` is up to date. No migration necessary.
				
2026-08-04 12:30:06 [restartedMain] INFO  o.s.b.d.a.ConditionEvaluationDeltaLoggingListener -Condition evaluation delta:


==========================
CONDITION EVALUATION DELTA
==========================


Positive matches:
-----------------

    None


Negative matches:
-----------------

   SpringBootWebSecurityConfiguration.SecurityFilterChainConfiguration:
      Did not match:
         - AllNestedConditions 1 matched 1 did not; NestedCondition on DefaultWebSecurityCondition.Beans @ConditionalOnMissingBean (types: org.springframework.security.config.annotation.web.configuration.WebSecurityConfigurerAdapter,org.springframework.security.web.SecurityFilterChain; SearchStrategy: all) found beans of type 'org.springframework.security.web.SecurityFilterChain' filterChain; NestedCondition on DefaultWebSecurityCondition.Classes @ConditionalOnClass found required classes 'org.springframework.security.web.SecurityFilterChain', 'org.springframework.security.config.annotation.web.builders.HttpSecurity' (DefaultWebSecurityCondition)

   SpringBootWebSecurityConfiguration.WebSecurityEnablerConfiguration:
      Did not match:
         - @ConditionalOnMissingBean (names: springSecurityFilterChain; SearchStrategy: all) found beans named springSecurityFilterChain (OnBeanCondition)
      Matched:
         - @ConditionalOnClass found required class 'org.springframework.security.config.annotation.web.configuration.EnableWebSecurity' (OnClassCondition)

   UserDetailsServiceAutoConfiguration:
      Did not match:
         - @ConditionalOnMissingBean (types: org.springframework.security.authentication.AuthenticationManager,org.springframework.security.authentication.AuthenticationProvider,org.springframework.security.core.userdetails.UserDetailsService,org.springframework.security.authentication.AuthenticationManagerResolver,org.springframework.security.oauth2.jwt.JwtDecoder,org.springframework.security.oauth2.server.resource.introspection.OpaqueTokenIntrospector,org.springframework.security.oauth2.client.registration.ClientRegistrationRepository,org.springframework.security.saml2.provider.service.registration.RelyingPartyRegistrationRepository; SearchStrategy: all) found beans of type 'org.springframework.security.authentication.AuthenticationManager' authenticationManager and found beans of type 'org.springframework.security.core.userdetails.UserDetailsService' userLoginDAO (OnBeanCondition)
      Matched:
         - @ConditionalOnClass found required class 'org.springframework.security.authentication.AuthenticationManager' (OnClassCondition)


Exclusions:
-----------

    None


Unconditional classes:
----------------------

    None



				
2026-08-04 12:31:29 [SpringApplicationShutdownHook] INFO  com.zaxxer.hikari.HikariDataSource -HikariPool-3 - Shutdown initiated...
				
2026-08-04 12:31:29 [SpringApplicationShutdownHook] INFO  com.zaxxer.hikari.HikariDataSource -HikariPool-3 - Shutdown completed.
				
2026-08-04 12:31:38 [background-preinit] INFO  o.h.validator.internal.util.Version -HV000001: Hibernate Validator 6.2.3.Final
				
2026-08-04 12:31:38 [restartedMain] INFO  o.s.boot.SpringApplication -

                                ooooooo &&&&&&&&                              
                              oo     oo &.     &                              
                    ooooooo  oo      oo &:     &&                             
                 oo        oooo      oo &&       *&&&&  &&&&&&                
               oo            oo      oo &&                    &&&             
              oo                     oo &&&&&                  &o             
              oo                     oo &&     &&&&&           &              
              oo           ooo       oo &&           &&&       &&             
           ooooo           o:        oo &&              &        &&           
       ooo     *oo       oo          oo &&                        &&&&&&&     
     oo           ooooooo            oo &&                              &&    
    o&                                      &&&&*       &&               &&   
   oo                                            &&       &&              &&  
   o     ooooo                  @     @@    @@     &&:     &&           &&    
  oo ooo       ooo          @@@@@@@@@@@@@@@@@@@@@    &&     &&         &&     
  ooo            oo         @@ @@@ @@@@@@@@@@@  @     &&     &&         &     
  oo               o      @@@@ @@@ @@@@@@@@@@@  @@@    &&     &         &&    
  o&               oo       @@ @@@ @@@@@@@@@@@  @       &     &         &&    
  oo               oo       @@ @@ @ @@@@        @       &&                &&& 
  oo                      @@@@ @@@@@@@@@@@@@@@  @@@:    &&                  &&
  oo                        @@ @@@@@@@@@@@ @@@  @       &&        o&        &&
   o                        @@ @@@@@ @@@  @@@@  @       &         &&        &.
   oo                     @@@@ @@@ @@@@@@@@@@@  @@@@   &          &    .&&&&  
    o         oooo          @@                  @     &.         &&    &&     
    oo    ooo      &oo          @     @@    @@      &&          &&    &&      
     oo oo            oo        @     @     @@    &&           &&    &&       
      ooo              oo                      &&&           &&      &&       
         oooooooo       oo           oo &&&&&&              &&         &      
              oo        oo           oo &&         &      &&           &&     
              o        :o            oo &&  .&&&&&     &&.           &&       
              o       oo             oo &&                    &&&&&&&&        
              oo    ooo              oo &&                  &&                
                oo                   oo &&                &&                  
                  oo        oooo     oo &&                &                   
                     ooooooo  &o     oo &&      &&&       &                   
                                oo   oo && :&&&   .&& &&&*                    
                                   &ooo &&&                                   

==============================================
SmartRun Product by SmartRun Tech. All rights reserved.
==============================================
Application Version : 2.6.7
Application Title : SmartRun MES
Contact : support@smartruntech.com
==============================================

				
2026-08-04 12:31:38 [restartedMain] INFO  com.vmfg.VMFGApplication -Starting VMFGApplication using Java 1.8.0_482 on Peachs-Mac-mini.local with PID 3919 (/Users/peach/Spring_Boot_Projects/bgr/OneDrive_1_4-15-2026/BGR-SOURCE_CODE-sandbox/SmartRun_ProjectManagement_Java/SR_Management/target/classes started by peach in /Users/peach/Spring_Boot_Projects/bgr/OneDrive_1_4-15-2026/BGR-SOURCE_CODE-sandbox/SmartRun_ProjectManagement_Java/SR_Management)
				
2026-08-04 12:31:38 [restartedMain] INFO  com.vmfg.VMFGApplication -The following 1 profile is active: "dev"
				
2026-08-04 12:31:38 [restartedMain] INFO  o.s.b.d.e.DevToolsPropertyDefaultsPostProcessor -Devtools property defaults active! Set 'spring.devtools.add-properties' to 'false' to disable
				
2026-08-04 12:31:38 [restartedMain] INFO  o.s.b.d.e.DevToolsPropertyDefaultsPostProcessor -For additional web related logging consider setting the 'logging.level.web' property to 'DEBUG'
				
2026-08-04 12:31:40 [restartedMain] INFO  o.s.d.r.c.RepositoryConfigurationDelegate -Bootstrapping Spring Data JDBC repositories in DEFAULT mode.
				
2026-08-04 12:31:41 [restartedMain] INFO  o.s.d.r.c.RepositoryConfigurationDelegate -Finished Spring Data repository scanning in 80 ms. Found 0 JDBC repository interfaces.
				
2026-08-04 12:31:42 [restartedMain] INFO  o.s.b.w.e.tomcat.TomcatWebServer -Tomcat initialized with port(s): 8495 (http)
				
2026-08-04 12:31:42 [restartedMain] INFO  o.a.coyote.http11.Http11NioProtocol -Initializing ProtocolHandler ["http-nio-8495"]
				
2026-08-04 12:31:42 [restartedMain] INFO  o.a.catalina.core.StandardService -Starting service [Tomcat]
				
2026-08-04 12:31:42 [restartedMain] INFO  o.a.catalina.core.StandardEngine -Starting Servlet engine: [Apache Tomcat/9.0.63]
				
2026-08-04 12:31:42 [restartedMain] INFO  o.a.c.c.C.[.[localhost].[/smartrun] -Initializing Spring embedded WebApplicationContext
				
2026-08-04 12:31:42 [restartedMain] INFO  o.s.b.w.s.c.ServletWebServerApplicationContext -Root WebApplicationContext: initialization completed in 3481 ms
				
2026-08-04 12:31:45 [restartedMain] INFO  s.d.s.w.PropertySourcedRequestMappingHandlerMapping -Mapped URL path [/v2/api-docs] onto method [springfox.documentation.swagger2.web.Swagger2Controller#getDocumentation(String, HttpServletRequest)]
				
2026-08-04 12:31:45 [restartedMain] INFO  o.s.s.web.DefaultSecurityFilterChain -Will secure any request with [org.springframework.security.web.session.DisableEncodeUrlFilter@1ac402e0, org.springframework.security.web.context.request.async.WebAsyncManagerIntegrationFilter@100d448b, org.springframework.security.web.context.SecurityContextPersistenceFilter@579ce8c7, org.springframework.security.web.header.HeaderWriterFilter@445c376e, org.springframework.web.filter.CorsFilter@36e4ed72, org.springframework.security.web.authentication.logout.LogoutFilter@1bfbeacf, com.vmfg.security.config.JwtRequestFilter@44576c29, org.springframework.security.web.savedrequest.RequestCacheAwareFilter@5f414d0c, org.springframework.security.web.servletapi.SecurityContextHolderAwareRequestFilter@62c7930f, org.springframework.security.web.authentication.AnonymousAuthenticationFilter@29f0de35, org.springframework.security.web.session.SessionManagementFilter@16671507, org.springframework.security.web.access.ExceptionTranslationFilter@aa10b52, org.springframework.security.web.access.intercept.FilterSecurityInterceptor@59699539]
				
2026-08-04 12:31:45 [restartedMain] INFO  o.s.b.d.a.OptionalLiveReloadServer -LiveReload server is running on port 35729
				
2026-08-04 12:31:46 [restartedMain] INFO  com.zaxxer.hikari.HikariDataSource -HikariPool-1 - Starting...
				
2026-08-04 12:31:46 [restartedMain] INFO  com.zaxxer.hikari.HikariDataSource -HikariPool-1 - Start completed.
				
2026-08-04 12:31:47 [restartedMain] INFO  o.a.coyote.http11.Http11NioProtocol -Starting ProtocolHandler ["http-nio-8495"]
				
2026-08-04 12:31:47 [restartedMain] INFO  o.s.b.w.e.tomcat.TomcatWebServer -Tomcat started on port(s): 8495 (http) with context path '/smartrun'
				
2026-08-04 12:31:47 [restartedMain] INFO  s.d.s.w.p.DocumentationPluginsBootstrapper -Context refreshed
				
2026-08-04 12:31:47 [restartedMain] INFO  s.d.s.w.p.DocumentationPluginsBootstrapper -Found 1 custom documentation plugin(s)
				
2026-08-04 12:31:47 [restartedMain] INFO  s.d.s.w.s.ApiListingReferenceScanner -Scanning for api listing references
				
2026-08-04 12:31:48 [restartedMain] INFO  s.d.s.w.r.o.CachingOperationNameGenerator -Generating unique operation named: insertOrUpdateSalesBudgetSheetHdrAndDtlUsingPOST_1
				
2026-08-04 12:31:48 [restartedMain] INFO  s.d.s.w.r.o.CachingOperationNameGenerator -Generating unique operation named: getVendorDetailHdrViewUsingPOST_1
				
2026-08-04 12:31:48 [restartedMain] INFO  s.d.s.w.r.o.CachingOperationNameGenerator -Generating unique operation named: updateUserRoleMappingUsingPOST_1
				
2026-08-04 12:31:48 [restartedMain] INFO  com.vmfg.VMFGApplication -Started VMFGApplication in 11.536 seconds (JVM running for 12.296)
				
2026-08-04 12:31:49 [restartedMain] INFO  c.v.config.DevFlywayMigrationRunner -Running Flyway migrations against sandbox datasource
				
2026-08-04 12:31:49 [restartedMain] INFO  o.f.c.i.license.VersionPrinter -Flyway Community Edition 9.22.3 by Redgate
				
2026-08-04 12:31:49 [restartedMain] INFO  o.f.c.i.license.VersionPrinter -See release notes here: https://rd.gt/416ObMi
				
2026-08-04 12:31:49 [restartedMain] INFO  o.f.c.i.license.VersionPrinter -
				
2026-08-04 12:31:49 [restartedMain] INFO  org.flywaydb.core.FlywayExecutor -Database: jdbc:mysql://localhost:3306/smartrun_bgr_sandbox (MySQL 9.6)
				
2026-08-04 12:31:49 [restartedMain] WARN  o.f.c.i.database.base.Database -Flyway upgrade recommended: MySQL 9.6 is newer than this version of Flyway and support has not been tested. The latest supported version of MySQL is 8.0.
				
2026-08-04 12:31:49 [restartedMain] INFO  o.f.core.internal.command.DbValidate -Successfully validated 4 migrations (execution time 00:00.056s)
				
2026-08-04 12:31:49 [restartedMain] INFO  o.f.core.internal.command.DbMigrate -Current version of schema `smartrun_bgr_sandbox`: 3
				
2026-08-04 12:31:49 [restartedMain] INFO  o.f.core.internal.command.DbMigrate -Schema `smartrun_bgr_sandbox` is up to date. No migration necessary.
				
2026-08-04 12:31:49 [main] ERROR com.vmfg.VMFGApplication -SmartRun Application Start Exception--->org.springframework.boot.devtools.restart.SilentExitExceptionHandler$SilentExitException
				
2026-08-04 12:32:02 [http-nio-8495-exec-3] INFO  o.a.c.c.C.[.[localhost].[/smartrun] -Initializing Spring DispatcherServlet 'dispatcherServlet'
				
2026-08-04 12:32:02 [http-nio-8495-exec-3] INFO  o.s.web.servlet.DispatcherServlet -Initializing Servlet 'dispatcherServlet'
				
2026-08-04 12:32:02 [http-nio-8495-exec-3] INFO  o.s.web.servlet.DispatcherServlet -Completed initialization in 5 ms
				
2026-08-04 12:32:03 [http-nio-8495-exec-4] INFO  c.v.g.c.NotificationGeneralController -getNotificationDetails   method Start
				
2026-08-04 12:32:03 [http-nio-8495-exec-5] INFO  c.v.g.c.NotificationGeneralController -getNotificationDetails   method Start
				
2026-08-04 12:32:03 [http-nio-8495-exec-6] INFO  c.v.g.c.NotificationGeneralController -getNotificationDetails   method Start
				
2026-08-04 12:32:03 [http-nio-8495-exec-8] INFO  c.v.p.controller.ProjectController -getProjectDtl   method Start
				
2026-08-04 12:32:03 [http-nio-8495-exec-9] INFO  c.v.p.controller.ProjectController -getTimeLineByPM   method Start
				
2026-08-04 12:32:03 [http-nio-8495-exec-9] INFO  c.v.p.controller.ProjectController -getProjTimePlanDropDown   method Start
				
2026-08-04 12:32:03 [http-nio-8495-exec-10] INFO  c.v.g.c.DepartmentAndEmployeeInfoController -DepartmentAndEmployeeInfoController   method Start
				
2026-08-04 12:32:03 [http-nio-8495-exec-10] INFO  c.v.g.s.i.DepartmentAndEmployeeService -DepartmentAndEmployeeService  method start
				
2026-08-04 12:32:03 [http-nio-8495-exec-9] INFO  c.v.p.controller.ProjectController -getProjectInitiationMstResp   method Start
				
2026-08-04 12:32:03 [http-nio-8495-exec-9] INFO  c.v.p.controller.ProjectController -getLinkStatusByPMId   method Start
				
2026-08-04 12:32:03 [http-nio-8495-exec-3] INFO  c.v.s.c.SalesBudgetSheetController -getKeyCategory   method Start
				
2026-08-04 12:32:03 [http-nio-8495-exec-9] INFO  c.v.g.c.NotificationGeneralController -getNotificationDetails   method Start
				
2026-08-04 12:32:03 [http-nio-8495-exec-3] INFO  c.v.s.c.SalesBudgetSheetController -getKeyCategory method End
				
2026-08-04 12:32:03 [http-nio-8495-exec-2] INFO  c.v.g.c.NotificationGeneralController -getNotificationDetails   method Start
				
2026-08-04 12:32:03 [http-nio-8495-exec-7] INFO  c.v.g.c.NotificationGeneralController -getNotificationDetails   method Start
				
2026-08-04 12:32:03 [http-nio-8495-exec-4] INFO  c.v.g.c.NotificationGeneralController -getNotificationDetails   method Start
				
2026-08-04 12:32:03 [http-nio-8495-exec-10] INFO  c.v.g.c.NotificationGeneralController -getNotificationDetails   method Start
				
2026-08-04 12:32:03 [http-nio-8495-exec-1] INFO  c.v.g.c.NotificationGeneralController -getNotificationDetails   method Start
				
2026-08-04 12:32:04 [http-nio-8495-exec-8] INFO  c.v.g.c.NotificationGeneralController -getNotificationDetails   method Start
				
2026-08-04 12:32:04 [http-nio-8495-exec-3] INFO  c.v.g.c.NotificationGeneralController -getNotificationDetails   method Start
				
2026-08-04 12:32:04 [http-nio-8495-exec-7] INFO  c.v.g.c.NotificationGeneralController -getNotificationDetails   method Start
				
2026-08-04 12:32:04 [http-nio-8495-exec-6] INFO  c.v.g.c.NotificationGeneralController -getNotificationDetails   method Start
				
2026-08-04 12:32:12 [http-nio-8495-exec-9] INFO  c.v.g.c.DepartmentAndEmployeeInfoController -DepartmentAndEmployeeInfoController   method Start
				
2026-08-04 12:32:12 [http-nio-8495-exec-9] INFO  c.v.g.s.i.DepartmentAndEmployeeService -DepartmentAndEmployeeService  method start
				
2026-08-04 12:32:12 [http-nio-8495-exec-9] INFO  c.v.p.controller.ProjectController -getLinkStatusByPMId   method Start
				
2026-08-04 12:32:12 [http-nio-8495-exec-1] INFO  c.v.g.c.NotificationGeneralController -getNotificationDetails   method Start
				
2026-08-04 12:32:12 [http-nio-8495-exec-5] INFO  c.v.p.controller.ProjectController -getCostFlowTypeByPmHdrId   method Start
				
2026-08-04 12:32:12 [http-nio-8495-exec-10] INFO  c.v.g.c.NotificationGeneralController -getNotificationDetails   method Start
				
2026-08-04 12:32:12 [http-nio-8495-exec-7] INFO  c.v.g.c.NotificationGeneralController -getNotificationDetails   method Start
				
2026-08-04 12:32:12 [http-nio-8495-exec-9] INFO  c.v.g.c.NotificationGeneralController -getNotificationDetails   method Start
				
2026-08-04 12:32:12 [http-nio-8495-exec-8] INFO  c.v.g.c.NotificationGeneralController -getNotificationDetails   method Start
				
2026-08-04 12:32:13 [http-nio-8495-exec-3] INFO  c.v.g.c.NotificationGeneralController -getNotificationDetails   method Start
				
2026-08-04 12:32:13 [http-nio-8495-exec-6] INFO  c.v.g.c.NotificationGeneralController -getNotificationDetails   method Start
				
2026-08-04 12:32:14 [http-nio-8495-exec-5] INFO  c.v.g.c.NotificationGeneralController -getNotificationDetails   method Start
				
2026-08-04 12:32:20 [http-nio-8495-exec-3] INFO  c.v.g.c.NotificationGeneralController -getNotificationDetails   method Start
				
2026-08-04 12:32:20 [http-nio-8495-exec-6] INFO  c.v.g.c.NotificationGeneralController -getNotificationDetails   method Start
				
2026-08-04 12:32:21 [http-nio-8495-exec-2] INFO  c.v.g.c.NotificationGeneralController -getNotificationDetails   method Start
				
2026-08-04 12:32:21 [http-nio-8495-exec-4] INFO  c.v.p.controller.ProjectController -getTimeLineByPM   method Start
				
2026-08-04 12:32:21 [http-nio-8495-exec-1] INFO  c.v.p.controller.ProjectController -getProjectDtl   method Start
				
2026-08-04 12:32:21 [http-nio-8495-exec-10] INFO  c.v.p.controller.ProjectController -getProjTimePlanDropDown   method Start
				
2026-08-04 12:32:21 [http-nio-8495-exec-8] INFO  c.v.g.c.DepartmentAndEmployeeInfoController -DepartmentAndEmployeeInfoController   method Start
				
2026-08-04 12:32:21 [http-nio-8495-exec-8] INFO  c.v.g.s.i.DepartmentAndEmployeeService -DepartmentAndEmployeeService  method start
				
2026-08-04 12:32:21 [http-nio-8495-exec-7] INFO  c.v.p.controller.ProjectController -getProjectInitiationMstResp   method Start
				
2026-08-04 12:32:21 [http-nio-8495-exec-9] INFO  c.v.p.controller.ProjectController -getLinkStatusByPMId   method Start
				
2026-08-04 12:32:21 [http-nio-8495-exec-5] INFO  c.v.s.c.SalesBudgetSheetController -getKeyCategory   method Start
				
2026-08-04 12:32:21 [http-nio-8495-exec-5] INFO  c.v.s.c.SalesBudgetSheetController -getKeyCategory method End
				
2026-08-04 12:32:21 [http-nio-8495-exec-4] INFO  c.v.g.c.NotificationGeneralController -getNotificationDetails   method Start
				
2026-08-04 12:32:21 [http-nio-8495-exec-5] INFO  c.v.g.c.NotificationGeneralController -getNotificationDetails   method Start
				
2026-08-04 12:32:21 [http-nio-8495-exec-9] INFO  c.v.g.c.NotificationGeneralController -getNotificationDetails   method Start
				
2026-08-04 12:32:21 [http-nio-8495-exec-3] INFO  c.v.g.c.NotificationGeneralController -getNotificationDetails   method Start
				
2026-08-04 12:32:21 [http-nio-8495-exec-10] INFO  c.v.g.c.NotificationGeneralController -getNotificationDetails   method Start
				
2026-08-04 12:32:21 [http-nio-8495-exec-8] INFO  c.v.g.c.NotificationGeneralController -getNotificationDetails   method Start
				
2026-08-04 12:32:21 [http-nio-8495-exec-7] INFO  c.v.g.c.NotificationGeneralController -getNotificationDetails   method Start
				
2026-08-04 12:32:21 [http-nio-8495-exec-1] INFO  c.v.g.c.NotificationGeneralController -getNotificationDetails   method Start
				
2026-08-04 12:32:21 [http-nio-8495-exec-9] INFO  c.v.g.c.NotificationGeneralController -getNotificationDetails   method Start
				
2026-08-04 12:32:22 [http-nio-8495-exec-6] INFO  c.v.g.c.NotificationGeneralController -getNotificationDetails   method Start
				
2026-08-04 12:32:28 [http-nio-8495-exec-10] INFO  c.v.g.c.DepartmentAndEmployeeInfoController -DepartmentAndEmployeeInfoController   method Start
				
2026-08-04 12:32:28 [http-nio-8495-exec-10] INFO  c.v.g.s.i.DepartmentAndEmployeeService -DepartmentAndEmployeeService  method start
				
2026-08-04 12:32:28 [http-nio-8495-exec-1] INFO  c.v.g.c.NotificationGeneralController -getNotificationDetails   method Start
				
2026-08-04 12:32:28 [http-nio-8495-exec-9] INFO  c.v.g.c.NotificationGeneralController -getNotificationDetails   method Start
				
2026-08-04 12:32:28 [http-nio-8495-exec-2] INFO  c.v.p.controller.ProjectController -getLinkStatusByPMId   method Start
				
2026-08-04 12:32:28 [http-nio-8495-exec-7] INFO  c.v.p.controller.ProjectController -getCostFlowTypeByPmHdrId   method Start
				
2026-08-04 12:32:28 [http-nio-8495-exec-6] INFO  c.v.g.c.NotificationGeneralController -getNotificationDetails   method Start
				
2026-08-04 12:32:28 [http-nio-8495-exec-4] INFO  c.v.g.c.NotificationGeneralController -getNotificationDetails   method Start
				
2026-08-04 12:32:28 [http-nio-8495-exec-10] INFO  c.v.g.c.NotificationGeneralController -getNotificationDetails   method Start
				
2026-08-04 12:32:28 [http-nio-8495-exec-7] INFO  c.v.g.c.NotificationGeneralController -getNotificationDetails   method Start
				
2026-08-04 12:32:28 [http-nio-8495-exec-8] INFO  c.v.g.c.NotificationGeneralController -getNotificationDetails   method Start
				
2026-08-04 12:32:29 [http-nio-8495-exec-3] INFO  c.v.g.c.NotificationGeneralController -getNotificationDetails   method Start
				
2026-08-04 12:33:04 [http-nio-8495-exec-1] INFO  c.v.g.c.NotificationGeneralController -getNotificationDetails   method Start
				
2026-08-04 12:33:04 [http-nio-8495-exec-4] INFO  c.v.g.services.impl.TileViewService -getProjectTitleView  method start
				
2026-08-04 12:33:04 [http-nio-8495-exec-9] INFO  c.v.p.controller.ProjectController -getProjectDtl   method Start
				
2026-08-04 12:33:04 [http-nio-8495-exec-6] INFO  c.v.s.c.IndentManagementController -getIndentProjectDtlsByDate Controller  method Start
				
2026-08-04 12:33:04 [http-nio-8495-exec-6] INFO  c.v.s.c.IndentManagementController -getIndentProjectDtlsByDate Controller  method end
				
2026-08-04 12:33:04 [http-nio-8495-exec-10] INFO  c.v.g.c.NotificationGeneralController -getNotificationDetails   method Start
				
2026-08-04 12:33:04 [http-nio-8495-exec-4] INFO  c.v.g.c.StageManagementController -getProjectTitleView   method end
				
2026-08-04 12:33:05 [http-nio-8495-exec-7] INFO  c.v.g.c.NotificationGeneralController -getNotificationDetails   method Start
				
2026-08-04 12:33:05 [http-nio-8495-exec-8] INFO  c.v.g.c.NotificationGeneralController -getNotificationDetails   method Start
				
2026-08-04 12:33:06 [http-nio-8495-exec-5] INFO  c.v.p.controller.ProjectController -getProjectDtl   method Start
				
2026-08-04 12:33:06 [http-nio-8495-exec-2] INFO  c.v.g.services.impl.TileViewService -getProjectTitleView  method start
				
2026-08-04 12:33:06 [http-nio-8495-exec-3] INFO  c.v.p.controller.ProjectController -getProjectDtl   method Start
				
2026-08-04 12:33:07 [http-nio-8495-exec-3] INFO  c.v.g.c.NotificationGeneralController -getNotificationDetails   method Start
				
2026-08-04 12:33:07 [http-nio-8495-exec-2] INFO  c.v.g.c.StageManagementController -getProjectTitleView   method end
				
2026-08-04 12:33:07 [http-nio-8495-exec-1] INFO  c.v.g.c.NotificationGeneralController -getNotificationDetails   method Start
				
2026-08-04 12:33:07 [http-nio-8495-exec-4] INFO  c.v.g.c.NotificationGeneralController -getNotificationDetails   method Start
				
2026-08-04 12:33:07 [http-nio-8495-exec-9] INFO  c.v.p.controller.ProjectController -getProjectDtl   method Start
				
2026-08-04 12:33:07 [http-nio-8495-exec-7] INFO  c.v.p.controller.ProjectController -getTimeLineByPM   method Start
				
2026-08-04 12:33:07 [http-nio-8495-exec-7] INFO  c.v.p.controller.ProjectController -getProjTimePlanDropDown   method Start
				
2026-08-04 12:33:07 [http-nio-8495-exec-8] INFO  c.v.g.c.DepartmentAndEmployeeInfoController -DepartmentAndEmployeeInfoController   method Start
				
2026-08-04 12:33:07 [http-nio-8495-exec-2] INFO  c.v.p.controller.ProjectController -getProjectInitiationMstResp   method Start
				
2026-08-04 12:33:07 [http-nio-8495-exec-8] INFO  c.v.g.s.i.DepartmentAndEmployeeService -DepartmentAndEmployeeService  method start
				
2026-08-04 12:33:07 [http-nio-8495-exec-9] INFO  c.v.s.c.SalesBudgetSheetController -getKeyCategory   method Start
				
2026-08-04 12:33:07 [http-nio-8495-exec-7] INFO  c.v.p.controller.ProjectController -getLinkStatusByPMId   method Start
				
2026-08-04 12:33:07 [http-nio-8495-exec-9] INFO  c.v.s.c.SalesBudgetSheetController -getKeyCategory method End
				
2026-08-04 12:33:07 [http-nio-8495-exec-8] INFO  c.v.g.c.NotificationGeneralController -getNotificationDetails   method Start
				
2026-08-04 12:33:07 [http-nio-8495-exec-2] INFO  c.v.g.c.NotificationGeneralController -getNotificationDetails   method Start
				
2026-08-04 12:33:07 [http-nio-8495-exec-6] INFO  c.v.g.c.NotificationGeneralController -getNotificationDetails   method Start
				
2026-08-04 12:33:07 [http-nio-8495-exec-5] INFO  c.v.g.c.NotificationGeneralController -getNotificationDetails   method Start
				
2026-08-04 12:33:07 [http-nio-8495-exec-10] INFO  c.v.g.c.NotificationGeneralController -getNotificationDetails   method Start
				
2026-08-04 12:33:07 [http-nio-8495-exec-9] INFO  c.v.g.c.NotificationGeneralController -getNotificationDetails   method Start
				
2026-08-04 12:33:07 [http-nio-8495-exec-7] INFO  c.v.g.c.NotificationGeneralController -getNotificationDetails   method Start
				
2026-08-04 12:33:07 [http-nio-8495-exec-3] INFO  c.v.g.c.NotificationGeneralController -getNotificationDetails   method Start
				
2026-08-04 12:33:07 [http-nio-8495-exec-1] INFO  c.v.g.c.NotificationGeneralController -getNotificationDetails   method Start
				
2026-08-04 12:33:08 [http-nio-8495-exec-4] INFO  c.v.g.c.NotificationGeneralController -getNotificationDetails   method Start
				
2026-08-04 12:33:08 [http-nio-8495-exec-10] INFO  c.v.g.c.NotificationGeneralController -getNotificationDetails   method Start
				
2026-08-04 12:33:50 [http-nio-8495-exec-8] INFO  c.v.g.c.NotificationGeneralController -getNotificationDetails   method Start
				
2026-08-04 12:33:50 [http-nio-8495-exec-9] INFO  c.v.s.c.IndentManagementController -getIndentProjectDtlsByDate Controller  method Start
				
2026-08-04 12:33:50 [http-nio-8495-exec-6] INFO  c.v.p.controller.ProjectController -getProjectDtl   method Start
				
2026-08-04 12:33:50 [http-nio-8495-exec-5] INFO  c.v.g.services.impl.TileViewService -getProjectTitleView  method start
				
2026-08-04 12:33:50 [http-nio-8495-exec-9] INFO  c.v.s.c.IndentManagementController -getIndentProjectDtlsByDate Controller  method end
				
2026-08-04 12:33:50 [http-nio-8495-exec-7] INFO  c.v.g.c.NotificationGeneralController -getNotificationDetails   method Start
				
2026-08-04 12:33:50 [http-nio-8495-exec-5] INFO  c.v.g.c.StageManagementController -getProjectTitleView   method end
				
2026-08-04 12:33:50 [http-nio-8495-exec-3] INFO  c.v.g.c.NotificationGeneralController -getNotificationDetails   method Start
				
2026-08-04 12:33:51 [http-nio-8495-exec-1] INFO  c.v.g.c.NotificationGeneralController -getNotificationDetails   method Start
				
2026-08-04 12:33:53 [http-nio-8495-exec-7] INFO  c.v.g.services.impl.TileViewService -getProjectTitleView  method start
				
2026-08-04 12:33:53 [http-nio-8495-exec-6] INFO  c.v.p.controller.ProjectController -getProjectDtl   method Start
				
2026-08-04 12:33:53 [http-nio-8495-exec-3] INFO  c.v.s.c.IndentManagementController -getIndentProjectDtlsByDate Controller  method Start
				
2026-08-04 12:33:53 [http-nio-8495-exec-3] INFO  c.v.s.c.IndentManagementController -getIndentProjectDtlsByDate Controller  method end
				
2026-08-04 12:33:53 [http-nio-8495-exec-1] INFO  c.v.g.c.NotificationGeneralController -getNotificationDetails   method Start
				
2026-08-04 12:33:53 [http-nio-8495-exec-10] INFO  c.v.g.c.NotificationGeneralController -getNotificationDetails   method Start
				
2026-08-04 12:33:53 [http-nio-8495-exec-5] INFO  c.v.g.c.NotificationGeneralController -getNotificationDetails   method Start
				
2026-08-04 12:33:53 [http-nio-8495-exec-7] INFO  c.v.g.c.StageManagementController -getProjectTitleView   method end
				
2026-08-04 12:33:53 [http-nio-8495-exec-8] INFO  c.v.g.c.NotificationGeneralController -getNotificationDetails   method Start
				
2026-08-04 12:33:53 [http-nio-8495-exec-9] INFO  c.v.g.c.NotificationGeneralController -getNotificationDetails   method Start
				
2026-08-04 12:33:54 [http-nio-8495-exec-3] INFO  c.v.p.controller.ProjectController -getProjectDtl   method Start
				
2026-08-04 12:33:54 [http-nio-8495-exec-2] INFO  c.v.g.services.impl.TileViewService -getProjectTitleView  method start
				
2026-08-04 12:33:54 [http-nio-8495-exec-4] INFO  c.v.p.controller.ProjectController -getProjectDtl   method Start
				
2026-08-04 12:33:54 [http-nio-8495-exec-4] INFO  c.v.g.c.NotificationGeneralController -getNotificationDetails   method Start
				
2026-08-04 12:33:54 [http-nio-8495-exec-2] INFO  c.v.g.c.StageManagementController -getProjectTitleView   method end
				
2026-08-04 12:33:54 [http-nio-8495-exec-7] INFO  c.v.g.c.NotificationGeneralController -getNotificationDetails   method Start
				
2026-08-04 12:33:55 [http-nio-8495-exec-6] INFO  c.v.g.c.NotificationGeneralController -getNotificationDetails   method Start
				
2026-08-04 12:33:55 [http-nio-8495-exec-5] INFO  c.v.g.c.NotificationGeneralController -getNotificationDetails   method Start
				
2026-08-04 12:33:55 [http-nio-8495-exec-9] INFO  c.v.p.controller.ProjectController -getTimeLineByPM   method Start
				
2026-08-04 12:33:55 [http-nio-8495-exec-2] INFO  c.v.p.controller.ProjectController -getProjTimePlanDropDown   method Start
				
2026-08-04 12:33:55 [http-nio-8495-exec-3] INFO  c.v.g.c.DepartmentAndEmployeeInfoController -DepartmentAndEmployeeInfoController   method Start
				
2026-08-04 12:33:55 [http-nio-8495-exec-3] INFO  c.v.g.s.i.DepartmentAndEmployeeService -DepartmentAndEmployeeService  method start
				
2026-08-04 12:33:55 [http-nio-8495-exec-1] INFO  c.v.p.controller.ProjectController -getProjectInitiationMstResp   method Start
				
2026-08-04 12:33:55 [http-nio-8495-exec-9] INFO  c.v.p.controller.ProjectController -getLinkStatusByPMId   method Start
				
2026-08-04 12:33:55 [http-nio-8495-exec-10] INFO  c.v.s.c.SalesBudgetSheetController -getKeyCategory   method Start
				
2026-08-04 12:33:55 [http-nio-8495-exec-10] INFO  c.v.s.c.SalesBudgetSheetController -getKeyCategory method End
				
2026-08-04 12:33:55 [http-nio-8495-exec-2] INFO  c.v.p.controller.ProjectController -getProjectDtl   method Start
				
2026-08-04 12:33:55 [http-nio-8495-exec-1] INFO  c.v.g.c.NotificationGeneralController -getNotificationDetails   method Start
				
2026-08-04 12:33:55 [http-nio-8495-exec-3] INFO  c.v.g.c.NotificationGeneralController -getNotificationDetails   method Start
				
2026-08-04 12:33:55 [http-nio-8495-exec-8] INFO  c.v.g.c.NotificationGeneralController -getNotificationDetails   method Start
				
2026-08-04 12:33:55 [http-nio-8495-exec-10] INFO  c.v.g.c.NotificationGeneralController -getNotificationDetails   method Start
				
2026-08-04 12:33:55 [http-nio-8495-exec-4] INFO  c.v.g.c.NotificationGeneralController -getNotificationDetails   method Start
				
2026-08-04 12:33:55 [http-nio-8495-exec-2] INFO  c.v.g.c.NotificationGeneralController -getNotificationDetails   method Start
				
2026-08-04 12:33:55 [http-nio-8495-exec-9] INFO  c.v.g.c.NotificationGeneralController -getNotificationDetails   method Start
				
2026-08-04 12:33:55 [http-nio-8495-exec-7] INFO  c.v.g.c.NotificationGeneralController -getNotificationDetails   method Start
				
2026-08-04 12:33:55 [http-nio-8495-exec-6] INFO  c.v.g.c.NotificationGeneralController -getNotificationDetails   method Start
				
2026-08-04 12:33:55 [http-nio-8495-exec-5] INFO  c.v.g.c.NotificationGeneralController -getNotificationDetails   method Start
				
2026-08-04 12:33:58 [http-nio-8495-exec-3] INFO  c.v.g.c.NotificationGeneralController -getNotificationDetails   method Start
				
2026-08-04 12:33:58 [http-nio-8495-exec-10] INFO  c.v.g.services.impl.TileViewService -getProjectTitleView  method start
				
2026-08-04 12:33:58 [http-nio-8495-exec-4] INFO  c.v.s.c.IndentManagementController -getIndentProjectDtlsByDate Controller  method Start
				
2026-08-04 12:33:58 [http-nio-8495-exec-4] INFO  c.v.s.c.IndentManagementController -getIndentProjectDtlsByDate Controller  method end
				
2026-08-04 12:33:58 [http-nio-8495-exec-8] INFO  c.v.p.controller.ProjectController -getProjectDtl   method Start
				
2026-08-04 12:33:58 [http-nio-8495-exec-2] INFO  c.v.g.c.NotificationGeneralController -getNotificationDetails   method Start
				
2026-08-04 12:33:58 [http-nio-8495-exec-10] INFO  c.v.g.c.StageManagementController -getProjectTitleView   method end
				
2026-08-04 12:33:58 [http-nio-8495-exec-9] INFO  c.v.g.c.NotificationGeneralController -getNotificationDetails   method Start
				
2026-08-04 12:33:58 [http-nio-8495-exec-7] INFO  c.v.g.c.NotificationGeneralController -getNotificationDetails   method Start
				
2026-08-04 12:34:00 [http-nio-8495-exec-1] INFO  c.v.p.controller.ProjectController -getProjectDtl   method Start
				
2026-08-04 12:34:00 [http-nio-8495-exec-6] INFO  c.v.p.controller.ProjectController -getProjectDtl   method Start
				
2026-08-04 12:34:00 [http-nio-8495-exec-5] INFO  c.v.g.services.impl.TileViewService -getProjectTitleView  method start
				
2026-08-04 12:34:00 [http-nio-8495-exec-1] INFO  c.v.g.c.NotificationGeneralController -getNotificationDetails   method Start
				
2026-08-04 12:34:00 [http-nio-8495-exec-5] INFO  c.v.g.c.StageManagementController -getProjectTitleView   method end
				
2026-08-04 12:34:00 [http-nio-8495-exec-3] INFO  c.v.g.c.NotificationGeneralController -getNotificationDetails   method Start
				
2026-08-04 12:34:00 [http-nio-8495-exec-4] INFO  c.v.g.c.NotificationGeneralController -getNotificationDetails   method Start
				
2026-08-04 12:34:00 [http-nio-8495-exec-8] INFO  c.v.g.c.NotificationGeneralController -getNotificationDetails   method Start
				
2026-08-04 12:34:00 [http-nio-8495-exec-9] INFO  c.v.p.controller.ProjectController -getProjectDtl   method Start
				
2026-08-04 12:34:00 [http-nio-8495-exec-7] INFO  c.v.p.controller.ProjectController -getTimeLineByPM   method Start
				
2026-08-04 12:34:00 [http-nio-8495-exec-5] INFO  c.v.p.controller.ProjectController -getProjTimePlanDropDown   method Start
				
2026-08-04 12:34:00 [http-nio-8495-exec-6] INFO  c.v.g.c.DepartmentAndEmployeeInfoController -DepartmentAndEmployeeInfoController   method Start
				
2026-08-04 12:34:00 [http-nio-8495-exec-6] INFO  c.v.g.s.i.DepartmentAndEmployeeService -DepartmentAndEmployeeService  method start
				
2026-08-04 12:34:00 [http-nio-8495-exec-10] INFO  c.v.p.controller.ProjectController -getProjectInitiationMstResp   method Start
				
2026-08-04 12:34:00 [http-nio-8495-exec-5] INFO  c.v.p.controller.ProjectController -getLinkStatusByPMId   method Start
				
2026-08-04 12:34:00 [http-nio-8495-exec-2] INFO  c.v.s.c.SalesBudgetSheetController -getKeyCategory   method Start
				
2026-08-04 12:34:00 [http-nio-8495-exec-2] INFO  c.v.s.c.SalesBudgetSheetController -getKeyCategory method End
				
2026-08-04 12:34:00 [http-nio-8495-exec-6] INFO  c.v.g.c.NotificationGeneralController -getNotificationDetails   method Start
				
2026-08-04 12:34:00 [http-nio-8495-exec-9] INFO  c.v.g.c.NotificationGeneralController -getNotificationDetails   method Start
				
2026-08-04 12:34:00 [http-nio-8495-exec-1] INFO  c.v.g.c.NotificationGeneralController -getNotificationDetails   method Start
				
2026-08-04 12:34:00 [http-nio-8495-exec-10] INFO  c.v.g.c.NotificationGeneralController -getNotificationDetails   method Start
				
2026-08-04 12:34:01 [http-nio-8495-exec-7] INFO  c.v.g.c.NotificationGeneralController -getNotificationDetails   method Start
				
2026-08-04 12:34:01 [http-nio-8495-exec-2] INFO  c.v.g.c.NotificationGeneralController -getNotificationDetails   method Start
				
2026-08-04 12:34:01 [http-nio-8495-exec-5] INFO  c.v.g.c.NotificationGeneralController -getNotificationDetails   method Start
				
2026-08-04 12:34:01 [http-nio-8495-exec-3] INFO  c.v.g.c.NotificationGeneralController -getNotificationDetails   method Start
				
2026-08-04 12:34:01 [http-nio-8495-exec-4] INFO  c.v.g.c.NotificationGeneralController -getNotificationDetails   method Start
				
2026-08-04 12:34:01 [http-nio-8495-exec-10] INFO  c.v.g.c.NotificationGeneralController -getNotificationDetails   method Start
				
2026-08-04 12:34:20 [http-nio-8495-exec-8] ERROR com.vmfg.util.GetPropertyValue -getTenantPropertyVal Method Exception|||org.springframework.dao.EmptyResultDataAccessException: Incorrect result size: expected 1, actual 0
				
2026-08-04 12:34:20 [http-nio-8495-exec-8] ERROR com.vmfg.util.GetPropertyValue -getTenantPropertyValByTenantId Method Exception|||org.springframework.dao.EmptyResultDataAccessException: Incorrect result size: expected 1, actual 0
				
2026-08-04 12:34:20 [http-nio-8495-exec-8] INFO  com.vmfg.util.CommonBase64Class -CommonBase64Class getBasesBinary method Start
				
2026-08-04 12:34:20 [http-nio-8495-exec-8] ERROR com.vmfg.util.CommonBase64Class -CommonBase64Class getBasesBinary Method FileNotFoundException---->java.io.FileNotFoundException:  (No such file or directory)
				
2026-08-04 12:34:20 [http-nio-8495-exec-8] ERROR c.v.authentication.UserLoginService -getImageUrl DAO Method Exceptionjava.lang.NullPointerException
				
2026-08-04 12:34:43 [http-nio-8495-exec-1] INFO  com.vmfg.authentication.UserLoginDAO - getUserDtlForAuth DAO method Start
				
2026-08-04 12:34:43 [http-nio-8495-exec-1] INFO  com.vmfg.authentication.UserLoginDAO -getUserLoginInfo DAO method end
				
2026-08-04 12:34:43 [http-nio-8495-exec-3] INFO  c.v.g.c.NotificationGeneralController -getNotificationDetails   method Start
				
2026-08-04 12:34:43 [http-nio-8495-exec-5] INFO  c.v.g.c.NotificationGeneralController -getNotificationDetails   method Start
				
2026-08-04 12:34:43 [http-nio-8495-exec-4] INFO  c.v.g.c.NotificationGeneralController -getNotificationDetails   method Start
				
2026-08-04 12:34:44 [http-nio-8495-exec-8] INFO  c.v.s.c.IndentManagementController -getIndentProjectDtlsByDate Controller  method Start
				
2026-08-04 12:34:44 [http-nio-8495-exec-6] INFO  c.v.g.services.impl.TileViewService -getProjectTitleView  method start
				
2026-08-04 12:34:44 [http-nio-8495-exec-10] INFO  c.v.p.controller.ProjectController -getProjectDtl   method Start
				
2026-08-04 12:34:44 [http-nio-8495-exec-8] INFO  c.v.s.c.IndentManagementController -getIndentProjectDtlsByDate Controller  method end
				
2026-08-04 12:34:44 [http-nio-8495-exec-1] INFO  c.v.g.c.NotificationGeneralController -getNotificationDetails   method Start
				
2026-08-04 12:34:44 [http-nio-8495-exec-6] INFO  c.v.g.c.StageManagementController -getProjectTitleView   method end
				
2026-08-04 12:34:44 [http-nio-8495-exec-2] INFO  c.v.g.c.NotificationGeneralController -getNotificationDetails   method Start
				
2026-08-04 12:34:44 [http-nio-8495-exec-7] INFO  c.v.g.c.NotificationGeneralController -getNotificationDetails   method Start
				
2026-08-04 12:34:45 [http-nio-8495-exec-5] INFO  c.v.p.controller.ProjectController -getProjectDtl   method Start
				
2026-08-04 12:34:45 [http-nio-8495-exec-4] INFO  c.v.g.services.impl.TileViewService -getProjectTitleView  method start
				
2026-08-04 12:34:45 [http-nio-8495-exec-9] INFO  c.v.p.controller.ProjectController -getProjectDtl   method Start
				
2026-08-04 12:34:45 [http-nio-8495-exec-3] INFO  c.v.g.c.NotificationGeneralController -getNotificationDetails   method Start
				
2026-08-04 12:34:45 [http-nio-8495-exec-4] INFO  c.v.g.c.StageManagementController -getProjectTitleView   method end
				
2026-08-04 12:34:45 [http-nio-8495-exec-8] INFO  c.v.g.c.NotificationGeneralController -getNotificationDetails   method Start
				
2026-08-04 12:34:45 [http-nio-8495-exec-6] INFO  c.v.g.c.NotificationGeneralController -getNotificationDetails   method Start
				
2026-08-04 12:34:45 [http-nio-8495-exec-1] INFO  c.v.g.c.NotificationGeneralController -getNotificationDetails   method Start
				
2026-08-04 12:34:46 [http-nio-8495-exec-7] INFO  c.v.p.controller.ProjectController -getProjectDtl   method Start
				
2026-08-04 12:34:46 [http-nio-8495-exec-5] INFO  c.v.p.controller.ProjectController -getTimeLineByPM   method Start
				
2026-08-04 12:34:46 [http-nio-8495-exec-4] INFO  c.v.p.controller.ProjectController -getProjTimePlanDropDown   method Start
				
2026-08-04 12:34:46 [http-nio-8495-exec-9] INFO  c.v.g.c.DepartmentAndEmployeeInfoController -DepartmentAndEmployeeInfoController   method Start
				
2026-08-04 12:34:46 [http-nio-8495-exec-9] INFO  c.v.g.s.i.DepartmentAndEmployeeService -DepartmentAndEmployeeService  method start
				
2026-08-04 12:34:46 [http-nio-8495-exec-10] INFO  c.v.p.controller.ProjectController -getProjectInitiationMstResp   method Start
				
2026-08-04 12:34:46 [http-nio-8495-exec-4] INFO  c.v.p.controller.ProjectController -getLinkStatusByPMId   method Start
				
2026-08-04 12:34:46 [http-nio-8495-exec-9] INFO  c.v.s.c.SalesBudgetSheetController -getKeyCategory   method Start
				
2026-08-04 12:34:46 [http-nio-8495-exec-9] INFO  c.v.s.c.SalesBudgetSheetController -getKeyCategory method End
				
2026-08-04 12:34:46 [http-nio-8495-exec-10] INFO  c.v.g.c.NotificationGeneralController -getNotificationDetails   method Start
				
2026-08-04 12:34:46 [http-nio-8495-exec-7] INFO  c.v.g.c.NotificationGeneralController -getNotificationDetails   method Start
				
2026-08-04 12:34:46 [http-nio-8495-exec-2] INFO  c.v.g.c.NotificationGeneralController -getNotificationDetails   method Start
				
2026-08-04 12:34:46 [http-nio-8495-exec-5] INFO  c.v.g.c.NotificationGeneralController -getNotificationDetails   method Start
				
2026-08-04 12:34:46 [http-nio-8495-exec-9] INFO  c.v.g.c.NotificationGeneralController -getNotificationDetails   method Start
				
2026-08-04 12:34:46 [http-nio-8495-exec-3] INFO  c.v.g.c.NotificationGeneralController -getNotificationDetails   method Start
				
2026-08-04 12:34:46 [http-nio-8495-exec-8] INFO  c.v.g.c.NotificationGeneralController -getNotificationDetails   method Start
				
2026-08-04 12:34:46 [http-nio-8495-exec-4] INFO  c.v.g.c.NotificationGeneralController -getNotificationDetails   method Start
				
2026-08-04 12:34:46 [http-nio-8495-exec-2] INFO  c.v.g.c.NotificationGeneralController -getNotificationDetails   method Start
				
2026-08-04 12:34:46 [http-nio-8495-exec-6] INFO  c.v.g.c.NotificationGeneralController -getNotificationDetails   method Start
				
2026-08-04 12:39:13 [Thread-6] INFO  com.zaxxer.hikari.HikariDataSource -HikariPool-1 - Shutdown initiated...
				
2026-08-04 12:39:13 [Thread-6] INFO  com.zaxxer.hikari.HikariDataSource -HikariPool-1 - Shutdown completed.
				
2026-08-04 12:39:13 [restartedMain] INFO  com.vmfg.VMFGApplication -SmartRun Application Started
				
2026-08-04 12:39:14 [restartedMain] INFO  o.s.boot.SpringApplication -

                                ooooooo &&&&&&&&                              
                              oo     oo &.     &                              
                    ooooooo  oo      oo &:     &&                             
                 oo        oooo      oo &&       *&&&&  &&&&&&                
               oo            oo      oo &&                    &&&             
              oo                     oo &&&&&                  &o             
              oo                     oo &&     &&&&&           &              
              oo           ooo       oo &&           &&&       &&             
           ooooo           o:        oo &&              &        &&           
       ooo     *oo       oo          oo &&                        &&&&&&&     
     oo           ooooooo            oo &&                              &&    
    o&                                      &&&&*       &&               &&   
   oo                                            &&       &&              &&  
   o     ooooo                  @     @@    @@     &&:     &&           &&    
  oo ooo       ooo          @@@@@@@@@@@@@@@@@@@@@    &&     &&         &&     
  ooo            oo         @@ @@@ @@@@@@@@@@@  @     &&     &&         &     
  oo               o      @@@@ @@@ @@@@@@@@@@@  @@@    &&     &         &&    
  o&               oo       @@ @@@ @@@@@@@@@@@  @       &     &         &&    
  oo               oo       @@ @@ @ @@@@        @       &&                &&& 
  oo                      @@@@ @@@@@@@@@@@@@@@  @@@:    &&                  &&
  oo                        @@ @@@@@@@@@@@ @@@  @       &&        o&        &&
   o                        @@ @@@@@ @@@  @@@@  @       &         &&        &.
   oo                     @@@@ @@@ @@@@@@@@@@@  @@@@   &          &    .&&&&  
    o         oooo          @@                  @     &.         &&    &&     
    oo    ooo      &oo          @     @@    @@      &&          &&    &&      
     oo oo            oo        @     @     @@    &&           &&    &&       
      ooo              oo                      &&&           &&      &&       
         oooooooo       oo           oo &&&&&&              &&         &      
              oo        oo           oo &&         &      &&           &&     
              o        :o            oo &&  .&&&&&     &&.           &&       
              o       oo             oo &&                    &&&&&&&&        
              oo    ooo              oo &&                  &&                
                oo                   oo &&                &&                  
                  oo        oooo     oo &&                &                   
                     ooooooo  &o     oo &&      &&&       &                   
                                oo   oo && :&&&   .&& &&&*                    
                                   &ooo &&&                                   

==============================================
SmartRun Product by SmartRun Tech. All rights reserved.
==============================================
Application Version : 2.6.7
Application Title : SmartRun MES
Contact : support@smartruntech.com
==============================================

				
2026-08-04 12:39:14 [restartedMain] INFO  com.vmfg.VMFGApplication -Starting VMFGApplication using Java 1.8.0_482 on Peachs-Mac-mini.local with PID 3919 (/Users/peach/Spring_Boot_Projects/bgr/OneDrive_1_4-15-2026/BGR-SOURCE_CODE-sandbox/SmartRun_ProjectManagement_Java/SR_Management/target/classes started by peach in /Users/peach/Spring_Boot_Projects/bgr/OneDrive_1_4-15-2026/BGR-SOURCE_CODE-sandbox/SmartRun_ProjectManagement_Java/SR_Management)
				
2026-08-04 12:39:14 [restartedMain] INFO  com.vmfg.VMFGApplication -The following 1 profile is active: "dev"
				
2026-08-04 12:39:14 [restartedMain] INFO  o.s.d.r.c.RepositoryConfigurationDelegate -Bootstrapping Spring Data JDBC repositories in DEFAULT mode.
				
2026-08-04 12:39:14 [restartedMain] INFO  o.s.d.r.c.RepositoryConfigurationDelegate -Finished Spring Data repository scanning in 17 ms. Found 0 JDBC repository interfaces.
				
2026-08-04 12:39:15 [restartedMain] INFO  o.s.b.w.e.tomcat.TomcatWebServer -Tomcat initialized with port(s): 8495 (http)
				
2026-08-04 12:39:15 [restartedMain] INFO  o.a.coyote.http11.Http11NioProtocol -Initializing ProtocolHandler ["http-nio-8495"]
				
2026-08-04 12:39:15 [restartedMain] INFO  o.a.catalina.core.StandardService -Starting service [Tomcat]
				
2026-08-04 12:39:15 [restartedMain] INFO  o.a.catalina.core.StandardEngine -Starting Servlet engine: [Apache Tomcat/9.0.63]
				
2026-08-04 12:39:15 [restartedMain] INFO  o.a.c.c.C.[.[localhost].[/smartrun] -Initializing Spring embedded WebApplicationContext
				
2026-08-04 12:39:15 [restartedMain] INFO  o.s.b.w.s.c.ServletWebServerApplicationContext -Root WebApplicationContext: initialization completed in 1335 ms
				
2026-08-04 12:39:15 [restartedMain] INFO  s.d.s.w.PropertySourcedRequestMappingHandlerMapping -Mapped URL path [/v2/api-docs] onto method [springfox.documentation.swagger2.web.Swagger2Controller#getDocumentation(String, HttpServletRequest)]
				
2026-08-04 12:39:15 [restartedMain] INFO  o.s.b.d.a.OptionalLiveReloadServer -LiveReload server is running on port 35729
				
2026-08-04 12:39:15 [restartedMain] INFO  com.zaxxer.hikari.HikariDataSource -HikariPool-2 - Starting...
				
2026-08-04 12:39:15 [restartedMain] INFO  com.zaxxer.hikari.HikariDataSource -HikariPool-2 - Start completed.
				
2026-08-04 12:39:16 [restartedMain] WARN  o.s.b.a.s.s.UserDetailsServiceAutoConfiguration -

Using generated security password: 99cf786a-ef68-443a-b67e-38628013ead3

This generated password is for development use only. Your security configuration must be updated before running your application in production.

				
2026-08-04 12:39:16 [restartedMain] INFO  o.s.s.web.DefaultSecurityFilterChain -Will secure any request with [org.springframework.security.web.session.DisableEncodeUrlFilter@5c9654e2, org.springframework.security.web.context.request.async.WebAsyncManagerIntegrationFilter@32f359f1, org.springframework.security.web.context.SecurityContextPersistenceFilter@6b786f41, org.springframework.security.web.header.HeaderWriterFilter@df2e969, org.springframework.security.web.csrf.CsrfFilter@25da19a9, org.springframework.security.web.authentication.logout.LogoutFilter@5594cad5, org.springframework.security.web.authentication.UsernamePasswordAuthenticationFilter@1e463db2, org.springframework.security.web.authentication.ui.DefaultLoginPageGeneratingFilter@16aff823, org.springframework.security.web.authentication.ui.DefaultLogoutPageGeneratingFilter@4daffde0, org.springframework.security.web.authentication.www.BasicAuthenticationFilter@30a9e15e, org.springframework.security.web.savedrequest.RequestCacheAwareFilter@7110c456, org.springframework.security.web.servletapi.SecurityContextHolderAwareRequestFilter@6bb3c2bc, org.springframework.security.web.authentication.AnonymousAuthenticationFilter@1d14881b, org.springframework.security.web.session.SessionManagementFilter@7810be2f, org.springframework.security.web.access.ExceptionTranslationFilter@353342c, org.springframework.security.web.access.intercept.FilterSecurityInterceptor@5d9b8bbe]
				
2026-08-04 12:39:16 [restartedMain] INFO  o.a.coyote.http11.Http11NioProtocol -Starting ProtocolHandler ["http-nio-8495"]
				
2026-08-04 12:39:16 [restartedMain] INFO  o.s.b.w.e.tomcat.TomcatWebServer -Tomcat started on port(s): 8495 (http) with context path '/smartrun'
				
2026-08-04 12:39:16 [restartedMain] INFO  s.d.s.w.p.DocumentationPluginsBootstrapper -Context refreshed
				
2026-08-04 12:39:16 [restartedMain] INFO  s.d.s.w.p.DocumentationPluginsBootstrapper -Found 1 custom documentation plugin(s)
				
2026-08-04 12:39:16 [restartedMain] INFO  s.d.s.w.s.ApiListingReferenceScanner -Scanning for api listing references
				
2026-08-04 12:39:16 [restartedMain] INFO  com.vmfg.VMFGApplication -Started VMFGApplication in 2.943 seconds (JVM running for 459.766)
				
2026-08-04 12:39:16 [restartedMain] INFO  o.s.b.d.a.ConditionEvaluationDeltaLoggingListener -Condition evaluation delta:


==========================
CONDITION EVALUATION DELTA
==========================


Positive matches:
-----------------

   SpringBootWebSecurityConfiguration.SecurityFilterChainConfiguration matched:
      - AllNestedConditions 2 matched 0 did not; NestedCondition on DefaultWebSecurityCondition.Beans @ConditionalOnMissingBean (types: org.springframework.security.config.annotation.web.configuration.WebSecurityConfigurerAdapter,org.springframework.security.web.SecurityFilterChain; SearchStrategy: all) did not find any beans; NestedCondition on DefaultWebSecurityCondition.Classes @ConditionalOnClass found required classes 'org.springframework.security.web.SecurityFilterChain', 'org.springframework.security.config.annotation.web.builders.HttpSecurity' (DefaultWebSecurityCondition)

   SpringBootWebSecurityConfiguration.WebSecurityEnablerConfiguration matched:
      - @ConditionalOnClass found required class 'org.springframework.security.config.annotation.web.configuration.EnableWebSecurity' (OnClassCondition)
      - @ConditionalOnMissingBean (names: springSecurityFilterChain; SearchStrategy: all) did not find any beans (OnBeanCondition)

   UserDetailsServiceAutoConfiguration matched:
      - @ConditionalOnClass found required class 'org.springframework.security.authentication.AuthenticationManager' (OnClassCondition)
      - @ConditionalOnBean (types: org.springframework.security.config.annotation.ObjectPostProcessor; SearchStrategy: all) found bean 'objectPostProcessor'; @ConditionalOnMissingBean (types: org.springframework.security.authentication.AuthenticationManager,org.springframework.security.authentication.AuthenticationProvider,org.springframework.security.core.userdetails.UserDetailsService,org.springframework.security.authentication.AuthenticationManagerResolver,org.springframework.security.oauth2.jwt.JwtDecoder,org.springframework.security.oauth2.server.resource.introspection.OpaqueTokenIntrospector,org.springframework.security.oauth2.client.registration.ClientRegistrationRepository,org.springframework.security.saml2.provider.service.registration.RelyingPartyRegistrationRepository; SearchStrategy: all) did not find any beans (OnBeanCondition)


Negative matches:
-----------------

    None


Exclusions:
-----------

    None


Unconditional classes:
----------------------

    None



				
2026-08-04 12:39:31 [Thread-9] INFO  com.zaxxer.hikari.HikariDataSource -HikariPool-2 - Shutdown initiated...
				
2026-08-04 12:39:31 [Thread-9] INFO  com.zaxxer.hikari.HikariDataSource -HikariPool-2 - Shutdown completed.
				
2026-08-04 12:39:32 [restartedMain] INFO  com.vmfg.VMFGApplication -SmartRun Application Started
				
2026-08-04 12:39:32 [restartedMain] INFO  o.s.boot.SpringApplication -

                                ooooooo &&&&&&&&                              
                              oo     oo &.     &                              
                    ooooooo  oo      oo &:     &&                             
                 oo        oooo      oo &&       *&&&&  &&&&&&                
               oo            oo      oo &&                    &&&             
              oo                     oo &&&&&                  &o             
              oo                     oo &&     &&&&&           &              
              oo           ooo       oo &&           &&&       &&             
           ooooo           o:        oo &&              &        &&           
       ooo     *oo       oo          oo &&                        &&&&&&&     
     oo           ooooooo            oo &&                              &&    
    o&                                      &&&&*       &&               &&   
   oo                                            &&       &&              &&  
   o     ooooo                  @     @@    @@     &&:     &&           &&    
  oo ooo       ooo          @@@@@@@@@@@@@@@@@@@@@    &&     &&         &&     
  ooo            oo         @@ @@@ @@@@@@@@@@@  @     &&     &&         &     
  oo               o      @@@@ @@@ @@@@@@@@@@@  @@@    &&     &         &&    
  o&               oo       @@ @@@ @@@@@@@@@@@  @       &     &         &&    
  oo               oo       @@ @@ @ @@@@        @       &&                &&& 
  oo                      @@@@ @@@@@@@@@@@@@@@  @@@:    &&                  &&
  oo                        @@ @@@@@@@@@@@ @@@  @       &&        o&        &&
   o                        @@ @@@@@ @@@  @@@@  @       &         &&        &.
   oo                     @@@@ @@@ @@@@@@@@@@@  @@@@   &          &    .&&&&  
    o         oooo          @@                  @     &.         &&    &&     
    oo    ooo      &oo          @     @@    @@      &&          &&    &&      
     oo oo            oo        @     @     @@    &&           &&    &&       
      ooo              oo                      &&&           &&      &&       
         oooooooo       oo           oo &&&&&&              &&         &      
              oo        oo           oo &&         &      &&           &&     
              o        :o            oo &&  .&&&&&     &&.           &&       
              o       oo             oo &&                    &&&&&&&&        
              oo    ooo              oo &&                  &&                
                oo                   oo &&                &&                  
                  oo        oooo     oo &&                &                   
                     ooooooo  &o     oo &&      &&&       &                   
                                oo   oo && :&&&   .&& &&&*                    
                                   &ooo &&&                                   

==============================================
SmartRun Product by SmartRun Tech. All rights reserved.
==============================================
Application Version : 2.6.7
Application Title : SmartRun MES
Contact : support@smartruntech.com
==============================================

				
2026-08-04 12:39:32 [restartedMain] INFO  com.vmfg.VMFGApplication -Starting VMFGApplication using Java 1.8.0_482 on Peachs-Mac-mini.local with PID 3919 (/Users/peach/Spring_Boot_Projects/bgr/OneDrive_1_4-15-2026/BGR-SOURCE_CODE-sandbox/SmartRun_ProjectManagement_Java/SR_Management/target/classes started by peach in /Users/peach/Spring_Boot_Projects/bgr/OneDrive_1_4-15-2026/BGR-SOURCE_CODE-sandbox/SmartRun_ProjectManagement_Java/SR_Management)
				
2026-08-04 12:39:32 [restartedMain] INFO  com.vmfg.VMFGApplication -The following 1 profile is active: "dev"
				
2026-08-04 12:39:33 [restartedMain] INFO  o.s.d.r.c.RepositoryConfigurationDelegate -Bootstrapping Spring Data JDBC repositories in DEFAULT mode.
				
2026-08-04 12:39:33 [restartedMain] INFO  o.s.d.r.c.RepositoryConfigurationDelegate -Finished Spring Data repository scanning in 43 ms. Found 0 JDBC repository interfaces.
				
2026-08-04 12:39:33 [restartedMain] INFO  o.s.b.w.e.tomcat.TomcatWebServer -Tomcat initialized with port(s): 8495 (http)
				
2026-08-04 12:39:33 [restartedMain] INFO  o.a.coyote.http11.Http11NioProtocol -Initializing ProtocolHandler ["http-nio-8495"]
				
2026-08-04 12:39:33 [restartedMain] INFO  o.a.catalina.core.StandardService -Starting service [Tomcat]
				
2026-08-04 12:39:33 [restartedMain] INFO  o.a.catalina.core.StandardEngine -Starting Servlet engine: [Apache Tomcat/9.0.63]
				
2026-08-04 12:39:33 [restartedMain] INFO  o.a.c.c.C.[.[localhost].[/smartrun] -Initializing Spring embedded WebApplicationContext
				
2026-08-04 12:39:33 [restartedMain] INFO  o.s.b.w.s.c.ServletWebServerApplicationContext -Root WebApplicationContext: initialization completed in 896 ms
				
2026-08-04 12:39:34 [restartedMain] INFO  s.d.s.w.PropertySourcedRequestMappingHandlerMapping -Mapped URL path [/v2/api-docs] onto method [springfox.documentation.swagger2.web.Swagger2Controller#getDocumentation(String, HttpServletRequest)]
				
2026-08-04 12:39:34 [restartedMain] INFO  o.s.s.web.DefaultSecurityFilterChain -Will secure any request with [org.springframework.security.web.session.DisableEncodeUrlFilter@7e6831a7, org.springframework.security.web.context.request.async.WebAsyncManagerIntegrationFilter@5a956424, org.springframework.security.web.context.SecurityContextPersistenceFilter@1798ef6e, org.springframework.security.web.header.HeaderWriterFilter@55ccfa45, org.springframework.web.filter.CorsFilter@2db5011e, org.springframework.security.web.authentication.logout.LogoutFilter@44a17f8e, com.vmfg.security.config.JwtRequestFilter@76595774, org.springframework.security.web.savedrequest.RequestCacheAwareFilter@c5782a8, org.springframework.security.web.servletapi.SecurityContextHolderAwareRequestFilter@3e7b5fb5, org.springframework.security.web.authentication.AnonymousAuthenticationFilter@3c44526e, org.springframework.security.web.session.SessionManagementFilter@1557e29d, org.springframework.security.web.access.ExceptionTranslationFilter@790c4b0e, org.springframework.security.web.access.intercept.FilterSecurityInterceptor@cd3a660]
				
2026-08-04 12:39:34 [restartedMain] INFO  o.s.b.d.a.OptionalLiveReloadServer -LiveReload server is running on port 35729
				
2026-08-04 12:39:34 [restartedMain] INFO  com.zaxxer.hikari.HikariDataSource -HikariPool-3 - Starting...
				
2026-08-04 12:39:34 [restartedMain] INFO  com.zaxxer.hikari.HikariDataSource -HikariPool-3 - Start completed.
				
2026-08-04 12:39:34 [restartedMain] INFO  o.a.coyote.http11.Http11NioProtocol -Starting ProtocolHandler ["http-nio-8495"]
				
2026-08-04 12:39:34 [restartedMain] INFO  o.s.b.w.e.tomcat.TomcatWebServer -Tomcat started on port(s): 8495 (http) with context path '/smartrun'
				
2026-08-04 12:39:34 [restartedMain] INFO  s.d.s.w.p.DocumentationPluginsBootstrapper -Context refreshed
				
2026-08-04 12:39:34 [restartedMain] INFO  s.d.s.w.p.DocumentationPluginsBootstrapper -Found 1 custom documentation plugin(s)
				
2026-08-04 12:39:34 [restartedMain] INFO  s.d.s.w.s.ApiListingReferenceScanner -Scanning for api listing references
				
2026-08-04 12:39:35 [restartedMain] INFO  s.d.s.w.r.o.CachingOperationNameGenerator -Generating unique operation named: insertOrUpdateSalesBudgetSheetHdrAndDtlUsingPOST_1
				
2026-08-04 12:39:35 [restartedMain] INFO  s.d.s.w.r.o.CachingOperationNameGenerator -Generating unique operation named: getVendorDetailHdrViewUsingPOST_1
				
2026-08-04 12:39:35 [restartedMain] INFO  s.d.s.w.r.o.CachingOperationNameGenerator -Generating unique operation named: updateUserRoleMappingUsingPOST_1
				
2026-08-04 12:39:35 [restartedMain] INFO  com.vmfg.VMFGApplication -Started VMFGApplication in 3.402 seconds (JVM running for 478.924)
				
2026-08-04 12:39:35 [restartedMain] INFO  c.v.config.DevFlywayMigrationRunner -Running Flyway migrations against sandbox datasource
				
2026-08-04 12:39:35 [restartedMain] INFO  org.flywaydb.core.FlywayExecutor -Database: jdbc:mysql://localhost:3306/smartrun_bgr_sandbox (MySQL 9.6)
				
2026-08-04 12:39:35 [restartedMain] WARN  o.f.c.i.database.base.Database -Flyway upgrade recommended: MySQL 9.6 is newer than this version of Flyway and support has not been tested. The latest supported version of MySQL is 8.0.
				
2026-08-04 12:39:35 [restartedMain] INFO  o.f.core.internal.command.DbValidate -Successfully validated 4 migrations (execution time 00:00.025s)
				
2026-08-04 12:39:35 [restartedMain] INFO  o.f.core.internal.command.DbMigrate -Current version of schema `smartrun_bgr_sandbox`: 3
				
2026-08-04 12:39:35 [restartedMain] INFO  o.f.core.internal.command.DbMigrate -Schema `smartrun_bgr_sandbox` is up to date. No migration necessary.
				
2026-08-04 12:39:35 [restartedMain] INFO  o.s.b.d.a.ConditionEvaluationDeltaLoggingListener -Condition evaluation delta:


==========================
CONDITION EVALUATION DELTA
==========================


Positive matches:
-----------------

    None


Negative matches:
-----------------

   SpringBootWebSecurityConfiguration.SecurityFilterChainConfiguration:
      Did not match:
         - AllNestedConditions 1 matched 1 did not; NestedCondition on DefaultWebSecurityCondition.Beans @ConditionalOnMissingBean (types: org.springframework.security.config.annotation.web.configuration.WebSecurityConfigurerAdapter,org.springframework.security.web.SecurityFilterChain; SearchStrategy: all) found beans of type 'org.springframework.security.web.SecurityFilterChain' filterChain; NestedCondition on DefaultWebSecurityCondition.Classes @ConditionalOnClass found required classes 'org.springframework.security.web.SecurityFilterChain', 'org.springframework.security.config.annotation.web.builders.HttpSecurity' (DefaultWebSecurityCondition)

   SpringBootWebSecurityConfiguration.WebSecurityEnablerConfiguration:
      Did not match:
         - @ConditionalOnMissingBean (names: springSecurityFilterChain; SearchStrategy: all) found beans named springSecurityFilterChain (OnBeanCondition)
      Matched:
         - @ConditionalOnClass found required class 'org.springframework.security.config.annotation.web.configuration.EnableWebSecurity' (OnClassCondition)

   UserDetailsServiceAutoConfiguration:
      Did not match:
         - @ConditionalOnMissingBean (types: org.springframework.security.authentication.AuthenticationManager,org.springframework.security.authentication.AuthenticationProvider,org.springframework.security.core.userdetails.UserDetailsService,org.springframework.security.authentication.AuthenticationManagerResolver,org.springframework.security.oauth2.jwt.JwtDecoder,org.springframework.security.oauth2.server.resource.introspection.OpaqueTokenIntrospector,org.springframework.security.oauth2.client.registration.ClientRegistrationRepository,org.springframework.security.saml2.provider.service.registration.RelyingPartyRegistrationRepository; SearchStrategy: all) found beans of type 'org.springframework.security.authentication.AuthenticationManager' authenticationManager and found beans of type 'org.springframework.security.core.userdetails.UserDetailsService' userLoginDAO (OnBeanCondition)
      Matched:
         - @ConditionalOnClass found required class 'org.springframework.security.authentication.AuthenticationManager' (OnClassCondition)


Exclusions:
-----------

    None


Unconditional classes:
----------------------

    None



				
2026-08-04 12:40:03 [SpringApplicationShutdownHook] INFO  com.zaxxer.hikari.HikariDataSource -HikariPool-3 - Shutdown initiated...
				
2026-08-04 12:40:03 [SpringApplicationShutdownHook] INFO  com.zaxxer.hikari.HikariDataSource -HikariPool-3 - Shutdown completed.
				
2026-08-04 12:40:10 [background-preinit] INFO  o.h.validator.internal.util.Version -HV000001: Hibernate Validator 6.2.3.Final
				
2026-08-04 12:40:11 [restartedMain] INFO  o.s.boot.SpringApplication -

                                ooooooo &&&&&&&&                              
                              oo     oo &.     &                              
                    ooooooo  oo      oo &:     &&                             
                 oo        oooo      oo &&       *&&&&  &&&&&&                
               oo            oo      oo &&                    &&&             
              oo                     oo &&&&&                  &o             
              oo                     oo &&     &&&&&           &              
              oo           ooo       oo &&           &&&       &&             
           ooooo           o:        oo &&              &        &&           
       ooo     *oo       oo          oo &&                        &&&&&&&     
     oo           ooooooo            oo &&                              &&    
    o&                                      &&&&*       &&               &&   
   oo                                            &&       &&              &&  
   o     ooooo                  @     @@    @@     &&:     &&           &&    
  oo ooo       ooo          @@@@@@@@@@@@@@@@@@@@@    &&     &&         &&     
  ooo            oo         @@ @@@ @@@@@@@@@@@  @     &&     &&         &     
  oo               o      @@@@ @@@ @@@@@@@@@@@  @@@    &&     &         &&    
  o&               oo       @@ @@@ @@@@@@@@@@@  @       &     &         &&    
  oo               oo       @@ @@ @ @@@@        @       &&                &&& 
  oo                      @@@@ @@@@@@@@@@@@@@@  @@@:    &&                  &&
  oo                        @@ @@@@@@@@@@@ @@@  @       &&        o&        &&
   o                        @@ @@@@@ @@@  @@@@  @       &         &&        &.
   oo                     @@@@ @@@ @@@@@@@@@@@  @@@@   &          &    .&&&&  
    o         oooo          @@                  @     &.         &&    &&     
    oo    ooo      &oo          @     @@    @@      &&          &&    &&      
     oo oo            oo        @     @     @@    &&           &&    &&       
      ooo              oo                      &&&           &&      &&       
         oooooooo       oo           oo &&&&&&              &&         &      
              oo        oo           oo &&         &      &&           &&     
              o        :o            oo &&  .&&&&&     &&.           &&       
              o       oo             oo &&                    &&&&&&&&        
              oo    ooo              oo &&                  &&                
                oo                   oo &&                &&                  
                  oo        oooo     oo &&                &                   
                     ooooooo  &o     oo &&      &&&       &                   
                                oo   oo && :&&&   .&& &&&*                    
                                   &ooo &&&                                   

==============================================
SmartRun Product by SmartRun Tech. All rights reserved.
==============================================
Application Version : 2.6.7
Application Title : SmartRun MES
Contact : support@smartruntech.com
==============================================

				
2026-08-04 12:40:11 [restartedMain] INFO  com.vmfg.VMFGApplication -Starting VMFGApplication using Java 1.8.0_482 on Peachs-Mac-mini.local with PID 4177 (/Users/peach/Spring_Boot_Projects/bgr/OneDrive_1_4-15-2026/BGR-SOURCE_CODE-sandbox/SmartRun_ProjectManagement_Java/SR_Management/target/classes started by peach in /Users/peach/Spring_Boot_Projects/bgr/OneDrive_1_4-15-2026/BGR-SOURCE_CODE-sandbox/SmartRun_ProjectManagement_Java/SR_Management)
				
2026-08-04 12:40:11 [restartedMain] INFO  com.vmfg.VMFGApplication -The following 1 profile is active: "dev"
				
2026-08-04 12:40:11 [restartedMain] INFO  o.s.b.d.e.DevToolsPropertyDefaultsPostProcessor -Devtools property defaults active! Set 'spring.devtools.add-properties' to 'false' to disable
				
2026-08-04 12:40:11 [restartedMain] INFO  o.s.b.d.e.DevToolsPropertyDefaultsPostProcessor -For additional web related logging consider setting the 'logging.level.web' property to 'DEBUG'
				
2026-08-04 12:40:13 [restartedMain] INFO  o.s.d.r.c.RepositoryConfigurationDelegate -Bootstrapping Spring Data JDBC repositories in DEFAULT mode.
				
2026-08-04 12:40:13 [restartedMain] INFO  o.s.d.r.c.RepositoryConfigurationDelegate -Finished Spring Data repository scanning in 114 ms. Found 0 JDBC repository interfaces.
				
2026-08-04 12:40:14 [restartedMain] INFO  o.s.b.w.e.tomcat.TomcatWebServer -Tomcat initialized with port(s): 8495 (http)
				
2026-08-04 12:40:14 [restartedMain] INFO  o.a.coyote.http11.Http11NioProtocol -Initializing ProtocolHandler ["http-nio-8495"]
				
2026-08-04 12:40:14 [restartedMain] INFO  o.a.catalina.core.StandardService -Starting service [Tomcat]
				
2026-08-04 12:40:14 [restartedMain] INFO  o.a.catalina.core.StandardEngine -Starting Servlet engine: [Apache Tomcat/9.0.63]
				
2026-08-04 12:40:14 [restartedMain] INFO  o.a.c.c.C.[.[localhost].[/smartrun] -Initializing Spring embedded WebApplicationContext
				
2026-08-04 12:40:14 [restartedMain] INFO  o.s.b.w.s.c.ServletWebServerApplicationContext -Root WebApplicationContext: initialization completed in 3452 ms
				
2026-08-04 12:40:18 [restartedMain] INFO  s.d.s.w.PropertySourcedRequestMappingHandlerMapping -Mapped URL path [/v2/api-docs] onto method [springfox.documentation.swagger2.web.Swagger2Controller#getDocumentation(String, HttpServletRequest)]
				
2026-08-04 12:40:18 [restartedMain] INFO  o.s.s.web.DefaultSecurityFilterChain -Will secure any request with [org.springframework.security.web.session.DisableEncodeUrlFilter@494b3d44, org.springframework.security.web.context.request.async.WebAsyncManagerIntegrationFilter@72f3d388, org.springframework.security.web.context.SecurityContextPersistenceFilter@f5fbcda, org.springframework.security.web.header.HeaderWriterFilter@12f99920, org.springframework.web.filter.CorsFilter@5bb60d5d, org.springframework.security.web.authentication.logout.LogoutFilter@72450124, com.vmfg.security.config.JwtRequestFilter@7be0bc35, org.springframework.security.web.savedrequest.RequestCacheAwareFilter@30780755, org.springframework.security.web.servletapi.SecurityContextHolderAwareRequestFilter@60eccfa2, org.springframework.security.web.authentication.AnonymousAuthenticationFilter@6940e37d, org.springframework.security.web.session.SessionManagementFilter@57d5a8d8, org.springframework.security.web.access.ExceptionTranslationFilter@3ba1288b, org.springframework.security.web.access.intercept.FilterSecurityInterceptor@40ed7001]
				
2026-08-04 12:40:18 [restartedMain] INFO  o.s.b.d.a.OptionalLiveReloadServer -LiveReload server is running on port 35729
				
2026-08-04 12:40:18 [restartedMain] INFO  com.zaxxer.hikari.HikariDataSource -HikariPool-1 - Starting...
				
2026-08-04 12:40:19 [restartedMain] INFO  com.zaxxer.hikari.HikariDataSource -HikariPool-1 - Start completed.
				
2026-08-04 12:40:19 [restartedMain] INFO  o.a.coyote.http11.Http11NioProtocol -Starting ProtocolHandler ["http-nio-8495"]
				
2026-08-04 12:40:19 [restartedMain] INFO  o.s.b.w.e.tomcat.TomcatWebServer -Tomcat started on port(s): 8495 (http) with context path '/smartrun'
				
2026-08-04 12:40:19 [restartedMain] INFO  s.d.s.w.p.DocumentationPluginsBootstrapper -Context refreshed
				
2026-08-04 12:40:20 [restartedMain] INFO  s.d.s.w.p.DocumentationPluginsBootstrapper -Found 1 custom documentation plugin(s)
				
2026-08-04 12:40:20 [restartedMain] INFO  s.d.s.w.s.ApiListingReferenceScanner -Scanning for api listing references
				
2026-08-04 12:40:21 [restartedMain] INFO  s.d.s.w.r.o.CachingOperationNameGenerator -Generating unique operation named: insertOrUpdateSalesBudgetSheetHdrAndDtlUsingPOST_1
				
2026-08-04 12:40:21 [restartedMain] INFO  s.d.s.w.r.o.CachingOperationNameGenerator -Generating unique operation named: getVendorDetailHdrViewUsingPOST_1
				
2026-08-04 12:40:22 [restartedMain] INFO  s.d.s.w.r.o.CachingOperationNameGenerator -Generating unique operation named: updateUserRoleMappingUsingPOST_1
				
2026-08-04 12:40:22 [restartedMain] INFO  com.vmfg.VMFGApplication -Started VMFGApplication in 12.124 seconds (JVM running for 12.883)
				
2026-08-04 12:40:22 [restartedMain] INFO  c.v.config.DevFlywayMigrationRunner -Running Flyway migrations against sandbox datasource
				
2026-08-04 12:40:22 [restartedMain] INFO  o.f.c.i.license.VersionPrinter -Flyway Community Edition 9.22.3 by Redgate
				
2026-08-04 12:40:22 [restartedMain] INFO  o.f.c.i.license.VersionPrinter -See release notes here: https://rd.gt/416ObMi
				
2026-08-04 12:40:22 [restartedMain] INFO  o.f.c.i.license.VersionPrinter -
				
2026-08-04 12:40:22 [restartedMain] INFO  org.flywaydb.core.FlywayExecutor -Database: jdbc:mysql://localhost:3306/smartrun_bgr_sandbox (MySQL 9.6)
				
2026-08-04 12:40:22 [restartedMain] WARN  o.f.c.i.database.base.Database -Flyway upgrade recommended: MySQL 9.6 is newer than this version of Flyway and support has not been tested. The latest supported version of MySQL is 8.0.
				
2026-08-04 12:40:22 [restartedMain] INFO  o.f.core.internal.command.DbValidate -Successfully validated 4 migrations (execution time 00:00.039s)
				
2026-08-04 12:40:22 [restartedMain] INFO  o.f.core.internal.command.DbMigrate -Current version of schema `smartrun_bgr_sandbox`: 3
				
2026-08-04 12:40:22 [restartedMain] INFO  o.f.core.internal.command.DbMigrate -Schema `smartrun_bgr_sandbox` is up to date. No migration necessary.
				
2026-08-04 12:40:22 [main] ERROR com.vmfg.VMFGApplication -SmartRun Application Start Exception--->org.springframework.boot.devtools.restart.SilentExitExceptionHandler$SilentExitException
				
2026-08-04 12:40:33 [http-nio-8495-exec-3] INFO  o.a.c.c.C.[.[localhost].[/smartrun] -Initializing Spring DispatcherServlet 'dispatcherServlet'
				
2026-08-04 12:40:33 [http-nio-8495-exec-3] INFO  o.s.web.servlet.DispatcherServlet -Initializing Servlet 'dispatcherServlet'
				
2026-08-04 12:40:33 [http-nio-8495-exec-3] INFO  o.s.web.servlet.DispatcherServlet -Completed initialization in 6 ms
				
2026-08-04 12:40:34 [http-nio-8495-exec-6] INFO  c.v.g.c.NotificationGeneralController -getNotificationDetails   method Start
				
2026-08-04 12:40:34 [http-nio-8495-exec-7] INFO  c.v.g.c.NotificationGeneralController -getNotificationDetails   method Start
				
2026-08-04 12:40:34 [http-nio-8495-exec-4] INFO  c.v.g.c.NotificationGeneralController -getNotificationDetails   method Start
				
2026-08-04 12:40:34 [http-nio-8495-exec-9] INFO  c.v.p.controller.ProjectController -getProjectDtl   method Start
				
2026-08-04 12:40:34 [http-nio-8495-exec-5] INFO  c.v.p.controller.ProjectController -getTimeLineByPM   method Start
				
2026-08-04 12:40:34 [http-nio-8495-exec-5] INFO  c.v.g.c.DepartmentAndEmployeeInfoController -DepartmentAndEmployeeInfoController   method Start
				
2026-08-04 12:40:34 [http-nio-8495-exec-5] INFO  c.v.g.s.i.DepartmentAndEmployeeService -DepartmentAndEmployeeService  method start
				
2026-08-04 12:40:34 [http-nio-8495-exec-2] INFO  c.v.p.controller.ProjectController -getProjTimePlanDropDown   method Start
				
2026-08-04 12:40:34 [http-nio-8495-exec-2] INFO  c.v.p.controller.ProjectController -getProjectInitiationMstResp   method Start
				
2026-08-04 12:40:34 [http-nio-8495-exec-5] INFO  c.v.p.controller.ProjectController -getLinkStatusByPMId   method Start
				
2026-08-04 12:40:34 [http-nio-8495-exec-10] INFO  c.v.g.c.NotificationGeneralController -getNotificationDetails   method Start
				
2026-08-04 12:40:34 [http-nio-8495-exec-9] INFO  c.v.s.c.SalesBudgetSheetController -getKeyCategory   method Start
				
2026-08-04 12:40:34 [http-nio-8495-exec-9] INFO  c.v.s.c.SalesBudgetSheetController -getKeyCategory method End
				
2026-08-04 12:40:34 [http-nio-8495-exec-8] INFO  c.v.g.c.NotificationGeneralController -getNotificationDetails   method Start
				
2026-08-04 12:40:34 [http-nio-8495-exec-1] INFO  c.v.g.c.NotificationGeneralController -getNotificationDetails   method Start
				
2026-08-04 12:40:34 [http-nio-8495-exec-6] INFO  c.v.g.c.NotificationGeneralController -getNotificationDetails   method Start
				
2026-08-04 12:40:34 [http-nio-8495-exec-2] INFO  c.v.g.c.NotificationGeneralController -getNotificationDetails   method Start
				
2026-08-04 12:40:34 [http-nio-8495-exec-3] INFO  c.v.g.c.NotificationGeneralController -getNotificationDetails   method Start
				
2026-08-04 12:40:34 [http-nio-8495-exec-5] INFO  c.v.g.c.NotificationGeneralController -getNotificationDetails   method Start
				
2026-08-04 12:40:35 [http-nio-8495-exec-9] INFO  c.v.g.c.NotificationGeneralController -getNotificationDetails   method Start
				
2026-08-04 12:40:35 [http-nio-8495-exec-7] INFO  c.v.g.c.NotificationGeneralController -getNotificationDetails   method Start
				
2026-08-04 12:40:35 [http-nio-8495-exec-4] INFO  c.v.g.c.NotificationGeneralController -getNotificationDetails   method Start
				
2026-08-04 12:40:52 [http-nio-8495-exec-5] INFO  c.v.g.c.NotificationGeneralController -getNotificationDetails   method Start
				
2026-08-04 12:40:52 [http-nio-8495-exec-9] INFO  c.v.g.c.NotificationGeneralController -getNotificationDetails   method Start
				
2026-08-04 12:40:52 [http-nio-8495-exec-7] INFO  c.v.g.c.NotificationGeneralController -getNotificationDetails   method Start
				
2026-08-04 12:40:52 [http-nio-8495-exec-10] INFO  c.v.p.controller.ProjectController -getTimeLineByPM   method Start
				
2026-08-04 12:40:52 [http-nio-8495-exec-8] INFO  c.v.p.controller.ProjectController -getProjectDtl   method Start
				
2026-08-04 12:40:52 [http-nio-8495-exec-10] INFO  c.v.p.controller.ProjectController -getProjTimePlanDropDown   method Start
				
2026-08-04 12:40:52 [http-nio-8495-exec-1] INFO  c.v.g.c.DepartmentAndEmployeeInfoController -DepartmentAndEmployeeInfoController   method Start
				
2026-08-04 12:40:52 [http-nio-8495-exec-1] INFO  c.v.g.s.i.DepartmentAndEmployeeService -DepartmentAndEmployeeService  method start
				
2026-08-04 12:40:52 [http-nio-8495-exec-10] INFO  c.v.p.controller.ProjectController -getProjectInitiationMstResp   method Start
				
2026-08-04 12:40:52 [http-nio-8495-exec-2] INFO  c.v.p.controller.ProjectController -getLinkStatusByPMId   method Start
				
2026-08-04 12:40:52 [http-nio-8495-exec-4] INFO  c.v.s.c.SalesBudgetSheetController -getKeyCategory   method Start
				
2026-08-04 12:40:52 [http-nio-8495-exec-4] INFO  c.v.s.c.SalesBudgetSheetController -getKeyCategory method End
				
2026-08-04 12:40:52 [http-nio-8495-exec-1] INFO  c.v.g.c.NotificationGeneralController -getNotificationDetails   method Start
				
2026-08-04 12:40:52 [http-nio-8495-exec-10] INFO  c.v.g.c.NotificationGeneralController -getNotificationDetails   method Start
				
2026-08-04 12:40:52 [http-nio-8495-exec-6] INFO  c.v.g.c.NotificationGeneralController -getNotificationDetails   method Start
				
2026-08-04 12:40:53 [http-nio-8495-exec-5] INFO  c.v.g.c.NotificationGeneralController -getNotificationDetails   method Start
				
2026-08-04 12:40:53 [http-nio-8495-exec-8] INFO  c.v.g.c.NotificationGeneralController -getNotificationDetails   method Start
				
2026-08-04 12:40:53 [http-nio-8495-exec-3] INFO  c.v.g.c.NotificationGeneralController -getNotificationDetails   method Start
				
2026-08-04 12:40:53 [http-nio-8495-exec-4] INFO  c.v.g.c.NotificationGeneralController -getNotificationDetails   method Start
				
2026-08-04 12:40:53 [http-nio-8495-exec-2] INFO  c.v.g.c.NotificationGeneralController -getNotificationDetails   method Start
				
2026-08-04 12:40:53 [http-nio-8495-exec-10] INFO  c.v.g.c.NotificationGeneralController -getNotificationDetails   method Start
				
2026-08-04 12:40:53 [http-nio-8495-exec-7] INFO  c.v.g.c.NotificationGeneralController -getNotificationDetails   method Start
				
2026-08-04 12:40:54 [http-nio-8495-exec-1] INFO  c.v.g.c.NotificationGeneralController -getNotificationDetails   method Start
				
2026-08-04 12:40:55 [http-nio-8495-exec-6] INFO  c.v.p.controller.ProjectController -getProjectDtl   method Start
				
2026-08-04 12:40:55 [http-nio-8495-exec-3] INFO  c.v.g.services.impl.TileViewService -getProjectTitleView  method start
				
2026-08-04 12:40:55 [http-nio-8495-exec-8] INFO  c.v.s.c.IndentManagementController -getIndentProjectDtlsByDate Controller  method Start
				
2026-08-04 12:40:55 [http-nio-8495-exec-8] INFO  c.v.s.c.IndentManagementController -getIndentProjectDtlsByDate Controller  method end
				
2026-08-04 12:40:55 [http-nio-8495-exec-5] INFO  c.v.g.c.NotificationGeneralController -getNotificationDetails   method Start
				
2026-08-04 12:40:55 [http-nio-8495-exec-3] INFO  c.v.g.c.StageManagementController -getProjectTitleView   method end
				
2026-08-04 12:40:55 [http-nio-8495-exec-4] INFO  c.v.g.c.NotificationGeneralController -getNotificationDetails   method Start
				
2026-08-04 12:40:55 [http-nio-8495-exec-10] INFO  c.v.g.c.NotificationGeneralController -getNotificationDetails   method Start
				
2026-08-04 12:40:56 [http-nio-8495-exec-7] INFO  c.v.g.services.impl.TileViewService -getProjectTitleView  method start
				
2026-08-04 12:40:56 [http-nio-8495-exec-2] INFO  c.v.p.controller.ProjectController -getProjectDtl   method Start
				
2026-08-04 12:40:56 [http-nio-8495-exec-9] INFO  c.v.p.controller.ProjectController -getProjectDtl   method Start
				
2026-08-04 12:40:56 [http-nio-8495-exec-1] INFO  c.v.g.c.NotificationGeneralController -getNotificationDetails   method Start
				
2026-08-04 12:40:56 [http-nio-8495-exec-7] INFO  c.v.g.c.StageManagementController -getProjectTitleView   method end
				
2026-08-04 12:40:57 [http-nio-8495-exec-3] INFO  c.v.g.c.NotificationGeneralController -getNotificationDetails   method Start
				
2026-08-04 12:40:57 [http-nio-8495-exec-5] INFO  c.v.g.c.NotificationGeneralController -getNotificationDetails   method Start
				
2026-08-04 12:40:57 [http-nio-8495-exec-4] INFO  c.v.p.controller.ProjectController -getProjectDtl   method Start
				
2026-08-04 12:40:57 [http-nio-8495-exec-10] INFO  c.v.p.controller.ProjectController -getTimeLineByPM   method Start
				
2026-08-04 12:40:57 [http-nio-8495-exec-10] INFO  c.v.p.controller.ProjectController -getProjTimePlanDropDown   method Start
				
2026-08-04 12:40:57 [http-nio-8495-exec-9] INFO  c.v.g.c.DepartmentAndEmployeeInfoController -DepartmentAndEmployeeInfoController   method Start
				
2026-08-04 12:40:57 [http-nio-8495-exec-9] INFO  c.v.g.s.i.DepartmentAndEmployeeService -DepartmentAndEmployeeService  method start
				
2026-08-04 12:40:57 [http-nio-8495-exec-6] INFO  c.v.p.controller.ProjectController -getProjectInitiationMstResp   method Start
				
2026-08-04 12:40:57 [http-nio-8495-exec-2] INFO  c.v.s.c.SalesBudgetSheetController -getKeyCategory   method Start
				
2026-08-04 12:40:57 [http-nio-8495-exec-2] INFO  c.v.s.c.SalesBudgetSheetController -getKeyCategory method End
				
2026-08-04 12:40:57 [http-nio-8495-exec-9] INFO  c.v.g.c.NotificationGeneralController -getNotificationDetails   method Start
				
2026-08-04 12:40:57 [http-nio-8495-exec-10] INFO  c.v.g.c.NotificationGeneralController -getNotificationDetails   method Start
				
2026-08-04 12:40:57 [http-nio-8495-exec-1] INFO  c.v.p.controller.ProjectController -getLinkStatusByPMId   method Start
				
2026-08-04 12:40:57 [http-nio-8495-exec-2] INFO  c.v.g.c.NotificationGeneralController -getNotificationDetails   method Start
				
2026-08-04 12:40:57 [http-nio-8495-exec-6] INFO  c.v.g.c.NotificationGeneralController -getNotificationDetails   method Start
				
2026-08-04 12:40:57 [http-nio-8495-exec-4] INFO  c.v.g.c.NotificationGeneralController -getNotificationDetails   method Start
				
2026-08-04 12:40:57 [http-nio-8495-exec-7] INFO  c.v.g.c.NotificationGeneralController -getNotificationDetails   method Start
				
2026-08-04 12:40:57 [http-nio-8495-exec-9] INFO  c.v.g.c.NotificationGeneralController -getNotificationDetails   method Start
				
2026-08-04 12:40:57 [http-nio-8495-exec-2] INFO  c.v.g.c.NotificationGeneralController -getNotificationDetails   method Start
				
2026-08-04 12:40:57 [http-nio-8495-exec-10] INFO  c.v.g.c.NotificationGeneralController -getNotificationDetails   method Start
				
2026-08-04 12:40:57 [http-nio-8495-exec-6] INFO  c.v.g.c.NotificationGeneralController -getNotificationDetails   method Start
				
2026-08-04 12:40:57 [http-nio-8495-exec-7] INFO  c.v.g.c.NotificationGeneralController -getNotificationDetails   method Start
				
2026-08-04 12:41:13 [http-nio-8495-exec-2] INFO  c.v.g.c.DepartmentAndEmployeeInfoController -DepartmentAndEmployeeInfoController   method Start
				
2026-08-04 12:41:13 [http-nio-8495-exec-2] INFO  c.v.g.s.i.DepartmentAndEmployeeService -DepartmentAndEmployeeService  method start
				
2026-08-04 12:41:13 [http-nio-8495-exec-9] INFO  c.v.p.controller.ProjectController -getLinkStatusByPMId   method Start
				
2026-08-04 12:41:13 [http-nio-8495-exec-5] INFO  c.v.p.controller.ProjectController -getCostFlowTypeByPmHdrId   method Start
				
2026-08-04 12:41:13 [http-nio-8495-exec-1] INFO  c.v.g.c.NotificationGeneralController -getNotificationDetails   method Start
				
2026-08-04 12:41:13 [http-nio-8495-exec-4] INFO  c.v.g.c.NotificationGeneralController -getNotificationDetails   method Start
				
2026-08-04 12:41:13 [http-nio-8495-exec-3] INFO  c.v.g.c.NotificationGeneralController -getNotificationDetails   method Start
				
2026-08-04 12:41:13 [http-nio-8495-exec-8] INFO  c.v.g.c.NotificationGeneralController -getNotificationDetails   method Start
				
2026-08-04 12:41:13 [http-nio-8495-exec-2] INFO  c.v.g.c.NotificationGeneralController -getNotificationDetails   method Start
				
2026-08-04 12:41:13 [http-nio-8495-exec-5] INFO  c.v.g.c.NotificationGeneralController -getNotificationDetails   method Start
				
2026-08-04 12:41:13 [http-nio-8495-exec-10] INFO  c.v.g.c.NotificationGeneralController -getNotificationDetails   method Start
				
2026-08-04 12:41:14 [http-nio-8495-exec-9] INFO  c.v.g.c.NotificationGeneralController -getNotificationDetails   method Start
				
2026-08-04 13:15:03 [HikariPool-1 housekeeper] WARN  com.zaxxer.hikari.pool.HikariPool -HikariPool-1 - Thread starvation or clock leap detected (housekeeper delta=17m44s260ms).
				
2026-08-04 13:31:39 [HikariPool-1 housekeeper] WARN  com.zaxxer.hikari.pool.HikariPool -HikariPool-1 - Thread starvation or clock leap detected (housekeeper delta=16m5s515ms).
				
2026-08-04 13:35:34 [HikariPool-1 housekeeper] WARN  com.zaxxer.hikari.pool.HikariPool -HikariPool-1 - Thread starvation or clock leap detected (housekeeper delta=3m55s595ms).
				
2026-08-04 13:38:15 [http-nio-8495-exec-5] INFO  c.v.p.controller.ProjectController -getLinkStatusByPMId   method Start
				
2026-08-04 13:38:15 [http-nio-8495-exec-10] INFO  c.v.g.c.NotificationGeneralController -getNotificationDetails   method Start
				
2026-08-04 13:38:21 [http-nio-8495-exec-6] INFO  c.v.p.controller.ProjectController -getLinkStatusByPMId   method Start
				
2026-08-04 13:38:21 [http-nio-8495-exec-9] INFO  c.v.g.c.NotificationGeneralController -getNotificationDetails   method Start
				
2026-08-04 13:39:51 [http-nio-8495-exec-3] INFO  c.v.g.c.NotificationGeneralController -getNotificationDetails   method Start
				
2026-08-04 13:39:52 [http-nio-8495-exec-8] INFO  c.v.s.c.IndentManagementController -getIndentProjectDtlsByDate Controller  method Start
				
2026-08-04 13:39:52 [http-nio-8495-exec-2] INFO  c.v.g.services.impl.TileViewService -getProjectTitleView  method start
				
2026-08-04 13:39:52 [http-nio-8495-exec-4] INFO  c.v.p.controller.ProjectController -getProjectDtl   method Start
				
2026-08-04 13:39:52 [http-nio-8495-exec-8] INFO  c.v.s.c.IndentManagementController -getIndentProjectDtlsByDate Controller  method end
				
2026-08-04 13:39:52 [http-nio-8495-exec-8] INFO  c.v.g.c.NotificationGeneralController -getNotificationDetails   method Start
				
2026-08-04 13:39:52 [http-nio-8495-exec-2] INFO  c.v.g.c.StageManagementController -getProjectTitleView   method end
				
2026-08-04 13:39:52 [http-nio-8495-exec-5] INFO  c.v.g.c.NotificationGeneralController -getNotificationDetails   method Start
				
2026-08-04 13:39:52 [http-nio-8495-exec-10] INFO  c.v.g.c.NotificationGeneralController -getNotificationDetails   method Start
				
2026-08-04 13:39:57 [http-nio-8495-exec-6] INFO  c.v.p.controller.ProjectController -getProjectDtl   method Start
				
2026-08-04 13:39:57 [http-nio-8495-exec-1] INFO  c.v.g.services.impl.TileViewService -getProjectTitleView  method start
				
2026-08-04 13:39:57 [http-nio-8495-exec-9] INFO  c.v.p.controller.ProjectController -getProjectDtl   method Start
				
2026-08-04 13:39:57 [http-nio-8495-exec-7] INFO  c.v.g.c.NotificationGeneralController -getNotificationDetails   method Start
				
2026-08-04 13:39:57 [http-nio-8495-exec-1] INFO  c.v.g.c.StageManagementController -getProjectTitleView   method end
				
2026-08-04 13:39:57 [http-nio-8495-exec-3] INFO  c.v.g.c.NotificationGeneralController -getNotificationDetails   method Start
				
2026-08-04 13:39:57 [http-nio-8495-exec-2] INFO  c.v.g.c.NotificationGeneralController -getNotificationDetails   method Start
				
2026-08-04 13:39:58 [http-nio-8495-exec-8] INFO  c.v.g.c.NotificationGeneralController -getNotificationDetails   method Start
				
2026-08-04 13:39:58 [http-nio-8495-exec-5] INFO  c.v.p.controller.ProjectController -getProjectDtl   method Start
				
2026-08-04 13:39:58 [http-nio-8495-exec-5] INFO  c.v.p.controller.ProjectController -getTimeLineByPM   method Start
				
2026-08-04 13:39:58 [http-nio-8495-exec-10] INFO  c.v.p.controller.ProjectController -getProjTimePlanDropDown   method Start
				
2026-08-04 13:39:58 [http-nio-8495-exec-9] INFO  c.v.g.c.DepartmentAndEmployeeInfoController -DepartmentAndEmployeeInfoController   method Start
				
2026-08-04 13:39:58 [http-nio-8495-exec-9] INFO  c.v.g.s.i.DepartmentAndEmployeeService -DepartmentAndEmployeeService  method start
				
2026-08-04 13:39:58 [http-nio-8495-exec-1] INFO  c.v.p.controller.ProjectController -getProjectInitiationMstResp   method Start
				
2026-08-04 13:39:58 [http-nio-8495-exec-7] INFO  c.v.p.controller.ProjectController -getLinkStatusByPMId   method Start
				
2026-08-04 13:39:58 [http-nio-8495-exec-10] INFO  c.v.s.c.SalesBudgetSheetController -getKeyCategory   method Start
				
2026-08-04 13:39:58 [http-nio-8495-exec-10] INFO  c.v.s.c.SalesBudgetSheetController -getKeyCategory method End
				
2026-08-04 13:39:58 [http-nio-8495-exec-5] INFO  c.v.g.c.NotificationGeneralController -getNotificationDetails   method Start
				
2026-08-04 13:39:58 [http-nio-8495-exec-6] INFO  c.v.g.c.NotificationGeneralController -getNotificationDetails   method Start
				
2026-08-04 13:39:58 [http-nio-8495-exec-3] INFO  c.v.g.c.NotificationGeneralController -getNotificationDetails   method Start
				
2026-08-04 13:39:58 [http-nio-8495-exec-7] INFO  c.v.g.c.NotificationGeneralController -getNotificationDetails   method Start
				
2026-08-04 13:39:58 [http-nio-8495-exec-1] INFO  c.v.g.c.NotificationGeneralController -getNotificationDetails   method Start
				
2026-08-04 13:39:58 [http-nio-8495-exec-9] INFO  c.v.g.c.NotificationGeneralController -getNotificationDetails   method Start
				
2026-08-04 13:39:58 [http-nio-8495-exec-4] INFO  c.v.g.c.NotificationGeneralController -getNotificationDetails   method Start
				
2026-08-04 13:39:58 [http-nio-8495-exec-10] INFO  c.v.g.c.NotificationGeneralController -getNotificationDetails   method Start
				
2026-08-04 13:39:58 [http-nio-8495-exec-2] INFO  c.v.g.c.NotificationGeneralController -getNotificationDetails   method Start
				
2026-08-04 13:39:58 [http-nio-8495-exec-8] INFO  c.v.g.c.NotificationGeneralController -getNotificationDetails   method Start
				
2026-08-04 13:40:02 [http-nio-8495-exec-9] INFO  c.v.g.c.DepartmentAndEmployeeInfoController -DepartmentAndEmployeeInfoController   method Start
				
2026-08-04 13:40:02 [http-nio-8495-exec-9] INFO  c.v.g.s.i.DepartmentAndEmployeeService -DepartmentAndEmployeeService  method start
				
2026-08-04 13:40:02 [http-nio-8495-exec-8] INFO  c.v.g.c.NotificationGeneralController -getNotificationDetails   method Start
				
2026-08-04 13:40:02 [http-nio-8495-exec-4] INFO  c.v.g.c.NotificationGeneralController -getNotificationDetails   method Start
				
2026-08-04 13:40:02 [http-nio-8495-exec-10] INFO  c.v.p.controller.ProjectController -getLinkStatusByPMId   method Start
				
2026-08-04 13:40:02 [http-nio-8495-exec-2] INFO  c.v.p.controller.ProjectController -getCostFlowTypeByPmHdrId   method Start
				
2026-08-04 13:40:02 [http-nio-8495-exec-9] INFO  c.v.g.c.NotificationGeneralController -getNotificationDetails   method Start
				
2026-08-04 13:40:02 [http-nio-8495-exec-10] INFO  c.v.g.c.NotificationGeneralController -getNotificationDetails   method Start
				
2026-08-04 13:40:02 [http-nio-8495-exec-6] INFO  c.v.g.c.NotificationGeneralController -getNotificationDetails   method Start
				
2026-08-04 13:40:02 [http-nio-8495-exec-1] INFO  c.v.g.c.NotificationGeneralController -getNotificationDetails   method Start
				
2026-08-04 13:40:03 [http-nio-8495-exec-7] INFO  c.v.g.c.NotificationGeneralController -getNotificationDetails   method Start
				
2026-08-04 13:40:04 [http-nio-8495-exec-2] INFO  c.v.g.c.NotificationGeneralController -getNotificationDetails   method Start
				
2026-08-04 13:40:46 [http-nio-8495-exec-8] INFO  c.v.p.controller.ProjectController -getLinkStatusByPMId   method Start
				
2026-08-04 13:40:46 [http-nio-8495-exec-4] INFO  c.v.g.c.NotificationGeneralController -getNotificationDetails   method Start
				
2026-08-04 14:01:55 [SpringApplicationShutdownHook] INFO  com.zaxxer.hikari.HikariDataSource -HikariPool-1 - Shutdown initiated...
				
2026-08-04 14:01:55 [SpringApplicationShutdownHook] INFO  com.zaxxer.hikari.HikariDataSource -HikariPool-1 - Shutdown completed.
				
2026-08-04 14:02:43 [background-preinit] INFO  o.h.validator.internal.util.Version -HV000001: Hibernate Validator 6.2.3.Final
				
2026-08-04 14:02:44 [restartedMain] INFO  o.s.boot.SpringApplication -

                                ooooooo &&&&&&&&                              
                              oo     oo &.     &                              
                    ooooooo  oo      oo &:     &&                             
                 oo        oooo      oo &&       *&&&&  &&&&&&                
               oo            oo      oo &&                    &&&             
              oo                     oo &&&&&                  &o             
              oo                     oo &&     &&&&&           &              
              oo           ooo       oo &&           &&&       &&             
           ooooo           o:        oo &&              &        &&           
       ooo     *oo       oo          oo &&                        &&&&&&&     
     oo           ooooooo            oo &&                              &&    
    o&                                      &&&&*       &&               &&   
   oo                                            &&       &&              &&  
   o     ooooo                  @     @@    @@     &&:     &&           &&    
  oo ooo       ooo          @@@@@@@@@@@@@@@@@@@@@    &&     &&         &&     
  ooo            oo         @@ @@@ @@@@@@@@@@@  @     &&     &&         &     
  oo               o      @@@@ @@@ @@@@@@@@@@@  @@@    &&     &         &&    
  o&               oo       @@ @@@ @@@@@@@@@@@  @       &     &         &&    
  oo               oo       @@ @@ @ @@@@        @       &&                &&& 
  oo                      @@@@ @@@@@@@@@@@@@@@  @@@:    &&                  &&
  oo                        @@ @@@@@@@@@@@ @@@  @       &&        o&        &&
   o                        @@ @@@@@ @@@  @@@@  @       &         &&        &.
   oo                     @@@@ @@@ @@@@@@@@@@@  @@@@   &          &    .&&&&  
    o         oooo          @@                  @     &.         &&    &&     
    oo    ooo      &oo          @     @@    @@      &&          &&    &&      
     oo oo            oo        @     @     @@    &&           &&    &&       
      ooo              oo                      &&&           &&      &&       
         oooooooo       oo           oo &&&&&&              &&         &      
              oo        oo           oo &&         &      &&           &&     
              o        :o            oo &&  .&&&&&     &&.           &&       
              o       oo             oo &&                    &&&&&&&&        
              oo    ooo              oo &&                  &&                
                oo                   oo &&                &&                  
                  oo        oooo     oo &&                &                   
                     ooooooo  &o     oo &&      &&&       &                   
                                oo   oo && :&&&   .&& &&&*                    
                                   &ooo &&&                                   

==============================================
SmartRun Product by SmartRun Tech. All rights reserved.
==============================================
Application Version : 2.6.7
Application Title : SmartRun MES
Contact : support@smartruntech.com
==============================================

				
2026-08-04 14:02:44 [restartedMain] INFO  com.vmfg.VMFGApplication -Starting VMFGApplication using Java 1.8.0_482 on Peachs-Mac-mini.local with PID 4772 (/Users/peach/Spring_Boot_Projects/bgr/OneDrive_1_4-15-2026/BGR-SOURCE_CODE-sandbox/SmartRun_ProjectManagement_Java/SR_Management/target/classes started by peach in /Users/peach/Spring_Boot_Projects/bgr/OneDrive_1_4-15-2026/BGR-SOURCE_CODE-sandbox/SmartRun_ProjectManagement_Java/SR_Management)
				
2026-08-04 14:02:44 [restartedMain] INFO  com.vmfg.VMFGApplication -The following 1 profile is active: "dev"
				
2026-08-04 14:02:44 [restartedMain] INFO  o.s.b.d.e.DevToolsPropertyDefaultsPostProcessor -Devtools property defaults active! Set 'spring.devtools.add-properties' to 'false' to disable
				
2026-08-04 14:02:44 [restartedMain] INFO  o.s.b.d.e.DevToolsPropertyDefaultsPostProcessor -For additional web related logging consider setting the 'logging.level.web' property to 'DEBUG'
				
2026-08-04 14:02:46 [restartedMain] INFO  o.s.d.r.c.RepositoryConfigurationDelegate -Bootstrapping Spring Data JDBC repositories in DEFAULT mode.
				
2026-08-04 14:02:46 [restartedMain] INFO  o.s.d.r.c.RepositoryConfigurationDelegate -Finished Spring Data repository scanning in 97 ms. Found 0 JDBC repository interfaces.
				
2026-08-04 14:02:48 [restartedMain] INFO  o.s.b.w.e.tomcat.TomcatWebServer -Tomcat initialized with port(s): 8495 (http)
				
2026-08-04 14:02:48 [restartedMain] INFO  o.a.coyote.http11.Http11NioProtocol -Initializing ProtocolHandler ["http-nio-8495"]
				
2026-08-04 14:02:48 [restartedMain] INFO  o.a.catalina.core.StandardService -Starting service [Tomcat]
				
2026-08-04 14:02:48 [restartedMain] INFO  o.a.catalina.core.StandardEngine -Starting Servlet engine: [Apache Tomcat/9.0.63]
				
2026-08-04 14:02:48 [restartedMain] INFO  o.a.c.c.C.[.[localhost].[/smartrun] -Initializing Spring embedded WebApplicationContext
				
2026-08-04 14:02:48 [restartedMain] INFO  o.s.b.w.s.c.ServletWebServerApplicationContext -Root WebApplicationContext: initialization completed in 3591 ms
				
2026-08-04 14:02:50 [restartedMain] INFO  s.d.s.w.PropertySourcedRequestMappingHandlerMapping -Mapped URL path [/v2/api-docs] onto method [springfox.documentation.swagger2.web.Swagger2Controller#getDocumentation(String, HttpServletRequest)]
				
2026-08-04 14:02:51 [restartedMain] INFO  o.s.s.web.DefaultSecurityFilterChain -Will secure any request with [org.springframework.security.web.session.DisableEncodeUrlFilter@60b92042, org.springframework.security.web.context.request.async.WebAsyncManagerIntegrationFilter@621ded7c, org.springframework.security.web.context.SecurityContextPersistenceFilter@3be1eee5, org.springframework.security.web.header.HeaderWriterFilter@281b7908, org.springframework.web.filter.CorsFilter@f326e2a, org.springframework.security.web.authentication.logout.LogoutFilter@aa5ab69, com.vmfg.security.config.JwtRequestFilter@1b05f77a, org.springframework.security.web.savedrequest.RequestCacheAwareFilter@5e786c8a, org.springframework.security.web.servletapi.SecurityContextHolderAwareRequestFilter@66a94642, org.springframework.security.web.authentication.AnonymousAuthenticationFilter@44c4a2cb, org.springframework.security.web.session.SessionManagementFilter@4f97cea7, org.springframework.security.web.access.ExceptionTranslationFilter@7fa2da9d, org.springframework.security.web.access.intercept.FilterSecurityInterceptor@2ed346bc]
				
2026-08-04 14:02:51 [restartedMain] INFO  o.s.b.d.a.OptionalLiveReloadServer -LiveReload server is running on port 35729
				
2026-08-04 14:02:51 [restartedMain] INFO  com.zaxxer.hikari.HikariDataSource -HikariPool-1 - Starting...
				
2026-08-04 14:02:57 [restartedMain] ERROR com.zaxxer.hikari.pool.HikariPool -HikariPool-1 - Exception during pool initialization.
				
java.sql.SQLNonTransientConnectionException: Could not create connection to database server. Attempted reconnect 3 times. Giving up.
	at com.mysql.cj.jdbc.exceptions.SQLError.createSQLException(SQLError.java:102)
	at com.mysql.cj.jdbc.exceptions.SQLError.createSQLException(SQLError.java:89)
	at com.mysql.cj.jdbc.exceptions.SQLError.createSQLException(SQLError.java:81)
	at com.mysql.cj.jdbc.exceptions.SQLError.createSQLException(SQLError.java:55)
	at com.mysql.cj.jdbc.exceptions.SQLError.createSQLException(SQLError.java:65)
	at com.mysql.cj.jdbc.ConnectionImpl.connectWithRetries(ConnectionImpl.java:911)
	at com.mysql.cj.jdbc.ConnectionImpl.createNewIO(ConnectionImpl.java:830)
	at com.mysql.cj.jdbc.ConnectionImpl.<init>(ConnectionImpl.java:420)
	at com.mysql.cj.jdbc.ConnectionImpl.getInstance(ConnectionImpl.java:238)
	at com.mysql.cj.jdbc.NonRegisteringDriver.connect(NonRegisteringDriver.java:180)
	at com.zaxxer.hikari.util.DriverDataSource.getConnection(DriverDataSource.java:138)
	at com.zaxxer.hikari.pool.PoolBase.newConnection(PoolBase.java:364)
	at com.zaxxer.hikari.pool.PoolBase.newPoolEntry(PoolBase.java:206)
	at com.zaxxer.hikari.pool.HikariPool.createPoolEntry(HikariPool.java:476)
	at com.zaxxer.hikari.pool.HikariPool.checkFailFast(HikariPool.java:561)
	at com.zaxxer.hikari.pool.HikariPool.<init>(HikariPool.java:115)
	at com.zaxxer.hikari.HikariDataSource.getConnection(HikariDataSource.java:112)
	at org.springframework.jdbc.datasource.DataSourceUtils.fetchConnection(DataSourceUtils.java:159)
	at org.springframework.jdbc.datasource.DataSourceUtils.doGetConnection(DataSourceUtils.java:117)
	at org.springframework.jdbc.datasource.DataSourceUtils.getConnection(DataSourceUtils.java:80)
	at org.springframework.jdbc.core.JdbcTemplate.execute(JdbcTemplate.java:330)
	at org.springframework.data.jdbc.repository.config.DialectResolver$DefaultDialectProvider.getDialect(DialectResolver.java:108)
	at org.springframework.data.jdbc.repository.config.DialectResolver.lambda$getDialect$0(DialectResolver.java:78)
	at java.util.stream.ReferencePipeline$3$1.accept(ReferencePipeline.java:193)
	at java.util.ArrayList$ArrayListSpliterator.tryAdvance(ArrayList.java:1361)
	at java.util.stream.ReferencePipeline.forEachWithCancel(ReferencePipeline.java:126)
	at java.util.stream.AbstractPipeline.copyIntoWithCancel(AbstractPipeline.java:499)
	at java.util.stream.AbstractPipeline.copyInto(AbstractPipeline.java:486)
	at java.util.stream.AbstractPipeline.wrapAndCopyInto(AbstractPipeline.java:472)
	at java.util.stream.FindOps$FindOp.evaluateSequential(FindOps.java:152)
	at java.util.stream.AbstractPipeline.evaluate(AbstractPipeline.java:234)
	at java.util.stream.ReferencePipeline.findFirst(ReferencePipeline.java:531)
	at org.springframework.data.jdbc.repository.config.DialectResolver.getDialect(DialectResolver.java:80)
	at org.springframework.data.jdbc.repository.config.AbstractJdbcConfiguration.jdbcDialect(AbstractJdbcConfiguration.java:186)
	at sun.reflect.NativeMethodAccessorImpl.invoke0(Native Method)
	at sun.reflect.NativeMethodAccessorImpl.invoke(NativeMethodAccessorImpl.java:62)
	at sun.reflect.DelegatingMethodAccessorImpl.invoke(DelegatingMethodAccessorImpl.java:43)
	at java.lang.reflect.Method.invoke(Method.java:498)
	at org.springframework.beans.factory.support.SimpleInstantiationStrategy.instantiate(SimpleInstantiationStrategy.java:154)
	at org.springframework.beans.factory.support.ConstructorResolver.instantiate(ConstructorResolver.java:653)
	at org.springframework.beans.factory.support.ConstructorResolver.instantiateUsingFactoryMethod(ConstructorResolver.java:638)
	at org.springframework.beans.factory.support.AbstractAutowireCapableBeanFactory.instantiateUsingFactoryMethod(AbstractAutowireCapableBeanFactory.java:1352)
	at org.springframework.beans.factory.support.AbstractAutowireCapableBeanFactory.createBeanInstance(AbstractAutowireCapableBeanFactory.java:1195)
	at org.springframework.beans.factory.support.AbstractAutowireCapableBeanFactory.doCreateBean(AbstractAutowireCapableBeanFactory.java:582)
	at org.springframework.beans.factory.support.AbstractAutowireCapableBeanFactory.createBean(AbstractAutowireCapableBeanFactory.java:542)
	at org.springframework.beans.factory.support.AbstractBeanFactory.lambda$doGetBean$0(AbstractBeanFactory.java:335)
	at org.springframework.beans.factory.support.DefaultSingletonBeanRegistry.getSingleton(DefaultSingletonBeanRegistry.java:234)
	at org.springframework.beans.factory.support.AbstractBeanFactory.doGetBean(AbstractBeanFactory.java:333)
	at org.springframework.beans.factory.support.AbstractBeanFactory.getBean(AbstractBeanFactory.java:233)
	at org.springframework.beans.factory.support.DefaultListableBeanFactory.resolveNamedBean(DefaultListableBeanFactory.java:1282)
	at org.springframework.beans.factory.support.DefaultListableBeanFactory.resolveNamedBean(DefaultListableBeanFactory.java:1243)
	at org.springframework.beans.factory.support.DefaultListableBeanFactory.resolveBean(DefaultListableBeanFactory.java:494)
	at org.springframework.beans.factory.support.DefaultListableBeanFactory.getBean(DefaultListableBeanFactory.java:349)
	at org.springframework.beans.factory.support.DefaultListableBeanFactory.getBean(DefaultListableBeanFactory.java:342)
	at org.springframework.context.support.AbstractApplicationContext.getBean(AbstractApplicationContext.java:1172)
	at org.springframework.data.jdbc.repository.config.AbstractJdbcConfiguration.jdbcCustomConversions(AbstractJdbcConfiguration.java:117)
	at sun.reflect.NativeMethodAccessorImpl.invoke0(Native Method)
	at sun.reflect.NativeMethodAccessorImpl.invoke(NativeMethodAccessorImpl.java:62)
	at sun.reflect.DelegatingMethodAccessorImpl.invoke(DelegatingMethodAccessorImpl.java:43)
	at java.lang.reflect.Method.invoke(Method.java:498)
	at org.springframework.beans.factory.support.SimpleInstantiationStrategy.instantiate(SimpleInstantiationStrategy.java:154)
	at org.springframework.beans.factory.support.ConstructorResolver.instantiate(ConstructorResolver.java:653)
	at org.springframework.beans.factory.support.ConstructorResolver.instantiateUsingFactoryMethod(ConstructorResolver.java:486)
	at org.springframework.beans.factory.support.AbstractAutowireCapableBeanFactory.instantiateUsingFactoryMethod(AbstractAutowireCapableBeanFactory.java:1352)
	at org.springframework.beans.factory.support.AbstractAutowireCapableBeanFactory.createBeanInstance(AbstractAutowireCapableBeanFactory.java:1195)
	at org.springframework.beans.factory.support.AbstractAutowireCapableBeanFactory.doCreateBean(AbstractAutowireCapableBeanFactory.java:582)
	at org.springframework.beans.factory.support.AbstractAutowireCapableBeanFactory.createBean(AbstractAutowireCapableBeanFactory.java:542)
	at org.springframework.beans.factory.support.AbstractBeanFactory.lambda$doGetBean$0(AbstractBeanFactory.java:335)
	at org.springframework.beans.factory.support.DefaultSingletonBeanRegistry.getSingleton(DefaultSingletonBeanRegistry.java:234)
	at org.springframework.beans.factory.support.AbstractBeanFactory.doGetBean(AbstractBeanFactory.java:333)
	at org.springframework.beans.factory.support.AbstractBeanFactory.getBean(AbstractBeanFactory.java:208)
	at org.springframework.beans.factory.config.DependencyDescriptor.resolveCandidate(DependencyDescriptor.java:276)
	at org.springframework.beans.factory.support.DefaultListableBeanFactory.doResolveDependency(DefaultListableBeanFactory.java:1389)
	at org.springframework.beans.factory.support.DefaultListableBeanFactory.resolveDependency(DefaultListableBeanFactory.java:1309)
	at org.springframework.beans.factory.support.ConstructorResolver.resolveAutowiredArgument(ConstructorResolver.java:887)
	at org.springframework.beans.factory.support.ConstructorResolver.createArgumentArray(ConstructorResolver.java:791)
	at org.springframework.beans.factory.support.ConstructorResolver.instantiateUsingFactoryMethod(ConstructorResolver.java:541)
	at org.springframework.beans.factory.support.AbstractAutowireCapableBeanFactory.instantiateUsingFactoryMethod(AbstractAutowireCapableBeanFactory.java:1352)
	at org.springframework.beans.factory.support.AbstractAutowireCapableBeanFactory.createBeanInstance(AbstractAutowireCapableBeanFactory.java:1195)
	at org.springframework.beans.factory.support.AbstractAutowireCapableBeanFactory.doCreateBean(AbstractAutowireCapableBeanFactory.java:582)
	at org.springframework.beans.factory.support.AbstractAutowireCapableBeanFactory.createBean(AbstractAutowireCapableBeanFactory.java:542)
	at org.springframework.beans.factory.support.AbstractBeanFactory.lambda$doGetBean$0(AbstractBeanFactory.java:335)
	at org.springframework.beans.factory.support.DefaultSingletonBeanRegistry.getSingleton(DefaultSingletonBeanRegistry.java:234)
	at org.springframework.beans.factory.support.AbstractBeanFactory.doGetBean(AbstractBeanFactory.java:333)
	at org.springframework.beans.factory.support.AbstractBeanFactory.getBean(AbstractBeanFactory.java:208)
	at org.springframework.beans.factory.support.DefaultListableBeanFactory.preInstantiateSingletons(DefaultListableBeanFactory.java:953)
	at org.springframework.context.support.AbstractApplicationContext.finishBeanFactoryInitialization(AbstractApplicationContext.java:918)
	at org.springframework.context.support.AbstractApplicationContext.refresh(AbstractApplicationContext.java:583)
	at org.springframework.boot.web.servlet.context.ServletWebServerApplicationContext.refresh(ServletWebServerApplicationContext.java:147)
	at org.springframework.boot.SpringApplication.refresh(SpringApplication.java:734)
	at org.springframework.boot.SpringApplication.refreshContext(SpringApplication.java:408)
	at org.springframework.boot.SpringApplication.run(SpringApplication.java:308)
	at org.springframework.boot.SpringApplication.run(SpringApplication.java:1306)
	at org.springframework.boot.SpringApplication.run(SpringApplication.java:1295)
	at com.vmfg.VMFGApplication.main(VMFGApplication.java:23)
	at sun.reflect.NativeMethodAccessorImpl.invoke0(Native Method)
	at sun.reflect.NativeMethodAccessorImpl.invoke(NativeMethodAccessorImpl.java:62)
	at sun.reflect.DelegatingMethodAccessorImpl.invoke(DelegatingMethodAccessorImpl.java:43)
	at java.lang.reflect.Method.invoke(Method.java:498)
	at org.springframework.boot.devtools.restart.RestartLauncher.run(RestartLauncher.java:49)
Caused by: com.mysql.cj.exceptions.CJException: Access denied for user 'root'@'localhost' (using password: YES)
	at sun.reflect.NativeConstructorAccessorImpl.newInstance0(Native Method)
	at sun.reflect.NativeConstructorAccessorImpl.newInstance(NativeConstructorAccessorImpl.java:62)
	at sun.reflect.DelegatingConstructorAccessorImpl.newInstance(DelegatingConstructorAccessorImpl.java:45)
	at java.lang.reflect.Constructor.newInstance(Constructor.java:423)
	at com.mysql.cj.exceptions.ExceptionFactory.createException(ExceptionFactory.java:52)
	at com.mysql.cj.exceptions.ExceptionFactory.createException(ExceptionFactory.java:95)
	at com.mysql.cj.exceptions.ExceptionFactory.createException(ExceptionFactory.java:140)
	at com.mysql.cj.exceptions.ExceptionFactory.createException(ExceptionFactory.java:118)
	at com.mysql.cj.protocol.a.NativeProtocol.checkErrorMessage(NativeProtocol.java:855)
	at com.mysql.cj.protocol.a.NativeProtocol.checkErrorMessage(NativeProtocol.java:778)
	at com.mysql.cj.protocol.a.NativeProtocol.checkErrorMessage(NativeProtocol.java:747)
	at com.mysql.cj.protocol.a.NativeProtocol.checkErrorMessage(NativeProtocol.java:148)
	at com.mysql.cj.protocol.a.NativeAuthenticationProvider.proceedHandshakeWithPluggableAuthentication(NativeAuthenticationProvider.java:461)
	at com.mysql.cj.protocol.a.NativeAuthenticationProvider.connect(NativeAuthenticationProvider.java:206)
	at com.mysql.cj.protocol.a.NativeProtocol.connect(NativeProtocol.java:1333)
	at com.mysql.cj.NativeSession.connect(NativeSession.java:155)
	at com.mysql.cj.jdbc.ConnectionImpl.connectWithRetries(ConnectionImpl.java:851)
	... 94 common frames omitted
2026-08-04 14:02:57 [restartedMain] WARN  o.s.b.w.s.c.AnnotationConfigServletWebServerApplicationContext -Exception encountered during context initialization - cancelling refresh attempt: org.springframework.beans.factory.UnsatisfiedDependencyException: Error creating bean with name 'jdbcMappingContext' defined in class path resource [org/springframework/boot/autoconfigure/data/jdbc/JdbcRepositoriesAutoConfiguration$SpringBootJdbcConfiguration.class]: Unsatisfied dependency expressed through method 'jdbcMappingContext' parameter 1; nested exception is org.springframework.beans.factory.BeanCreationException: Error creating bean with name 'jdbcCustomConversions' defined in class path resource [org/springframework/boot/autoconfigure/data/jdbc/JdbcRepositoriesAutoConfiguration$SpringBootJdbcConfiguration.class]: Bean instantiation via factory method failed; nested exception is org.springframework.beans.BeanInstantiationException: Failed to instantiate [org.springframework.data.jdbc.core.convert.JdbcCustomConversions]: Factory method 'jdbcCustomConversions' threw exception; nested exception is org.springframework.beans.factory.BeanCreationException: Error creating bean with name 'jdbcDialect' defined in class path resource [org/springframework/boot/autoconfigure/data/jdbc/JdbcRepositoriesAutoConfiguration$SpringBootJdbcConfiguration.class]: Bean instantiation via factory method failed; nested exception is org.springframework.beans.BeanInstantiationException: Failed to instantiate [org.springframework.data.relational.core.dialect.Dialect]: Factory method 'jdbcDialect' threw exception; nested exception is org.springframework.jdbc.CannotGetJdbcConnectionException: Failed to obtain JDBC Connection; nested exception is java.sql.SQLNonTransientConnectionException: Could not create connection to database server. Attempted reconnect 3 times. Giving up.
				
2026-08-04 14:02:57 [restartedMain] INFO  o.a.catalina.core.StandardService -Stopping service [Tomcat]
				
2026-08-04 14:02:57 [restartedMain] INFO  o.s.b.a.l.ConditionEvaluationReportLoggingListener -

Error starting ApplicationContext. To display the conditions report re-run your application with 'debug' enabled.
				
2026-08-04 14:02:57 [restartedMain] ERROR o.s.boot.SpringApplication -Application run failed
				
org.springframework.beans.factory.UnsatisfiedDependencyException: Error creating bean with name 'jdbcMappingContext' defined in class path resource [org/springframework/boot/autoconfigure/data/jdbc/JdbcRepositoriesAutoConfiguration$SpringBootJdbcConfiguration.class]: Unsatisfied dependency expressed through method 'jdbcMappingContext' parameter 1; nested exception is org.springframework.beans.factory.BeanCreationException: Error creating bean with name 'jdbcCustomConversions' defined in class path resource [org/springframework/boot/autoconfigure/data/jdbc/JdbcRepositoriesAutoConfiguration$SpringBootJdbcConfiguration.class]: Bean instantiation via factory method failed; nested exception is org.springframework.beans.BeanInstantiationException: Failed to instantiate [org.springframework.data.jdbc.core.convert.JdbcCustomConversions]: Factory method 'jdbcCustomConversions' threw exception; nested exception is org.springframework.beans.factory.BeanCreationException: Error creating bean with name 'jdbcDialect' defined in class path resource [org/springframework/boot/autoconfigure/data/jdbc/JdbcRepositoriesAutoConfiguration$SpringBootJdbcConfiguration.class]: Bean instantiation via factory method failed; nested exception is org.springframework.beans.BeanInstantiationException: Failed to instantiate [org.springframework.data.relational.core.dialect.Dialect]: Factory method 'jdbcDialect' threw exception; nested exception is org.springframework.jdbc.CannotGetJdbcConnectionException: Failed to obtain JDBC Connection; nested exception is java.sql.SQLNonTransientConnectionException: Could not create connection to database server. Attempted reconnect 3 times. Giving up.
	at org.springframework.beans.factory.support.ConstructorResolver.createArgumentArray(ConstructorResolver.java:800)
	at org.springframework.beans.factory.support.ConstructorResolver.instantiateUsingFactoryMethod(ConstructorResolver.java:541)
	at org.springframework.beans.factory.support.AbstractAutowireCapableBeanFactory.instantiateUsingFactoryMethod(AbstractAutowireCapableBeanFactory.java:1352)
	at org.springframework.beans.factory.support.AbstractAutowireCapableBeanFactory.createBeanInstance(AbstractAutowireCapableBeanFactory.java:1195)
	at org.springframework.beans.factory.support.AbstractAutowireCapableBeanFactory.doCreateBean(AbstractAutowireCapableBeanFactory.java:582)
	at org.springframework.beans.factory.support.AbstractAutowireCapableBeanFactory.createBean(AbstractAutowireCapableBeanFactory.java:542)
	at org.springframework.beans.factory.support.AbstractBeanFactory.lambda$doGetBean$0(AbstractBeanFactory.java:335)
	at org.springframework.beans.factory.support.DefaultSingletonBeanRegistry.getSingleton(DefaultSingletonBeanRegistry.java:234)
	at org.springframework.beans.factory.support.AbstractBeanFactory.doGetBean(AbstractBeanFactory.java:333)
	at org.springframework.beans.factory.support.AbstractBeanFactory.getBean(AbstractBeanFactory.java:208)
	at org.springframework.beans.factory.support.DefaultListableBeanFactory.preInstantiateSingletons(DefaultListableBeanFactory.java:953)
	at org.springframework.context.support.AbstractApplicationContext.finishBeanFactoryInitialization(AbstractApplicationContext.java:918)
	at org.springframework.context.support.AbstractApplicationContext.refresh(AbstractApplicationContext.java:583)
	at org.springframework.boot.web.servlet.context.ServletWebServerApplicationContext.refresh(ServletWebServerApplicationContext.java:147)
	at org.springframework.boot.SpringApplication.refresh(SpringApplication.java:734)
	at org.springframework.boot.SpringApplication.refreshContext(SpringApplication.java:408)
	at org.springframework.boot.SpringApplication.run(SpringApplication.java:308)
	at org.springframework.boot.SpringApplication.run(SpringApplication.java:1306)
	at org.springframework.boot.SpringApplication.run(SpringApplication.java:1295)
	at com.vmfg.VMFGApplication.main(VMFGApplication.java:23)
	at sun.reflect.NativeMethodAccessorImpl.invoke0(Native Method)
	at sun.reflect.NativeMethodAccessorImpl.invoke(NativeMethodAccessorImpl.java:62)
	at sun.reflect.DelegatingMethodAccessorImpl.invoke(DelegatingMethodAccessorImpl.java:43)
	at java.lang.reflect.Method.invoke(Method.java:498)
	at org.springframework.boot.devtools.restart.RestartLauncher.run(RestartLauncher.java:49)
Caused by: org.springframework.beans.factory.BeanCreationException: Error creating bean with name 'jdbcCustomConversions' defined in class path resource [org/springframework/boot/autoconfigure/data/jdbc/JdbcRepositoriesAutoConfiguration$SpringBootJdbcConfiguration.class]: Bean instantiation via factory method failed; nested exception is org.springframework.beans.BeanInstantiationException: Failed to instantiate [org.springframework.data.jdbc.core.convert.JdbcCustomConversions]: Factory method 'jdbcCustomConversions' threw exception; nested exception is org.springframework.beans.factory.BeanCreationException: Error creating bean with name 'jdbcDialect' defined in class path resource [org/springframework/boot/autoconfigure/data/jdbc/JdbcRepositoriesAutoConfiguration$SpringBootJdbcConfiguration.class]: Bean instantiation via factory method failed; nested exception is org.springframework.beans.BeanInstantiationException: Failed to instantiate [org.springframework.data.relational.core.dialect.Dialect]: Factory method 'jdbcDialect' threw exception; nested exception is org.springframework.jdbc.CannotGetJdbcConnectionException: Failed to obtain JDBC Connection; nested exception is java.sql.SQLNonTransientConnectionException: Could not create connection to database server. Attempted reconnect 3 times. Giving up.
	at org.springframework.beans.factory.support.ConstructorResolver.instantiate(ConstructorResolver.java:658)
	at org.springframework.beans.factory.support.ConstructorResolver.instantiateUsingFactoryMethod(ConstructorResolver.java:486)
	at org.springframework.beans.factory.support.AbstractAutowireCapableBeanFactory.instantiateUsingFactoryMethod(AbstractAutowireCapableBeanFactory.java:1352)
	at org.springframework.beans.factory.support.AbstractAutowireCapableBeanFactory.createBeanInstance(AbstractAutowireCapableBeanFactory.java:1195)
	at org.springframework.beans.factory.support.AbstractAutowireCapableBeanFactory.doCreateBean(AbstractAutowireCapableBeanFactory.java:582)
	at org.springframework.beans.factory.support.AbstractAutowireCapableBeanFactory.createBean(AbstractAutowireCapableBeanFactory.java:542)
	at org.springframework.beans.factory.support.AbstractBeanFactory.lambda$doGetBean$0(AbstractBeanFactory.java:335)
	at org.springframework.beans.factory.support.DefaultSingletonBeanRegistry.getSingleton(DefaultSingletonBeanRegistry.java:234)
	at org.springframework.beans.factory.support.AbstractBeanFactory.doGetBean(AbstractBeanFactory.java:333)
	at org.springframework.beans.factory.support.AbstractBeanFactory.getBean(AbstractBeanFactory.java:208)
	at org.springframework.beans.factory.config.DependencyDescriptor.resolveCandidate(DependencyDescriptor.java:276)
	at org.springframework.beans.factory.support.DefaultListableBeanFactory.doResolveDependency(DefaultListableBeanFactory.java:1389)
	at org.springframework.beans.factory.support.DefaultListableBeanFactory.resolveDependency(DefaultListableBeanFactory.java:1309)
	at org.springframework.beans.factory.support.ConstructorResolver.resolveAutowiredArgument(ConstructorResolver.java:887)
	at org.springframework.beans.factory.support.ConstructorResolver.createArgumentArray(ConstructorResolver.java:791)
	... 24 common frames omitted
Caused by: org.springframework.beans.BeanInstantiationException: Failed to instantiate [org.springframework.data.jdbc.core.convert.JdbcCustomConversions]: Factory method 'jdbcCustomConversions' threw exception; nested exception is org.springframework.beans.factory.BeanCreationException: Error creating bean with name 'jdbcDialect' defined in class path resource [org/springframework/boot/autoconfigure/data/jdbc/JdbcRepositoriesAutoConfiguration$SpringBootJdbcConfiguration.class]: Bean instantiation via factory method failed; nested exception is org.springframework.beans.BeanInstantiationException: Failed to instantiate [org.springframework.data.relational.core.dialect.Dialect]: Factory method 'jdbcDialect' threw exception; nested exception is org.springframework.jdbc.CannotGetJdbcConnectionException: Failed to obtain JDBC Connection; nested exception is java.sql.SQLNonTransientConnectionException: Could not create connection to database server. Attempted reconnect 3 times. Giving up.
	at org.springframework.beans.factory.support.SimpleInstantiationStrategy.instantiate(SimpleInstantiationStrategy.java:185)
	at org.springframework.beans.factory.support.ConstructorResolver.instantiate(ConstructorResolver.java:653)
	... 38 common frames omitted
Caused by: org.springframework.beans.factory.BeanCreationException: Error creating bean with name 'jdbcDialect' defined in class path resource [org/springframework/boot/autoconfigure/data/jdbc/JdbcRepositoriesAutoConfiguration$SpringBootJdbcConfiguration.class]: Bean instantiation via factory method failed; nested exception is org.springframework.beans.BeanInstantiationException: Failed to instantiate [org.springframework.data.relational.core.dialect.Dialect]: Factory method 'jdbcDialect' threw exception; nested exception is org.springframework.jdbc.CannotGetJdbcConnectionException: Failed to obtain JDBC Connection; nested exception is java.sql.SQLNonTransientConnectionException: Could not create connection to database server. Attempted reconnect 3 times. Giving up.
	at org.springframework.beans.factory.support.ConstructorResolver.instantiate(ConstructorResolver.java:658)
	at org.springframework.beans.factory.support.ConstructorResolver.instantiateUsingFactoryMethod(ConstructorResolver.java:638)
	at org.springframework.beans.factory.support.AbstractAutowireCapableBeanFactory.instantiateUsingFactoryMethod(AbstractAutowireCapableBeanFactory.java:1352)
	at org.springframework.beans.factory.support.AbstractAutowireCapableBeanFactory.createBeanInstance(AbstractAutowireCapableBeanFactory.java:1195)
	at org.springframework.beans.factory.support.AbstractAutowireCapableBeanFactory.doCreateBean(AbstractAutowireCapableBeanFactory.java:582)
	at org.springframework.beans.factory.support.AbstractAutowireCapableBeanFactory.createBean(AbstractAutowireCapableBeanFactory.java:542)
	at org.springframework.beans.factory.support.AbstractBeanFactory.lambda$doGetBean$0(AbstractBeanFactory.java:335)
	at org.springframework.beans.factory.support.DefaultSingletonBeanRegistry.getSingleton(DefaultSingletonBeanRegistry.java:234)
	at org.springframework.beans.factory.support.AbstractBeanFactory.doGetBean(AbstractBeanFactory.java:333)
	at org.springframework.beans.factory.support.AbstractBeanFactory.getBean(AbstractBeanFactory.java:233)
	at org.springframework.beans.factory.support.DefaultListableBeanFactory.resolveNamedBean(DefaultListableBeanFactory.java:1282)
	at org.springframework.beans.factory.support.DefaultListableBeanFactory.resolveNamedBean(DefaultListableBeanFactory.java:1243)
	at org.springframework.beans.factory.support.DefaultListableBeanFactory.resolveBean(DefaultListableBeanFactory.java:494)
	at org.springframework.beans.factory.support.DefaultListableBeanFactory.getBean(DefaultListableBeanFactory.java:349)
	at org.springframework.beans.factory.support.DefaultListableBeanFactory.getBean(DefaultListableBeanFactory.java:342)
	at org.springframework.context.support.AbstractApplicationContext.getBean(AbstractApplicationContext.java:1172)
	at org.springframework.data.jdbc.repository.config.AbstractJdbcConfiguration.jdbcCustomConversions(AbstractJdbcConfiguration.java:117)
	at sun.reflect.NativeMethodAccessorImpl.invoke0(Native Method)
	at sun.reflect.NativeMethodAccessorImpl.invoke(NativeMethodAccessorImpl.java:62)
	at sun.reflect.DelegatingMethodAccessorImpl.invoke(DelegatingMethodAccessorImpl.java:43)
	at java.lang.reflect.Method.invoke(Method.java:498)
	at org.springframework.beans.factory.support.SimpleInstantiationStrategy.instantiate(SimpleInstantiationStrategy.java:154)
	... 39 common frames omitted
Caused by: org.springframework.beans.BeanInstantiationException: Failed to instantiate [org.springframework.data.relational.core.dialect.Dialect]: Factory method 'jdbcDialect' threw exception; nested exception is org.springframework.jdbc.CannotGetJdbcConnectionException: Failed to obtain JDBC Connection; nested exception is java.sql.SQLNonTransientConnectionException: Could not create connection to database server. Attempted reconnect 3 times. Giving up.
	at org.springframework.beans.factory.support.SimpleInstantiationStrategy.instantiate(SimpleInstantiationStrategy.java:185)
	at org.springframework.beans.factory.support.ConstructorResolver.instantiate(ConstructorResolver.java:653)
	... 60 common frames omitted
Caused by: org.springframework.jdbc.CannotGetJdbcConnectionException: Failed to obtain JDBC Connection; nested exception is java.sql.SQLNonTransientConnectionException: Could not create connection to database server. Attempted reconnect 3 times. Giving up.
	at org.springframework.jdbc.datasource.DataSourceUtils.getConnection(DataSourceUtils.java:83)
	at org.springframework.jdbc.core.JdbcTemplate.execute(JdbcTemplate.java:330)
	at org.springframework.data.jdbc.repository.config.DialectResolver$DefaultDialectProvider.getDialect(DialectResolver.java:108)
	at org.springframework.data.jdbc.repository.config.DialectResolver.lambda$getDialect$0(DialectResolver.java:78)
	at java.util.stream.ReferencePipeline$3$1.accept(ReferencePipeline.java:193)
	at java.util.ArrayList$ArrayListSpliterator.tryAdvance(ArrayList.java:1361)
	at java.util.stream.ReferencePipeline.forEachWithCancel(ReferencePipeline.java:126)
	at java.util.stream.AbstractPipeline.copyIntoWithCancel(AbstractPipeline.java:499)
	at java.util.stream.AbstractPipeline.copyInto(AbstractPipeline.java:486)
	at java.util.stream.AbstractPipeline.wrapAndCopyInto(AbstractPipeline.java:472)
	at java.util.stream.FindOps$FindOp.evaluateSequential(FindOps.java:152)
	at java.util.stream.AbstractPipeline.evaluate(AbstractPipeline.java:234)
	at java.util.stream.ReferencePipeline.findFirst(ReferencePipeline.java:531)
	at org.springframework.data.jdbc.repository.config.DialectResolver.getDialect(DialectResolver.java:80)
	at org.springframework.data.jdbc.repository.config.AbstractJdbcConfiguration.jdbcDialect(AbstractJdbcConfiguration.java:186)
	at sun.reflect.NativeMethodAccessorImpl.invoke0(Native Method)
	at sun.reflect.NativeMethodAccessorImpl.invoke(NativeMethodAccessorImpl.java:62)
	at sun.reflect.DelegatingMethodAccessorImpl.invoke(DelegatingMethodAccessorImpl.java:43)
	at java.lang.reflect.Method.invoke(Method.java:498)
	at org.springframework.beans.factory.support.SimpleInstantiationStrategy.instantiate(SimpleInstantiationStrategy.java:154)
	... 61 common frames omitted
Caused by: java.sql.SQLNonTransientConnectionException: Could not create connection to database server. Attempted reconnect 3 times. Giving up.
	at com.mysql.cj.jdbc.exceptions.SQLError.createSQLException(SQLError.java:102)
	at com.mysql.cj.jdbc.exceptions.SQLError.createSQLException(SQLError.java:89)
	at com.mysql.cj.jdbc.exceptions.SQLError.createSQLException(SQLError.java:81)
	at com.mysql.cj.jdbc.exceptions.SQLError.createSQLException(SQLError.java:55)
	at com.mysql.cj.jdbc.exceptions.SQLError.createSQLException(SQLError.java:65)
	at com.mysql.cj.jdbc.ConnectionImpl.connectWithRetries(ConnectionImpl.java:911)
	at com.mysql.cj.jdbc.ConnectionImpl.createNewIO(ConnectionImpl.java:830)
	at com.mysql.cj.jdbc.ConnectionImpl.<init>(ConnectionImpl.java:420)
	at com.mysql.cj.jdbc.ConnectionImpl.getInstance(ConnectionImpl.java:238)
	at com.mysql.cj.jdbc.NonRegisteringDriver.connect(NonRegisteringDriver.java:180)
	at com.zaxxer.hikari.util.DriverDataSource.getConnection(DriverDataSource.java:138)
	at com.zaxxer.hikari.pool.PoolBase.newConnection(PoolBase.java:364)
	at com.zaxxer.hikari.pool.PoolBase.newPoolEntry(PoolBase.java:206)
	at com.zaxxer.hikari.pool.HikariPool.createPoolEntry(HikariPool.java:476)
	at com.zaxxer.hikari.pool.HikariPool.checkFailFast(HikariPool.java:561)
	at com.zaxxer.hikari.pool.HikariPool.<init>(HikariPool.java:115)
	at com.zaxxer.hikari.HikariDataSource.getConnection(HikariDataSource.java:112)
	at org.springframework.jdbc.datasource.DataSourceUtils.fetchConnection(DataSourceUtils.java:159)
	at org.springframework.jdbc.datasource.DataSourceUtils.doGetConnection(DataSourceUtils.java:117)
	at org.springframework.jdbc.datasource.DataSourceUtils.getConnection(DataSourceUtils.java:80)
	... 80 common frames omitted
Caused by: com.mysql.cj.exceptions.CJException: Access denied for user 'root'@'localhost' (using password: YES)
	at sun.reflect.NativeConstructorAccessorImpl.newInstance0(Native Method)
	at sun.reflect.NativeConstructorAccessorImpl.newInstance(NativeConstructorAccessorImpl.java:62)
	at sun.reflect.DelegatingConstructorAccessorImpl.newInstance(DelegatingConstructorAccessorImpl.java:45)
	at java.lang.reflect.Constructor.newInstance(Constructor.java:423)
	at com.mysql.cj.exceptions.ExceptionFactory.createException(ExceptionFactory.java:52)
	at com.mysql.cj.exceptions.ExceptionFactory.createException(ExceptionFactory.java:95)
	at com.mysql.cj.exceptions.ExceptionFactory.createException(ExceptionFactory.java:140)
	at com.mysql.cj.exceptions.ExceptionFactory.createException(ExceptionFactory.java:118)
	at com.mysql.cj.protocol.a.NativeProtocol.checkErrorMessage(NativeProtocol.java:855)
	at com.mysql.cj.protocol.a.NativeProtocol.checkErrorMessage(NativeProtocol.java:778)
	at com.mysql.cj.protocol.a.NativeProtocol.checkErrorMessage(NativeProtocol.java:747)
	at com.mysql.cj.protocol.a.NativeProtocol.checkErrorMessage(NativeProtocol.java:148)
	at com.mysql.cj.protocol.a.NativeAuthenticationProvider.proceedHandshakeWithPluggableAuthentication(NativeAuthenticationProvider.java:461)
	at com.mysql.cj.protocol.a.NativeAuthenticationProvider.connect(NativeAuthenticationProvider.java:206)
	at com.mysql.cj.protocol.a.NativeProtocol.connect(NativeProtocol.java:1333)
	at com.mysql.cj.NativeSession.connect(NativeSession.java:155)
	at com.mysql.cj.jdbc.ConnectionImpl.connectWithRetries(ConnectionImpl.java:851)
	... 94 common frames omitted
2026-08-04 14:02:57 [restartedMain] ERROR com.vmfg.VMFGApplication -SmartRun Application Start Exception--->org.springframework.beans.factory.UnsatisfiedDependencyException: Error creating bean with name 'jdbcMappingContext' defined in class path resource [org/springframework/boot/autoconfigure/data/jdbc/JdbcRepositoriesAutoConfiguration$SpringBootJdbcConfiguration.class]: Unsatisfied dependency expressed through method 'jdbcMappingContext' parameter 1; nested exception is org.springframework.beans.factory.BeanCreationException: Error creating bean with name 'jdbcCustomConversions' defined in class path resource [org/springframework/boot/autoconfigure/data/jdbc/JdbcRepositoriesAutoConfiguration$SpringBootJdbcConfiguration.class]: Bean instantiation via factory method failed; nested exception is org.springframework.beans.BeanInstantiationException: Failed to instantiate [org.springframework.data.jdbc.core.convert.JdbcCustomConversions]: Factory method 'jdbcCustomConversions' threw exception; nested exception is org.springframework.beans.factory.BeanCreationException: Error creating bean with name 'jdbcDialect' defined in class path resource [org/springframework/boot/autoconfigure/data/jdbc/JdbcRepositoriesAutoConfiguration$SpringBootJdbcConfiguration.class]: Bean instantiation via factory method failed; nested exception is org.springframework.beans.BeanInstantiationException: Failed to instantiate [org.springframework.data.relational.core.dialect.Dialect]: Factory method 'jdbcDialect' threw exception; nested exception is org.springframework.jdbc.CannotGetJdbcConnectionException: Failed to obtain JDBC Connection; nested exception is java.sql.SQLNonTransientConnectionException: Could not create connection to database server. Attempted reconnect 3 times. Giving up.
				
2026-08-04 14:02:57 [main] ERROR com.vmfg.VMFGApplication -SmartRun Application Start Exception--->org.springframework.boot.devtools.restart.SilentExitExceptionHandler$SilentExitException
				
2026-08-04 14:15:55 [background-preinit] INFO  o.h.validator.internal.util.Version -HV000001: Hibernate Validator 6.2.3.Final
				
2026-08-04 14:15:57 [restartedMain] INFO  o.s.boot.SpringApplication -

                                ooooooo &&&&&&&&                              
                              oo     oo &.     &                              
                    ooooooo  oo      oo &:     &&                             
                 oo        oooo      oo &&       *&&&&  &&&&&&                
               oo            oo      oo &&                    &&&             
              oo                     oo &&&&&                  &o             
              oo                     oo &&     &&&&&           &              
              oo           ooo       oo &&           &&&       &&             
           ooooo           o:        oo &&              &        &&           
       ooo     *oo       oo          oo &&                        &&&&&&&     
     oo           ooooooo            oo &&                              &&    
    o&                                      &&&&*       &&               &&   
   oo                                            &&       &&              &&  
   o     ooooo                  @     @@    @@     &&:     &&           &&    
  oo ooo       ooo          @@@@@@@@@@@@@@@@@@@@@    &&     &&         &&     
  ooo            oo         @@ @@@ @@@@@@@@@@@  @     &&     &&         &     
  oo               o      @@@@ @@@ @@@@@@@@@@@  @@@    &&     &         &&    
  o&               oo       @@ @@@ @@@@@@@@@@@  @       &     &         &&    
  oo               oo       @@ @@ @ @@@@        @       &&                &&& 
  oo                      @@@@ @@@@@@@@@@@@@@@  @@@:    &&                  &&
  oo                        @@ @@@@@@@@@@@ @@@  @       &&        o&        &&
   o                        @@ @@@@@ @@@  @@@@  @       &         &&        &.
   oo                     @@@@ @@@ @@@@@@@@@@@  @@@@   &          &    .&&&&  
    o         oooo          @@                  @     &.         &&    &&     
    oo    ooo      &oo          @     @@    @@      &&          &&    &&      
     oo oo            oo        @     @     @@    &&           &&    &&       
      ooo              oo                      &&&           &&      &&       
         oooooooo       oo           oo &&&&&&              &&         &      
              oo        oo           oo &&         &      &&           &&     
              o        :o            oo &&  .&&&&&     &&.           &&       
              o       oo             oo &&                    &&&&&&&&        
              oo    ooo              oo &&                  &&                
                oo                   oo &&                &&                  
                  oo        oooo     oo &&                &                   
                     ooooooo  &o     oo &&      &&&       &                   
                                oo   oo && :&&&   .&& &&&*                    
                                   &ooo &&&                                   

==============================================
SmartRun Product by SmartRun Tech. All rights reserved.
==============================================
Application Version : 2.6.7
Application Title : SmartRun MES
Contact : support@smartruntech.com
==============================================

				
2026-08-04 14:15:57 [restartedMain] INFO  com.vmfg.VMFGApplication -Starting VMFGApplication using Java 1.8.0_482 on Peachs-Mac-mini.local with PID 5336 (/Users/peach/Spring_Boot_Projects/bgr/OneDrive_1_4-15-2026/BGR-SOURCE_CODE-sandbox/SmartRun_ProjectManagement_Java/SR_Management/target/classes started by peach in /Users/peach/Spring_Boot_Projects/bgr/OneDrive_1_4-15-2026/BGR-SOURCE_CODE-sandbox/SmartRun_ProjectManagement_Java/SR_Management)
				
2026-08-04 14:15:57 [restartedMain] INFO  com.vmfg.VMFGApplication -The following 1 profile is active: "dev"
				
2026-08-04 14:15:57 [restartedMain] INFO  o.s.b.d.e.DevToolsPropertyDefaultsPostProcessor -Devtools property defaults active! Set 'spring.devtools.add-properties' to 'false' to disable
				
2026-08-04 14:15:57 [restartedMain] INFO  o.s.b.d.e.DevToolsPropertyDefaultsPostProcessor -For additional web related logging consider setting the 'logging.level.web' property to 'DEBUG'
				
2026-08-04 14:15:59 [restartedMain] INFO  o.s.d.r.c.RepositoryConfigurationDelegate -Bootstrapping Spring Data JDBC repositories in DEFAULT mode.
				
2026-08-04 14:15:59 [restartedMain] INFO  o.s.d.r.c.RepositoryConfigurationDelegate -Finished Spring Data repository scanning in 78 ms. Found 0 JDBC repository interfaces.
				
2026-08-04 14:16:01 [restartedMain] INFO  o.s.b.w.e.tomcat.TomcatWebServer -Tomcat initialized with port(s): 8495 (http)
				
2026-08-04 14:16:01 [restartedMain] INFO  o.a.coyote.http11.Http11NioProtocol -Initializing ProtocolHandler ["http-nio-8495"]
				
2026-08-04 14:16:01 [restartedMain] INFO  o.a.catalina.core.StandardService -Starting service [Tomcat]
				
2026-08-04 14:16:01 [restartedMain] INFO  o.a.catalina.core.StandardEngine -Starting Servlet engine: [Apache Tomcat/9.0.63]
				
2026-08-04 14:16:01 [restartedMain] INFO  o.a.c.c.C.[.[localhost].[/smartrun] -Initializing Spring embedded WebApplicationContext
				
2026-08-04 14:16:01 [restartedMain] INFO  o.s.b.w.s.c.ServletWebServerApplicationContext -Root WebApplicationContext: initialization completed in 3834 ms
				
2026-08-04 14:16:04 [restartedMain] INFO  s.d.s.w.PropertySourcedRequestMappingHandlerMapping -Mapped URL path [/v2/api-docs] onto method [springfox.documentation.swagger2.web.Swagger2Controller#getDocumentation(String, HttpServletRequest)]
				
2026-08-04 14:16:04 [restartedMain] INFO  o.s.s.web.DefaultSecurityFilterChain -Will secure any request with [org.springframework.security.web.session.DisableEncodeUrlFilter@45cd9427, org.springframework.security.web.context.request.async.WebAsyncManagerIntegrationFilter@6e0b89e7, org.springframework.security.web.context.SecurityContextPersistenceFilter@791a3b6f, org.springframework.security.web.header.HeaderWriterFilter@56fc8c94, org.springframework.web.filter.CorsFilter@494b3d44, org.springframework.security.web.authentication.logout.LogoutFilter@41cc8cd0, com.vmfg.security.config.JwtRequestFilter@7be0bc35, org.springframework.security.web.savedrequest.RequestCacheAwareFilter@792063ae, org.springframework.security.web.servletapi.SecurityContextHolderAwareRequestFilter@5511054c, org.springframework.security.web.authentication.AnonymousAuthenticationFilter@72f3d388, org.springframework.security.web.session.SessionManagementFilter@17390ad7, org.springframework.security.web.access.ExceptionTranslationFilter@1d1c9704, org.springframework.security.web.access.intercept.FilterSecurityInterceptor@507c4778]
				
2026-08-04 14:16:04 [restartedMain] INFO  o.s.b.d.a.OptionalLiveReloadServer -LiveReload server is running on port 35729
				
2026-08-04 14:16:05 [restartedMain] INFO  com.zaxxer.hikari.HikariDataSource -HikariPool-1 - Starting...
				
2026-08-04 14:16:05 [restartedMain] INFO  com.zaxxer.hikari.HikariDataSource -HikariPool-1 - Start completed.
				
2026-08-04 14:16:05 [restartedMain] INFO  o.a.coyote.http11.Http11NioProtocol -Starting ProtocolHandler ["http-nio-8495"]
				
2026-08-04 14:16:06 [restartedMain] INFO  o.s.b.w.e.tomcat.TomcatWebServer -Tomcat started on port(s): 8495 (http) with context path '/smartrun'
				
2026-08-04 14:16:06 [restartedMain] INFO  s.d.s.w.p.DocumentationPluginsBootstrapper -Context refreshed
				
2026-08-04 14:16:06 [restartedMain] INFO  s.d.s.w.p.DocumentationPluginsBootstrapper -Found 1 custom documentation plugin(s)
				
2026-08-04 14:16:06 [restartedMain] INFO  s.d.s.w.s.ApiListingReferenceScanner -Scanning for api listing references
				
2026-08-04 14:16:07 [restartedMain] INFO  s.d.s.w.r.o.CachingOperationNameGenerator -Generating unique operation named: insertOrUpdateSalesBudgetSheetHdrAndDtlUsingPOST_1
				
2026-08-04 14:16:07 [restartedMain] INFO  s.d.s.w.r.o.CachingOperationNameGenerator -Generating unique operation named: getVendorDetailHdrViewUsingPOST_1
				
2026-08-04 14:16:07 [restartedMain] INFO  s.d.s.w.r.o.CachingOperationNameGenerator -Generating unique operation named: updateUserRoleMappingUsingPOST_1
				
2026-08-04 14:16:07 [restartedMain] INFO  com.vmfg.VMFGApplication -Started VMFGApplication in 12.79 seconds (JVM running for 13.666)
				
2026-08-04 14:16:07 [restartedMain] INFO  c.v.config.DevFlywayMigrationRunner -Running Flyway migrations against sandbox datasource
				
2026-08-04 14:16:07 [restartedMain] INFO  o.f.c.i.license.VersionPrinter -Flyway Community Edition 9.22.3 by Redgate
				
2026-08-04 14:16:07 [restartedMain] INFO  o.f.c.i.license.VersionPrinter -See release notes here: https://rd.gt/416ObMi
				
2026-08-04 14:16:07 [restartedMain] INFO  o.f.c.i.license.VersionPrinter -
				
2026-08-04 14:16:07 [restartedMain] INFO  org.flywaydb.core.FlywayExecutor -Database: jdbc:mysql://localhost:3306/smartrun_bgr_sandbox (MySQL 9.6)
				
2026-08-04 14:16:08 [restartedMain] WARN  o.f.c.i.database.base.Database -Flyway upgrade recommended: MySQL 9.6 is newer than this version of Flyway and support has not been tested. The latest supported version of MySQL is 8.0.
				
2026-08-04 14:16:08 [restartedMain] INFO  o.f.core.internal.command.DbValidate -Successfully validated 4 migrations (execution time 00:00.027s)
				
2026-08-04 14:16:08 [restartedMain] INFO  o.f.core.internal.command.DbMigrate -Current version of schema `smartrun_bgr_sandbox`: 3
				
2026-08-04 14:16:08 [restartedMain] INFO  o.f.core.internal.command.DbMigrate -Schema `smartrun_bgr_sandbox` is up to date. No migration necessary.
				
2026-08-04 14:16:08 [main] ERROR com.vmfg.VMFGApplication -SmartRun Application Start Exception--->org.springframework.boot.devtools.restart.SilentExitExceptionHandler$SilentExitException
				
2026-08-04 14:16:34 [http-nio-8495-exec-3] INFO  o.a.c.c.C.[.[localhost].[/smartrun] -Initializing Spring DispatcherServlet 'dispatcherServlet'
				
2026-08-04 14:16:34 [http-nio-8495-exec-3] INFO  o.s.web.servlet.DispatcherServlet -Initializing Servlet 'dispatcherServlet'
				
2026-08-04 14:16:34 [http-nio-8495-exec-3] INFO  o.s.web.servlet.DispatcherServlet -Completed initialization in 7 ms
				
2026-08-04 14:16:34 [http-nio-8495-exec-4] INFO  c.v.g.c.NotificationGeneralController -getNotificationDetails   method Start
				
2026-08-04 14:16:34 [http-nio-8495-exec-5] INFO  c.v.g.c.NotificationGeneralController -getNotificationDetails   method Start
				
2026-08-04 14:16:34 [http-nio-8495-exec-6] INFO  c.v.g.c.NotificationGeneralController -getNotificationDetails   method Start
				
2026-08-04 14:16:34 [http-nio-8495-exec-9] INFO  c.v.p.controller.ProjectController -getTimeLineByPM   method Start
				
2026-08-04 14:16:34 [http-nio-8495-exec-8] INFO  c.v.p.controller.ProjectController -getProjTimePlanDropDown   method Start
				
2026-08-04 14:16:35 [http-nio-8495-exec-7] INFO  c.v.g.c.DepartmentAndEmployeeInfoController -DepartmentAndEmployeeInfoController   method Start
				
2026-08-04 14:16:35 [http-nio-8495-exec-9] INFO  c.v.p.controller.ProjectController -getProjectInitiationMstResp   method Start
				
2026-08-04 14:16:35 [http-nio-8495-exec-7] INFO  c.v.g.s.i.DepartmentAndEmployeeService -DepartmentAndEmployeeService  method start
				
2026-08-04 14:16:35 [http-nio-8495-exec-8] INFO  c.v.p.controller.ProjectController -getLinkStatusByPMId   method Start
				
2026-08-04 14:16:35 [http-nio-8495-exec-9] INFO  c.v.s.c.SalesBudgetSheetController -getKeyCategory   method Start
				
2026-08-04 14:16:35 [http-nio-8495-exec-9] INFO  c.v.s.c.SalesBudgetSheetController -getKeyCategory method End
				
2026-08-04 14:16:35 [http-nio-8495-exec-10] INFO  c.v.g.c.NotificationGeneralController -getNotificationDetails   method Start
				
2026-08-04 14:16:35 [http-nio-8495-exec-7] INFO  c.v.p.controller.ProjectController -getProjectDtl   method Start
				
2026-08-04 14:16:35 [http-nio-8495-exec-1] INFO  c.v.g.c.NotificationGeneralController -getNotificationDetails   method Start
				
2026-08-04 14:16:35 [http-nio-8495-exec-3] INFO  c.v.g.c.NotificationGeneralController -getNotificationDetails   method Start
				
2026-08-04 14:16:35 [http-nio-8495-exec-9] INFO  c.v.g.c.NotificationGeneralController -getNotificationDetails   method Start
				
2026-08-04 14:16:35 [http-nio-8495-exec-2] INFO  c.v.g.c.NotificationGeneralController -getNotificationDetails   method Start
				
2026-08-04 14:16:35 [http-nio-8495-exec-7] INFO  c.v.g.c.NotificationGeneralController -getNotificationDetails   method Start
				
2026-08-04 14:16:35 [http-nio-8495-exec-10] INFO  c.v.g.c.NotificationGeneralController -getNotificationDetails   method Start
				
2026-08-04 14:16:35 [http-nio-8495-exec-1] INFO  c.v.g.c.NotificationGeneralController -getNotificationDetails   method Start
				
2026-08-04 14:16:35 [http-nio-8495-exec-6] INFO  c.v.g.c.NotificationGeneralController -getNotificationDetails   method Start
				
2026-08-04 14:16:36 [http-nio-8495-exec-4] INFO  c.v.g.c.NotificationGeneralController -getNotificationDetails   method Start
				
2026-08-04 14:16:36 [http-nio-8495-exec-8] INFO  c.v.g.c.NotificationGeneralController -getNotificationDetails   method Start
				
2026-08-04 14:16:37 [http-nio-8495-exec-9] INFO  c.v.g.services.impl.TileViewService -getProjectTitleView  method start
				
2026-08-04 14:16:37 [http-nio-8495-exec-3] INFO  c.v.p.controller.ProjectController -getProjectDtl   method Start
				
2026-08-04 14:16:37 [http-nio-8495-exec-2] INFO  c.v.s.c.IndentManagementController -getIndentProjectDtlsByDate Controller  method Start
				
2026-08-04 14:16:37 [http-nio-8495-exec-2] INFO  c.v.s.c.IndentManagementController -getIndentProjectDtlsByDate Controller  method end
				
2026-08-04 14:16:37 [http-nio-8495-exec-10] INFO  c.v.g.c.NotificationGeneralController -getNotificationDetails   method Start
				
2026-08-04 14:16:38 [http-nio-8495-exec-9] INFO  c.v.g.c.StageManagementController -getProjectTitleView   method end
				
2026-08-04 14:16:38 [http-nio-8495-exec-1] INFO  c.v.g.c.NotificationGeneralController -getNotificationDetails   method Start
				
2026-08-04 14:16:38 [http-nio-8495-exec-6] INFO  c.v.g.c.NotificationGeneralController -getNotificationDetails   method Start
				
2026-08-04 14:16:39 [http-nio-8495-exec-4] INFO  c.v.p.controller.ProjectController -getProjectDtl   method Start
				
2026-08-04 14:16:39 [http-nio-8495-exec-8] INFO  c.v.p.controller.ProjectController -getProjectDtl   method Start
				
2026-08-04 14:16:39 [http-nio-8495-exec-5] INFO  c.v.g.services.impl.TileViewService -getProjectTitleView  method start
				
2026-08-04 14:16:39 [http-nio-8495-exec-7] INFO  c.v.g.c.NotificationGeneralController -getNotificationDetails   method Start
				
2026-08-04 14:16:39 [http-nio-8495-exec-10] INFO  c.v.g.c.NotificationGeneralController -getNotificationDetails   method Start
				
2026-08-04 14:16:39 [http-nio-8495-exec-3] INFO  c.v.p.controller.ProjectController -getProjectDtl   method Start
				
2026-08-04 14:16:39 [http-nio-8495-exec-5] INFO  c.v.g.c.StageManagementController -getProjectTitleView   method end
				
2026-08-04 14:16:39 [http-nio-8495-exec-6] INFO  c.v.p.controller.ProjectController -getProjTimePlanDropDown   method Start
				
2026-08-04 14:16:39 [http-nio-8495-exec-1] INFO  c.v.p.controller.ProjectController -getTimeLineByPM   method Start
				
2026-08-04 14:16:39 [http-nio-8495-exec-8] INFO  c.v.g.c.DepartmentAndEmployeeInfoController -DepartmentAndEmployeeInfoController   method Start
				
2026-08-04 14:16:39 [http-nio-8495-exec-2] INFO  c.v.p.controller.ProjectController -getProjectInitiationMstResp   method Start
				
2026-08-04 14:16:39 [http-nio-8495-exec-8] INFO  c.v.g.s.i.DepartmentAndEmployeeService -DepartmentAndEmployeeService  method start
				
2026-08-04 14:16:39 [http-nio-8495-exec-1] INFO  c.v.p.controller.ProjectController -getLinkStatusByPMId   method Start
				
2026-08-04 14:16:39 [http-nio-8495-exec-6] INFO  c.v.s.c.SalesBudgetSheetController -getKeyCategory   method Start
				
2026-08-04 14:16:39 [http-nio-8495-exec-6] INFO  c.v.s.c.SalesBudgetSheetController -getKeyCategory method End
				
2026-08-04 14:16:39 [http-nio-8495-exec-3] INFO  c.v.g.c.NotificationGeneralController -getNotificationDetails   method Start
				
2026-08-04 14:16:39 [http-nio-8495-exec-8] INFO  c.v.g.c.NotificationGeneralController -getNotificationDetails   method Start
				
2026-08-04 14:16:39 [http-nio-8495-exec-2] INFO  c.v.g.c.NotificationGeneralController -getNotificationDetails   method Start
				
2026-08-04 14:16:39 [http-nio-8495-exec-5] INFO  c.v.g.c.NotificationGeneralController -getNotificationDetails   method Start
				
2026-08-04 14:16:39 [http-nio-8495-exec-9] INFO  c.v.g.c.NotificationGeneralController -getNotificationDetails   method Start
				
2026-08-04 14:16:40 [http-nio-8495-exec-6] INFO  c.v.g.c.NotificationGeneralController -getNotificationDetails   method Start
				
2026-08-04 14:16:40 [http-nio-8495-exec-8] INFO  c.v.g.c.NotificationGeneralController -getNotificationDetails   method Start
				
2026-08-04 14:16:40 [http-nio-8495-exec-1] INFO  c.v.g.c.NotificationGeneralController -getNotificationDetails   method Start
				
2026-08-04 14:16:40 [http-nio-8495-exec-4] INFO  c.v.g.c.NotificationGeneralController -getNotificationDetails   method Start
				
2026-08-04 14:16:40 [http-nio-8495-exec-9] INFO  c.v.g.c.NotificationGeneralController -getNotificationDetails   method Start
				
2026-08-04 14:16:40 [http-nio-8495-exec-5] INFO  c.v.g.c.NotificationGeneralController -getNotificationDetails   method Start
				
2026-08-04 14:16:40 [http-nio-8495-exec-6] INFO  c.v.g.c.NotificationGeneralController -getNotificationDetails   method Start
				
2026-08-04 14:16:40 [http-nio-8495-exec-7] INFO  c.v.g.c.DepartmentAndEmployeeInfoController -DepartmentAndEmployeeInfoController   method Start
				
2026-08-04 14:16:40 [http-nio-8495-exec-7] INFO  c.v.g.s.i.DepartmentAndEmployeeService -DepartmentAndEmployeeService  method start
				
2026-08-04 14:16:40 [http-nio-8495-exec-8] INFO  c.v.p.controller.ProjectController -getLinkStatusByPMId   method Start
				
2026-08-04 14:16:40 [http-nio-8495-exec-4] INFO  c.v.g.c.NotificationGeneralController -getNotificationDetails   method Start
				
2026-08-04 14:16:40 [http-nio-8495-exec-3] INFO  c.v.p.controller.ProjectController -getCostFlowTypeByPmHdrId   method Start
				
2026-08-04 14:16:40 [http-nio-8495-exec-9] INFO  c.v.g.c.NotificationGeneralController -getNotificationDetails   method Start
				
2026-08-04 14:16:40 [http-nio-8495-exec-5] INFO  c.v.g.c.NotificationGeneralController -getNotificationDetails   method Start
				
2026-08-04 14:16:40 [http-nio-8495-exec-6] INFO  c.v.g.c.NotificationGeneralController -getNotificationDetails   method Start
				
2026-08-04 14:16:40 [http-nio-8495-exec-7] INFO  c.v.g.c.NotificationGeneralController -getNotificationDetails   method Start
				
2026-08-04 14:16:41 [http-nio-8495-exec-3] INFO  c.v.g.c.NotificationGeneralController -getNotificationDetails   method Start
				
2026-08-04 14:16:41 [http-nio-8495-exec-2] INFO  c.v.g.c.NotificationGeneralController -getNotificationDetails   method Start
				
2026-08-04 14:16:42 [http-nio-8495-exec-8] INFO  c.v.g.c.NotificationGeneralController -getNotificationDetails   method Start
				
2026-08-04 14:49:36 [http-nio-8495-exec-4] INFO  c.v.p.controller.ProjectController -getTimeTrackerByProjectId   method Start
				
2026-08-04 14:49:36 [http-nio-8495-exec-10] INFO  c.v.p.controller.ProjectController -updateAssyMstResp   method Start
				
2026-08-04 14:49:36 [http-nio-8495-exec-9] INFO  c.v.p.controller.ProjectController -updateDesignHdr   method Start
				
2026-08-04 14:49:36 [http-nio-8495-exec-9] INFO  c.v.p.service.impl.ProjectService -otheremp []
				
2026-08-04 14:49:36 [http-nio-8495-exec-2] INFO  c.v.g.c.NotificationGeneralController -getNotificationDetails   method Start
				
2026-08-04 14:49:36 [http-nio-8495-exec-1] INFO  c.v.g.c.NotificationGeneralController -getNotificationDetails   method Start
				
2026-08-04 14:49:36 [http-nio-8495-exec-5] INFO  c.v.g.c.NotificationGeneralController -getNotificationDetails   method Start
				
2026-08-04 14:49:36 [http-nio-8495-exec-4] INFO  c.v.g.c.NotificationGeneralController -getNotificationDetails   method Start
				
2026-08-04 14:49:36 [http-nio-8495-exec-7] INFO  c.v.g.c.NotificationGeneralController -getNotificationDetails   method Start
				
2026-08-04 14:49:37 [http-nio-8495-exec-6] INFO  c.v.g.c.NotificationGeneralController -getNotificationDetails   method Start
				
2026-08-04 14:51:17 [http-nio-8495-exec-3] INFO  c.v.g.c.NotificationGeneralController -getNotificationDetails   method Start
				
2026-08-04 14:51:17 [http-nio-8495-exec-10] INFO  c.v.g.c.NotificationGeneralController -getNotificationDetails   method Start
				
2026-08-04 14:51:17 [http-nio-8495-exec-9] INFO  c.v.g.c.NotificationGeneralController -getNotificationDetails   method Start
				
2026-08-04 14:51:17 [http-nio-8495-exec-7] INFO  c.v.p.controller.ProjectController -getTimeLineByPM   method Start
				
2026-08-04 14:51:17 [http-nio-8495-exec-4] INFO  c.v.p.controller.ProjectController -getProjectDtl   method Start
				
2026-08-04 14:51:17 [http-nio-8495-exec-7] INFO  c.v.p.controller.ProjectController -getProjTimePlanDropDown   method Start
				
2026-08-04 14:51:17 [http-nio-8495-exec-6] INFO  c.v.g.c.DepartmentAndEmployeeInfoController -DepartmentAndEmployeeInfoController   method Start
				
2026-08-04 14:51:17 [http-nio-8495-exec-6] INFO  c.v.g.s.i.DepartmentAndEmployeeService -DepartmentAndEmployeeService  method start
				
2026-08-04 14:51:17 [http-nio-8495-exec-7] INFO  c.v.p.controller.ProjectController -getProjectInitiationMstResp   method Start
				
2026-08-04 14:51:17 [http-nio-8495-exec-5] INFO  c.v.p.controller.ProjectController -getLinkStatusByPMId   method Start
				
2026-08-04 14:51:17 [http-nio-8495-exec-7] INFO  c.v.s.c.SalesBudgetSheetController -getKeyCategory   method Start
				
2026-08-04 14:51:17 [http-nio-8495-exec-7] INFO  c.v.s.c.SalesBudgetSheetController -getKeyCategory method End
				
2026-08-04 14:51:17 [http-nio-8495-exec-2] INFO  c.v.g.c.NotificationGeneralController -getNotificationDetails   method Start
				
2026-08-04 14:51:17 [http-nio-8495-exec-7] INFO  c.v.g.c.NotificationGeneralController -getNotificationDetails   method Start
				
2026-08-04 14:51:17 [http-nio-8495-exec-1] INFO  c.v.g.c.NotificationGeneralController -getNotificationDetails   method Start
				
2026-08-04 14:51:17 [http-nio-8495-exec-10] INFO  c.v.g.c.NotificationGeneralController -getNotificationDetails   method Start
				
2026-08-04 14:51:17 [http-nio-8495-exec-3] INFO  c.v.g.c.NotificationGeneralController -getNotificationDetails   method Start
				
2026-08-04 14:51:17 [http-nio-8495-exec-8] INFO  c.v.g.c.NotificationGeneralController -getNotificationDetails   method Start
				
2026-08-04 14:51:17 [http-nio-8495-exec-6] INFO  c.v.g.c.NotificationGeneralController -getNotificationDetails   method Start
				
2026-08-04 14:51:17 [http-nio-8495-exec-7] INFO  c.v.g.c.NotificationGeneralController -getNotificationDetails   method Start
				
2026-08-04 14:51:17 [http-nio-8495-exec-4] INFO  c.v.g.c.NotificationGeneralController -getNotificationDetails   method Start
				
2026-08-04 14:51:18 [http-nio-8495-exec-5] INFO  c.v.g.c.NotificationGeneralController -getNotificationDetails   method Start
				
2026-08-04 14:52:10 [http-nio-8495-exec-2] INFO  c.v.g.c.NotificationGeneralController -getNotificationDetails   method Start
				
2026-08-04 14:52:10 [http-nio-8495-exec-1] INFO  c.v.p.controller.ProjectController -getProjectDtl   method Start
				
2026-08-04 14:52:10 [http-nio-8495-exec-10] INFO  c.v.g.services.impl.TileViewService -getProjectTitleView  method start
				
2026-08-04 14:52:10 [http-nio-8495-exec-3] INFO  c.v.s.c.IndentManagementController -getIndentProjectDtlsByDate Controller  method Start
				
2026-08-04 14:52:10 [http-nio-8495-exec-3] INFO  c.v.s.c.IndentManagementController -getIndentProjectDtlsByDate Controller  method end
				
2026-08-04 14:52:10 [http-nio-8495-exec-8] INFO  c.v.g.c.NotificationGeneralController -getNotificationDetails   method Start
				
2026-08-04 14:52:10 [http-nio-8495-exec-10] INFO  c.v.g.c.StageManagementController -getProjectTitleView   method end
				
2026-08-04 14:52:10 [http-nio-8495-exec-6] INFO  c.v.g.c.NotificationGeneralController -getNotificationDetails   method Start
				
2026-08-04 14:52:11 [http-nio-8495-exec-7] INFO  c.v.g.c.NotificationGeneralController -getNotificationDetails   method Start
				
2026-08-04 14:52:14 [http-nio-8495-exec-5] INFO  c.v.p.controller.ProjectController -getProjectDtl   method Start
				
2026-08-04 14:52:14 [http-nio-8495-exec-4] INFO  c.v.p.controller.ProjectController -getProjectDtl   method Start
				
2026-08-04 14:52:14 [http-nio-8495-exec-9] INFO  c.v.g.services.impl.TileViewService -getProjectTitleView  method start
				
2026-08-04 14:52:14 [http-nio-8495-exec-2] INFO  c.v.g.c.NotificationGeneralController -getNotificationDetails   method Start
				
2026-08-04 14:52:14 [http-nio-8495-exec-9] INFO  c.v.g.c.StageManagementController -getProjectTitleView   method end
				
2026-08-04 14:52:14 [http-nio-8495-exec-3] INFO  c.v.g.c.NotificationGeneralController -getNotificationDetails   method Start
				
2026-08-04 14:52:14 [http-nio-8495-exec-10] INFO  c.v.g.c.NotificationGeneralController -getNotificationDetails   method Start
				
2026-08-04 14:52:14 [http-nio-8495-exec-8] INFO  c.v.g.c.NotificationGeneralController -getNotificationDetails   method Start
				
2026-08-04 14:52:14 [http-nio-8495-exec-7] INFO  c.v.p.controller.ProjectController -getProjectDtl   method Start
				
2026-08-04 14:52:14 [http-nio-8495-exec-5] INFO  c.v.p.controller.ProjectController -getTimeLineByPM   method Start
				
2026-08-04 14:52:14 [http-nio-8495-exec-9] INFO  c.v.p.controller.ProjectController -getProjTimePlanDropDown   method Start
				
2026-08-04 14:52:14 [http-nio-8495-exec-4] INFO  c.v.g.c.DepartmentAndEmployeeInfoController -DepartmentAndEmployeeInfoController   method Start
				
2026-08-04 14:52:14 [http-nio-8495-exec-1] INFO  c.v.p.controller.ProjectController -getProjectInitiationMstResp   method Start
				
2026-08-04 14:52:14 [http-nio-8495-exec-4] INFO  c.v.g.s.i.DepartmentAndEmployeeService -DepartmentAndEmployeeService  method start
				
2026-08-04 14:52:14 [http-nio-8495-exec-5] INFO  c.v.p.controller.ProjectController -getLinkStatusByPMId   method Start
				
2026-08-04 14:52:14 [http-nio-8495-exec-7] INFO  c.v.s.c.SalesBudgetSheetController -getKeyCategory   method Start
				
2026-08-04 14:52:14 [http-nio-8495-exec-7] INFO  c.v.s.c.SalesBudgetSheetController -getKeyCategory method End
				
2026-08-04 14:52:14 [http-nio-8495-exec-9] INFO  c.v.g.c.NotificationGeneralController -getNotificationDetails   method Start
				
2026-08-04 14:52:14 [http-nio-8495-exec-5] INFO  c.v.g.c.NotificationGeneralController -getNotificationDetails   method Start
				
2026-08-04 14:52:14 [http-nio-8495-exec-1] INFO  c.v.g.c.NotificationGeneralController -getNotificationDetails   method Start
				
2026-08-04 14:52:14 [http-nio-8495-exec-6] INFO  c.v.g.c.NotificationGeneralController -getNotificationDetails   method Start
				
2026-08-04 14:52:14 [http-nio-8495-exec-10] INFO  c.v.g.c.NotificationGeneralController -getNotificationDetails   method Start
				
2026-08-04 14:52:14 [http-nio-8495-exec-8] INFO  c.v.g.c.NotificationGeneralController -getNotificationDetails   method Start
				
2026-08-04 14:52:15 [http-nio-8495-exec-4] INFO  c.v.g.c.NotificationGeneralController -getNotificationDetails   method Start
				
2026-08-04 14:52:15 [http-nio-8495-exec-7] INFO  c.v.g.c.NotificationGeneralController -getNotificationDetails   method Start
				
2026-08-04 14:52:15 [http-nio-8495-exec-2] INFO  c.v.g.c.NotificationGeneralController -getNotificationDetails   method Start
				
2026-08-04 14:52:15 [http-nio-8495-exec-3] INFO  c.v.g.c.NotificationGeneralController -getNotificationDetails   method Start
				
2026-08-04 14:52:24 [http-nio-8495-exec-5] INFO  c.v.g.c.NotificationGeneralController -getNotificationDetails   method Start
				
2026-08-04 14:52:24 [http-nio-8495-exec-1] INFO  c.v.p.controller.ProjectController -getProjectDtl   method Start
				
2026-08-04 14:52:24 [http-nio-8495-exec-10] INFO  c.v.s.c.IndentManagementController -getIndentProjectDtlsByDate Controller  method Start
				
2026-08-04 14:52:24 [http-nio-8495-exec-10] INFO  c.v.s.c.IndentManagementController -getIndentProjectDtlsByDate Controller  method end
				
2026-08-04 14:52:24 [http-nio-8495-exec-6] INFO  c.v.g.services.impl.TileViewService -getProjectTitleView  method start
				
2026-08-04 14:52:24 [http-nio-8495-exec-8] INFO  c.v.g.c.NotificationGeneralController -getNotificationDetails   method Start
				
2026-08-04 14:52:25 [http-nio-8495-exec-6] INFO  c.v.g.c.StageManagementController -getProjectTitleView   method end
				
2026-08-04 14:52:25 [http-nio-8495-exec-6] INFO  c.v.g.c.NotificationGeneralController -getNotificationDetails   method Start
				
2026-08-04 14:52:25 [http-nio-8495-exec-4] INFO  c.v.g.c.NotificationGeneralController -getNotificationDetails   method Start
				
2026-08-04 14:52:30 [http-nio-8495-exec-10] INFO  c.v.s.c.IndentManagementController -getIndentProjectDtlsByDate Controller  method Start
				
2026-08-04 14:52:30 [http-nio-8495-exec-8] INFO  c.v.p.controller.ProjectController -getProjectDtl   method Start
				
2026-08-04 14:52:30 [http-nio-8495-exec-5] INFO  c.v.g.services.impl.TileViewService -getProjectTitleView  method start
				
2026-08-04 14:52:30 [http-nio-8495-exec-10] INFO  c.v.s.c.IndentManagementController -getIndentProjectDtlsByDate Controller  method end
				
2026-08-04 14:52:30 [http-nio-8495-exec-1] INFO  c.v.g.c.NotificationGeneralController -getNotificationDetails   method Start
				
2026-08-04 14:52:30 [http-nio-8495-exec-6] INFO  c.v.g.c.NotificationGeneralController -getNotificationDetails   method Start
				
2026-08-04 14:52:30 [http-nio-8495-exec-4] INFO  c.v.g.c.NotificationGeneralController -getNotificationDetails   method Start
				
2026-08-04 14:52:31 [http-nio-8495-exec-5] INFO  c.v.g.c.StageManagementController -getProjectTitleView   method end
				
2026-08-04 14:52:31 [http-nio-8495-exec-2] INFO  c.v.g.c.NotificationGeneralController -getNotificationDetails   method Start
				
2026-08-04 14:52:31 [http-nio-8495-exec-7] INFO  c.v.g.c.NotificationGeneralController -getNotificationDetails   method Start
				
2026-08-04 14:53:09 [http-nio-8495-exec-9] INFO  c.v.p.controller.ProjectController -getProjectDtl   method Start
				
2026-08-04 14:53:09 [http-nio-8495-exec-3] INFO  c.v.g.services.impl.TileViewService -getProjectTitleView  method start
				
2026-08-04 14:53:09 [http-nio-8495-exec-10] INFO  c.v.p.controller.ProjectController -getProjectDtl   method Start
				
2026-08-04 14:53:10 [http-nio-8495-exec-5] INFO  c.v.g.c.NotificationGeneralController -getNotificationDetails   method Start
				
2026-08-04 14:53:10 [http-nio-8495-exec-3] INFO  c.v.g.c.StageManagementController -getProjectTitleView   method end
				
2026-08-04 14:53:10 [http-nio-8495-exec-8] INFO  c.v.g.c.NotificationGeneralController -getNotificationDetails   method Start
				
2026-08-04 14:53:10 [http-nio-8495-exec-1] INFO  c.v.g.c.NotificationGeneralController -getNotificationDetails   method Start
				
2026-08-04 14:53:10 [http-nio-8495-exec-4] INFO  c.v.g.c.NotificationGeneralController -getNotificationDetails   method Start
				
2026-08-04 14:53:10 [http-nio-8495-exec-10] INFO  c.v.p.controller.ProjectController -getTimeLineByPM   method Start
				
2026-08-04 14:53:10 [http-nio-8495-exec-3] INFO  c.v.p.controller.ProjectController -getProjTimePlanDropDown   method Start
				
2026-08-04 14:53:10 [http-nio-8495-exec-9] INFO  c.v.g.c.DepartmentAndEmployeeInfoController -DepartmentAndEmployeeInfoController   method Start
				
2026-08-04 14:53:10 [http-nio-8495-exec-9] INFO  c.v.g.s.i.DepartmentAndEmployeeService -DepartmentAndEmployeeService  method start
				
2026-08-04 14:53:10 [http-nio-8495-exec-6] INFO  c.v.p.controller.ProjectController -getProjectInitiationMstResp   method Start
				
2026-08-04 14:53:10 [http-nio-8495-exec-10] INFO  c.v.p.controller.ProjectController -getLinkStatusByPMId   method Start
				
2026-08-04 14:53:10 [http-nio-8495-exec-2] INFO  c.v.s.c.SalesBudgetSheetController -getKeyCategory   method Start
				
2026-08-04 14:53:10 [http-nio-8495-exec-2] INFO  c.v.s.c.SalesBudgetSheetController -getKeyCategory method End
				
2026-08-04 14:53:10 [http-nio-8495-exec-2] INFO  c.v.p.controller.ProjectController -getProjectDtl   method Start
				
2026-08-04 14:53:10 [http-nio-8495-exec-9] INFO  c.v.g.c.NotificationGeneralController -getNotificationDetails   method Start
				
2026-08-04 14:53:10 [http-nio-8495-exec-2] INFO  c.v.g.c.NotificationGeneralController -getNotificationDetails   method Start
				
2026-08-04 14:53:10 [http-nio-8495-exec-5] INFO  c.v.g.c.NotificationGeneralController -getNotificationDetails   method Start
				
2026-08-04 14:53:10 [http-nio-8495-exec-3] INFO  c.v.g.c.NotificationGeneralController -getNotificationDetails   method Start
				
2026-08-04 14:53:10 [http-nio-8495-exec-1] INFO  c.v.g.c.NotificationGeneralController -getNotificationDetails   method Start
				
2026-08-04 14:53:10 [http-nio-8495-exec-4] INFO  c.v.g.c.NotificationGeneralController -getNotificationDetails   method Start
				
2026-08-04 14:53:10 [http-nio-8495-exec-7] INFO  c.v.g.c.NotificationGeneralController -getNotificationDetails   method Start
				
2026-08-04 14:53:10 [http-nio-8495-exec-6] INFO  c.v.g.c.NotificationGeneralController -getNotificationDetails   method Start
				
2026-08-04 14:53:10 [http-nio-8495-exec-5] INFO  c.v.g.c.NotificationGeneralController -getNotificationDetails   method Start
				
2026-08-04 14:53:10 [http-nio-8495-exec-10] INFO  c.v.g.c.NotificationGeneralController -getNotificationDetails   method Start
				
2026-08-04 14:53:32 [http-nio-8495-exec-9] INFO  c.v.g.c.NotificationGeneralController -getNotificationDetails   method Start
				
2026-08-04 14:53:32 [http-nio-8495-exec-3] INFO  c.v.s.c.IndentManagementController -getIndentProjectDtlsByDate Controller  method Start
				
2026-08-04 14:53:32 [http-nio-8495-exec-3] INFO  c.v.s.c.IndentManagementController -getIndentProjectDtlsByDate Controller  method end
				
2026-08-04 14:53:32 [http-nio-8495-exec-1] INFO  c.v.g.services.impl.TileViewService -getProjectTitleView  method start
				
2026-08-04 14:53:32 [http-nio-8495-exec-2] INFO  c.v.p.controller.ProjectController -getProjectDtl   method Start
				
2026-08-04 14:53:32 [http-nio-8495-exec-4] INFO  c.v.g.c.NotificationGeneralController -getNotificationDetails   method Start
				
2026-08-04 14:53:32 [http-nio-8495-exec-1] INFO  c.v.g.c.StageManagementController -getProjectTitleView   method end
				
2026-08-04 14:53:32 [http-nio-8495-exec-7] INFO  c.v.g.c.NotificationGeneralController -getNotificationDetails   method Start
				
2026-08-04 14:53:33 [http-nio-8495-exec-6] INFO  c.v.g.c.NotificationGeneralController -getNotificationDetails   method Start
				
2026-08-04 14:55:04 [http-nio-8495-exec-4] INFO  c.v.g.c.NotificationGeneralController -getNotificationDetails   method Start
				
2026-08-04 14:55:06 [http-nio-8495-exec-6] INFO  c.v.g.c.NotificationGeneralController -getNotificationDetails   method Start
				
2026-08-04 14:55:06 [http-nio-8495-exec-8] INFO  c.v.g.c.NotificationGeneralController -getNotificationDetails   method Start
				
2026-08-04 14:55:10 [http-nio-8495-exec-9] INFO  c.v.g.c.NotificationGeneralController -getNotificationDetails   method Start
				
2026-08-04 14:55:10 [http-nio-8495-exec-1] INFO  c.v.g.c.NotificationGeneralController -getNotificationDetails   method Start
				
2026-08-04 14:56:50 [http-nio-8495-exec-6] INFO  c.v.p.controller.ProjectController -getProjectDtl   method Start
				
2026-08-04 14:56:50 [http-nio-8495-exec-10] INFO  c.v.s.c.IndentManagementController -getIndentProjectDtlsByDate Controller  method Start
				
2026-08-04 14:56:50 [http-nio-8495-exec-8] INFO  c.v.g.services.impl.TileViewService -getProjectTitleView  method start
				
2026-08-04 14:56:50 [http-nio-8495-exec-10] INFO  c.v.s.c.IndentManagementController -getIndentProjectDtlsByDate Controller  method end
				
2026-08-04 14:56:50 [http-nio-8495-exec-3] INFO  c.v.g.c.NotificationGeneralController -getNotificationDetails   method Start
				
2026-08-04 14:56:50 [http-nio-8495-exec-9] INFO  c.v.g.c.NotificationGeneralController -getNotificationDetails   method Start
				
2026-08-04 14:56:50 [http-nio-8495-exec-1] INFO  c.v.g.c.NotificationGeneralController -getNotificationDetails   method Start
				
2026-08-04 14:56:51 [http-nio-8495-exec-8] INFO  c.v.g.c.StageManagementController -getProjectTitleView   method end
				
2026-08-04 14:56:51 [http-nio-8495-exec-2] INFO  c.v.g.c.NotificationGeneralController -getNotificationDetails   method Start
				
2026-08-04 14:56:51 [http-nio-8495-exec-4] INFO  c.v.g.c.NotificationGeneralController -getNotificationDetails   method Start
				
2026-08-04 14:56:56 [http-nio-8495-exec-8] INFO  c.v.g.services.impl.TileViewService -getProjectTitleView  method start
				
2026-08-04 14:56:56 [http-nio-8495-exec-6] INFO  c.v.s.c.IndentManagementController -getIndentProjectDtlsByDate Controller  method Start
				
2026-08-04 14:56:56 [http-nio-8495-exec-5] INFO  c.v.p.controller.ProjectController -getProjectDtl   method Start
				
2026-08-04 14:56:56 [http-nio-8495-exec-6] INFO  c.v.s.c.IndentManagementController -getIndentProjectDtlsByDate Controller  method end
				
2026-08-04 14:56:56 [http-nio-8495-exec-3] INFO  c.v.g.c.NotificationGeneralController -getNotificationDetails   method Start
				
2026-08-04 14:56:56 [http-nio-8495-exec-7] INFO  c.v.g.c.NotificationGeneralController -getNotificationDetails   method Start
				
2026-08-04 14:56:56 [http-nio-8495-exec-1] INFO  c.v.g.c.NotificationGeneralController -getNotificationDetails   method Start
				
2026-08-04 14:56:57 [http-nio-8495-exec-8] INFO  c.v.g.c.StageManagementController -getProjectTitleView   method end
				
2026-08-04 14:56:57 [http-nio-8495-exec-9] INFO  c.v.g.c.NotificationGeneralController -getNotificationDetails   method Start
				
2026-08-04 14:56:57 [http-nio-8495-exec-2] INFO  c.v.g.c.NotificationGeneralController -getNotificationDetails   method Start
				
2026-08-04 14:57:34 [http-nio-8495-exec-1] INFO  c.v.p.controller.ProjectController -getProjectDtl   method Start
				
2026-08-04 14:57:34 [http-nio-8495-exec-9] INFO  c.v.g.services.impl.TileViewService -getProjectTitleView  method start
				
2026-08-04 14:57:34 [http-nio-8495-exec-2] INFO  c.v.s.c.IndentManagementController -getIndentProjectDtlsByDate Controller  method Start
				
2026-08-04 14:57:34 [http-nio-8495-exec-2] INFO  c.v.s.c.IndentManagementController -getIndentProjectDtlsByDate Controller  method end
				
2026-08-04 14:57:34 [http-nio-8495-exec-6] INFO  c.v.g.c.NotificationGeneralController -getNotificationDetails   method Start
				
2026-08-04 14:57:34 [http-nio-8495-exec-8] INFO  c.v.g.c.NotificationGeneralController -getNotificationDetails   method Start
				
2026-08-04 14:57:34 [http-nio-8495-exec-5] INFO  c.v.g.c.NotificationGeneralController -getNotificationDetails   method Start
				
2026-08-04 14:57:34 [http-nio-8495-exec-9] INFO  c.v.g.c.StageManagementController -getProjectTitleView   method end
				
2026-08-04 14:57:34 [http-nio-8495-exec-3] INFO  c.v.g.c.NotificationGeneralController -getNotificationDetails   method Start
				
2026-08-04 14:57:34 [http-nio-8495-exec-7] INFO  c.v.g.c.NotificationGeneralController -getNotificationDetails   method Start
				
2026-08-04 14:58:28 [http-nio-8495-exec-10] INFO  c.v.g.services.impl.TileViewService -getProjectTitleView  method start
				
2026-08-04 14:58:28 [http-nio-8495-exec-4] INFO  c.v.p.controller.ProjectController -getProjectDtl   method Start
				
2026-08-04 14:58:28 [http-nio-8495-exec-2] INFO  c.v.p.controller.ProjectController -getProjectDtl   method Start
				
2026-08-04 14:58:28 [http-nio-8495-exec-4] INFO  c.v.g.c.NotificationGeneralController -getNotificationDetails   method Start
				
2026-08-04 14:58:28 [http-nio-8495-exec-10] INFO  c.v.g.c.StageManagementController -getProjectTitleView   method end
				
2026-08-04 14:58:28 [http-nio-8495-exec-9] INFO  c.v.g.c.NotificationGeneralController -getNotificationDetails   method Start
				
2026-08-04 14:58:28 [http-nio-8495-exec-1] INFO  c.v.g.c.NotificationGeneralController -getNotificationDetails   method Start
				
2026-08-04 14:58:28 [http-nio-8495-exec-8] INFO  c.v.g.c.NotificationGeneralController -getNotificationDetails   method Start
				
2026-08-04 14:58:28 [http-nio-8495-exec-7] INFO  c.v.p.controller.ProjectController -getTimeLineByPM   method Start
				
2026-08-04 14:58:28 [http-nio-8495-exec-10] INFO  c.v.p.controller.ProjectController -getProjTimePlanDropDown   method Start
				
2026-08-04 14:58:28 [http-nio-8495-exec-6] INFO  c.v.g.c.DepartmentAndEmployeeInfoController -DepartmentAndEmployeeInfoController   method Start
				
2026-08-04 14:58:28 [http-nio-8495-exec-6] INFO  c.v.g.s.i.DepartmentAndEmployeeService -DepartmentAndEmployeeService  method start
				
2026-08-04 14:58:28 [http-nio-8495-exec-2] INFO  c.v.p.controller.ProjectController -getProjectInitiationMstResp   method Start
				
2026-08-04 14:58:28 [http-nio-8495-exec-7] INFO  c.v.p.controller.ProjectController -getLinkStatusByPMId   method Start
				
2026-08-04 14:58:28 [http-nio-8495-exec-10] INFO  c.v.s.c.SalesBudgetSheetController -getKeyCategory   method Start
				
2026-08-04 14:58:28 [http-nio-8495-exec-4] INFO  c.v.p.controller.ProjectController -getProjectDtl   method Start
				
2026-08-04 14:58:28 [http-nio-8495-exec-10] INFO  c.v.s.c.SalesBudgetSheetController -getKeyCategory method End
				
2026-08-04 14:58:28 [http-nio-8495-exec-2] INFO  c.v.g.c.NotificationGeneralController -getNotificationDetails   method Start
				
2026-08-04 14:58:28 [http-nio-8495-exec-6] INFO  c.v.g.c.NotificationGeneralController -getNotificationDetails   method Start
				
2026-08-04 14:58:28 [http-nio-8495-exec-5] INFO  c.v.g.c.NotificationGeneralController -getNotificationDetails   method Start
				
2026-08-04 14:58:28 [http-nio-8495-exec-3] INFO  c.v.g.c.NotificationGeneralController -getNotificationDetails   method Start
				
2026-08-04 14:58:29 [http-nio-8495-exec-10] INFO  c.v.g.c.NotificationGeneralController -getNotificationDetails   method Start
				
2026-08-04 14:58:29 [http-nio-8495-exec-8] INFO  c.v.g.c.NotificationGeneralController -getNotificationDetails   method Start
				
2026-08-04 14:58:29 [http-nio-8495-exec-6] INFO  c.v.g.c.NotificationGeneralController -getNotificationDetails   method Start
				
2026-08-04 14:58:29 [http-nio-8495-exec-2] INFO  c.v.g.c.NotificationGeneralController -getNotificationDetails   method Start
				
2026-08-04 14:58:29 [http-nio-8495-exec-7] INFO  c.v.g.c.NotificationGeneralController -getNotificationDetails   method Start
				
2026-08-04 14:58:29 [http-nio-8495-exec-3] INFO  c.v.g.c.NotificationGeneralController -getNotificationDetails   method Start
				
2026-08-04 14:58:35 [http-nio-8495-exec-9] INFO  c.v.g.c.NotificationGeneralController -getNotificationDetails   method Start
				
2026-08-04 14:58:35 [http-nio-8495-exec-1] INFO  c.v.p.controller.ProjectController -getProjectDtl   method Start
				
2026-08-04 14:58:35 [http-nio-8495-exec-10] INFO  c.v.s.c.IndentManagementController -getIndentProjectDtlsByDate Controller  method Start
				
2026-08-04 14:58:35 [http-nio-8495-exec-5] INFO  c.v.g.services.impl.TileViewService -getProjectTitleView  method start
				
2026-08-04 14:58:35 [http-nio-8495-exec-10] INFO  c.v.s.c.IndentManagementController -getIndentProjectDtlsByDate Controller  method end
				
2026-08-04 14:58:35 [http-nio-8495-exec-8] INFO  c.v.g.c.NotificationGeneralController -getNotificationDetails   method Start
				
2026-08-04 14:58:36 [http-nio-8495-exec-5] INFO  c.v.g.c.StageManagementController -getProjectTitleView   method end
				
2026-08-04 14:58:36 [http-nio-8495-exec-2] INFO  c.v.g.c.NotificationGeneralController -getNotificationDetails   method Start
				
2026-08-04 14:58:36 [http-nio-8495-exec-7] INFO  c.v.g.c.NotificationGeneralController -getNotificationDetails   method Start
				
2026-08-04 15:04:05 [http-nio-8495-exec-2] INFO  c.v.s.c.IndentManagementController -getIndentProjectDtlsByDate Controller  method Start
				
2026-08-04 15:04:05 [http-nio-8495-exec-3] INFO  c.v.g.c.NotificationGeneralController -getNotificationDetails   method Start
				
2026-08-04 15:04:05 [http-nio-8495-exec-9] INFO  c.v.s.c.SalesBudgetSheetController -getKeyCategory   method Start
				
2026-08-04 15:04:05 [http-nio-8495-exec-7] INFO  c.v.g.c.NotificationGeneralController -getNotificationDetails   method Start
				
2026-08-04 15:04:05 [http-nio-8495-exec-9] INFO  c.v.s.c.SalesBudgetSheetController -getKeyCategory method End
				
2026-08-04 15:04:05 [http-nio-8495-exec-2] INFO  c.v.s.c.IndentManagementController -getIndentProjectDtlsByDate Controller  method end
				
2026-08-04 15:04:05 [http-nio-8495-exec-5] INFO  c.v.m.c.QualityMisController -getQualityProjCnt  method Start
				
2026-08-04 15:04:06 [http-nio-8495-exec-6] INFO  c.v.g.c.NotificationGeneralController -getNotificationDetails   method Start
				
2026-08-04 15:04:06 [http-nio-8495-exec-8] INFO  c.v.g.c.NotificationGeneralController -getNotificationDetails   method Start
				
2026-08-04 15:04:06 [http-nio-8495-exec-4] INFO  c.v.g.c.NotificationGeneralController -getNotificationDetails   method Start
				
2026-08-04 15:04:06 [http-nio-8495-exec-10] INFO  c.v.g.c.NotificationGeneralController -getNotificationDetails   method Start
				
2026-08-04 15:04:06 [http-nio-8495-exec-2] INFO  c.v.g.c.NotificationGeneralController -getNotificationDetails   method Start
				
2026-08-04 15:04:06 [http-nio-8495-exec-9] INFO  c.v.g.c.NotificationGeneralController -getNotificationDetails   method Start
				
2026-08-04 15:04:06 [http-nio-8495-exec-5] INFO  c.v.g.c.NotificationGeneralController -getNotificationDetails   method Start
				
2026-08-04 15:04:06 [http-nio-8495-exec-1] INFO  c.v.g.c.NotificationGeneralController -getNotificationDetails   method Start
				
2026-08-04 15:07:53 [http-nio-8495-exec-9] INFO  c.v.g.c.NotificationGeneralController -getNotificationDetails   method Start
				
2026-08-04 15:07:53 [http-nio-8495-exec-5] INFO  c.v.p.controller.ProjectController -getProjectDtl   method Start
				
2026-08-04 15:07:53 [http-nio-8495-exec-6] INFO  c.v.g.services.impl.TileViewService -getProjectTitleView  method start
				
2026-08-04 15:07:53 [http-nio-8495-exec-1] INFO  c.v.s.c.IndentManagementController -getIndentProjectDtlsByDate Controller  method Start
				
2026-08-04 15:07:53 [http-nio-8495-exec-1] INFO  c.v.s.c.IndentManagementController -getIndentProjectDtlsByDate Controller  method end
				
2026-08-04 15:07:53 [http-nio-8495-exec-3] INFO  c.v.g.c.NotificationGeneralController -getNotificationDetails   method Start
				
2026-08-04 15:07:53 [http-nio-8495-exec-6] INFO  c.v.g.c.StageManagementController -getProjectTitleView   method end
				
2026-08-04 15:07:53 [http-nio-8495-exec-4] INFO  c.v.g.c.NotificationGeneralController -getNotificationDetails   method Start
				
2026-08-04 15:07:53 [http-nio-8495-exec-8] INFO  c.v.g.c.NotificationGeneralController -getNotificationDetails   method Start
				
2026-08-04 15:07:54 [http-nio-8495-exec-10] INFO  c.v.p.controller.ProjectController -getProjectDtl   method Start
				
2026-08-04 15:07:54 [http-nio-8495-exec-7] INFO  c.v.p.controller.ProjectController -getProjectDtl   method Start
				
2026-08-04 15:07:54 [http-nio-8495-exec-2] INFO  c.v.g.services.impl.TileViewService -getProjectTitleView  method start
				
2026-08-04 15:07:55 [http-nio-8495-exec-10] INFO  c.v.g.c.NotificationGeneralController -getNotificationDetails   method Start
				
2026-08-04 15:07:55 [http-nio-8495-exec-2] INFO  c.v.g.c.StageManagementController -getProjectTitleView   method end
				
2026-08-04 15:07:55 [http-nio-8495-exec-9] INFO  c.v.g.c.NotificationGeneralController -getNotificationDetails   method Start
				
2026-08-04 15:07:55 [http-nio-8495-exec-1] INFO  c.v.g.c.NotificationGeneralController -getNotificationDetails   method Start
				
2026-08-04 15:07:55 [http-nio-8495-exec-5] INFO  c.v.g.c.NotificationGeneralController -getNotificationDetails   method Start
				
2026-08-04 15:07:55 [http-nio-8495-exec-4] INFO  c.v.p.controller.ProjectController -getProjectDtl   method Start
				
2026-08-04 15:07:55 [http-nio-8495-exec-8] INFO  c.v.p.controller.ProjectController -getTimeLineByPM   method Start
				
2026-08-04 15:07:55 [http-nio-8495-exec-2] INFO  c.v.p.controller.ProjectController -getProjTimePlanDropDown   method Start
				
2026-08-04 15:07:55 [http-nio-8495-exec-6] INFO  c.v.g.c.DepartmentAndEmployeeInfoController -DepartmentAndEmployeeInfoController   method Start
				
2026-08-04 15:07:55 [http-nio-8495-exec-7] INFO  c.v.p.controller.ProjectController -getProjectInitiationMstResp   method Start
				
2026-08-04 15:07:55 [http-nio-8495-exec-6] INFO  c.v.g.s.i.DepartmentAndEmployeeService -DepartmentAndEmployeeService  method start
				
2026-08-04 15:07:55 [http-nio-8495-exec-6] INFO  c.v.p.controller.ProjectController -getLinkStatusByPMId   method Start
				
2026-08-04 15:07:55 [http-nio-8495-exec-7] INFO  c.v.s.c.SalesBudgetSheetController -getKeyCategory   method Start
				
2026-08-04 15:07:55 [http-nio-8495-exec-7] INFO  c.v.s.c.SalesBudgetSheetController -getKeyCategory method End
				
2026-08-04 15:07:55 [http-nio-8495-exec-3] INFO  c.v.g.c.NotificationGeneralController -getNotificationDetails   method Start
				
2026-08-04 15:07:55 [http-nio-8495-exec-8] INFO  c.v.g.c.NotificationGeneralController -getNotificationDetails   method Start
				
2026-08-04 15:07:55 [http-nio-8495-exec-2] INFO  c.v.g.c.NotificationGeneralController -getNotificationDetails   method Start
				
2026-08-04 15:07:55 [http-nio-8495-exec-4] INFO  c.v.g.c.NotificationGeneralController -getNotificationDetails   method Start
				
2026-08-04 15:07:55 [http-nio-8495-exec-7] INFO  c.v.g.c.NotificationGeneralController -getNotificationDetails   method Start
				
2026-08-04 15:07:55 [http-nio-8495-exec-6] INFO  c.v.g.c.NotificationGeneralController -getNotificationDetails   method Start
				
2026-08-04 15:07:55 [http-nio-8495-exec-10] INFO  c.v.g.c.NotificationGeneralController -getNotificationDetails   method Start
				
2026-08-04 15:07:55 [http-nio-8495-exec-9] INFO  c.v.g.c.NotificationGeneralController -getNotificationDetails   method Start
				
2026-08-04 15:07:55 [http-nio-8495-exec-1] INFO  c.v.g.c.NotificationGeneralController -getNotificationDetails   method Start
				
2026-08-04 15:07:55 [http-nio-8495-exec-5] INFO  c.v.g.c.NotificationGeneralController -getNotificationDetails   method Start
				
2026-08-04 15:08:01 [http-nio-8495-exec-7] INFO  c.v.p.controller.ProjectController -getTimeTrackerByProjectId   method Start
				
2026-08-04 15:08:01 [http-nio-8495-exec-6] INFO  c.v.p.controller.ProjectController -updateDesignHdr   method Start
				
2026-08-04 15:08:01 [http-nio-8495-exec-10] INFO  c.v.p.controller.ProjectController -updateAssyMstResp   method Start
				
2026-08-04 15:08:01 [http-nio-8495-exec-6] INFO  c.v.p.service.impl.ProjectService -otheremp []
				
2026-08-04 15:08:01 [http-nio-8495-exec-5] INFO  c.v.g.c.NotificationGeneralController -getNotificationDetails   method Start
				
2026-08-04 15:08:01 [http-nio-8495-exec-1] INFO  c.v.g.c.NotificationGeneralController -getNotificationDetails   method Start
				
2026-08-04 15:08:01 [http-nio-8495-exec-9] INFO  c.v.g.c.NotificationGeneralController -getNotificationDetails   method Start
				
2026-08-04 15:08:01 [http-nio-8495-exec-3] INFO  c.v.g.c.NotificationGeneralController -getNotificationDetails   method Start
				
2026-08-04 15:08:01 [http-nio-8495-exec-7] INFO  c.v.g.c.NotificationGeneralController -getNotificationDetails   method Start
				
2026-08-04 15:08:01 [http-nio-8495-exec-2] INFO  c.v.g.c.NotificationGeneralController -getNotificationDetails   method Start
				
2026-08-04 15:08:02 [http-nio-8495-exec-4] INFO  c.v.g.c.NotificationGeneralController -getNotificationDetails   method Start
				
2026-08-04 15:08:11 [http-nio-8495-exec-6] INFO  c.v.d.c.IndentUploadController -getIndentDtlsByIndentId Controller  method Start
				
2026-08-04 15:08:12 [http-nio-8495-exec-6] INFO  c.v.d.c.IndentUploadController -getIndentDtlsByIndentId Controller  method end
				
2026-08-04 15:08:12 [http-nio-8495-exec-9] INFO  c.v.g.c.NotificationGeneralController -getNotificationDetails   method Start
				
2026-08-04 15:08:23 [http-nio-8495-exec-7] INFO  c.v.d.c.IndentUploadController -getIndentDtlsByIndentId Controller  method Start
				
2026-08-04 15:08:23 [http-nio-8495-exec-7] INFO  c.v.d.c.IndentUploadController -getIndentDtlsByIndentId Controller  method end
				
2026-08-04 15:08:23 [http-nio-8495-exec-1] INFO  c.v.g.c.NotificationGeneralController -getNotificationDetails   method Start
				
2026-08-04 15:09:05 [http-nio-8495-exec-6] ERROR com.vmfg.util.GetPropertyValue -getTenantPropertyVal Method Exception|||org.springframework.dao.EmptyResultDataAccessException: Incorrect result size: expected 1, actual 0
				
2026-08-04 15:09:05 [http-nio-8495-exec-6] ERROR com.vmfg.util.GetPropertyValue -getTenantPropertyValByTenantId Method Exception|||org.springframework.dao.EmptyResultDataAccessException: Incorrect result size: expected 1, actual 0
				
2026-08-04 15:09:05 [http-nio-8495-exec-6] INFO  com.vmfg.util.CommonBase64Class -CommonBase64Class getBasesBinary method Start
				
2026-08-04 15:09:05 [http-nio-8495-exec-6] ERROR com.vmfg.util.CommonBase64Class -CommonBase64Class getBasesBinary Method FileNotFoundException---->java.io.FileNotFoundException:  (No such file or directory)
				
2026-08-04 15:09:05 [http-nio-8495-exec-6] ERROR c.v.authentication.UserLoginService -getImageUrl DAO Method Exceptionjava.lang.NullPointerException
				
2026-08-04 15:09:28 [http-nio-8495-exec-7] INFO  com.vmfg.authentication.UserLoginDAO - getUserDtlForAuth DAO method Start
				
2026-08-04 15:09:28 [http-nio-8495-exec-7] INFO  com.vmfg.authentication.UserLoginDAO -getUserLoginInfo DAO method end
				
2026-08-04 15:09:28 [http-nio-8495-exec-8] INFO  c.v.g.c.NotificationGeneralController -getNotificationDetails   method Start
				
2026-08-04 15:09:28 [http-nio-8495-exec-2] INFO  c.v.g.c.NotificationGeneralController -getNotificationDetails   method Start
				
2026-08-04 15:09:28 [http-nio-8495-exec-4] INFO  c.v.g.c.NotificationGeneralController -getNotificationDetails   method Start
				
2026-08-04 15:09:28 [http-nio-8495-exec-6] INFO  c.v.s.c.IndentManagementController -getIndentProjectDtlsByDate Controller  method Start
				
2026-08-04 15:09:28 [http-nio-8495-exec-6] INFO  c.v.s.c.IndentManagementController -getIndentProjectDtlsByDate Controller  method end
				
2026-08-04 15:09:28 [http-nio-8495-exec-10] INFO  c.v.g.services.impl.TileViewService -getFinanceTitleView  method start
				
2026-08-04 15:09:28 [http-nio-8495-exec-9] INFO  c.v.f.controller.FinanceController -getFinanceDtl   method Start
				
2026-08-04 15:09:28 [http-nio-8495-exec-7] INFO  c.v.g.c.NotificationGeneralController -getNotificationDetails   method Start
				
2026-08-04 15:09:28 [http-nio-8495-exec-9] INFO  c.v.f.controller.FinanceController -getFinanceDtl   method end
				
2026-08-04 15:09:28 [http-nio-8495-exec-10] INFO  c.v.g.c.StageManagementController -getFinanceTitleView   method end
				
2026-08-04 15:09:28 [http-nio-8495-exec-1] INFO  c.v.g.c.NotificationGeneralController -getNotificationDetails   method Start
				
2026-08-04 15:09:28 [http-nio-8495-exec-3] INFO  c.v.g.c.NotificationGeneralController -getNotificationDetails   method Start
				
2026-08-04 15:09:32 [http-nio-8495-exec-5] INFO  c.v.s.c.IndentManagementController -getIndentProjectDtlsByDate Controller  method Start
				
2026-08-04 15:09:32 [http-nio-8495-exec-7] INFO  c.v.m.controller.VendorController -getApprVendorDtls method Start
				
2026-08-04 15:09:32 [http-nio-8495-exec-2] INFO  c.v.s.controller.EnquiryController -getCustomermst Controller  method Start
				
2026-08-04 15:09:32 [http-nio-8495-exec-6] INFO  c.v.u.c.DocumentLifeCycleController -getDocTypesDataList Controller  method Start
				
2026-08-04 15:09:32 [http-nio-8495-exec-5] INFO  c.v.s.c.IndentManagementController -getIndentProjectDtlsByDate Controller  method end
				
2026-08-04 15:09:32 [http-nio-8495-exec-3] INFO  c.v.m.c.ManagementMisController -getProjSpentDetailByPmId  method Start
				
2026-08-04 15:09:32 [http-nio-8495-exec-10] INFO  c.v.m.c.ManagementMisController -getTotalProjCnt  method Start
				
2026-08-04 15:09:32 [http-nio-8495-exec-9] INFO  c.v.m.c.ManagementMisController -getOverAllProjSpentDrillDown  method Start
				
2026-08-04 15:09:32 [http-nio-8495-exec-2] INFO  c.v.s.controller.EnquiryController -getCustomermst Controller  method end
				
2026-08-04 15:09:32 [http-nio-8495-exec-6] INFO  c.v.m.c.ManagementMisController -getProjConsumedValue  method Start
				
2026-08-04 15:09:32 [http-nio-8495-exec-10] INFO  c.v.m.c.ManagementMisController -getVendorDetailDrillDown  method Start
				
2026-08-04 15:09:32 [http-nio-8495-exec-1] INFO  c.v.m.c.ManagementMisController -getProjDetailsDrillDown  method Start
				
2026-08-04 15:09:32 [http-nio-8495-exec-4] INFO  c.v.m.c.ManagementMisController -getVendorPaymentDetails  method Start
				
2026-08-04 15:09:32 [http-nio-8495-exec-8] INFO  c.v.m.c.ManagementMisController -getVendorDetailHdrView  method Start
				
2026-08-04 15:09:32 [http-nio-8495-exec-5] INFO  c.v.g.c.NotificationGeneralController -getNotificationDetails   method Start
				
2026-08-04 15:09:32 [http-nio-8495-exec-2] INFO  c.v.g.c.NotificationGeneralController -getNotificationDetails   method Start
				
2026-08-04 15:09:32 [http-nio-8495-exec-1] INFO  c.v.g.c.NotificationGeneralController -getNotificationDetails   method Start
				
2026-08-04 15:09:33 [http-nio-8495-exec-6] INFO  c.v.g.c.NotificationGeneralController -getNotificationDetails   method Start
				
2026-08-04 15:09:33 [http-nio-8495-exec-4] INFO  c.v.g.c.NotificationGeneralController -getNotificationDetails   method Start
				
2026-08-04 15:09:33 [http-nio-8495-exec-8] INFO  c.v.g.c.NotificationGeneralController -getNotificationDetails   method Start
				
2026-08-04 15:09:33 [http-nio-8495-exec-10] INFO  c.v.g.c.NotificationGeneralController -getNotificationDetails   method Start
				
2026-08-04 15:09:33 [http-nio-8495-exec-2] INFO  c.v.g.c.NotificationGeneralController -getNotificationDetails   method Start
				
2026-08-04 15:09:33 [http-nio-8495-exec-1] INFO  c.v.g.c.NotificationGeneralController -getNotificationDetails   method Start
				
2026-08-04 15:09:33 [http-nio-8495-exec-9] INFO  c.v.g.c.NotificationGeneralController -getNotificationDetails   method Start
				
2026-08-04 15:09:33 [http-nio-8495-exec-7] INFO  c.v.g.c.NotificationGeneralController -getNotificationDetails   method Start
				
2026-08-04 15:09:33 [http-nio-8495-exec-3] INFO  c.v.g.c.NotificationGeneralController -getNotificationDetails   method Start
				
2026-08-04 15:10:28 [http-nio-8495-exec-5] ERROR com.vmfg.util.GetPropertyValue -getTenantPropertyVal Method Exception|||org.springframework.dao.EmptyResultDataAccessException: Incorrect result size: expected 1, actual 0
				
2026-08-04 15:10:28 [http-nio-8495-exec-5] ERROR com.vmfg.util.GetPropertyValue -getTenantPropertyValByTenantId Method Exception|||org.springframework.dao.EmptyResultDataAccessException: Incorrect result size: expected 1, actual 0
				
2026-08-04 15:10:28 [http-nio-8495-exec-5] INFO  com.vmfg.util.CommonBase64Class -CommonBase64Class getBasesBinary method Start
				
2026-08-04 15:10:28 [http-nio-8495-exec-5] ERROR com.vmfg.util.CommonBase64Class -CommonBase64Class getBasesBinary Method FileNotFoundException---->java.io.FileNotFoundException:  (No such file or directory)
				
2026-08-04 15:10:28 [http-nio-8495-exec-5] ERROR c.v.authentication.UserLoginService -getImageUrl DAO Method Exceptionjava.lang.NullPointerException
				
2026-08-04 15:10:45 [http-nio-8495-exec-1] INFO  com.vmfg.authentication.UserLoginDAO - getUserDtlForAuth DAO method Start
				
2026-08-04 15:10:45 [http-nio-8495-exec-1] INFO  com.vmfg.authentication.UserLoginDAO -getUserLoginInfo DAO method end
				
2026-08-04 15:10:45 [http-nio-8495-exec-4] INFO  c.v.g.c.NotificationGeneralController -getNotificationDetails   method Start
				
2026-08-04 15:10:45 [http-nio-8495-exec-5] INFO  c.v.g.c.NotificationGeneralController -getNotificationDetails   method Start
				
2026-08-04 15:10:45 [http-nio-8495-exec-6] INFO  c.v.g.c.NotificationGeneralController -getNotificationDetails   method Start
				
2026-08-04 15:10:45 [http-nio-8495-exec-10] INFO  c.v.s.c.IndentManagementController -getIndentProjectDtlsByDate Controller  method Start
				
2026-08-04 15:10:45 [http-nio-8495-exec-8] INFO  c.v.p.controller.ProjectController -getProjectDtl   method Start
				
2026-08-04 15:10:45 [http-nio-8495-exec-2] INFO  c.v.g.services.impl.TileViewService -getProjectTitleView  method start
				
2026-08-04 15:10:45 [http-nio-8495-exec-10] INFO  c.v.s.c.IndentManagementController -getIndentProjectDtlsByDate Controller  method end
				
2026-08-04 15:10:45 [http-nio-8495-exec-1] INFO  c.v.g.c.NotificationGeneralController -getNotificationDetails   method Start
				
2026-08-04 15:10:45 [http-nio-8495-exec-2] INFO  c.v.g.c.StageManagementController -getProjectTitleView   method end
				
2026-08-04 15:10:45 [http-nio-8495-exec-3] INFO  c.v.g.c.NotificationGeneralController -getNotificationDetails   method Start
				
2026-08-04 15:10:45 [http-nio-8495-exec-9] INFO  c.v.g.c.NotificationGeneralController -getNotificationDetails   method Start
				
2026-08-04 15:10:52 [http-nio-8495-exec-6] INFO  c.v.p.controller.ProjectController -getProjectDtl   method Start
				
2026-08-04 15:10:52 [http-nio-8495-exec-10] INFO  c.v.g.services.impl.TileViewService -getProjectTitleView  method start
				
2026-08-04 15:10:52 [http-nio-8495-exec-7] INFO  c.v.p.controller.ProjectController -getProjectDtl   method Start
				
2026-08-04 15:10:52 [http-nio-8495-exec-5] INFO  c.v.g.c.NotificationGeneralController -getNotificationDetails   method Start
				
2026-08-04 15:10:52 [http-nio-8495-exec-10] INFO  c.v.g.c.StageManagementController -getProjectTitleView   method end
				
2026-08-04 15:10:52 [http-nio-8495-exec-4] INFO  c.v.g.c.NotificationGeneralController -getNotificationDetails   method Start
				
2026-08-04 15:10:52 [http-nio-8495-exec-2] INFO  c.v.g.c.NotificationGeneralController -getNotificationDetails   method Start
				
2026-08-04 15:10:52 [http-nio-8495-exec-1] INFO  c.v.g.c.NotificationGeneralController -getNotificationDetails   method Start
				
2026-08-04 15:10:52 [http-nio-8495-exec-9] INFO  c.v.p.controller.ProjectController -getProjectDtl   method Start
				
2026-08-04 15:10:52 [http-nio-8495-exec-6] INFO  c.v.p.controller.ProjectController -getTimeLineByPM   method Start
				
2026-08-04 15:10:52 [http-nio-8495-exec-10] INFO  c.v.p.controller.ProjectController -getProjTimePlanDropDown   method Start
				
2026-08-04 15:10:52 [http-nio-8495-exec-7] INFO  c.v.g.c.DepartmentAndEmployeeInfoController -DepartmentAndEmployeeInfoController   method Start
				
2026-08-04 15:10:52 [http-nio-8495-exec-7] INFO  c.v.g.s.i.DepartmentAndEmployeeService -DepartmentAndEmployeeService  method start
				
2026-08-04 15:10:52 [http-nio-8495-exec-8] INFO  c.v.p.controller.ProjectController -getProjectInitiationMstResp   method Start
				
2026-08-04 15:10:52 [http-nio-8495-exec-10] INFO  c.v.p.controller.ProjectController -getLinkStatusByPMId   method Start
				
2026-08-04 15:10:52 [http-nio-8495-exec-5] INFO  c.v.s.c.SalesBudgetSheetController -getKeyCategory   method Start
				
2026-08-04 15:10:52 [http-nio-8495-exec-5] INFO  c.v.s.c.SalesBudgetSheetController -getKeyCategory method End
				
2026-08-04 15:10:52 [http-nio-8495-exec-7] INFO  c.v.g.c.NotificationGeneralController -getNotificationDetails   method Start
				
2026-08-04 15:10:52 [http-nio-8495-exec-3] INFO  c.v.g.c.NotificationGeneralController -getNotificationDetails   method Start
				
2026-08-04 15:10:52 [http-nio-8495-exec-8] INFO  c.v.g.c.NotificationGeneralController -getNotificationDetails   method Start
				
2026-08-04 15:10:52 [http-nio-8495-exec-4] INFO  c.v.g.c.NotificationGeneralController -getNotificationDetails   method Start
				
2026-08-04 15:10:52 [http-nio-8495-exec-6] INFO  c.v.g.c.NotificationGeneralController -getNotificationDetails   method Start
				
2026-08-04 15:10:53 [http-nio-8495-exec-9] INFO  c.v.g.c.NotificationGeneralController -getNotificationDetails   method Start
				
2026-08-04 15:10:53 [http-nio-8495-exec-5] INFO  c.v.g.c.NotificationGeneralController -getNotificationDetails   method Start
				
2026-08-04 15:10:53 [http-nio-8495-exec-10] INFO  c.v.g.c.NotificationGeneralController -getNotificationDetails   method Start
				
2026-08-04 15:10:53 [http-nio-8495-exec-2] INFO  c.v.g.c.NotificationGeneralController -getNotificationDetails   method Start
				
2026-08-04 15:10:53 [http-nio-8495-exec-1] INFO  c.v.g.c.NotificationGeneralController -getNotificationDetails   method Start
				
2026-08-04 15:20:37 [Thread-6] INFO  com.zaxxer.hikari.HikariDataSource -HikariPool-1 - Shutdown initiated...
				
2026-08-04 15:20:37 [Thread-6] INFO  com.zaxxer.hikari.HikariDataSource -HikariPool-1 - Shutdown completed.
				
2026-08-04 15:20:37 [restartedMain] INFO  com.vmfg.VMFGApplication -SmartRun Application Started
				
2026-08-04 15:20:38 [restartedMain] INFO  o.s.boot.SpringApplication -

                                ooooooo &&&&&&&&                              
                              oo     oo &.     &                              
                    ooooooo  oo      oo &:     &&                             
                 oo        oooo      oo &&       *&&&&  &&&&&&                
               oo            oo      oo &&                    &&&             
              oo                     oo &&&&&                  &o             
              oo                     oo &&     &&&&&           &              
              oo           ooo       oo &&           &&&       &&             
           ooooo           o:        oo &&              &        &&           
       ooo     *oo       oo          oo &&                        &&&&&&&     
     oo           ooooooo            oo &&                              &&    
    o&                                      &&&&*       &&               &&   
   oo                                            &&       &&              &&  
   o     ooooo                  @     @@    @@     &&:     &&           &&    
  oo ooo       ooo          @@@@@@@@@@@@@@@@@@@@@    &&     &&         &&     
  ooo            oo         @@ @@@ @@@@@@@@@@@  @     &&     &&         &     
  oo               o      @@@@ @@@ @@@@@@@@@@@  @@@    &&     &         &&    
  o&               oo       @@ @@@ @@@@@@@@@@@  @       &     &         &&    
  oo               oo       @@ @@ @ @@@@        @       &&                &&& 
  oo                      @@@@ @@@@@@@@@@@@@@@  @@@:    &&                  &&
  oo                        @@ @@@@@@@@@@@ @@@  @       &&        o&        &&
   o                        @@ @@@@@ @@@  @@@@  @       &         &&        &.
   oo                     @@@@ @@@ @@@@@@@@@@@  @@@@   &          &    .&&&&  
    o         oooo          @@                  @     &.         &&    &&     
    oo    ooo      &oo          @     @@    @@      &&          &&    &&      
     oo oo            oo        @     @     @@    &&           &&    &&       
      ooo              oo                      &&&           &&      &&       
         oooooooo       oo           oo &&&&&&              &&         &      
              oo        oo           oo &&         &      &&           &&     
              o        :o            oo &&  .&&&&&     &&.           &&       
              o       oo             oo &&                    &&&&&&&&        
              oo    ooo              oo &&                  &&                
                oo                   oo &&                &&                  
                  oo        oooo     oo &&                &                   
                     ooooooo  &o     oo &&      &&&       &                   
                                oo   oo && :&&&   .&& &&&*                    
                                   &ooo &&&                                   

==============================================
SmartRun Product by SmartRun Tech. All rights reserved.
==============================================
Application Version : 2.6.7
Application Title : SmartRun MES
Contact : support@smartruntech.com
==============================================

				
2026-08-04 15:20:38 [restartedMain] INFO  com.vmfg.VMFGApplication -Starting VMFGApplication using Java 1.8.0_482 on Peachs-Mac-mini.local with PID 5336 (/Users/peach/Spring_Boot_Projects/bgr/OneDrive_1_4-15-2026/BGR-SOURCE_CODE-sandbox/SmartRun_ProjectManagement_Java/SR_Management/target/classes started by peach in /Users/peach/Spring_Boot_Projects/bgr/OneDrive_1_4-15-2026/BGR-SOURCE_CODE-sandbox/SmartRun_ProjectManagement_Java/SR_Management)
				
2026-08-04 15:20:38 [restartedMain] INFO  com.vmfg.VMFGApplication -The following 1 profile is active: "dev"
				
2026-08-04 15:20:39 [restartedMain] INFO  o.s.d.r.c.RepositoryConfigurationDelegate -Bootstrapping Spring Data JDBC repositories in DEFAULT mode.
				
2026-08-04 15:20:39 [restartedMain] INFO  o.s.d.r.c.RepositoryConfigurationDelegate -Finished Spring Data repository scanning in 17 ms. Found 0 JDBC repository interfaces.
				
2026-08-04 15:20:39 [restartedMain] INFO  o.s.b.w.e.tomcat.TomcatWebServer -Tomcat initialized with port(s): 8495 (http)
				
2026-08-04 15:20:39 [restartedMain] INFO  o.a.coyote.http11.Http11NioProtocol -Initializing ProtocolHandler ["http-nio-8495"]
				
2026-08-04 15:20:39 [restartedMain] INFO  o.a.catalina.core.StandardService -Starting service [Tomcat]
				
2026-08-04 15:20:39 [restartedMain] INFO  o.a.catalina.core.StandardEngine -Starting Servlet engine: [Apache Tomcat/9.0.63]
				
2026-08-04 15:20:39 [restartedMain] INFO  o.a.c.c.C.[.[localhost].[/smartrun] -Initializing Spring embedded WebApplicationContext
				
2026-08-04 15:20:39 [restartedMain] INFO  o.s.b.w.s.c.ServletWebServerApplicationContext -Root WebApplicationContext: initialization completed in 1417 ms
				
2026-08-04 15:20:40 [restartedMain] INFO  s.d.s.w.PropertySourcedRequestMappingHandlerMapping -Mapped URL path [/v2/api-docs] onto method [springfox.documentation.swagger2.web.Swagger2Controller#getDocumentation(String, HttpServletRequest)]
				
2026-08-04 15:20:40 [restartedMain] INFO  o.s.b.d.a.OptionalLiveReloadServer -LiveReload server is running on port 35729
				
2026-08-04 15:20:40 [restartedMain] INFO  com.zaxxer.hikari.HikariDataSource -HikariPool-2 - Starting...
				
2026-08-04 15:20:40 [restartedMain] INFO  com.zaxxer.hikari.HikariDataSource -HikariPool-2 - Start completed.
				
2026-08-04 15:20:40 [restartedMain] WARN  o.s.b.a.s.s.UserDetailsServiceAutoConfiguration -

Using generated security password: 037c17a9-f532-4be9-b81d-dce79b66c5b3

This generated password is for development use only. Your security configuration must be updated before running your application in production.

				
2026-08-04 15:20:40 [restartedMain] INFO  o.s.s.web.DefaultSecurityFilterChain -Will secure any request with [org.springframework.security.web.session.DisableEncodeUrlFilter@3b6ade0a, org.springframework.security.web.context.request.async.WebAsyncManagerIntegrationFilter@ac804a, org.springframework.security.web.context.SecurityContextPersistenceFilter@51b2b6ad, org.springframework.security.web.header.HeaderWriterFilter@78fa841a, org.springframework.security.web.csrf.CsrfFilter@7846bb7a, org.springframework.security.web.authentication.logout.LogoutFilter@7edb4ad7, org.springframework.security.web.authentication.UsernamePasswordAuthenticationFilter@1a88f05, org.springframework.security.web.authentication.ui.DefaultLoginPageGeneratingFilter@26f45d96, org.springframework.security.web.authentication.ui.DefaultLogoutPageGeneratingFilter@adddadd, org.springframework.security.web.authentication.www.BasicAuthenticationFilter@1bb22933, org.springframework.security.web.savedrequest.RequestCacheAwareFilter@6ca6d99f, org.springframework.security.web.servletapi.SecurityContextHolderAwareRequestFilter@40504a45, org.springframework.security.web.authentication.AnonymousAuthenticationFilter@38f0f560, org.springframework.security.web.session.SessionManagementFilter@35aa6d14, org.springframework.security.web.access.ExceptionTranslationFilter@41cf8cc8, org.springframework.security.web.access.intercept.FilterSecurityInterceptor@45a2fe54]
				
2026-08-04 15:20:40 [restartedMain] INFO  o.a.coyote.http11.Http11NioProtocol -Starting ProtocolHandler ["http-nio-8495"]
				
2026-08-04 15:20:40 [restartedMain] INFO  o.s.b.w.e.tomcat.TomcatWebServer -Tomcat started on port(s): 8495 (http) with context path '/smartrun'
				
2026-08-04 15:20:40 [restartedMain] INFO  s.d.s.w.p.DocumentationPluginsBootstrapper -Context refreshed
				
2026-08-04 15:20:40 [restartedMain] INFO  s.d.s.w.p.DocumentationPluginsBootstrapper -Found 1 custom documentation plugin(s)
				
2026-08-04 15:20:40 [restartedMain] INFO  s.d.s.w.s.ApiListingReferenceScanner -Scanning for api listing references
				
2026-08-04 15:20:40 [restartedMain] INFO  com.vmfg.VMFGApplication -Started VMFGApplication in 2.96 seconds (JVM running for 3886.606)
				
2026-08-04 15:20:40 [restartedMain] INFO  o.s.b.d.a.ConditionEvaluationDeltaLoggingListener -Condition evaluation delta:


==========================
CONDITION EVALUATION DELTA
==========================


Positive matches:
-----------------

   SpringBootWebSecurityConfiguration.SecurityFilterChainConfiguration matched:
      - AllNestedConditions 2 matched 0 did not; NestedCondition on DefaultWebSecurityCondition.Beans @ConditionalOnMissingBean (types: org.springframework.security.config.annotation.web.configuration.WebSecurityConfigurerAdapter,org.springframework.security.web.SecurityFilterChain; SearchStrategy: all) did not find any beans; NestedCondition on DefaultWebSecurityCondition.Classes @ConditionalOnClass found required classes 'org.springframework.security.web.SecurityFilterChain', 'org.springframework.security.config.annotation.web.builders.HttpSecurity' (DefaultWebSecurityCondition)

   SpringBootWebSecurityConfiguration.WebSecurityEnablerConfiguration matched:
      - @ConditionalOnClass found required class 'org.springframework.security.config.annotation.web.configuration.EnableWebSecurity' (OnClassCondition)
      - @ConditionalOnMissingBean (names: springSecurityFilterChain; SearchStrategy: all) did not find any beans (OnBeanCondition)

   UserDetailsServiceAutoConfiguration matched:
      - @ConditionalOnClass found required class 'org.springframework.security.authentication.AuthenticationManager' (OnClassCondition)
      - @ConditionalOnBean (types: org.springframework.security.config.annotation.ObjectPostProcessor; SearchStrategy: all) found bean 'objectPostProcessor'; @ConditionalOnMissingBean (types: org.springframework.security.authentication.AuthenticationManager,org.springframework.security.authentication.AuthenticationProvider,org.springframework.security.core.userdetails.UserDetailsService,org.springframework.security.authentication.AuthenticationManagerResolver,org.springframework.security.oauth2.jwt.JwtDecoder,org.springframework.security.oauth2.server.resource.introspection.OpaqueTokenIntrospector,org.springframework.security.oauth2.client.registration.ClientRegistrationRepository,org.springframework.security.saml2.provider.service.registration.RelyingPartyRegistrationRepository; SearchStrategy: all) did not find any beans (OnBeanCondition)


Negative matches:
-----------------

    None


Exclusions:
-----------

    None


Unconditional classes:
----------------------

    None



				
2026-08-04 15:20:57 [Thread-9] INFO  com.zaxxer.hikari.HikariDataSource -HikariPool-2 - Shutdown initiated...
				
2026-08-04 15:20:57 [Thread-9] INFO  com.zaxxer.hikari.HikariDataSource -HikariPool-2 - Shutdown completed.
				
2026-08-04 15:20:58 [restartedMain] INFO  com.vmfg.VMFGApplication -SmartRun Application Started
				
2026-08-04 15:20:58 [restartedMain] INFO  o.s.boot.SpringApplication -

                                ooooooo &&&&&&&&                              
                              oo     oo &.     &                              
                    ooooooo  oo      oo &:     &&                             
                 oo        oooo      oo &&       *&&&&  &&&&&&                
               oo            oo      oo &&                    &&&             
              oo                     oo &&&&&                  &o             
              oo                     oo &&     &&&&&           &              
              oo           ooo       oo &&           &&&       &&             
           ooooo           o:        oo &&              &        &&           
       ooo     *oo       oo          oo &&                        &&&&&&&     
     oo           ooooooo            oo &&                              &&    
    o&                                      &&&&*       &&               &&   
   oo                                            &&       &&              &&  
   o     ooooo                  @     @@    @@     &&:     &&           &&    
  oo ooo       ooo          @@@@@@@@@@@@@@@@@@@@@    &&     &&         &&     
  ooo            oo         @@ @@@ @@@@@@@@@@@  @     &&     &&         &     
  oo               o      @@@@ @@@ @@@@@@@@@@@  @@@    &&     &         &&    
  o&               oo       @@ @@@ @@@@@@@@@@@  @       &     &         &&    
  oo               oo       @@ @@ @ @@@@        @       &&                &&& 
  oo                      @@@@ @@@@@@@@@@@@@@@  @@@:    &&                  &&
  oo                        @@ @@@@@@@@@@@ @@@  @       &&        o&        &&
   o                        @@ @@@@@ @@@  @@@@  @       &         &&        &.
   oo                     @@@@ @@@ @@@@@@@@@@@  @@@@   &          &    .&&&&  
    o         oooo          @@                  @     &.         &&    &&     
    oo    ooo      &oo          @     @@    @@      &&          &&    &&      
     oo oo            oo        @     @     @@    &&           &&    &&       
      ooo              oo                      &&&           &&      &&       
         oooooooo       oo           oo &&&&&&              &&         &      
              oo        oo           oo &&         &      &&           &&     
              o        :o            oo &&  .&&&&&     &&.           &&       
              o       oo             oo &&                    &&&&&&&&        
              oo    ooo              oo &&                  &&                
                oo                   oo &&                &&                  
                  oo        oooo     oo &&                &                   
                     ooooooo  &o     oo &&      &&&       &                   
                                oo   oo && :&&&   .&& &&&*                    
                                   &ooo &&&                                   

==============================================
SmartRun Product by SmartRun Tech. All rights reserved.
==============================================
Application Version : 2.6.7
Application Title : SmartRun MES
Contact : support@smartruntech.com
==============================================

				
2026-08-04 15:20:58 [restartedMain] INFO  com.vmfg.VMFGApplication -Starting VMFGApplication using Java 1.8.0_482 on Peachs-Mac-mini.local with PID 5336 (/Users/peach/Spring_Boot_Projects/bgr/OneDrive_1_4-15-2026/BGR-SOURCE_CODE-sandbox/SmartRun_ProjectManagement_Java/SR_Management/target/classes started by peach in /Users/peach/Spring_Boot_Projects/bgr/OneDrive_1_4-15-2026/BGR-SOURCE_CODE-sandbox/SmartRun_ProjectManagement_Java/SR_Management)
				
2026-08-04 15:20:58 [restartedMain] INFO  com.vmfg.VMFGApplication -The following 1 profile is active: "dev"
				
2026-08-04 15:20:59 [restartedMain] INFO  o.s.d.r.c.RepositoryConfigurationDelegate -Bootstrapping Spring Data JDBC repositories in DEFAULT mode.
				
2026-08-04 15:20:59 [restartedMain] INFO  o.s.d.r.c.RepositoryConfigurationDelegate -Finished Spring Data repository scanning in 42 ms. Found 0 JDBC repository interfaces.
				
2026-08-04 15:20:59 [restartedMain] INFO  o.s.b.w.e.tomcat.TomcatWebServer -Tomcat initialized with port(s): 8495 (http)
				
2026-08-04 15:20:59 [restartedMain] INFO  o.a.coyote.http11.Http11NioProtocol -Initializing ProtocolHandler ["http-nio-8495"]
				
2026-08-04 15:20:59 [restartedMain] INFO  o.a.catalina.core.StandardService -Starting service [Tomcat]
				
2026-08-04 15:20:59 [restartedMain] INFO  o.a.catalina.core.StandardEngine -Starting Servlet engine: [Apache Tomcat/9.0.63]
				
2026-08-04 15:20:59 [restartedMain] INFO  o.a.c.c.C.[.[localhost].[/smartrun] -Initializing Spring embedded WebApplicationContext
				
2026-08-04 15:20:59 [restartedMain] INFO  o.s.b.w.s.c.ServletWebServerApplicationContext -Root WebApplicationContext: initialization completed in 812 ms
				
2026-08-04 15:21:00 [restartedMain] INFO  s.d.s.w.PropertySourcedRequestMappingHandlerMapping -Mapped URL path [/v2/api-docs] onto method [springfox.documentation.swagger2.web.Swagger2Controller#getDocumentation(String, HttpServletRequest)]
				
2026-08-04 15:21:00 [restartedMain] INFO  o.s.s.web.DefaultSecurityFilterChain -Will secure any request with [org.springframework.security.web.session.DisableEncodeUrlFilter@3a5c67ca, org.springframework.security.web.context.request.async.WebAsyncManagerIntegrationFilter@2390ce5f, org.springframework.security.web.context.SecurityContextPersistenceFilter@623d7265, org.springframework.security.web.header.HeaderWriterFilter@7b5ea672, org.springframework.web.filter.CorsFilter@1e77db92, org.springframework.security.web.authentication.logout.LogoutFilter@548e379e, com.vmfg.security.config.JwtRequestFilter@2b016886, org.springframework.security.web.savedrequest.RequestCacheAwareFilter@3eac968e, org.springframework.security.web.servletapi.SecurityContextHolderAwareRequestFilter@304fda1f, org.springframework.security.web.authentication.AnonymousAuthenticationFilter@7e053a6f, org.springframework.security.web.session.SessionManagementFilter@56b7679d, org.springframework.security.web.access.ExceptionTranslationFilter@5321fd99, org.springframework.security.web.access.intercept.FilterSecurityInterceptor@6750f853]
				
2026-08-04 15:21:00 [restartedMain] INFO  o.s.b.d.a.OptionalLiveReloadServer -LiveReload server is running on port 35729
				
2026-08-04 15:21:00 [restartedMain] INFO  com.zaxxer.hikari.HikariDataSource -HikariPool-3 - Starting...
				
2026-08-04 15:21:00 [restartedMain] INFO  com.zaxxer.hikari.HikariDataSource -HikariPool-3 - Start completed.
				
2026-08-04 15:21:00 [restartedMain] INFO  o.a.coyote.http11.Http11NioProtocol -Starting ProtocolHandler ["http-nio-8495"]
				
2026-08-04 15:21:00 [restartedMain] INFO  o.s.b.w.e.tomcat.TomcatWebServer -Tomcat started on port(s): 8495 (http) with context path '/smartrun'
				
2026-08-04 15:21:00 [restartedMain] INFO  s.d.s.w.p.DocumentationPluginsBootstrapper -Context refreshed
				
2026-08-04 15:21:00 [restartedMain] INFO  s.d.s.w.p.DocumentationPluginsBootstrapper -Found 1 custom documentation plugin(s)
				
2026-08-04 15:21:00 [restartedMain] INFO  s.d.s.w.s.ApiListingReferenceScanner -Scanning for api listing references
				
2026-08-04 15:21:01 [restartedMain] INFO  s.d.s.w.r.o.CachingOperationNameGenerator -Generating unique operation named: insertOrUpdateSalesBudgetSheetHdrAndDtlUsingPOST_1
				
2026-08-04 15:21:01 [restartedMain] INFO  s.d.s.w.r.o.CachingOperationNameGenerator -Generating unique operation named: getVendorDetailHdrViewUsingPOST_1
				
2026-08-04 15:21:01 [restartedMain] INFO  s.d.s.w.r.o.CachingOperationNameGenerator -Generating unique operation named: updateUserRoleMappingUsingPOST_1
				
2026-08-04 15:21:01 [restartedMain] INFO  com.vmfg.VMFGApplication -Started VMFGApplication in 3.26 seconds (JVM running for 3907.225)
				
2026-08-04 15:21:01 [restartedMain] INFO  c.v.config.DevFlywayMigrationRunner -Running Flyway migrations against sandbox datasource
				
2026-08-04 15:21:01 [restartedMain] INFO  org.flywaydb.core.FlywayExecutor -Database: jdbc:mysql://localhost:3306/smartrun_bgr_sandbox (MySQL 9.6)
				
2026-08-04 15:21:01 [restartedMain] WARN  o.f.c.i.database.base.Database -Flyway upgrade recommended: MySQL 9.6 is newer than this version of Flyway and support has not been tested. The latest supported version of MySQL is 8.0.
				
2026-08-04 15:21:01 [restartedMain] INFO  o.f.core.internal.command.DbValidate -Successfully validated 4 migrations (execution time 00:00.020s)
				
2026-08-04 15:21:01 [restartedMain] INFO  o.f.core.internal.command.DbMigrate -Current version of schema `smartrun_bgr_sandbox`: 3
				
2026-08-04 15:21:01 [restartedMain] INFO  o.f.core.internal.command.DbMigrate -Schema `smartrun_bgr_sandbox` is up to date. No migration necessary.
				
2026-08-04 15:21:01 [restartedMain] INFO  o.s.b.d.a.ConditionEvaluationDeltaLoggingListener -Condition evaluation delta:


==========================
CONDITION EVALUATION DELTA
==========================


Positive matches:
-----------------

    None


Negative matches:
-----------------

   SpringBootWebSecurityConfiguration.SecurityFilterChainConfiguration:
      Did not match:
         - AllNestedConditions 1 matched 1 did not; NestedCondition on DefaultWebSecurityCondition.Beans @ConditionalOnMissingBean (types: org.springframework.security.config.annotation.web.configuration.WebSecurityConfigurerAdapter,org.springframework.security.web.SecurityFilterChain; SearchStrategy: all) found beans of type 'org.springframework.security.web.SecurityFilterChain' filterChain; NestedCondition on DefaultWebSecurityCondition.Classes @ConditionalOnClass found required classes 'org.springframework.security.web.SecurityFilterChain', 'org.springframework.security.config.annotation.web.builders.HttpSecurity' (DefaultWebSecurityCondition)

   SpringBootWebSecurityConfiguration.WebSecurityEnablerConfiguration:
      Did not match:
         - @ConditionalOnMissingBean (names: springSecurityFilterChain; SearchStrategy: all) found beans named springSecurityFilterChain (OnBeanCondition)
      Matched:
         - @ConditionalOnClass found required class 'org.springframework.security.config.annotation.web.configuration.EnableWebSecurity' (OnClassCondition)

   UserDetailsServiceAutoConfiguration:
      Did not match:
         - @ConditionalOnMissingBean (types: org.springframework.security.authentication.AuthenticationManager,org.springframework.security.authentication.AuthenticationProvider,org.springframework.security.core.userdetails.UserDetailsService,org.springframework.security.authentication.AuthenticationManagerResolver,org.springframework.security.oauth2.jwt.JwtDecoder,org.springframework.security.oauth2.server.resource.introspection.OpaqueTokenIntrospector,org.springframework.security.oauth2.client.registration.ClientRegistrationRepository,org.springframework.security.saml2.provider.service.registration.RelyingPartyRegistrationRepository; SearchStrategy: all) found beans of type 'org.springframework.security.authentication.AuthenticationManager' authenticationManager and found beans of type 'org.springframework.security.core.userdetails.UserDetailsService' userLoginDAO (OnBeanCondition)
      Matched:
         - @ConditionalOnClass found required class 'org.springframework.security.authentication.AuthenticationManager' (OnClassCondition)


Exclusions:
-----------

    None


Unconditional classes:
----------------------

    None



				
2026-08-04 15:21:16 [http-nio-8495-exec-5] INFO  o.a.c.c.C.[.[localhost].[/smartrun] -Initializing Spring DispatcherServlet 'dispatcherServlet'
				
2026-08-04 15:21:16 [http-nio-8495-exec-5] INFO  o.s.web.servlet.DispatcherServlet -Initializing Servlet 'dispatcherServlet'
				
2026-08-04 15:21:16 [http-nio-8495-exec-5] INFO  o.s.web.servlet.DispatcherServlet -Completed initialization in 1 ms
				
2026-08-04 15:21:16 [http-nio-8495-exec-6] INFO  c.v.g.c.NotificationGeneralController -getNotificationDetails   method Start
				
2026-08-04 15:21:16 [http-nio-8495-exec-1] INFO  c.v.p.controller.ProjectController -getTimeLineByPM   method Start
				
2026-08-04 15:21:16 [http-nio-8495-exec-8] INFO  c.v.p.controller.ProjectController -getProjectDtl   method Start
				
2026-08-04 15:21:16 [http-nio-8495-exec-2] INFO  c.v.p.controller.ProjectController -getProjTimePlanDropDown   method Start
				
2026-08-04 15:21:16 [http-nio-8495-exec-4] INFO  c.v.g.c.DepartmentAndEmployeeInfoController -DepartmentAndEmployeeInfoController   method Start
				
2026-08-04 15:21:16 [http-nio-8495-exec-1] INFO  c.v.p.controller.ProjectController -getProjectInitiationMstResp   method Start
				
2026-08-04 15:21:16 [http-nio-8495-exec-4] INFO  c.v.g.s.i.DepartmentAndEmployeeService -DepartmentAndEmployeeService  method start
				
2026-08-04 15:21:16 [http-nio-8495-exec-9] INFO  c.v.p.controller.ProjectController -getLinkStatusByPMId   method Start
				
2026-08-04 15:21:16 [http-nio-8495-exec-5] INFO  c.v.g.c.NotificationGeneralController -getNotificationDetails   method Start
				
2026-08-04 15:21:16 [http-nio-8495-exec-3] INFO  c.v.s.c.SalesBudgetSheetController -getKeyCategory   method Start
				
2026-08-04 15:21:17 [http-nio-8495-exec-3] INFO  c.v.s.c.SalesBudgetSheetController -getKeyCategory method End
				
2026-08-04 15:21:17 [http-nio-8495-exec-7] INFO  c.v.g.c.NotificationGeneralController -getNotificationDetails   method Start
				
2026-08-04 15:21:17 [http-nio-8495-exec-2] INFO  c.v.g.c.NotificationGeneralController -getNotificationDetails   method Start
				
2026-08-04 15:21:17 [http-nio-8495-exec-10] INFO  c.v.g.c.NotificationGeneralController -getNotificationDetails   method Start
				
2026-08-04 15:21:17 [http-nio-8495-exec-1] INFO  c.v.g.c.NotificationGeneralController -getNotificationDetails   method Start
				
2026-08-04 15:21:17 [http-nio-8495-exec-4] INFO  c.v.g.c.NotificationGeneralController -getNotificationDetails   method Start
				
2026-08-04 15:21:17 [http-nio-8495-exec-3] INFO  c.v.g.c.NotificationGeneralController -getNotificationDetails   method Start
				
2026-08-04 15:21:17 [http-nio-8495-exec-8] INFO  c.v.g.c.NotificationGeneralController -getNotificationDetails   method Start
				
2026-08-04 15:21:17 [http-nio-8495-exec-9] INFO  c.v.g.c.NotificationGeneralController -getNotificationDetails   method Start
				
2026-08-04 15:21:17 [http-nio-8495-exec-6] INFO  c.v.g.c.NotificationGeneralController -getNotificationDetails   method Start
				
2026-08-04 15:21:17 [http-nio-8495-exec-1] INFO  c.v.g.c.NotificationGeneralController -getNotificationDetails   method Start
				
2026-08-04 15:21:17 [http-nio-8495-exec-4] INFO  c.v.g.c.NotificationGeneralController -getNotificationDetails   method Start
				
2026-08-04 15:21:21 [http-nio-8495-exec-7] INFO  c.v.g.c.NotificationGeneralController -getNotificationDetails   method Start
				
2026-08-04 15:21:21 [http-nio-8495-exec-2] INFO  c.v.g.c.NotificationGeneralController -getNotificationDetails   method Start
				
2026-08-04 15:21:21 [http-nio-8495-exec-3] INFO  c.v.g.c.NotificationGeneralController -getNotificationDetails   method Start
				
2026-08-04 15:21:21 [http-nio-8495-exec-6] INFO  c.v.p.controller.ProjectController -getTimeLineByPM   method Start
				
2026-08-04 15:21:21 [http-nio-8495-exec-8] INFO  c.v.p.controller.ProjectController -getProjectDtl   method Start
				
2026-08-04 15:21:21 [http-nio-8495-exec-6] INFO  c.v.p.controller.ProjectController -getProjTimePlanDropDown   method Start
				
2026-08-04 15:21:21 [http-nio-8495-exec-4] INFO  c.v.g.c.DepartmentAndEmployeeInfoController -DepartmentAndEmployeeInfoController   method Start
				
2026-08-04 15:21:21 [http-nio-8495-exec-4] INFO  c.v.g.s.i.DepartmentAndEmployeeService -DepartmentAndEmployeeService  method start
				
2026-08-04 15:21:21 [http-nio-8495-exec-1] INFO  c.v.p.controller.ProjectController -getProjectInitiationMstResp   method Start
				
2026-08-04 15:21:21 [http-nio-8495-exec-9] INFO  c.v.s.c.SalesBudgetSheetController -getKeyCategory   method Start
				
2026-08-04 15:21:21 [http-nio-8495-exec-10] INFO  c.v.p.controller.ProjectController -getLinkStatusByPMId   method Start
				
2026-08-04 15:21:21 [http-nio-8495-exec-9] INFO  c.v.s.c.SalesBudgetSheetController -getKeyCategory method End
				
2026-08-04 15:21:21 [http-nio-8495-exec-9] INFO  c.v.g.c.NotificationGeneralController -getNotificationDetails   method Start
				
2026-08-04 15:21:21 [http-nio-8495-exec-8] INFO  c.v.g.c.NotificationGeneralController -getNotificationDetails   method Start
				
2026-08-04 15:21:21 [http-nio-8495-exec-10] INFO  c.v.g.c.NotificationGeneralController -getNotificationDetails   method Start
				
2026-08-04 15:21:22 [http-nio-8495-exec-6] INFO  c.v.g.c.NotificationGeneralController -getNotificationDetails   method Start
				
2026-08-04 15:21:22 [http-nio-8495-exec-4] INFO  c.v.g.c.NotificationGeneralController -getNotificationDetails   method Start
				
2026-08-04 15:21:22 [http-nio-8495-exec-1] INFO  c.v.g.c.NotificationGeneralController -getNotificationDetails   method Start
				
2026-08-04 15:21:22 [http-nio-8495-exec-5] INFO  c.v.g.c.NotificationGeneralController -getNotificationDetails   method Start
				
2026-08-04 15:21:22 [http-nio-8495-exec-7] INFO  c.v.g.c.NotificationGeneralController -getNotificationDetails   method Start
				
2026-08-04 15:21:22 [http-nio-8495-exec-2] INFO  c.v.g.c.NotificationGeneralController -getNotificationDetails   method Start
				
2026-08-04 15:21:22 [http-nio-8495-exec-3] INFO  c.v.g.c.NotificationGeneralController -getNotificationDetails   method Start
				
2026-08-04 15:21:28 [http-nio-8495-exec-10] INFO  c.v.g.c.NotificationGeneralController -getNotificationDetails   method Start
				
2026-08-04 15:21:28 [http-nio-8495-exec-6] INFO  c.v.g.c.NotificationGeneralController -getNotificationDetails   method Start
				
2026-08-04 15:21:28 [http-nio-8495-exec-1] INFO  c.v.g.c.NotificationGeneralController -getNotificationDetails   method Start
				
2026-08-04 15:21:28 [http-nio-8495-exec-5] INFO  c.v.p.controller.ProjectController -getProjectDtl   method Start
				
2026-08-04 15:21:28 [http-nio-8495-exec-7] INFO  c.v.p.controller.ProjectController -getTimeLineByPM   method Start
				
2026-08-04 15:21:28 [http-nio-8495-exec-2] INFO  c.v.p.controller.ProjectController -getProjTimePlanDropDown   method Start
				
2026-08-04 15:21:28 [http-nio-8495-exec-3] INFO  c.v.g.c.DepartmentAndEmployeeInfoController -DepartmentAndEmployeeInfoController   method Start
				
2026-08-04 15:21:28 [http-nio-8495-exec-3] INFO  c.v.g.s.i.DepartmentAndEmployeeService -DepartmentAndEmployeeService  method start
				
2026-08-04 15:21:28 [http-nio-8495-exec-8] INFO  c.v.p.controller.ProjectController -getProjectInitiationMstResp   method Start
				
2026-08-04 15:21:28 [http-nio-8495-exec-2] INFO  c.v.p.controller.ProjectController -getLinkStatusByPMId   method Start
				
2026-08-04 15:21:28 [http-nio-8495-exec-4] INFO  c.v.s.c.SalesBudgetSheetController -getKeyCategory   method Start
				
2026-08-04 15:21:28 [http-nio-8495-exec-4] INFO  c.v.s.c.SalesBudgetSheetController -getKeyCategory method End
				
2026-08-04 15:21:28 [http-nio-8495-exec-3] INFO  c.v.g.c.NotificationGeneralController -getNotificationDetails   method Start
				
2026-08-04 15:21:28 [http-nio-8495-exec-5] INFO  c.v.g.c.NotificationGeneralController -getNotificationDetails   method Start
				
2026-08-04 15:21:28 [http-nio-8495-exec-8] INFO  c.v.g.c.NotificationGeneralController -getNotificationDetails   method Start
				
2026-08-04 15:21:29 [http-nio-8495-exec-9] INFO  c.v.g.c.NotificationGeneralController -getNotificationDetails   method Start
				
2026-08-04 15:21:29 [http-nio-8495-exec-7] INFO  c.v.g.c.NotificationGeneralController -getNotificationDetails   method Start
				
2026-08-04 15:21:29 [http-nio-8495-exec-6] INFO  c.v.g.c.NotificationGeneralController -getNotificationDetails   method Start
				
2026-08-04 15:21:29 [http-nio-8495-exec-1] INFO  c.v.g.c.NotificationGeneralController -getNotificationDetails   method Start
				
2026-08-04 15:21:29 [http-nio-8495-exec-4] INFO  c.v.g.c.NotificationGeneralController -getNotificationDetails   method Start
				
2026-08-04 15:21:29 [http-nio-8495-exec-8] INFO  c.v.g.c.NotificationGeneralController -getNotificationDetails   method Start
				
2026-08-04 15:21:29 [http-nio-8495-exec-2] INFO  c.v.g.c.NotificationGeneralController -getNotificationDetails   method Start
				
2026-08-04 15:21:41 [http-nio-8495-exec-1] INFO  c.v.g.c.NotificationGeneralController -getNotificationDetails   method Start
				
2026-08-04 15:21:41 [http-nio-8495-exec-6] INFO  c.v.g.c.NotificationGeneralController -getNotificationDetails   method Start
				
2026-08-04 15:21:41 [http-nio-8495-exec-7] INFO  c.v.g.c.NotificationGeneralController -getNotificationDetails   method Start
				
2026-08-04 15:21:41 [http-nio-8495-exec-4] INFO  c.v.p.controller.ProjectController -getProjectDtl   method Start
				
2026-08-04 15:21:41 [http-nio-8495-exec-8] INFO  c.v.p.controller.ProjectController -getTimeLineByPM   method Start
				
2026-08-04 15:21:41 [http-nio-8495-exec-2] INFO  c.v.p.controller.ProjectController -getProjTimePlanDropDown   method Start
				
2026-08-04 15:21:41 [http-nio-8495-exec-3] INFO  c.v.g.c.DepartmentAndEmployeeInfoController -DepartmentAndEmployeeInfoController   method Start
				
2026-08-04 15:21:41 [http-nio-8495-exec-3] INFO  c.v.g.s.i.DepartmentAndEmployeeService -DepartmentAndEmployeeService  method start
				
2026-08-04 15:21:41 [http-nio-8495-exec-10] INFO  c.v.p.controller.ProjectController -getProjectInitiationMstResp   method Start
				
2026-08-04 15:21:41 [http-nio-8495-exec-2] INFO  c.v.p.controller.ProjectController -getLinkStatusByPMId   method Start
				
2026-08-04 15:21:41 [http-nio-8495-exec-9] INFO  c.v.s.c.SalesBudgetSheetController -getKeyCategory   method Start
				
2026-08-04 15:21:41 [http-nio-8495-exec-9] INFO  c.v.s.c.SalesBudgetSheetController -getKeyCategory method End
				
2026-08-04 15:21:41 [http-nio-8495-exec-3] INFO  c.v.g.c.NotificationGeneralController -getNotificationDetails   method Start
				
2026-08-04 15:21:41 [http-nio-8495-exec-10] INFO  c.v.g.c.NotificationGeneralController -getNotificationDetails   method Start
				
2026-08-04 15:21:41 [http-nio-8495-exec-5] INFO  c.v.g.c.NotificationGeneralController -getNotificationDetails   method Start
				
2026-08-04 15:21:42 [http-nio-8495-exec-1] INFO  c.v.g.c.NotificationGeneralController -getNotificationDetails   method Start
				
2026-08-04 15:21:42 [http-nio-8495-exec-8] INFO  c.v.g.c.NotificationGeneralController -getNotificationDetails   method Start
				
2026-08-04 15:21:42 [http-nio-8495-exec-9] INFO  c.v.g.c.NotificationGeneralController -getNotificationDetails   method Start
				
2026-08-04 15:21:42 [http-nio-8495-exec-4] INFO  c.v.g.c.NotificationGeneralController -getNotificationDetails   method Start
				
2026-08-04 15:21:42 [http-nio-8495-exec-10] INFO  c.v.g.c.NotificationGeneralController -getNotificationDetails   method Start
				
2026-08-04 15:21:42 [http-nio-8495-exec-2] INFO  c.v.g.c.NotificationGeneralController -getNotificationDetails   method Start
				
2026-08-04 15:21:42 [http-nio-8495-exec-6] INFO  c.v.g.c.NotificationGeneralController -getNotificationDetails   method Start
				
2026-08-04 15:22:37 [SpringApplicationShutdownHook] INFO  com.zaxxer.hikari.HikariDataSource -HikariPool-3 - Shutdown initiated...
				
2026-08-04 15:22:37 [SpringApplicationShutdownHook] INFO  com.zaxxer.hikari.HikariDataSource -HikariPool-3 - Shutdown completed.
				
2026-08-04 15:22:44 [background-preinit] INFO  o.h.validator.internal.util.Version -HV000001: Hibernate Validator 6.2.3.Final
				
2026-08-04 15:22:45 [restartedMain] INFO  o.s.boot.SpringApplication -

                                ooooooo &&&&&&&&                              
                              oo     oo &.     &                              
                    ooooooo  oo      oo &:     &&                             
                 oo        oooo      oo &&       *&&&&  &&&&&&                
               oo            oo      oo &&                    &&&             
              oo                     oo &&&&&                  &o             
              oo                     oo &&     &&&&&           &              
              oo           ooo       oo &&           &&&       &&             
           ooooo           o:        oo &&              &        &&           
       ooo     *oo       oo          oo &&                        &&&&&&&     
     oo           ooooooo            oo &&                              &&    
    o&                                      &&&&*       &&               &&   
   oo                                            &&       &&              &&  
   o     ooooo                  @     @@    @@     &&:     &&           &&    
  oo ooo       ooo          @@@@@@@@@@@@@@@@@@@@@    &&     &&         &&     
  ooo            oo         @@ @@@ @@@@@@@@@@@  @     &&     &&         &     
  oo               o      @@@@ @@@ @@@@@@@@@@@  @@@    &&     &         &&    
  o&               oo       @@ @@@ @@@@@@@@@@@  @       &     &         &&    
  oo               oo       @@ @@ @ @@@@        @       &&                &&& 
  oo                      @@@@ @@@@@@@@@@@@@@@  @@@:    &&                  &&
  oo                        @@ @@@@@@@@@@@ @@@  @       &&        o&        &&
   o                        @@ @@@@@ @@@  @@@@  @       &         &&        &.
   oo                     @@@@ @@@ @@@@@@@@@@@  @@@@   &          &    .&&&&  
    o         oooo          @@                  @     &.         &&    &&     
    oo    ooo      &oo          @     @@    @@      &&          &&    &&      
     oo oo            oo        @     @     @@    &&           &&    &&       
      ooo              oo                      &&&           &&      &&       
         oooooooo       oo           oo &&&&&&              &&         &      
              oo        oo           oo &&         &      &&           &&     
              o        :o            oo &&  .&&&&&     &&.           &&       
              o       oo             oo &&                    &&&&&&&&        
              oo    ooo              oo &&                  &&                
                oo                   oo &&                &&                  
                  oo        oooo     oo &&                &                   
                     ooooooo  &o     oo &&      &&&       &                   
                                oo   oo && :&&&   .&& &&&*                    
                                   &ooo &&&                                   

==============================================
SmartRun Product by SmartRun Tech. All rights reserved.
==============================================
Application Version : 2.6.7
Application Title : SmartRun MES
Contact : support@smartruntech.com
==============================================

				
2026-08-04 15:22:45 [restartedMain] INFO  com.vmfg.VMFGApplication -Starting VMFGApplication using Java 1.8.0_482 on Peachs-Mac-mini.local with PID 6692 (/Users/peach/Spring_Boot_Projects/bgr/OneDrive_1_4-15-2026/BGR-SOURCE_CODE-sandbox/SmartRun_ProjectManagement_Java/SR_Management/target/classes started by peach in /Users/peach/Spring_Boot_Projects/bgr/OneDrive_1_4-15-2026/BGR-SOURCE_CODE-sandbox/SmartRun_ProjectManagement_Java/SR_Management)
				
2026-08-04 15:22:45 [restartedMain] INFO  com.vmfg.VMFGApplication -The following 1 profile is active: "dev"
				
2026-08-04 15:22:45 [restartedMain] INFO  o.s.b.d.e.DevToolsPropertyDefaultsPostProcessor -Devtools property defaults active! Set 'spring.devtools.add-properties' to 'false' to disable
				
2026-08-04 15:22:45 [restartedMain] INFO  o.s.b.d.e.DevToolsPropertyDefaultsPostProcessor -For additional web related logging consider setting the 'logging.level.web' property to 'DEBUG'
				
2026-08-04 15:22:47 [restartedMain] INFO  o.s.d.r.c.RepositoryConfigurationDelegate -Bootstrapping Spring Data JDBC repositories in DEFAULT mode.
				
2026-08-04 15:22:47 [restartedMain] INFO  o.s.d.r.c.RepositoryConfigurationDelegate -Finished Spring Data repository scanning in 92 ms. Found 0 JDBC repository interfaces.
				
2026-08-04 15:22:48 [restartedMain] INFO  o.s.b.w.e.tomcat.TomcatWebServer -Tomcat initialized with port(s): 8495 (http)
				
2026-08-04 15:22:48 [restartedMain] INFO  o.a.coyote.http11.Http11NioProtocol -Initializing ProtocolHandler ["http-nio-8495"]
				
2026-08-04 15:22:48 [restartedMain] INFO  o.a.catalina.core.StandardService -Starting service [Tomcat]
				
2026-08-04 15:22:48 [restartedMain] INFO  o.a.catalina.core.StandardEngine -Starting Servlet engine: [Apache Tomcat/9.0.63]
				
2026-08-04 15:22:48 [restartedMain] INFO  o.a.c.c.C.[.[localhost].[/smartrun] -Initializing Spring embedded WebApplicationContext
				
2026-08-04 15:22:48 [restartedMain] INFO  o.s.b.w.s.c.ServletWebServerApplicationContext -Root WebApplicationContext: initialization completed in 3271 ms
				
2026-08-04 15:22:51 [restartedMain] INFO  s.d.s.w.PropertySourcedRequestMappingHandlerMapping -Mapped URL path [/v2/api-docs] onto method [springfox.documentation.swagger2.web.Swagger2Controller#getDocumentation(String, HttpServletRequest)]
				
2026-08-04 15:22:51 [restartedMain] INFO  o.s.s.web.DefaultSecurityFilterChain -Will secure any request with [org.springframework.security.web.session.DisableEncodeUrlFilter@1654816a, org.springframework.security.web.context.request.async.WebAsyncManagerIntegrationFilter@3a062524, org.springframework.security.web.context.SecurityContextPersistenceFilter@24c33b47, org.springframework.security.web.header.HeaderWriterFilter@5061645a, org.springframework.web.filter.CorsFilter@3004d9ac, org.springframework.security.web.authentication.logout.LogoutFilter@624a33f0, com.vmfg.security.config.JwtRequestFilter@1776b010, org.springframework.security.web.savedrequest.RequestCacheAwareFilter@207b30a9, org.springframework.security.web.servletapi.SecurityContextHolderAwareRequestFilter@76fdbcbb, org.springframework.security.web.authentication.AnonymousAuthenticationFilter@1a8287ff, org.springframework.security.web.session.SessionManagementFilter@33832eea, org.springframework.security.web.access.ExceptionTranslationFilter@4ac40316, org.springframework.security.web.access.intercept.FilterSecurityInterceptor@d19584e]
				
2026-08-04 15:22:52 [restartedMain] INFO  o.s.b.d.a.OptionalLiveReloadServer -LiveReload server is running on port 35729
				
2026-08-04 15:22:52 [restartedMain] INFO  com.zaxxer.hikari.HikariDataSource -HikariPool-1 - Starting...
				
2026-08-04 15:22:52 [restartedMain] INFO  com.zaxxer.hikari.HikariDataSource -HikariPool-1 - Start completed.
				
2026-08-04 15:22:53 [restartedMain] INFO  o.a.coyote.http11.Http11NioProtocol -Starting ProtocolHandler ["http-nio-8495"]
				
2026-08-04 15:22:53 [restartedMain] INFO  o.s.b.w.e.tomcat.TomcatWebServer -Tomcat started on port(s): 8495 (http) with context path '/smartrun'
				
2026-08-04 15:22:53 [restartedMain] INFO  s.d.s.w.p.DocumentationPluginsBootstrapper -Context refreshed
				
2026-08-04 15:22:53 [restartedMain] INFO  s.d.s.w.p.DocumentationPluginsBootstrapper -Found 1 custom documentation plugin(s)
				
2026-08-04 15:22:53 [restartedMain] INFO  s.d.s.w.s.ApiListingReferenceScanner -Scanning for api listing references
				
2026-08-04 15:22:54 [restartedMain] INFO  s.d.s.w.r.o.CachingOperationNameGenerator -Generating unique operation named: insertOrUpdateSalesBudgetSheetHdrAndDtlUsingPOST_1
				
2026-08-04 15:22:54 [restartedMain] INFO  s.d.s.w.r.o.CachingOperationNameGenerator -Generating unique operation named: getVendorDetailHdrViewUsingPOST_1
				
2026-08-04 15:22:55 [restartedMain] INFO  s.d.s.w.r.o.CachingOperationNameGenerator -Generating unique operation named: updateUserRoleMappingUsingPOST_1
				
2026-08-04 15:22:55 [restartedMain] INFO  com.vmfg.VMFGApplication -Started VMFGApplication in 11.214 seconds (JVM running for 11.958)
				
2026-08-04 15:22:55 [restartedMain] INFO  c.v.config.DevFlywayMigrationRunner -Running Flyway migrations against sandbox datasource
				
2026-08-04 15:22:55 [restartedMain] INFO  o.f.c.i.license.VersionPrinter -Flyway Community Edition 9.22.3 by Redgate
				
2026-08-04 15:22:55 [restartedMain] INFO  o.f.c.i.license.VersionPrinter -See release notes here: https://rd.gt/416ObMi
				
2026-08-04 15:22:55 [restartedMain] INFO  o.f.c.i.license.VersionPrinter -
				
2026-08-04 15:22:55 [restartedMain] INFO  org.flywaydb.core.FlywayExecutor -Database: jdbc:mysql://localhost:3306/smartrun_bgr_sandbox (MySQL 9.6)
				
2026-08-04 15:22:55 [restartedMain] WARN  o.f.c.i.database.base.Database -Flyway upgrade recommended: MySQL 9.6 is newer than this version of Flyway and support has not been tested. The latest supported version of MySQL is 8.0.
				
2026-08-04 15:22:55 [restartedMain] INFO  o.f.core.internal.command.DbValidate -Successfully validated 4 migrations (execution time 00:00.028s)
				
2026-08-04 15:22:55 [restartedMain] INFO  o.f.core.internal.command.DbMigrate -Current version of schema `smartrun_bgr_sandbox`: 3
				
2026-08-04 15:22:55 [restartedMain] INFO  o.f.core.internal.command.DbMigrate -Schema `smartrun_bgr_sandbox` is up to date. No migration necessary.
				
2026-08-04 15:22:55 [main] ERROR com.vmfg.VMFGApplication -SmartRun Application Start Exception--->org.springframework.boot.devtools.restart.SilentExitExceptionHandler$SilentExitException
				
2026-08-04 15:23:05 [http-nio-8495-exec-2] INFO  o.a.c.c.C.[.[localhost].[/smartrun] -Initializing Spring DispatcherServlet 'dispatcherServlet'
				
2026-08-04 15:23:05 [http-nio-8495-exec-2] INFO  o.s.web.servlet.DispatcherServlet -Initializing Servlet 'dispatcherServlet'
				
2026-08-04 15:23:05 [http-nio-8495-exec-2] INFO  o.s.web.servlet.DispatcherServlet -Completed initialization in 6 ms
				
2026-08-04 15:23:06 [http-nio-8495-exec-6] INFO  c.v.g.c.NotificationGeneralController -getNotificationDetails   method Start
				
2026-08-04 15:23:06 [http-nio-8495-exec-7] INFO  c.v.g.c.NotificationGeneralController -getNotificationDetails   method Start
				
2026-08-04 15:23:06 [http-nio-8495-exec-8] INFO  c.v.g.c.NotificationGeneralController -getNotificationDetails   method Start
				
2026-08-04 15:23:06 [http-nio-8495-exec-1] INFO  c.v.p.controller.ProjectController -getTimeLineByPM   method Start
				
2026-08-04 15:23:06 [http-nio-8495-exec-9] INFO  c.v.p.controller.ProjectController -getProjectDtl   method Start
				
2026-08-04 15:23:06 [http-nio-8495-exec-1] INFO  c.v.p.controller.ProjectController -getProjTimePlanDropDown   method Start
				
2026-08-04 15:23:06 [http-nio-8495-exec-10] INFO  c.v.g.c.DepartmentAndEmployeeInfoController -DepartmentAndEmployeeInfoController   method Start
				
2026-08-04 15:23:06 [http-nio-8495-exec-10] INFO  c.v.g.s.i.DepartmentAndEmployeeService -DepartmentAndEmployeeService  method start
				
2026-08-04 15:23:06 [http-nio-8495-exec-1] INFO  c.v.p.controller.ProjectController -getProjectInitiationMstResp   method Start
				
2026-08-04 15:23:06 [http-nio-8495-exec-3] INFO  c.v.p.controller.ProjectController -getLinkStatusByPMId   method Start
				
2026-08-04 15:23:06 [http-nio-8495-exec-5] INFO  c.v.s.c.SalesBudgetSheetController -getKeyCategory   method Start
				
2026-08-04 15:23:06 [http-nio-8495-exec-10] INFO  c.v.g.c.NotificationGeneralController -getNotificationDetails   method Start
				
2026-08-04 15:23:06 [http-nio-8495-exec-5] INFO  c.v.s.c.SalesBudgetSheetController -getKeyCategory method End
				
2026-08-04 15:23:06 [http-nio-8495-exec-1] INFO  c.v.g.c.NotificationGeneralController -getNotificationDetails   method Start
				
2026-08-04 15:23:06 [http-nio-8495-exec-9] INFO  c.v.g.c.NotificationGeneralController -getNotificationDetails   method Start
				
2026-08-04 15:23:07 [http-nio-8495-exec-6] INFO  c.v.g.c.NotificationGeneralController -getNotificationDetails   method Start
				
2026-08-04 15:23:07 [http-nio-8495-exec-8] INFO  c.v.g.c.NotificationGeneralController -getNotificationDetails   method Start
				
2026-08-04 15:23:07 [http-nio-8495-exec-2] INFO  c.v.g.c.NotificationGeneralController -getNotificationDetails   method Start
				
2026-08-04 15:23:07 [http-nio-8495-exec-4] INFO  c.v.g.c.NotificationGeneralController -getNotificationDetails   method Start
				
2026-08-04 15:23:07 [http-nio-8495-exec-5] INFO  c.v.g.c.NotificationGeneralController -getNotificationDetails   method Start
				
2026-08-04 15:23:07 [http-nio-8495-exec-3] INFO  c.v.g.c.NotificationGeneralController -getNotificationDetails   method Start
				
2026-08-04 15:23:07 [http-nio-8495-exec-7] INFO  c.v.g.c.NotificationGeneralController -getNotificationDetails   method Start
				
2026-08-04 15:23:26 [http-nio-8495-exec-1] INFO  c.v.g.c.NotificationGeneralController -getNotificationDetails   method Start
				
2026-08-04 15:23:26 [http-nio-8495-exec-9] INFO  c.v.p.controller.ProjectController -getProjectDtl   method Start
				
2026-08-04 15:23:26 [http-nio-8495-exec-2] INFO  c.v.g.services.impl.TileViewService -getProjectTitleView  method start
				
2026-08-04 15:23:26 [http-nio-8495-exec-6] INFO  c.v.s.c.IndentManagementController -getIndentProjectDtlsByDate Controller  method Start
				
2026-08-04 15:23:26 [http-nio-8495-exec-6] INFO  c.v.s.c.IndentManagementController -getIndentProjectDtlsByDate Controller  method end
				
2026-08-04 15:23:26 [http-nio-8495-exec-8] INFO  c.v.g.c.NotificationGeneralController -getNotificationDetails   method Start
				
2026-08-04 15:23:27 [http-nio-8495-exec-2] INFO  c.v.g.c.StageManagementController -getProjectTitleView   method end
				
2026-08-04 15:23:27 [http-nio-8495-exec-4] INFO  c.v.g.c.NotificationGeneralController -getNotificationDetails   method Start
				
2026-08-04 15:23:27 [http-nio-8495-exec-5] INFO  c.v.g.c.NotificationGeneralController -getNotificationDetails   method Start
				
2026-08-04 15:23:32 [http-nio-8495-exec-7] INFO  c.v.g.services.impl.TileViewService -getProjectTitleView  method start
				
2026-08-04 15:23:32 [http-nio-8495-exec-10] INFO  c.v.p.controller.ProjectController -getProjectDtl   method Start
				
2026-08-04 15:23:32 [http-nio-8495-exec-3] INFO  c.v.p.controller.ProjectController -getProjectDtl   method Start
				
2026-08-04 15:23:32 [http-nio-8495-exec-10] INFO  c.v.g.c.NotificationGeneralController -getNotificationDetails   method Start
				
2026-08-04 15:23:32 [http-nio-8495-exec-7] INFO  c.v.g.c.StageManagementController -getProjectTitleView   method end
				
2026-08-04 15:23:32 [http-nio-8495-exec-6] INFO  c.v.g.c.NotificationGeneralController -getNotificationDetails   method Start
				
2026-08-04 15:23:32 [http-nio-8495-exec-8] INFO  c.v.g.c.NotificationGeneralController -getNotificationDetails   method Start
				
2026-08-04 15:23:32 [http-nio-8495-exec-9] INFO  c.v.p.controller.ProjectController -getProjectDtl   method Start
				
2026-08-04 15:23:32 [http-nio-8495-exec-5] INFO  c.v.p.controller.ProjectController -getProjTimePlanDropDown   method Start
				
2026-08-04 15:23:32 [http-nio-8495-exec-4] INFO  c.v.p.controller.ProjectController -getTimeLineByPM   method Start
				
2026-08-04 15:23:32 [http-nio-8495-exec-7] INFO  c.v.g.c.DepartmentAndEmployeeInfoController -DepartmentAndEmployeeInfoController   method Start
				
2026-08-04 15:23:32 [http-nio-8495-exec-7] INFO  c.v.g.s.i.DepartmentAndEmployeeService -DepartmentAndEmployeeService  method start
				
2026-08-04 15:23:32 [http-nio-8495-exec-1] INFO  c.v.p.controller.ProjectController -getProjectInitiationMstResp   method Start
				
2026-08-04 15:23:32 [http-nio-8495-exec-5] INFO  c.v.p.controller.ProjectController -getLinkStatusByPMId   method Start
				
2026-08-04 15:23:32 [http-nio-8495-exec-4] INFO  c.v.s.c.SalesBudgetSheetController -getKeyCategory   method Start
				
2026-08-04 15:23:32 [http-nio-8495-exec-4] INFO  c.v.s.c.SalesBudgetSheetController -getKeyCategory method End
				
2026-08-04 15:23:32 [http-nio-8495-exec-7] INFO  c.v.g.c.NotificationGeneralController -getNotificationDetails   method Start
				
2026-08-04 15:23:32 [http-nio-8495-exec-1] INFO  c.v.g.c.NotificationGeneralController -getNotificationDetails   method Start
				
2026-08-04 15:23:32 [http-nio-8495-exec-9] INFO  c.v.g.c.NotificationGeneralController -getNotificationDetails   method Start
				
2026-08-04 15:23:32 [http-nio-8495-exec-5] INFO  c.v.g.c.NotificationGeneralController -getNotificationDetails   method Start
				
2026-08-04 15:23:32 [http-nio-8495-exec-8] INFO  c.v.g.c.NotificationGeneralController -getNotificationDetails   method Start
				
2026-08-04 15:23:32 [http-nio-8495-exec-6] INFO  c.v.g.c.NotificationGeneralController -getNotificationDetails   method Start
				
2026-08-04 15:23:33 [http-nio-8495-exec-2] INFO  c.v.g.c.NotificationGeneralController -getNotificationDetails   method Start
				
2026-08-04 15:23:33 [http-nio-8495-exec-4] INFO  c.v.g.c.NotificationGeneralController -getNotificationDetails   method Start
				
2026-08-04 15:23:33 [http-nio-8495-exec-3] INFO  c.v.g.c.NotificationGeneralController -getNotificationDetails   method Start
				
2026-08-04 15:23:33 [http-nio-8495-exec-5] INFO  c.v.g.c.NotificationGeneralController -getNotificationDetails   method Start
				
2026-08-04 15:23:33 [http-nio-8495-exec-6] INFO  c.v.g.c.NotificationGeneralController -getNotificationDetails   method Start
				
2026-08-04 15:23:43 [http-nio-8495-exec-7] INFO  c.v.g.c.NotificationGeneralController -getNotificationDetails   method Start
				
2026-08-04 15:23:43 [http-nio-8495-exec-9] INFO  c.v.g.services.impl.TileViewService -getProjectTitleView  method start
				
2026-08-04 15:23:43 [http-nio-8495-exec-1] INFO  c.v.p.controller.ProjectController -getProjectDtl   method Start
				
2026-08-04 15:23:43 [http-nio-8495-exec-8] INFO  c.v.s.c.IndentManagementController -getIndentProjectDtlsByDate Controller  method Start
				
2026-08-04 15:23:43 [http-nio-8495-exec-8] INFO  c.v.s.c.IndentManagementController -getIndentProjectDtlsByDate Controller  method end
				
2026-08-04 15:23:43 [http-nio-8495-exec-2] INFO  c.v.g.c.NotificationGeneralController -getNotificationDetails   method Start
				
2026-08-04 15:23:43 [http-nio-8495-exec-9] INFO  c.v.g.c.StageManagementController -getProjectTitleView   method end
				
2026-08-04 15:23:43 [http-nio-8495-exec-4] INFO  c.v.g.c.NotificationGeneralController -getNotificationDetails   method Start
				
2026-08-04 15:23:43 [http-nio-8495-exec-3] INFO  c.v.g.c.NotificationGeneralController -getNotificationDetails   method Start
				
2026-08-04 15:23:45 [http-nio-8495-exec-6] INFO  c.v.g.services.impl.TileViewService -getProjectTitleView  method start
				
2026-08-04 15:23:45 [http-nio-8495-exec-10] INFO  c.v.p.controller.ProjectController -getProjectDtl   method Start
				
2026-08-04 15:23:45 [http-nio-8495-exec-5] INFO  c.v.p.controller.ProjectController -getProjectDtl   method Start
				
2026-08-04 15:23:45 [http-nio-8495-exec-7] INFO  c.v.g.c.NotificationGeneralController -getNotificationDetails   method Start
				
2026-08-04 15:23:45 [http-nio-8495-exec-6] INFO  c.v.g.c.StageManagementController -getProjectTitleView   method end
				
2026-08-04 15:23:45 [http-nio-8495-exec-8] INFO  c.v.g.c.NotificationGeneralController -getNotificationDetails   method Start
				
2026-08-04 15:23:45 [http-nio-8495-exec-9] INFO  c.v.g.c.NotificationGeneralController -getNotificationDetails   method Start
				
2026-08-04 15:23:45 [http-nio-8495-exec-2] INFO  c.v.g.c.NotificationGeneralController -getNotificationDetails   method Start
				
2026-08-04 15:23:45 [http-nio-8495-exec-3] INFO  c.v.p.controller.ProjectController -getProjectDtl   method Start
				
2026-08-04 15:23:45 [http-nio-8495-exec-10] INFO  c.v.p.controller.ProjectController -getTimeLineByPM   method Start
				
2026-08-04 15:23:45 [http-nio-8495-exec-6] INFO  c.v.p.controller.ProjectController -getProjTimePlanDropDown   method Start
				
2026-08-04 15:23:45 [http-nio-8495-exec-5] INFO  c.v.g.c.DepartmentAndEmployeeInfoController -DepartmentAndEmployeeInfoController   method Start
				
2026-08-04 15:23:45 [http-nio-8495-exec-5] INFO  c.v.g.s.i.DepartmentAndEmployeeService -DepartmentAndEmployeeService  method start
				
2026-08-04 15:23:45 [http-nio-8495-exec-1] INFO  c.v.p.controller.ProjectController -getProjectInitiationMstResp   method Start
				
2026-08-04 15:23:45 [http-nio-8495-exec-6] INFO  c.v.p.controller.ProjectController -getLinkStatusByPMId   method Start
				
2026-08-04 15:23:45 [http-nio-8495-exec-3] INFO  c.v.s.c.SalesBudgetSheetController -getKeyCategory   method Start
				
2026-08-04 15:23:45 [http-nio-8495-exec-3] INFO  c.v.s.c.SalesBudgetSheetController -getKeyCategory method End
				
2026-08-04 15:23:45 [http-nio-8495-exec-5] INFO  c.v.g.c.NotificationGeneralController -getNotificationDetails   method Start
				
2026-08-04 15:23:45 [http-nio-8495-exec-4] INFO  c.v.g.c.NotificationGeneralController -getNotificationDetails   method Start
				
2026-08-04 15:23:45 [http-nio-8495-exec-1] INFO  c.v.g.c.NotificationGeneralController -getNotificationDetails   method Start
				
2026-08-04 15:23:45 [http-nio-8495-exec-10] INFO  c.v.g.c.NotificationGeneralController -getNotificationDetails   method Start
				
2026-08-04 15:23:46 [http-nio-8495-exec-3] INFO  c.v.g.c.NotificationGeneralController -getNotificationDetails   method Start
				
2026-08-04 15:23:46 [http-nio-8495-exec-7] INFO  c.v.g.c.NotificationGeneralController -getNotificationDetails   method Start
				
2026-08-04 15:23:46 [http-nio-8495-exec-6] INFO  c.v.g.c.NotificationGeneralController -getNotificationDetails   method Start
				
2026-08-04 15:23:46 [http-nio-8495-exec-8] INFO  c.v.g.c.NotificationGeneralController -getNotificationDetails   method Start
				
2026-08-04 15:23:46 [http-nio-8495-exec-9] INFO  c.v.g.c.NotificationGeneralController -getNotificationDetails   method Start
				
2026-08-04 15:23:46 [http-nio-8495-exec-10] INFO  c.v.g.c.NotificationGeneralController -getNotificationDetails   method Start
				
2026-08-04 15:25:06 [http-nio-8495-exec-10] INFO  c.v.g.c.NotificationGeneralController -getNotificationDetails   method Start
				
2026-08-04 15:25:06 [http-nio-8495-exec-1] INFO  c.v.g.c.NotificationGeneralController -getNotificationDetails   method Start
				
2026-08-04 15:25:06 [http-nio-8495-exec-4] INFO  c.v.g.c.NotificationGeneralController -getNotificationDetails   method Start
				
2026-08-04 15:25:06 [http-nio-8495-exec-2] INFO  c.v.p.controller.ProjectController -getProjectDtl   method Start
				
2026-08-04 15:25:06 [http-nio-8495-exec-5] INFO  c.v.p.controller.ProjectController -getTimeLineByPM   method Start
				
2026-08-04 15:25:07 [http-nio-8495-exec-5] INFO  c.v.p.controller.ProjectController -getProjTimePlanDropDown   method Start
				
2026-08-04 15:25:07 [http-nio-8495-exec-3] INFO  c.v.g.c.DepartmentAndEmployeeInfoController -DepartmentAndEmployeeInfoController   method Start
				
2026-08-04 15:25:07 [http-nio-8495-exec-3] INFO  c.v.g.s.i.DepartmentAndEmployeeService -DepartmentAndEmployeeService  method start
				
2026-08-04 15:25:07 [http-nio-8495-exec-2] INFO  c.v.p.controller.ProjectController -getProjectInitiationMstResp   method Start
				
2026-08-04 15:25:07 [http-nio-8495-exec-6] INFO  c.v.s.c.SalesBudgetSheetController -getKeyCategory   method Start
				
2026-08-04 15:25:07 [http-nio-8495-exec-9] INFO  c.v.g.c.NotificationGeneralController -getNotificationDetails   method Start
				
2026-08-04 15:25:07 [http-nio-8495-exec-5] INFO  c.v.p.controller.ProjectController -getLinkStatusByPMId   method Start
				
2026-08-04 15:25:07 [http-nio-8495-exec-6] INFO  c.v.s.c.SalesBudgetSheetController -getKeyCategory method End
				
2026-08-04 15:25:07 [http-nio-8495-exec-6] INFO  c.v.g.c.NotificationGeneralController -getNotificationDetails   method Start
				
2026-08-04 15:25:07 [http-nio-8495-exec-8] INFO  c.v.g.c.NotificationGeneralController -getNotificationDetails   method Start
				
2026-08-04 15:25:07 [http-nio-8495-exec-4] INFO  c.v.g.c.NotificationGeneralController -getNotificationDetails   method Start
				
2026-08-04 15:25:07 [http-nio-8495-exec-2] INFO  c.v.g.c.NotificationGeneralController -getNotificationDetails   method Start
				
2026-08-04 15:25:07 [http-nio-8495-exec-3] INFO  c.v.g.c.NotificationGeneralController -getNotificationDetails   method Start
				
2026-08-04 15:25:07 [http-nio-8495-exec-7] INFO  c.v.g.c.NotificationGeneralController -getNotificationDetails   method Start
				
2026-08-04 15:25:07 [http-nio-8495-exec-5] INFO  c.v.g.c.NotificationGeneralController -getNotificationDetails   method Start
				
2026-08-04 15:25:07 [http-nio-8495-exec-10] INFO  c.v.g.c.NotificationGeneralController -getNotificationDetails   method Start
				
2026-08-04 15:25:07 [http-nio-8495-exec-1] INFO  c.v.g.c.NotificationGeneralController -getNotificationDetails   method Start
				
2026-08-04 15:33:28 [SpringApplicationShutdownHook] INFO  com.zaxxer.hikari.HikariDataSource -HikariPool-1 - Shutdown initiated...
				
2026-08-04 15:33:28 [SpringApplicationShutdownHook] INFO  com.zaxxer.hikari.HikariDataSource -HikariPool-1 - Shutdown completed.
				
2026-08-04 15:33:31 [background-preinit] INFO  o.h.validator.internal.util.Version -HV000001: Hibernate Validator 6.2.3.Final
				
2026-08-04 15:33:32 [restartedMain] INFO  o.s.boot.SpringApplication -

                                ooooooo &&&&&&&&                              
                              oo     oo &.     &                              
                    ooooooo  oo      oo &:     &&                             
                 oo        oooo      oo &&       *&&&&  &&&&&&                
               oo            oo      oo &&                    &&&             
              oo                     oo &&&&&                  &o             
              oo                     oo &&     &&&&&           &              
              oo           ooo       oo &&           &&&       &&             
           ooooo           o:        oo &&              &        &&           
       ooo     *oo       oo          oo &&                        &&&&&&&     
     oo           ooooooo            oo &&                              &&    
    o&                                      &&&&*       &&               &&   
   oo                                            &&       &&              &&  
   o     ooooo                  @     @@    @@     &&:     &&           &&    
  oo ooo       ooo          @@@@@@@@@@@@@@@@@@@@@    &&     &&         &&     
  ooo            oo         @@ @@@ @@@@@@@@@@@  @     &&     &&         &     
  oo               o      @@@@ @@@ @@@@@@@@@@@  @@@    &&     &         &&    
  o&               oo       @@ @@@ @@@@@@@@@@@  @       &     &         &&    
  oo               oo       @@ @@ @ @@@@        @       &&                &&& 
  oo                      @@@@ @@@@@@@@@@@@@@@  @@@:    &&                  &&
  oo                        @@ @@@@@@@@@@@ @@@  @       &&        o&        &&
   o                        @@ @@@@@ @@@  @@@@  @       &         &&        &.
   oo                     @@@@ @@@ @@@@@@@@@@@  @@@@   &          &    .&&&&  
    o         oooo          @@                  @     &.         &&    &&     
    oo    ooo      &oo          @     @@    @@      &&          &&    &&      
     oo oo            oo        @     @     @@    &&           &&    &&       
      ooo              oo                      &&&           &&      &&       
         oooooooo       oo           oo &&&&&&              &&         &      
              oo        oo           oo &&         &      &&           &&     
              o        :o            oo &&  .&&&&&     &&.           &&       
              o       oo             oo &&                    &&&&&&&&        
              oo    ooo              oo &&                  &&                
                oo                   oo &&                &&                  
                  oo        oooo     oo &&                &                   
                     ooooooo  &o     oo &&      &&&       &                   
                                oo   oo && :&&&   .&& &&&*                    
                                   &ooo &&&                                   

==============================================
SmartRun Product by SmartRun Tech. All rights reserved.
==============================================
Application Version : 2.6.7
Application Title : SmartRun MES
Contact : support@smartruntech.com
==============================================

				
2026-08-04 15:33:32 [restartedMain] INFO  com.vmfg.VMFGApplication -Starting VMFGApplication using Java 1.8.0_482 on Peachs-Mac-mini.local with PID 6947 (/Users/peach/Spring_Boot_Projects/bgr/OneDrive_1_4-15-2026/BGR-SOURCE_CODE-sandbox/SmartRun_ProjectManagement_Java/SR_Management/target/classes started by peach in /Users/peach/Spring_Boot_Projects/bgr/OneDrive_1_4-15-2026/BGR-SOURCE_CODE-sandbox/SmartRun_ProjectManagement_Java/SR_Management)
				
2026-08-04 15:33:32 [restartedMain] INFO  com.vmfg.VMFGApplication -The following 1 profile is active: "dev"
				
2026-08-04 15:33:32 [restartedMain] INFO  o.s.b.d.e.DevToolsPropertyDefaultsPostProcessor -Devtools property defaults active! Set 'spring.devtools.add-properties' to 'false' to disable
				
2026-08-04 15:33:32 [restartedMain] INFO  o.s.b.d.e.DevToolsPropertyDefaultsPostProcessor -For additional web related logging consider setting the 'logging.level.web' property to 'DEBUG'
				
2026-08-04 15:33:34 [restartedMain] INFO  o.s.d.r.c.RepositoryConfigurationDelegate -Bootstrapping Spring Data JDBC repositories in DEFAULT mode.
				
2026-08-04 15:33:34 [restartedMain] INFO  o.s.d.r.c.RepositoryConfigurationDelegate -Finished Spring Data repository scanning in 100 ms. Found 0 JDBC repository interfaces.
				
2026-08-04 15:33:36 [restartedMain] INFO  o.s.b.w.e.tomcat.TomcatWebServer -Tomcat initialized with port(s): 8495 (http)
				
2026-08-04 15:33:36 [restartedMain] INFO  o.a.coyote.http11.Http11NioProtocol -Initializing ProtocolHandler ["http-nio-8495"]
				
2026-08-04 15:33:36 [restartedMain] INFO  o.a.catalina.core.StandardService -Starting service [Tomcat]
				
2026-08-04 15:33:36 [restartedMain] INFO  o.a.catalina.core.StandardEngine -Starting Servlet engine: [Apache Tomcat/9.0.63]
				
2026-08-04 15:33:36 [restartedMain] INFO  o.a.c.c.C.[.[localhost].[/smartrun] -Initializing Spring embedded WebApplicationContext
				
2026-08-04 15:33:36 [restartedMain] INFO  o.s.b.w.s.c.ServletWebServerApplicationContext -Root WebApplicationContext: initialization completed in 3625 ms
				
2026-08-04 15:33:39 [restartedMain] INFO  s.d.s.w.PropertySourcedRequestMappingHandlerMapping -Mapped URL path [/v2/api-docs] onto method [springfox.documentation.swagger2.web.Swagger2Controller#getDocumentation(String, HttpServletRequest)]
				
2026-08-04 15:33:39 [restartedMain] INFO  o.s.s.web.DefaultSecurityFilterChain -Will secure any request with [org.springframework.security.web.session.DisableEncodeUrlFilter@714e1149, org.springframework.security.web.context.request.async.WebAsyncManagerIntegrationFilter@2892dc4d, org.springframework.security.web.context.SecurityContextPersistenceFilter@2f52cec2, org.springframework.security.web.header.HeaderWriterFilter@4317994d, org.springframework.web.filter.CorsFilter@57bba5a3, org.springframework.security.web.authentication.logout.LogoutFilter@2f69175c, com.vmfg.security.config.JwtRequestFilter@60c18273, org.springframework.security.web.savedrequest.RequestCacheAwareFilter@33832eea, org.springframework.security.web.servletapi.SecurityContextHolderAwareRequestFilter@24c33b47, org.springframework.security.web.authentication.AnonymousAuthenticationFilter@467c5226, org.springframework.security.web.session.SessionManagementFilter@6ae5f114, org.springframework.security.web.access.ExceptionTranslationFilter@53e40c6, org.springframework.security.web.access.intercept.FilterSecurityInterceptor@76ff77c8]
				
2026-08-04 15:33:39 [restartedMain] INFO  o.s.b.d.a.OptionalLiveReloadServer -LiveReload server is running on port 35729
				
2026-08-04 15:33:40 [restartedMain] INFO  com.zaxxer.hikari.HikariDataSource -HikariPool-1 - Starting...
				
2026-08-04 15:33:40 [restartedMain] INFO  com.zaxxer.hikari.HikariDataSource -HikariPool-1 - Start completed.
				
2026-08-04 15:33:41 [restartedMain] INFO  o.a.coyote.http11.Http11NioProtocol -Starting ProtocolHandler ["http-nio-8495"]
				
2026-08-04 15:33:41 [restartedMain] INFO  o.s.b.w.e.tomcat.TomcatWebServer -Tomcat started on port(s): 8495 (http) with context path '/smartrun'
				
2026-08-04 15:33:41 [restartedMain] INFO  s.d.s.w.p.DocumentationPluginsBootstrapper -Context refreshed
				
2026-08-04 15:33:41 [restartedMain] INFO  s.d.s.w.p.DocumentationPluginsBootstrapper -Found 1 custom documentation plugin(s)
				
2026-08-04 15:33:41 [restartedMain] INFO  s.d.s.w.s.ApiListingReferenceScanner -Scanning for api listing references
				
2026-08-04 15:33:42 [restartedMain] INFO  s.d.s.w.r.o.CachingOperationNameGenerator -Generating unique operation named: insertOrUpdateSalesBudgetSheetHdrAndDtlUsingPOST_1
				
2026-08-04 15:33:42 [restartedMain] INFO  s.d.s.w.r.o.CachingOperationNameGenerator -Generating unique operation named: getVendorDetailHdrViewUsingPOST_1
				
2026-08-04 15:33:42 [restartedMain] INFO  s.d.s.w.r.o.CachingOperationNameGenerator -Generating unique operation named: updateUserRoleMappingUsingPOST_1
				
2026-08-04 15:33:42 [restartedMain] INFO  com.vmfg.VMFGApplication -Started VMFGApplication in 11.89 seconds (JVM running for 12.656)
				
2026-08-04 15:33:42 [restartedMain] INFO  c.v.config.DevFlywayMigrationRunner -Running Flyway migrations against sandbox datasource
				
2026-08-04 15:33:43 [restartedMain] INFO  o.f.c.i.license.VersionPrinter -Flyway Community Edition 9.22.3 by Redgate
				
2026-08-04 15:33:43 [restartedMain] INFO  o.f.c.i.license.VersionPrinter -See release notes here: https://rd.gt/416ObMi
				
2026-08-04 15:33:43 [restartedMain] INFO  o.f.c.i.license.VersionPrinter -
				
2026-08-04 15:33:43 [restartedMain] INFO  org.flywaydb.core.FlywayExecutor -Database: jdbc:mysql://localhost:3306/smartrun_bgr_sandbox (MySQL 9.6)
				
2026-08-04 15:33:43 [restartedMain] WARN  o.f.c.i.database.base.Database -Flyway upgrade recommended: MySQL 9.6 is newer than this version of Flyway and support has not been tested. The latest supported version of MySQL is 8.0.
				
2026-08-04 15:33:43 [restartedMain] INFO  o.f.core.internal.command.DbValidate -Successfully validated 4 migrations (execution time 00:00.025s)
				
2026-08-04 15:33:43 [restartedMain] INFO  o.f.core.internal.command.DbMigrate -Current version of schema `smartrun_bgr_sandbox`: 3
				
2026-08-04 15:33:43 [restartedMain] INFO  o.f.core.internal.command.DbMigrate -Schema `smartrun_bgr_sandbox` is up to date. No migration necessary.
				
2026-08-04 15:33:43 [main] ERROR com.vmfg.VMFGApplication -SmartRun Application Start Exception--->org.springframework.boot.devtools.restart.SilentExitExceptionHandler$SilentExitException
				
2026-08-04 15:34:07 [http-nio-8495-exec-1] INFO  o.a.c.c.C.[.[localhost].[/smartrun] -Initializing Spring DispatcherServlet 'dispatcherServlet'
				
2026-08-04 15:34:07 [http-nio-8495-exec-1] INFO  o.s.web.servlet.DispatcherServlet -Initializing Servlet 'dispatcherServlet'
				
2026-08-04 15:34:07 [http-nio-8495-exec-1] INFO  o.s.web.servlet.DispatcherServlet -Completed initialization in 5 ms
				
2026-08-04 15:34:07 [http-nio-8495-exec-2] ERROR com.vmfg.util.GetPropertyValue -getTenantPropertyVal Method Exception|||org.springframework.dao.EmptyResultDataAccessException: Incorrect result size: expected 1, actual 0
				
2026-08-04 15:34:07 [http-nio-8495-exec-2] ERROR com.vmfg.util.GetPropertyValue -getTenantPropertyVal Method Exception|||org.springframework.dao.IncorrectResultSizeDataAccessException: Incorrect result size: expected 1, actual 2
				
2026-08-04 15:34:07 [http-nio-8495-exec-2] ERROR com.vmfg.util.GetPropertyValue -getTenantPropertyValByTenantId Method Exception|||org.springframework.dao.EmptyResultDataAccessException: Incorrect result size: expected 1, actual 0
				
2026-08-04 15:34:07 [http-nio-8495-exec-2] INFO  com.vmfg.util.CommonBase64Class -CommonBase64Class getBasesBinary method Start
				
2026-08-04 15:34:07 [http-nio-8495-exec-2] ERROR com.vmfg.util.CommonBase64Class -CommonBase64Class getBasesBinary Method FileNotFoundException---->java.io.FileNotFoundException:  (No such file or directory)
				
2026-08-04 15:34:07 [http-nio-8495-exec-2] ERROR c.v.authentication.UserLoginService -getImageUrl DAO Method Exceptionjava.lang.NullPointerException
				
2026-08-04 15:34:07 [http-nio-8495-exec-3] INFO  c.v.g.c.NotificationGeneralController -getNotificationDetails   method Start
				
2026-08-04 15:34:08 [http-nio-8495-exec-4] ERROR com.vmfg.util.GetPropertyValue -getTenantPropertyVal Method Exception|||org.springframework.dao.EmptyResultDataAccessException: Incorrect result size: expected 1, actual 0
				
2026-08-04 15:34:08 [http-nio-8495-exec-4] ERROR com.vmfg.util.GetPropertyValue -getTenantPropertyValByTenantId Method Exception|||org.springframework.dao.EmptyResultDataAccessException: Incorrect result size: expected 1, actual 0
				
2026-08-04 15:34:08 [http-nio-8495-exec-4] INFO  com.vmfg.util.CommonBase64Class -CommonBase64Class getBasesBinary method Start
				
2026-08-04 15:34:08 [http-nio-8495-exec-4] ERROR com.vmfg.util.CommonBase64Class -CommonBase64Class getBasesBinary Method FileNotFoundException---->java.io.FileNotFoundException:  (No such file or directory)
				
2026-08-04 15:34:08 [http-nio-8495-exec-4] ERROR c.v.authentication.UserLoginService -getImageUrl DAO Method Exceptionjava.lang.NullPointerException
				
2026-08-04 15:34:08 [http-nio-8495-exec-5] INFO  c.v.g.c.NotificationGeneralController -getNotificationDetails   method Start
				
2026-08-04 15:34:08 [http-nio-8495-exec-5] ERROR com.vmfg.util.GetPropertyValue -getPropValueByTenant Method Exception|||org.springframework.dao.EmptyResultDataAccessException: Incorrect result size: expected 1, actual 0
				
2026-08-04 15:34:08 [http-nio-8495-exec-5] ERROR c.v.g.d.impl.NotificationGeneralDAO -NotificationGeneralDAO error java.lang.NumberFormatException: For input string: ""
				
2026-08-04 15:34:27 [http-nio-8495-exec-6] INFO  com.vmfg.authentication.UserLoginDAO - getUserDtlForAuth DAO method Start
				
2026-08-04 15:34:27 [http-nio-8495-exec-6] INFO  com.vmfg.authentication.UserLoginDAO -getUserLoginInfo DAO method end
				
2026-08-04 15:34:28 [http-nio-8495-exec-1] INFO  c.v.g.c.NotificationGeneralController -getNotificationDetails   method Start
				
2026-08-04 15:34:28 [http-nio-8495-exec-2] INFO  c.v.g.c.NotificationGeneralController -getNotificationDetails   method Start
				
2026-08-04 15:34:28 [http-nio-8495-exec-10] INFO  c.v.g.c.NotificationGeneralController -getNotificationDetails   method Start
				
2026-08-04 15:34:28 [http-nio-8495-exec-3] INFO  c.v.p.controller.ProjectController -getProjectDtl   method Start
				
2026-08-04 15:34:28 [http-nio-8495-exec-5] INFO  c.v.g.services.impl.TileViewService -getProjectTitleView  method start
				
2026-08-04 15:34:28 [http-nio-8495-exec-4] INFO  c.v.s.c.IndentManagementController -getIndentProjectDtlsByDate Controller  method Start
				
2026-08-04 15:34:28 [http-nio-8495-exec-4] INFO  c.v.s.c.IndentManagementController -getIndentProjectDtlsByDate Controller  method end
				
2026-08-04 15:34:28 [http-nio-8495-exec-6] INFO  c.v.g.c.NotificationGeneralController -getNotificationDetails   method Start
				
2026-08-04 15:34:29 [http-nio-8495-exec-5] INFO  c.v.g.c.StageManagementController -getProjectTitleView   method end
				
2026-08-04 15:34:29 [http-nio-8495-exec-8] INFO  c.v.g.c.NotificationGeneralController -getNotificationDetails   method Start
				
2026-08-04 15:34:29 [http-nio-8495-exec-7] INFO  c.v.g.c.NotificationGeneralController -getNotificationDetails   method Start
				
2026-08-04 15:34:31 [http-nio-8495-exec-9] INFO  c.v.p.controller.ProjectController -getProjectDtl   method Start
				
2026-08-04 15:34:31 [http-nio-8495-exec-4] INFO  c.v.p.controller.ProjectController -getProjectDtl   method Start
				
2026-08-04 15:34:31 [http-nio-8495-exec-10] INFO  c.v.g.services.impl.TileViewService -getProjectTitleView  method start
				
2026-08-04 15:34:31 [http-nio-8495-exec-1] INFO  c.v.g.c.NotificationGeneralController -getNotificationDetails   method Start
				
2026-08-04 15:34:31 [http-nio-8495-exec-10] INFO  c.v.g.c.StageManagementController -getProjectTitleView   method end
				
2026-08-04 15:34:31 [http-nio-8495-exec-2] INFO  c.v.g.c.NotificationGeneralController -getNotificationDetails   method Start
				
2026-08-04 15:34:31 [http-nio-8495-exec-5] INFO  c.v.g.c.NotificationGeneralController -getNotificationDetails   method Start
				
2026-08-04 15:34:31 [http-nio-8495-exec-8] INFO  c.v.p.controller.ProjectController -getProjectDtl   method Start
				
2026-08-04 15:34:31 [http-nio-8495-exec-7] INFO  c.v.p.controller.ProjectController -getTimeLineByPM   method Start
				
2026-08-04 15:34:31 [http-nio-8495-exec-4] INFO  c.v.p.controller.ProjectController -getProjTimePlanDropDown   method Start
				
2026-08-04 15:34:31 [http-nio-8495-exec-10] INFO  c.v.g.c.DepartmentAndEmployeeInfoController -DepartmentAndEmployeeInfoController   method Start
				
2026-08-04 15:34:31 [http-nio-8495-exec-10] INFO  c.v.g.s.i.DepartmentAndEmployeeService -DepartmentAndEmployeeService  method start
				
2026-08-04 15:34:31 [http-nio-8495-exec-4] INFO  c.v.p.controller.ProjectController -getProjectInitiationMstResp   method Start
				
2026-08-04 15:34:31 [http-nio-8495-exec-7] INFO  c.v.p.controller.ProjectController -getLinkStatusByPMId   method Start
				
2026-08-04 15:34:31 [http-nio-8495-exec-4] INFO  c.v.g.c.NotificationGeneralController -getNotificationDetails   method Start
				
2026-08-04 15:34:31 [http-nio-8495-exec-9] INFO  c.v.g.c.NotificationGeneralController -getNotificationDetails   method Start
				
2026-08-04 15:34:31 [http-nio-8495-exec-1] INFO  c.v.s.c.SalesBudgetSheetController -getKeyCategory   method Start
				
2026-08-04 15:34:31 [http-nio-8495-exec-1] INFO  c.v.s.c.SalesBudgetSheetController -getKeyCategory method End
				
2026-08-04 15:34:31 [http-nio-8495-exec-1] INFO  c.v.g.c.NotificationGeneralController -getNotificationDetails   method Start
				
2026-08-04 15:34:31 [http-nio-8495-exec-3] INFO  c.v.g.c.NotificationGeneralController -getNotificationDetails   method Start
				
2026-08-04 15:34:32 [http-nio-8495-exec-8] INFO  c.v.g.c.NotificationGeneralController -getNotificationDetails   method Start
				
2026-08-04 15:34:32 [http-nio-8495-exec-6] INFO  c.v.g.c.NotificationGeneralController -getNotificationDetails   method Start
				
2026-08-04 15:34:32 [http-nio-8495-exec-10] INFO  c.v.g.c.NotificationGeneralController -getNotificationDetails   method Start
				
2026-08-04 15:34:32 [http-nio-8495-exec-2] INFO  c.v.g.c.NotificationGeneralController -getNotificationDetails   method Start
				
2026-08-04 15:34:32 [http-nio-8495-exec-7] INFO  c.v.g.c.NotificationGeneralController -getNotificationDetails   method Start
				
2026-08-04 15:34:32 [http-nio-8495-exec-5] INFO  c.v.g.c.NotificationGeneralController -getNotificationDetails   method Start
				
2026-08-04 15:34:32 [http-nio-8495-exec-4] INFO  c.v.g.c.NotificationGeneralController -getNotificationDetails   method Start
				
2026-08-04 15:34:32 [http-nio-8495-exec-1] INFO  c.v.g.c.NotificationGeneralController -getNotificationDetails   method Start
				
2026-08-04 15:34:32 [http-nio-8495-exec-6] INFO  c.v.g.c.NotificationGeneralController -getNotificationDetails   method Start
				
2026-08-04 15:40:28 [http-nio-8495-exec-4] INFO  c.v.g.c.NotificationGeneralController -getNotificationDetails   method Start
				
2026-08-04 15:40:28 [http-nio-8495-exec-8] INFO  c.v.g.c.NotificationGeneralController -updateNotificationDtls   method Start
				
2026-08-04 15:40:28 [http-nio-8495-exec-8] INFO  c.v.g.s.i.NotificationGeneralService -updateNotificationDtls  method start
				
2026-08-04 15:40:29 [http-nio-8495-exec-8] INFO  c.v.g.c.NotificationGeneralController -updateNotificationDtls method End
				
2026-08-04 15:42:00 [http-nio-8495-exec-5] INFO  c.v.g.c.NotificationGeneralController -getNotificationDetails   method Start
				
2026-08-04 15:42:02 [http-nio-8495-exec-10] INFO  c.v.p.controller.ProjectController -getProjectDtl   method Start
				
2026-08-04 15:42:02 [http-nio-8495-exec-3] INFO  c.v.p.controller.ProjectController -getProjectInitiationMstResp   method Start
				
2026-08-04 15:42:02 [http-nio-8495-exec-7] INFO  c.v.p.controller.ProjectController -getTimeLineByPM   method Start
				
2026-08-04 15:42:02 [http-nio-8495-exec-9] INFO  c.v.p.controller.ProjectController -getProjTimePlanDropDown   method Start
				
2026-08-04 15:42:02 [http-nio-8495-exec-4] INFO  c.v.g.c.DepartmentAndEmployeeInfoController -DepartmentAndEmployeeInfoController   method Start
				
2026-08-04 15:42:02 [http-nio-8495-exec-4] INFO  c.v.g.s.i.DepartmentAndEmployeeService -DepartmentAndEmployeeService  method start
				
2026-08-04 15:42:02 [http-nio-8495-exec-8] INFO  c.v.s.c.SalesBudgetSheetController -getKeyCategory   method Start
				
2026-08-04 15:42:02 [http-nio-8495-exec-8] INFO  c.v.s.c.SalesBudgetSheetController -getKeyCategory method End
				
2026-08-04 15:42:02 [http-nio-8495-exec-1] INFO  c.v.p.controller.ProjectController -getLinkStatusByPMId   method Start
				
2026-08-04 15:42:02 [http-nio-8495-exec-6] INFO  c.v.g.c.NotificationGeneralController -getNotificationDetails   method Start
				
2026-08-04 15:42:02 [http-nio-8495-exec-9] INFO  c.v.g.c.NotificationGeneralController -getNotificationDetails   method Start
				
2026-08-04 15:42:02 [http-nio-8495-exec-8] INFO  c.v.g.c.NotificationGeneralController -getNotificationDetails   method Start
				
2026-08-04 15:42:02 [http-nio-8495-exec-3] INFO  c.v.g.c.NotificationGeneralController -getNotificationDetails   method Start
				
2026-08-04 15:42:02 [http-nio-8495-exec-5] INFO  c.v.g.c.NotificationGeneralController -getNotificationDetails   method Start
				
2026-08-04 15:42:03 [http-nio-8495-exec-7] INFO  c.v.g.c.NotificationGeneralController -getNotificationDetails   method Start
				
2026-08-04 15:42:03 [http-nio-8495-exec-4] INFO  c.v.g.c.NotificationGeneralController -getNotificationDetails   method Start
				
2026-08-04 15:42:03 [http-nio-8495-exec-6] INFO  c.v.g.c.NotificationGeneralController -getNotificationDetails   method Start
				
2026-08-04 15:42:03 [http-nio-8495-exec-9] INFO  c.v.g.c.NotificationGeneralController -getNotificationDetails   method Start
				
2026-08-04 15:42:03 [http-nio-8495-exec-3] INFO  c.v.g.c.NotificationGeneralController -getNotificationDetails   method Start
				
2026-08-04 15:49:04 [http-nio-8495-exec-6] INFO  c.v.g.c.NotificationGeneralController -getNotificationDetails   method Start
				
2026-08-04 15:49:04 [http-nio-8495-exec-9] INFO  c.v.p.controller.ProjectController -getProjectDtl   method Start
				
2026-08-04 15:49:04 [http-nio-8495-exec-8] INFO  c.v.s.c.IndentManagementController -getIndentProjectDtlsByDate Controller  method Start
				
2026-08-04 15:49:04 [http-nio-8495-exec-4] INFO  c.v.g.services.impl.TileViewService -getProjectTitleView  method start
				
2026-08-04 15:49:04 [http-nio-8495-exec-8] INFO  c.v.s.c.IndentManagementController -getIndentProjectDtlsByDate Controller  method end
				
2026-08-04 15:49:04 [http-nio-8495-exec-10] INFO  c.v.g.c.NotificationGeneralController -getNotificationDetails   method Start
				
2026-08-04 15:49:05 [http-nio-8495-exec-4] INFO  c.v.g.c.StageManagementController -getProjectTitleView   method end
				
2026-08-04 15:49:05 [http-nio-8495-exec-2] INFO  c.v.g.c.NotificationGeneralController -getNotificationDetails   method Start
				
2026-08-04 15:49:05 [http-nio-8495-exec-5] INFO  c.v.g.c.NotificationGeneralController -getNotificationDetails   method Start
				
2026-08-04 15:49:48 [http-nio-8495-exec-1] INFO  c.v.p.controller.ProjectController -getProjectDtl   method Start
				
2026-08-04 15:49:48 [http-nio-8495-exec-3] INFO  c.v.g.services.impl.TileViewService -getProjectTitleView  method start
				
2026-08-04 15:49:48 [http-nio-8495-exec-7] INFO  c.v.p.controller.ProjectController -getProjectDtl   method Start
				
2026-08-04 15:49:48 [http-nio-8495-exec-6] INFO  c.v.g.c.NotificationGeneralController -getNotificationDetails   method Start
				
2026-08-04 15:49:48 [http-nio-8495-exec-3] INFO  c.v.g.c.StageManagementController -getProjectTitleView   method end
				
2026-08-04 15:49:48 [http-nio-8495-exec-9] INFO  c.v.g.c.NotificationGeneralController -getNotificationDetails   method Start
				
2026-08-04 15:49:48 [http-nio-8495-exec-4] INFO  c.v.g.c.NotificationGeneralController -getNotificationDetails   method Start
				
2026-08-04 15:49:48 [http-nio-8495-exec-2] INFO  c.v.p.controller.ProjectController -getProjectDtl   method Start
				
2026-08-04 15:49:48 [http-nio-8495-exec-10] INFO  c.v.p.controller.ProjectController -getTimeLineByPM   method Start
				
2026-08-04 15:49:48 [http-nio-8495-exec-10] INFO  c.v.p.controller.ProjectController -getProjTimePlanDropDown   method Start
				
2026-08-04 15:49:49 [http-nio-8495-exec-5] INFO  c.v.g.c.DepartmentAndEmployeeInfoController -DepartmentAndEmployeeInfoController   method Start
				
2026-08-04 15:49:49 [http-nio-8495-exec-5] INFO  c.v.g.s.i.DepartmentAndEmployeeService -DepartmentAndEmployeeService  method start
				
2026-08-04 15:49:49 [http-nio-8495-exec-1] INFO  c.v.p.controller.ProjectController -getProjectInitiationMstResp   method Start
				
2026-08-04 15:49:49 [http-nio-8495-exec-2] INFO  c.v.p.controller.ProjectController -getLinkStatusByPMId   method Start
				
2026-08-04 15:49:49 [http-nio-8495-exec-8] INFO  c.v.s.c.SalesBudgetSheetController -getKeyCategory   method Start
				
2026-08-04 15:49:49 [http-nio-8495-exec-8] INFO  c.v.s.c.SalesBudgetSheetController -getKeyCategory method End
				
2026-08-04 15:49:49 [http-nio-8495-exec-10] INFO  c.v.g.c.NotificationGeneralController -getNotificationDetails   method Start
				
2026-08-04 15:49:49 [http-nio-8495-exec-5] INFO  c.v.g.c.NotificationGeneralController -getNotificationDetails   method Start
				
2026-08-04 15:49:49 [http-nio-8495-exec-3] INFO  c.v.g.c.NotificationGeneralController -getNotificationDetails   method Start
				
2026-08-04 15:49:49 [http-nio-8495-exec-1] INFO  c.v.g.c.NotificationGeneralController -getNotificationDetails   method Start
				
2026-08-04 15:49:49 [http-nio-8495-exec-8] INFO  c.v.g.c.NotificationGeneralController -getNotificationDetails   method Start
				
2026-08-04 15:49:49 [http-nio-8495-exec-7] INFO  c.v.g.c.NotificationGeneralController -getNotificationDetails   method Start
				
2026-08-04 15:49:49 [http-nio-8495-exec-2] INFO  c.v.g.c.NotificationGeneralController -getNotificationDetails   method Start
				
2026-08-04 15:49:49 [http-nio-8495-exec-5] INFO  c.v.g.c.NotificationGeneralController -getNotificationDetails   method Start
				
2026-08-04 15:49:49 [http-nio-8495-exec-3] INFO  c.v.g.c.NotificationGeneralController -getNotificationDetails   method Start
				
2026-08-04 15:49:49 [http-nio-8495-exec-6] INFO  c.v.g.c.NotificationGeneralController -getNotificationDetails   method Start
				
2026-08-04 15:49:49 [http-nio-8495-exec-8] INFO  c.v.g.c.NotificationGeneralController -getNotificationDetails   method Start
				
2026-08-04 15:50:09 [http-nio-8495-exec-1] INFO  c.v.p.controller.ProjectController -getTimeTrackerByProjectId   method Start
				
2026-08-04 15:50:09 [http-nio-8495-exec-3] INFO  c.v.p.controller.ProjectController -updateAssyMstResp   method Start
				
2026-08-04 15:50:09 [http-nio-8495-exec-2] INFO  c.v.p.controller.ProjectController -updateDesignHdr   method Start
				
2026-08-04 15:50:09 [http-nio-8495-exec-1] INFO  c.v.g.c.NotificationGeneralController -getNotificationDetails   method Start
				
2026-08-04 15:50:09 [http-nio-8495-exec-2] INFO  c.v.p.service.impl.ProjectService -otheremp []
				
2026-08-04 15:50:09 [http-nio-8495-exec-9] INFO  c.v.g.c.NotificationGeneralController -getNotificationDetails   method Start
				
2026-08-04 15:50:09 [http-nio-8495-exec-7] INFO  c.v.g.c.NotificationGeneralController -getNotificationDetails   method Start
				
2026-08-04 15:50:09 [http-nio-8495-exec-2] INFO  c.v.g.c.NotificationGeneralController -getNotificationDetails   method Start
				
2026-08-04 15:50:09 [http-nio-8495-exec-5] INFO  c.v.g.c.NotificationGeneralController -getNotificationDetails   method Start
				
2026-08-04 15:50:10 [http-nio-8495-exec-10] INFO  c.v.g.c.NotificationGeneralController -getNotificationDetails   method Start
				
2026-08-04 15:50:11 [http-nio-8495-exec-3] INFO  c.v.g.c.NotificationGeneralController -getNotificationDetails   method Start
				
2026-08-04 15:50:39 [http-nio-8495-exec-4] INFO  c.v.d.c.IndentUploadController -getIndentDtlsByIndentId Controller  method Start
				
2026-08-04 15:50:39 [http-nio-8495-exec-4] INFO  c.v.d.c.IndentUploadController -getIndentDtlsByIndentId Controller  method end
				
2026-08-04 15:50:39 [http-nio-8495-exec-6] INFO  c.v.g.c.NotificationGeneralController -getNotificationDetails   method Start
				
2026-08-04 15:50:46 [http-nio-8495-exec-1] INFO  c.v.d.c.IndentUploadController -getIndentDtlsByIndentId Controller  method Start
				
2026-08-04 15:50:46 [http-nio-8495-exec-1] INFO  c.v.d.c.IndentUploadController -getIndentDtlsByIndentId Controller  method end
				
2026-08-04 15:50:46 [http-nio-8495-exec-7] INFO  c.v.g.c.NotificationGeneralController -getNotificationDetails   method Start
				
2026-08-04 15:51:29 [http-nio-8495-exec-3] INFO  c.v.d.c.IndentUploadController -getIndentDtlsByIndentId Controller  method Start
				
2026-08-04 15:51:29 [http-nio-8495-exec-3] INFO  c.v.d.c.IndentUploadController -getIndentDtlsByIndentId Controller  method end
				
2026-08-04 15:51:29 [http-nio-8495-exec-4] INFO  c.v.g.c.NotificationGeneralController -getNotificationDetails   method Start
				
2026-08-04 15:51:38 [http-nio-8495-exec-1] INFO  c.v.g.c.NotificationGeneralController -getNotificationDetails   method Start
				
2026-08-04 15:51:38 [http-nio-8495-exec-2] INFO  c.v.g.services.impl.TileViewService -getProjectTitleView  method start
				
2026-08-04 15:51:38 [http-nio-8495-exec-7] INFO  c.v.p.controller.ProjectController -getProjectDtl   method Start
				
2026-08-04 15:51:38 [http-nio-8495-exec-8] INFO  c.v.s.c.IndentManagementController -getIndentProjectDtlsByDate Controller  method Start
				
2026-08-04 15:51:38 [http-nio-8495-exec-8] INFO  c.v.s.c.IndentManagementController -getIndentProjectDtlsByDate Controller  method end
				
2026-08-04 15:51:39 [http-nio-8495-exec-9] INFO  c.v.g.c.NotificationGeneralController -getNotificationDetails   method Start
				
2026-08-04 15:51:39 [http-nio-8495-exec-2] INFO  c.v.g.c.StageManagementController -getProjectTitleView   method end
				
2026-08-04 15:51:39 [http-nio-8495-exec-10] INFO  c.v.g.c.NotificationGeneralController -getNotificationDetails   method Start
				
2026-08-04 15:51:39 [http-nio-8495-exec-5] INFO  c.v.g.c.NotificationGeneralController -getNotificationDetails   method Start
				
2026-08-04 15:51:47 [http-nio-8495-exec-4] INFO  c.v.g.services.impl.TileViewService -getProjectTitleView  method start
				
2026-08-04 15:51:47 [http-nio-8495-exec-6] INFO  c.v.p.controller.ProjectController -getProjectDtl   method Start
				
2026-08-04 15:51:47 [http-nio-8495-exec-3] INFO  c.v.p.controller.ProjectController -getProjectDtl   method Start
				
2026-08-04 15:51:47 [http-nio-8495-exec-6] INFO  c.v.g.c.NotificationGeneralController -getNotificationDetails   method Start
				
2026-08-04 15:51:47 [http-nio-8495-exec-4] INFO  c.v.g.c.StageManagementController -getProjectTitleView   method end
				
2026-08-04 15:51:47 [http-nio-8495-exec-8] INFO  c.v.g.c.NotificationGeneralController -getNotificationDetails   method Start
				
2026-08-04 15:51:47 [http-nio-8495-exec-7] INFO  c.v.p.controller.ProjectController -getProjectDtl   method Start
				
2026-08-04 15:51:47 [http-nio-8495-exec-5] INFO  c.v.g.c.NotificationGeneralController -getNotificationDetails   method Start
				
2026-08-04 15:51:47 [http-nio-8495-exec-1] INFO  c.v.p.controller.ProjectController -getTimeLineByPM   method Start
				
2026-08-04 15:51:47 [http-nio-8495-exec-1] INFO  c.v.p.controller.ProjectController -getProjTimePlanDropDown   method Start
				
2026-08-04 15:51:47 [http-nio-8495-exec-1] INFO  c.v.g.c.DepartmentAndEmployeeInfoController -DepartmentAndEmployeeInfoController   method Start
				
2026-08-04 15:51:47 [http-nio-8495-exec-1] INFO  c.v.g.s.i.DepartmentAndEmployeeService -DepartmentAndEmployeeService  method start
				
2026-08-04 15:51:47 [http-nio-8495-exec-1] INFO  c.v.p.controller.ProjectController -getProjectInitiationMstResp   method Start
				
2026-08-04 15:51:48 [http-nio-8495-exec-1] INFO  c.v.p.controller.ProjectController -getLinkStatusByPMId   method Start
				
2026-08-04 15:51:48 [http-nio-8495-exec-10] INFO  c.v.s.c.SalesBudgetSheetController -getKeyCategory   method Start
				
2026-08-04 15:51:48 [http-nio-8495-exec-10] INFO  c.v.s.c.SalesBudgetSheetController -getKeyCategory method End
				
2026-08-04 15:51:48 [http-nio-8495-exec-4] INFO  c.v.g.c.NotificationGeneralController -getNotificationDetails   method Start
				
2026-08-04 15:51:48 [http-nio-8495-exec-2] INFO  c.v.g.c.NotificationGeneralController -getNotificationDetails   method Start
				
2026-08-04 15:51:48 [http-nio-8495-exec-9] INFO  c.v.g.c.NotificationGeneralController -getNotificationDetails   method Start
				
2026-08-04 15:51:48 [http-nio-8495-exec-7] INFO  c.v.g.c.NotificationGeneralController -getNotificationDetails   method Start
				
2026-08-04 15:51:48 [http-nio-8495-exec-10] INFO  c.v.g.c.NotificationGeneralController -getNotificationDetails   method Start
				
2026-08-04 15:51:48 [http-nio-8495-exec-3] INFO  c.v.g.c.NotificationGeneralController -getNotificationDetails   method Start
				
2026-08-04 15:51:48 [http-nio-8495-exec-6] INFO  c.v.g.c.NotificationGeneralController -getNotificationDetails   method Start
				
2026-08-04 15:51:48 [http-nio-8495-exec-1] INFO  c.v.g.c.NotificationGeneralController -getNotificationDetails   method Start
				
2026-08-04 15:51:48 [http-nio-8495-exec-8] INFO  c.v.g.c.NotificationGeneralController -getNotificationDetails   method Start
				
2026-08-04 15:51:48 [http-nio-8495-exec-5] INFO  c.v.g.c.NotificationGeneralController -getNotificationDetails   method Start
				
2026-08-04 15:51:48 [http-nio-8495-exec-4] INFO  c.v.g.c.NotificationGeneralController -getNotificationDetails   method Start
				
2026-08-04 15:51:49 [http-nio-8495-exec-3] INFO  c.v.p.controller.ProjectController -getTimeTrackerByProjectId   method Start
				
2026-08-04 15:51:49 [http-nio-8495-exec-6] INFO  c.v.p.controller.ProjectController -updateDesignHdr   method Start
				
2026-08-04 15:51:49 [http-nio-8495-exec-6] INFO  c.v.p.service.impl.ProjectService -otheremp []
				
2026-08-04 15:51:49 [http-nio-8495-exec-8] INFO  c.v.g.c.NotificationGeneralController -getNotificationDetails   method Start
				
2026-08-04 15:51:49 [http-nio-8495-exec-1] INFO  c.v.p.controller.ProjectController -updateAssyMstResp   method Start
				
2026-08-04 15:51:49 [http-nio-8495-exec-6] INFO  c.v.g.c.NotificationGeneralController -getNotificationDetails   method Start
				
2026-08-04 15:51:49 [http-nio-8495-exec-5] INFO  c.v.g.c.NotificationGeneralController -getNotificationDetails   method Start
				
2026-08-04 15:51:49 [http-nio-8495-exec-4] INFO  c.v.g.c.NotificationGeneralController -getNotificationDetails   method Start
				
2026-08-04 15:51:49 [http-nio-8495-exec-2] INFO  c.v.g.c.NotificationGeneralController -getNotificationDetails   method Start
				
2026-08-04 15:51:50 [http-nio-8495-exec-10] INFO  c.v.g.c.NotificationGeneralController -getNotificationDetails   method Start
				
2026-08-04 15:51:51 [http-nio-8495-exec-7] INFO  c.v.g.c.NotificationGeneralController -getNotificationDetails   method Start
				
2026-08-04 15:52:08 [http-nio-8495-exec-3] INFO  c.v.g.c.NotificationGeneralController -getNotificationDetails   method Start
				
2026-08-04 15:52:08 [http-nio-8495-exec-5] INFO  c.v.s.c.IndentManagementController -getIndentProjectDtlsByDate Controller  method Start
				
2026-08-04 15:52:08 [http-nio-8495-exec-4] INFO  c.v.g.services.impl.TileViewService -getProjectTitleView  method start
				
2026-08-04 15:52:08 [http-nio-8495-exec-8] INFO  c.v.p.controller.ProjectController -getProjectDtl   method Start
				
2026-08-04 15:52:08 [http-nio-8495-exec-5] INFO  c.v.s.c.IndentManagementController -getIndentProjectDtlsByDate Controller  method end
				
2026-08-04 15:52:08 [http-nio-8495-exec-6] INFO  c.v.g.c.NotificationGeneralController -getNotificationDetails   method Start
				
2026-08-04 15:52:08 [http-nio-8495-exec-4] INFO  c.v.g.c.StageManagementController -getProjectTitleView   method end
				
2026-08-04 15:52:08 [http-nio-8495-exec-2] INFO  c.v.g.c.NotificationGeneralController -getNotificationDetails   method Start
				
2026-08-04 15:52:08 [http-nio-8495-exec-10] INFO  c.v.g.c.NotificationGeneralController -getNotificationDetails   method Start
				
2026-08-04 15:52:10 [http-nio-8495-exec-1] INFO  c.v.g.services.impl.TileViewService -getProjectTitleView  method start
				
2026-08-04 15:52:10 [http-nio-8495-exec-7] INFO  c.v.p.controller.ProjectController -getProjectDtl   method Start
				
2026-08-04 15:52:10 [http-nio-8495-exec-9] INFO  c.v.p.controller.ProjectController -getProjectDtl   method Start
				
2026-08-04 15:52:10 [http-nio-8495-exec-3] INFO  c.v.g.c.NotificationGeneralController -getNotificationDetails   method Start
				
2026-08-04 15:52:10 [http-nio-8495-exec-1] INFO  c.v.g.c.StageManagementController -getProjectTitleView   method end
				
2026-08-04 15:52:10 [http-nio-8495-exec-5] INFO  c.v.g.c.NotificationGeneralController -getNotificationDetails   method Start
				
2026-08-04 15:52:10 [http-nio-8495-exec-9] INFO  c.v.g.c.NotificationGeneralController -getNotificationDetails   method Start
				
2026-08-04 15:52:10 [http-nio-8495-exec-8] INFO  c.v.g.c.NotificationGeneralController -getNotificationDetails   method Start
				
2026-08-04 15:52:10 [http-nio-8495-exec-2] INFO  c.v.p.controller.ProjectController -getProjectDtl   method Start
				
2026-08-04 15:52:10 [http-nio-8495-exec-6] INFO  c.v.p.controller.ProjectController -getTimeLineByPM   method Start
				
2026-08-04 15:52:10 [http-nio-8495-exec-6] INFO  c.v.p.controller.ProjectController -getProjTimePlanDropDown   method Start
				
2026-08-04 15:52:10 [http-nio-8495-exec-10] INFO  c.v.g.c.DepartmentAndEmployeeInfoController -DepartmentAndEmployeeInfoController   method Start
				
2026-08-04 15:52:10 [http-nio-8495-exec-10] INFO  c.v.g.s.i.DepartmentAndEmployeeService -DepartmentAndEmployeeService  method start
				
2026-08-04 15:52:10 [http-nio-8495-exec-7] INFO  c.v.p.controller.ProjectController -getProjectInitiationMstResp   method Start
				
2026-08-04 15:52:10 [http-nio-8495-exec-6] INFO  c.v.p.controller.ProjectController -getLinkStatusByPMId   method Start
				
2026-08-04 15:52:10 [http-nio-8495-exec-2] INFO  c.v.s.c.SalesBudgetSheetController -getKeyCategory   method Start
				
2026-08-04 15:52:10 [http-nio-8495-exec-2] INFO  c.v.s.c.SalesBudgetSheetController -getKeyCategory method End
				
2026-08-04 15:52:10 [http-nio-8495-exec-10] INFO  c.v.g.c.NotificationGeneralController -getNotificationDetails   method Start
				
2026-08-04 15:52:10 [http-nio-8495-exec-7] INFO  c.v.g.c.NotificationGeneralController -getNotificationDetails   method Start
				
2026-08-04 15:52:10 [http-nio-8495-exec-4] INFO  c.v.g.c.NotificationGeneralController -getNotificationDetails   method Start
				
2026-08-04 15:52:10 [http-nio-8495-exec-1] INFO  c.v.g.c.NotificationGeneralController -getNotificationDetails   method Start
				
2026-08-04 15:52:10 [http-nio-8495-exec-2] INFO  c.v.g.c.NotificationGeneralController -getNotificationDetails   method Start
				
2026-08-04 15:52:10 [http-nio-8495-exec-3] INFO  c.v.g.c.NotificationGeneralController -getNotificationDetails   method Start
				
2026-08-04 15:52:11 [http-nio-8495-exec-5] INFO  c.v.g.c.NotificationGeneralController -getNotificationDetails   method Start
				
2026-08-04 15:52:11 [http-nio-8495-exec-6] INFO  c.v.g.c.NotificationGeneralController -getNotificationDetails   method Start
				
2026-08-04 15:52:11 [http-nio-8495-exec-4] INFO  c.v.g.c.NotificationGeneralController -getNotificationDetails   method Start
				
2026-08-04 15:52:11 [http-nio-8495-exec-1] INFO  c.v.g.c.NotificationGeneralController -getNotificationDetails   method Start
				
2026-08-04 15:52:12 [http-nio-8495-exec-2] INFO  c.v.p.controller.ProjectController -getTimeTrackerByProjectId   method Start
				
2026-08-04 15:52:12 [http-nio-8495-exec-7] INFO  c.v.p.controller.ProjectController -updateAssyMstResp   method Start
				
2026-08-04 15:52:12 [http-nio-8495-exec-5] INFO  c.v.p.controller.ProjectController -updateDesignHdr   method Start
				
2026-08-04 15:52:12 [http-nio-8495-exec-6] INFO  c.v.g.c.NotificationGeneralController -getNotificationDetails   method Start
				
2026-08-04 15:52:12 [http-nio-8495-exec-4] INFO  c.v.g.c.NotificationGeneralController -getNotificationDetails   method Start
				
2026-08-04 15:52:12 [http-nio-8495-exec-5] INFO  c.v.p.service.impl.ProjectService -otheremp []
				
2026-08-04 15:52:12 [http-nio-8495-exec-1] INFO  c.v.g.c.NotificationGeneralController -getNotificationDetails   method Start
				
2026-08-04 15:52:12 [http-nio-8495-exec-9] INFO  c.v.g.c.NotificationGeneralController -getNotificationDetails   method Start
				
2026-08-04 15:52:12 [http-nio-8495-exec-10] INFO  c.v.g.c.NotificationGeneralController -getNotificationDetails   method Start
				
2026-08-04 15:52:12 [http-nio-8495-exec-3] INFO  c.v.g.c.NotificationGeneralController -getNotificationDetails   method Start
				
2026-08-04 15:52:13 [http-nio-8495-exec-2] INFO  c.v.g.c.NotificationGeneralController -getNotificationDetails   method Start
				
2026-08-04 15:52:38 [http-nio-8495-exec-7] INFO  c.v.d.c.IndentUploadController -getIndentDtlsByIndentId Controller  method Start
				
2026-08-04 15:52:38 [http-nio-8495-exec-7] INFO  c.v.d.c.IndentUploadController -getIndentDtlsByIndentId Controller  method end
				
2026-08-04 15:52:38 [http-nio-8495-exec-5] INFO  c.v.g.c.NotificationGeneralController -getNotificationDetails   method Start
				
2026-08-04 15:53:09 [http-nio-8495-exec-1] INFO  c.v.g.c.NotificationGeneralController -getNotificationDetails   method Start
				
2026-08-04 15:53:09 [http-nio-8495-exec-9] INFO  c.v.p.controller.ProjectController -getProjectDtl   method Start
				
2026-08-04 15:53:09 [http-nio-8495-exec-4] INFO  c.v.g.services.impl.TileViewService -getProjectTitleView  method start
				
2026-08-04 15:53:09 [http-nio-8495-exec-10] INFO  c.v.s.c.IndentManagementController -getIndentProjectDtlsByDate Controller  method Start
				
2026-08-04 15:53:09 [http-nio-8495-exec-10] INFO  c.v.s.c.IndentManagementController -getIndentProjectDtlsByDate Controller  method end
				
2026-08-04 15:53:09 [http-nio-8495-exec-3] INFO  c.v.g.c.NotificationGeneralController -getNotificationDetails   method Start
				
2026-08-04 15:53:09 [http-nio-8495-exec-4] INFO  c.v.g.c.StageManagementController -getProjectTitleView   method end
				
2026-08-04 15:53:09 [http-nio-8495-exec-8] INFO  c.v.g.c.NotificationGeneralController -getNotificationDetails   method Start
				
2026-08-04 15:53:09 [http-nio-8495-exec-9] INFO  c.v.g.c.NotificationGeneralController -getNotificationDetails   method Start
				
2026-08-04 15:53:14 [http-nio-8495-exec-6] INFO  c.v.p.controller.ProjectController -getProjectDtl   method Start
				
2026-08-04 15:53:14 [http-nio-8495-exec-10] INFO  c.v.g.services.impl.TileViewService -getProjectTitleView  method start
				
2026-08-04 15:53:14 [http-nio-8495-exec-1] INFO  c.v.p.controller.ProjectController -getProjectDtl   method Start
				
2026-08-04 15:53:14 [http-nio-8495-exec-1] INFO  c.v.g.c.NotificationGeneralController -getNotificationDetails   method Start
				
2026-08-04 15:53:14 [http-nio-8495-exec-10] INFO  c.v.g.c.StageManagementController -getProjectTitleView   method end
				
2026-08-04 15:53:14 [http-nio-8495-exec-4] INFO  c.v.g.c.NotificationGeneralController -getNotificationDetails   method Start
				
2026-08-04 15:53:14 [http-nio-8495-exec-3] INFO  c.v.g.c.NotificationGeneralController -getNotificationDetails   method Start
				
2026-08-04 15:53:14 [http-nio-8495-exec-9] INFO  c.v.g.c.NotificationGeneralController -getNotificationDetails   method Start
				
2026-08-04 15:53:14 [http-nio-8495-exec-2] INFO  c.v.p.controller.ProjectController -getProjectDtl   method Start
				
2026-08-04 15:53:15 [http-nio-8495-exec-5] INFO  c.v.p.controller.ProjectController -getTimeLineByPM   method Start
				
2026-08-04 15:53:15 [http-nio-8495-exec-7] INFO  c.v.p.controller.ProjectController -getProjTimePlanDropDown   method Start
				
2026-08-04 15:53:15 [http-nio-8495-exec-6] INFO  c.v.p.controller.ProjectController -getProjectInitiationMstResp   method Start
				
2026-08-04 15:53:15 [http-nio-8495-exec-10] INFO  c.v.g.c.DepartmentAndEmployeeInfoController -DepartmentAndEmployeeInfoController   method Start
				
2026-08-04 15:53:15 [http-nio-8495-exec-10] INFO  c.v.g.s.i.DepartmentAndEmployeeService -DepartmentAndEmployeeService  method start
				
2026-08-04 15:53:15 [http-nio-8495-exec-5] INFO  c.v.s.c.SalesBudgetSheetController -getKeyCategory   method Start
				
2026-08-04 15:53:15 [http-nio-8495-exec-7] INFO  c.v.p.controller.ProjectController -getLinkStatusByPMId   method Start
				
2026-08-04 15:53:15 [http-nio-8495-exec-5] INFO  c.v.s.c.SalesBudgetSheetController -getKeyCategory method End
				
2026-08-04 15:53:15 [http-nio-8495-exec-5] INFO  c.v.g.c.NotificationGeneralController -getNotificationDetails   method Start
				
2026-08-04 15:53:15 [http-nio-8495-exec-1] INFO  c.v.g.c.NotificationGeneralController -getNotificationDetails   method Start
				
2026-08-04 15:53:15 [http-nio-8495-exec-8] INFO  c.v.g.c.NotificationGeneralController -getNotificationDetails   method Start
				
2026-08-04 15:53:15 [http-nio-8495-exec-7] INFO  c.v.g.c.NotificationGeneralController -getNotificationDetails   method Start
				
2026-08-04 15:53:15 [http-nio-8495-exec-10] INFO  c.v.g.c.NotificationGeneralController -getNotificationDetails   method Start
				
2026-08-04 15:53:15 [http-nio-8495-exec-6] INFO  c.v.g.c.NotificationGeneralController -getNotificationDetails   method Start
				
2026-08-04 15:53:15 [http-nio-8495-exec-4] INFO  c.v.g.c.NotificationGeneralController -getNotificationDetails   method Start
				
2026-08-04 15:53:15 [http-nio-8495-exec-2] INFO  c.v.g.c.NotificationGeneralController -getNotificationDetails   method Start
				
2026-08-04 15:53:15 [http-nio-8495-exec-3] INFO  c.v.g.c.NotificationGeneralController -getNotificationDetails   method Start
				
2026-08-04 15:53:15 [http-nio-8495-exec-9] INFO  c.v.g.c.NotificationGeneralController -getNotificationDetails   method Start
				
2026-08-04 15:53:18 [http-nio-8495-exec-4] INFO  c.v.p.controller.ProjectController -updateDesignHdr   method Start
				
2026-08-04 15:53:18 [http-nio-8495-exec-6] INFO  c.v.p.controller.ProjectController -updateAssyMstResp   method Start
				
2026-08-04 15:53:18 [http-nio-8495-exec-10] INFO  c.v.p.controller.ProjectController -getTimeTrackerByProjectId   method Start
				
2026-08-04 15:53:18 [http-nio-8495-exec-4] INFO  c.v.p.service.impl.ProjectService -otheremp []
				
2026-08-04 15:53:18 [http-nio-8495-exec-3] INFO  c.v.g.c.NotificationGeneralController -getNotificationDetails   method Start
				
2026-08-04 15:53:18 [http-nio-8495-exec-2] INFO  c.v.g.c.NotificationGeneralController -getNotificationDetails   method Start
				
2026-08-04 15:53:18 [http-nio-8495-exec-9] INFO  c.v.g.c.NotificationGeneralController -getNotificationDetails   method Start
				
2026-08-04 15:53:18 [http-nio-8495-exec-5] INFO  c.v.g.c.NotificationGeneralController -getNotificationDetails   method Start
				
2026-08-04 15:53:18 [http-nio-8495-exec-8] INFO  c.v.g.c.NotificationGeneralController -getNotificationDetails   method Start
				
2026-08-04 15:53:19 [http-nio-8495-exec-7] INFO  c.v.g.c.NotificationGeneralController -getNotificationDetails   method Start
				
2026-08-04 15:53:20 [http-nio-8495-exec-6] INFO  c.v.g.c.NotificationGeneralController -getNotificationDetails   method Start
				
2026-08-04 15:53:36 [http-nio-8495-exec-10] INFO  c.v.g.c.NotificationGeneralController -getNotificationDetails   method Start
				
2026-08-04 15:55:51 [http-nio-8495-exec-1] INFO  c.v.m.controller.VendorController -getApprVendorDtls method Start
				
2026-08-04 15:55:51 [http-nio-8495-exec-6] ERROR com.vmfg.scm.dao.impl.GrnDAO -getPoCodeByPoId method Errororg.springframework.dao.EmptyResultDataAccessException: Incorrect result size: expected 1, actual 0
				
2026-08-04 15:55:51 [http-nio-8495-exec-4] INFO  c.v.g.c.NotificationGeneralController -getNotificationDetails   method Start
				
2026-08-04 15:55:51 [http-nio-8495-exec-10] INFO  c.v.g.c.NotificationGeneralController -getNotificationDetails   method Start
				
2026-08-04 15:55:51 [http-nio-8495-exec-6] INFO  c.v.g.c.NotificationGeneralController -getNotificationDetails   method Start
				
2026-08-04 15:55:53 [http-nio-8495-exec-8] INFO  c.v.m.controller.VendorController -getApprVendorDtls method Start
				
2026-08-04 15:55:53 [http-nio-8495-exec-5] INFO  c.v.g.c.NotificationGeneralController -getNotificationDetails   method Start
				
2026-08-04 15:55:58 [http-nio-8495-exec-4] INFO  c.v.s.c.SalesBudgetSheetController -getKeyCategory   method Start
				
2026-08-04 15:55:58 [http-nio-8495-exec-4] INFO  c.v.s.c.SalesBudgetSheetController -getKeyCategory method End
				
2026-08-04 15:55:58 [http-nio-8495-exec-2] INFO  c.v.m.c.QualityMisController -getQualityProjCnt  method Start
				
2026-08-04 15:55:58 [http-nio-8495-exec-4] INFO  c.v.s.c.IndentManagementController -getIndentProjectDtlsByDate Controller  method Start
				
2026-08-04 15:55:58 [http-nio-8495-exec-4] INFO  c.v.s.c.IndentManagementController -getIndentProjectDtlsByDate Controller  method end
				
2026-08-04 15:55:58 [http-nio-8495-exec-6] INFO  c.v.g.c.NotificationGeneralController -getNotificationDetails   method Start
				
2026-08-04 15:55:58 [http-nio-8495-exec-8] INFO  c.v.g.c.NotificationGeneralController -getNotificationDetails   method Start
				
2026-08-04 15:55:58 [http-nio-8495-exec-1] INFO  c.v.g.c.NotificationGeneralController -getNotificationDetails   method Start
				
2026-08-04 15:55:58 [http-nio-8495-exec-10] INFO  c.v.g.c.NotificationGeneralController -getNotificationDetails   method Start
				
2026-08-04 15:55:58 [http-nio-8495-exec-5] INFO  c.v.g.c.NotificationGeneralController -getNotificationDetails   method Start
				
2026-08-04 15:55:58 [http-nio-8495-exec-4] INFO  c.v.g.c.NotificationGeneralController -getNotificationDetails   method Start
				
2026-08-04 15:55:59 [http-nio-8495-exec-2] INFO  c.v.g.c.NotificationGeneralController -getNotificationDetails   method Start
				
2026-08-04 15:55:59 [http-nio-8495-exec-9] INFO  c.v.g.c.NotificationGeneralController -getNotificationDetails   method Start
				
2026-08-04 15:56:39 [http-nio-8495-exec-3] INFO  c.v.g.c.NotificationGeneralController -getNotificationDetails   method Start
				
2026-08-04 15:56:39 [http-nio-8495-exec-7] INFO  c.v.g.c.NotificationGeneralController -updateNotificationDtls   method Start
				
2026-08-04 15:56:39 [http-nio-8495-exec-7] INFO  c.v.g.s.i.NotificationGeneralService -updateNotificationDtls  method start
				
2026-08-04 15:56:40 [http-nio-8495-exec-7] INFO  c.v.g.c.NotificationGeneralController -updateNotificationDtls method End
				
2026-08-04 15:56:48 [http-nio-8495-exec-8] INFO  c.v.g.c.NotificationGeneralController -getNotificationDetails   method Start
				
2026-08-04 15:56:48 [http-nio-8495-exec-6] INFO  c.v.g.c.NotificationGeneralController -getNotificationDetails   method Start
				
2026-08-04 15:56:48 [http-nio-8495-exec-5] INFO  c.v.g.c.NotificationGeneralController -getApprovalDesigDtls   method Start
				
2026-08-04 15:56:48 [http-nio-8495-exec-5] ERROR com.vmfg.task.dao.impl.DesignTaskDAO -getNextSeqandStatusByDoc Errororg.springframework.dao.IncorrectResultSizeDataAccessException: Incorrect result size: expected 1, actual 2
				
2026-08-04 15:56:48 [http-nio-8495-exec-5] ERROR com.vmfg.task.dao.impl.DesignTaskDAO -getNextSeqandStatusByDoc Errororg.springframework.dao.IncorrectResultSizeDataAccessException: Incorrect result size: expected 1, actual 2
				
2026-08-04 15:56:48 [http-nio-8495-exec-5] ERROR com.vmfg.task.dao.impl.DesignTaskDAO -getNextSeqandStatusByDoc Errororg.springframework.dao.IncorrectResultSizeDataAccessException: Incorrect result size: expected 1, actual 2
				
2026-08-04 15:56:48 [http-nio-8495-exec-5] ERROR com.vmfg.task.dao.impl.DesignTaskDAO -getNextSeqandStatusByDoc Errororg.springframework.dao.IncorrectResultSizeDataAccessException: Incorrect result size: expected 1, actual 2
				
2026-08-04 15:56:48 [http-nio-8495-exec-5] ERROR com.vmfg.task.dao.impl.DesignTaskDAO -getNextSeqandStatusByDoc Errororg.springframework.dao.IncorrectResultSizeDataAccessException: Incorrect result size: expected 1, actual 2
				
2026-08-04 15:56:48 [http-nio-8495-exec-5] ERROR com.vmfg.task.dao.impl.DesignTaskDAO -getNextSeqandStatusByDoc Errororg.springframework.dao.IncorrectResultSizeDataAccessException: Incorrect result size: expected 1, actual 2
				
2026-08-04 15:56:48 [http-nio-8495-exec-5] ERROR com.vmfg.task.dao.impl.DesignTaskDAO -getNextSeqandStatusByDoc Errororg.springframework.dao.IncorrectResultSizeDataAccessException: Incorrect result size: expected 1, actual 2
				
2026-08-04 15:56:49 [http-nio-8495-exec-5] ERROR com.vmfg.task.dao.impl.DesignTaskDAO -getNextSeqandStatusByDoc Errororg.springframework.dao.IncorrectResultSizeDataAccessException: Incorrect result size: expected 1, actual 2
				
2026-08-04 15:56:49 [http-nio-8495-exec-5] ERROR com.vmfg.task.dao.impl.DesignTaskDAO -getNextSeqandStatusByDoc Errororg.springframework.dao.IncorrectResultSizeDataAccessException: Incorrect result size: expected 1, actual 2
				
2026-08-04 15:56:49 [http-nio-8495-exec-5] ERROR com.vmfg.task.dao.impl.DesignTaskDAO -getNextSeqandStatusByDoc Errororg.springframework.dao.IncorrectResultSizeDataAccessException: Incorrect result size: expected 1, actual 2
				
2026-08-04 15:56:49 [http-nio-8495-exec-5] ERROR com.vmfg.task.dao.impl.DesignTaskDAO -getNextSeqandStatusByDoc Errororg.springframework.dao.IncorrectResultSizeDataAccessException: Incorrect result size: expected 1, actual 2
				
2026-08-04 15:56:49 [http-nio-8495-exec-5] ERROR com.vmfg.task.dao.impl.DesignTaskDAO -getNextSeqandStatusByDoc Errororg.springframework.dao.IncorrectResultSizeDataAccessException: Incorrect result size: expected 1, actual 2
				
2026-08-04 15:56:49 [http-nio-8495-exec-5] ERROR com.vmfg.task.dao.impl.DesignTaskDAO -getNextSeqandStatusByDoc Errororg.springframework.dao.IncorrectResultSizeDataAccessException: Incorrect result size: expected 1, actual 2
				
2026-08-04 15:56:50 [http-nio-8495-exec-5] INFO  c.v.g.c.NotificationGeneralController -getNotificationDetails   method Start
				
2026-08-04 15:58:57 [http-nio-8495-exec-6] INFO  c.v.g.c.NotificationGeneralController -getNotificationDetails   method Start
				
2026-08-04 15:58:57 [http-nio-8495-exec-5] INFO  c.v.g.c.NotificationGeneralController -getNotificationDetails   method Start
				
2026-08-04 15:58:57 [http-nio-8495-exec-3] INFO  c.v.s.c.IndentManagementController -getIndentProjectDtlsByDate Controller  method Start
				
2026-08-04 15:58:57 [http-nio-8495-exec-9] INFO  c.v.g.services.impl.TileViewService -getProjectTitleView  method start
				
2026-08-04 15:58:57 [http-nio-8495-exec-2] INFO  c.v.p.controller.ProjectController -getProjectDtl   method Start
				
2026-08-04 15:58:57 [http-nio-8495-exec-3] INFO  c.v.s.c.IndentManagementController -getIndentProjectDtlsByDate Controller  method end
				
2026-08-04 15:58:57 [http-nio-8495-exec-7] INFO  c.v.g.c.NotificationGeneralController -getNotificationDetails   method Start
				
2026-08-04 15:58:57 [http-nio-8495-exec-9] INFO  c.v.g.c.StageManagementController -getProjectTitleView   method end
				
2026-08-04 15:58:57 [http-nio-8495-exec-8] INFO  c.v.g.c.NotificationGeneralController -getNotificationDetails   method Start
				
2026-08-04 15:58:57 [http-nio-8495-exec-6] INFO  c.v.g.c.NotificationGeneralController -getNotificationDetails   method Start
				
2026-08-04 15:58:58 [http-nio-8495-exec-10] INFO  c.v.p.controller.ProjectController -getProjectDtl   method Start
				
2026-08-04 15:58:58 [http-nio-8495-exec-1] INFO  c.v.g.services.impl.TileViewService -getProjectTitleView  method start
				
2026-08-04 15:58:58 [http-nio-8495-exec-5] INFO  c.v.p.controller.ProjectController -getProjectDtl   method Start
				
2026-08-04 15:58:58 [http-nio-8495-exec-4] INFO  c.v.g.c.NotificationGeneralController -getNotificationDetails   method Start
				
2026-08-04 15:58:58 [http-nio-8495-exec-1] INFO  c.v.g.c.StageManagementController -getProjectTitleView   method end
				
2026-08-04 15:58:58 [http-nio-8495-exec-3] INFO  c.v.g.c.NotificationGeneralController -getNotificationDetails   method Start
				
2026-08-04 15:58:58 [http-nio-8495-exec-9] INFO  c.v.g.c.NotificationGeneralController -getNotificationDetails   method Start
				
2026-08-04 15:58:58 [http-nio-8495-exec-7] INFO  c.v.g.c.NotificationGeneralController -getNotificationDetails   method Start
				
2026-08-04 15:58:58 [http-nio-8495-exec-6] INFO  c.v.p.controller.ProjectController -getTimeLineByPM   method Start
				
2026-08-04 15:58:58 [http-nio-8495-exec-1] INFO  c.v.p.controller.ProjectController -getProjTimePlanDropDown   method Start
				
2026-08-04 15:58:58 [http-nio-8495-exec-2] INFO  c.v.p.controller.ProjectController -getProjectInitiationMstResp   method Start
				
2026-08-04 15:58:58 [http-nio-8495-exec-5] INFO  c.v.g.c.DepartmentAndEmployeeInfoController -DepartmentAndEmployeeInfoController   method Start
				
2026-08-04 15:58:58 [http-nio-8495-exec-5] INFO  c.v.g.s.i.DepartmentAndEmployeeService -DepartmentAndEmployeeService  method start
				
2026-08-04 15:58:59 [http-nio-8495-exec-10] INFO  c.v.p.controller.ProjectController -getLinkStatusByPMId   method Start
				
2026-08-04 15:58:59 [http-nio-8495-exec-4] INFO  c.v.s.c.SalesBudgetSheetController -getKeyCategory   method Start
				
2026-08-04 15:58:59 [http-nio-8495-exec-8] INFO  c.v.p.controller.ProjectController -getProjectDtl   method Start
				
2026-08-04 15:58:59 [http-nio-8495-exec-4] INFO  c.v.s.c.SalesBudgetSheetController -getKeyCategory method End
				
2026-08-04 15:58:59 [http-nio-8495-exec-2] INFO  c.v.g.c.NotificationGeneralController -getNotificationDetails   method Start
				
2026-08-04 15:58:59 [http-nio-8495-exec-5] INFO  c.v.g.c.NotificationGeneralController -getNotificationDetails   method Start
				
2026-08-04 15:58:59 [http-nio-8495-exec-6] INFO  c.v.g.c.NotificationGeneralController -getNotificationDetails   method Start
				
2026-08-04 15:58:59 [http-nio-8495-exec-1] INFO  c.v.g.c.NotificationGeneralController -getNotificationDetails   method Start
				
2026-08-04 15:58:59 [http-nio-8495-exec-4] INFO  c.v.g.c.NotificationGeneralController -getNotificationDetails   method Start
				
2026-08-04 15:58:59 [http-nio-8495-exec-8] INFO  c.v.g.c.NotificationGeneralController -getNotificationDetails   method Start
				
2026-08-04 15:58:59 [http-nio-8495-exec-3] INFO  c.v.g.c.NotificationGeneralController -getNotificationDetails   method Start
				
2026-08-04 15:58:59 [http-nio-8495-exec-10] INFO  c.v.g.c.NotificationGeneralController -getNotificationDetails   method Start
				
2026-08-04 15:58:59 [http-nio-8495-exec-9] INFO  c.v.g.c.NotificationGeneralController -getNotificationDetails   method Start
				
2026-08-04 15:58:59 [http-nio-8495-exec-7] INFO  c.v.g.c.NotificationGeneralController -getNotificationDetails   method Start
				
2026-08-04 15:58:59 [http-nio-8495-exec-2] INFO  c.v.g.c.NotificationGeneralController -updateNotificationDtls   method Start
				
2026-08-04 15:58:59 [http-nio-8495-exec-5] INFO  c.v.g.c.NotificationGeneralController -getNotificationDetails   method Start
				
2026-08-04 15:58:59 [http-nio-8495-exec-2] INFO  c.v.g.s.i.NotificationGeneralService -updateNotificationDtls  method start
				
2026-08-04 15:59:00 [http-nio-8495-exec-2] INFO  c.v.g.c.NotificationGeneralController -updateNotificationDtls method End
				
2026-08-04 15:59:01 [http-nio-8495-exec-6] INFO  c.v.g.c.NotificationGeneralController -getNotificationDetails   method Start
				
2026-08-04 15:59:01 [http-nio-8495-exec-1] INFO  c.v.g.c.NotificationGeneralController -getNotificationDetails   method Start
				
2026-08-04 15:59:01 [http-nio-8495-exec-4] INFO  c.v.g.c.NotificationGeneralController -getApprovalDesigDtls   method Start
				
2026-08-04 15:59:01 [http-nio-8495-exec-4] ERROR com.vmfg.task.dao.impl.DesignTaskDAO -getNextSeqandStatusByDoc Errororg.springframework.dao.IncorrectResultSizeDataAccessException: Incorrect result size: expected 1, actual 2
				
2026-08-04 15:59:01 [http-nio-8495-exec-4] ERROR com.vmfg.task.dao.impl.DesignTaskDAO -getNextSeqandStatusByDoc Errororg.springframework.dao.IncorrectResultSizeDataAccessException: Incorrect result size: expected 1, actual 2
				
2026-08-04 15:59:01 [http-nio-8495-exec-4] ERROR com.vmfg.task.dao.impl.DesignTaskDAO -getNextSeqandStatusByDoc Errororg.springframework.dao.IncorrectResultSizeDataAccessException: Incorrect result size: expected 1, actual 2
				
2026-08-04 15:59:01 [http-nio-8495-exec-4] ERROR com.vmfg.task.dao.impl.DesignTaskDAO -getNextSeqandStatusByDoc Errororg.springframework.dao.IncorrectResultSizeDataAccessException: Incorrect result size: expected 1, actual 2
				
2026-08-04 15:59:01 [http-nio-8495-exec-4] ERROR com.vmfg.task.dao.impl.DesignTaskDAO -getNextSeqandStatusByDoc Errororg.springframework.dao.IncorrectResultSizeDataAccessException: Incorrect result size: expected 1, actual 2
				
2026-08-04 15:59:02 [http-nio-8495-exec-4] ERROR com.vmfg.task.dao.impl.DesignTaskDAO -getNextSeqandStatusByDoc Errororg.springframework.dao.IncorrectResultSizeDataAccessException: Incorrect result size: expected 1, actual 2
				
2026-08-04 15:59:02 [http-nio-8495-exec-4] ERROR com.vmfg.task.dao.impl.DesignTaskDAO -getNextSeqandStatusByDoc Errororg.springframework.dao.IncorrectResultSizeDataAccessException: Incorrect result size: expected 1, actual 2
				
2026-08-04 15:59:02 [http-nio-8495-exec-4] ERROR com.vmfg.task.dao.impl.DesignTaskDAO -getNextSeqandStatusByDoc Errororg.springframework.dao.IncorrectResultSizeDataAccessException: Incorrect result size: expected 1, actual 2
				
2026-08-04 15:59:02 [http-nio-8495-exec-4] ERROR com.vmfg.task.dao.impl.DesignTaskDAO -getNextSeqandStatusByDoc Errororg.springframework.dao.IncorrectResultSizeDataAccessException: Incorrect result size: expected 1, actual 2
				
2026-08-04 15:59:02 [http-nio-8495-exec-4] ERROR com.vmfg.task.dao.impl.DesignTaskDAO -getNextSeqandStatusByDoc Errororg.springframework.dao.IncorrectResultSizeDataAccessException: Incorrect result size: expected 1, actual 2
				
2026-08-04 15:59:02 [http-nio-8495-exec-4] ERROR com.vmfg.task.dao.impl.DesignTaskDAO -getNextSeqandStatusByDoc Errororg.springframework.dao.IncorrectResultSizeDataAccessException: Incorrect result size: expected 1, actual 2
				
2026-08-04 15:59:02 [http-nio-8495-exec-4] ERROR com.vmfg.task.dao.impl.DesignTaskDAO -getNextSeqandStatusByDoc Errororg.springframework.dao.IncorrectResultSizeDataAccessException: Incorrect result size: expected 1, actual 2
				
2026-08-04 15:59:02 [http-nio-8495-exec-4] ERROR com.vmfg.task.dao.impl.DesignTaskDAO -getNextSeqandStatusByDoc Errororg.springframework.dao.IncorrectResultSizeDataAccessException: Incorrect result size: expected 1, actual 2
				
2026-08-04 15:59:03 [http-nio-8495-exec-8] INFO  c.v.g.c.NotificationGeneralController -getNotificationDetails   method Start
				
2026-08-04 15:59:06 [http-nio-8495-exec-10] INFO  c.v.p.controller.ProjectController -getProjectDtl   method Start
				
2026-08-04 15:59:06 [http-nio-8495-exec-7] INFO  c.v.g.c.NotificationGeneralController -getNotificationDetails   method Start
				
2026-08-04 15:59:06 [http-nio-8495-exec-2] INFO  c.v.g.c.NotificationGeneralController -getNotificationDetails   method Start
				
2026-08-04 15:59:06 [http-nio-8495-exec-6] INFO  c.v.g.c.NotificationGeneralController -getNotificationDetails   method Start
				
2026-08-04 15:59:08 [http-nio-8495-exec-4] INFO  c.v.g.c.NotificationGeneralController -getNotificationDetails   method Start
				
2026-08-04 15:59:09 [http-nio-8495-exec-8] INFO  c.v.g.c.NotificationGeneralController -getNotificationDetails   method Start
				
2026-08-04 15:59:09 [http-nio-8495-exec-3] INFO  c.v.g.c.NotificationGeneralController -getApprovalDesigDtls   method Start
				
2026-08-04 15:59:10 [http-nio-8495-exec-3] ERROR com.vmfg.task.dao.impl.DesignTaskDAO -getNextSeqandStatusByDoc Errororg.springframework.dao.IncorrectResultSizeDataAccessException: Incorrect result size: expected 1, actual 2
				
2026-08-04 15:59:10 [http-nio-8495-exec-3] ERROR com.vmfg.task.dao.impl.DesignTaskDAO -getNextSeqandStatusByDoc Errororg.springframework.dao.IncorrectResultSizeDataAccessException: Incorrect result size: expected 1, actual 2
				
2026-08-04 15:59:10 [http-nio-8495-exec-3] ERROR com.vmfg.task.dao.impl.DesignTaskDAO -getNextSeqandStatusByDoc Errororg.springframework.dao.IncorrectResultSizeDataAccessException: Incorrect result size: expected 1, actual 2
				
2026-08-04 15:59:10 [http-nio-8495-exec-3] ERROR com.vmfg.task.dao.impl.DesignTaskDAO -getNextSeqandStatusByDoc Errororg.springframework.dao.IncorrectResultSizeDataAccessException: Incorrect result size: expected 1, actual 2
				
2026-08-04 15:59:10 [http-nio-8495-exec-3] ERROR com.vmfg.task.dao.impl.DesignTaskDAO -getNextSeqandStatusByDoc Errororg.springframework.dao.IncorrectResultSizeDataAccessException: Incorrect result size: expected 1, actual 2
				
2026-08-04 15:59:10 [http-nio-8495-exec-3] ERROR com.vmfg.task.dao.impl.DesignTaskDAO -getNextSeqandStatusByDoc Errororg.springframework.dao.IncorrectResultSizeDataAccessException: Incorrect result size: expected 1, actual 2
				
2026-08-04 15:59:10 [http-nio-8495-exec-3] ERROR com.vmfg.task.dao.impl.DesignTaskDAO -getNextSeqandStatusByDoc Errororg.springframework.dao.IncorrectResultSizeDataAccessException: Incorrect result size: expected 1, actual 2
				
2026-08-04 15:59:10 [http-nio-8495-exec-3] ERROR com.vmfg.task.dao.impl.DesignTaskDAO -getNextSeqandStatusByDoc Errororg.springframework.dao.IncorrectResultSizeDataAccessException: Incorrect result size: expected 1, actual 2
				
2026-08-04 15:59:10 [http-nio-8495-exec-3] ERROR com.vmfg.task.dao.impl.DesignTaskDAO -getNextSeqandStatusByDoc Errororg.springframework.dao.IncorrectResultSizeDataAccessException: Incorrect result size: expected 1, actual 2
				
2026-08-04 15:59:10 [http-nio-8495-exec-3] ERROR com.vmfg.task.dao.impl.DesignTaskDAO -getNextSeqandStatusByDoc Errororg.springframework.dao.IncorrectResultSizeDataAccessException: Incorrect result size: expected 1, actual 2
				
2026-08-04 15:59:10 [http-nio-8495-exec-3] ERROR com.vmfg.task.dao.impl.DesignTaskDAO -getNextSeqandStatusByDoc Errororg.springframework.dao.IncorrectResultSizeDataAccessException: Incorrect result size: expected 1, actual 2
				
2026-08-04 15:59:10 [http-nio-8495-exec-3] ERROR com.vmfg.task.dao.impl.DesignTaskDAO -getNextSeqandStatusByDoc Errororg.springframework.dao.IncorrectResultSizeDataAccessException: Incorrect result size: expected 1, actual 2
				
2026-08-04 15:59:10 [http-nio-8495-exec-3] ERROR com.vmfg.task.dao.impl.DesignTaskDAO -getNextSeqandStatusByDoc Errororg.springframework.dao.IncorrectResultSizeDataAccessException: Incorrect result size: expected 1, actual 2
				
2026-08-04 15:59:11 [http-nio-8495-exec-10] INFO  c.v.g.c.NotificationGeneralController -getNotificationDetails   method Start
				
2026-08-04 15:59:24 [http-nio-8495-exec-9] INFO  c.v.g.c.NotificationGeneralController -getApprovalDesigDtls   method Start
				
2026-08-04 15:59:24 [http-nio-8495-exec-9] ERROR com.vmfg.task.dao.impl.DesignTaskDAO -getNextSeqandStatusByDoc Errororg.springframework.dao.IncorrectResultSizeDataAccessException: Incorrect result size: expected 1, actual 2
				
2026-08-04 15:59:24 [http-nio-8495-exec-9] ERROR com.vmfg.task.dao.impl.DesignTaskDAO -getNextSeqandStatusByDoc Errororg.springframework.dao.IncorrectResultSizeDataAccessException: Incorrect result size: expected 1, actual 2
				
2026-08-04 15:59:24 [http-nio-8495-exec-9] ERROR com.vmfg.task.dao.impl.DesignTaskDAO -getNextSeqandStatusByDoc Errororg.springframework.dao.IncorrectResultSizeDataAccessException: Incorrect result size: expected 1, actual 2
				
2026-08-04 15:59:24 [http-nio-8495-exec-9] ERROR com.vmfg.task.dao.impl.DesignTaskDAO -getNextSeqandStatusByDoc Errororg.springframework.dao.IncorrectResultSizeDataAccessException: Incorrect result size: expected 1, actual 2
				
2026-08-04 15:59:24 [http-nio-8495-exec-9] ERROR com.vmfg.task.dao.impl.DesignTaskDAO -getNextSeqandStatusByDoc Errororg.springframework.dao.IncorrectResultSizeDataAccessException: Incorrect result size: expected 1, actual 2
				
2026-08-04 15:59:24 [http-nio-8495-exec-9] ERROR com.vmfg.task.dao.impl.DesignTaskDAO -getNextSeqandStatusByDoc Errororg.springframework.dao.IncorrectResultSizeDataAccessException: Incorrect result size: expected 1, actual 2
				
2026-08-04 15:59:24 [http-nio-8495-exec-9] ERROR com.vmfg.task.dao.impl.DesignTaskDAO -getNextSeqandStatusByDoc Errororg.springframework.dao.IncorrectResultSizeDataAccessException: Incorrect result size: expected 1, actual 2
				
2026-08-04 15:59:24 [http-nio-8495-exec-9] ERROR com.vmfg.task.dao.impl.DesignTaskDAO -getNextSeqandStatusByDoc Errororg.springframework.dao.IncorrectResultSizeDataAccessException: Incorrect result size: expected 1, actual 2
				
2026-08-04 15:59:24 [http-nio-8495-exec-9] ERROR com.vmfg.task.dao.impl.DesignTaskDAO -getNextSeqandStatusByDoc Errororg.springframework.dao.IncorrectResultSizeDataAccessException: Incorrect result size: expected 1, actual 2
				
2026-08-04 15:59:24 [http-nio-8495-exec-9] ERROR com.vmfg.task.dao.impl.DesignTaskDAO -getNextSeqandStatusByDoc Errororg.springframework.dao.IncorrectResultSizeDataAccessException: Incorrect result size: expected 1, actual 2
				
2026-08-04 15:59:24 [http-nio-8495-exec-9] ERROR com.vmfg.task.dao.impl.DesignTaskDAO -getNextSeqandStatusByDoc Errororg.springframework.dao.IncorrectResultSizeDataAccessException: Incorrect result size: expected 1, actual 2
				
2026-08-04 15:59:24 [http-nio-8495-exec-9] ERROR com.vmfg.task.dao.impl.DesignTaskDAO -getNextSeqandStatusByDoc Errororg.springframework.dao.IncorrectResultSizeDataAccessException: Incorrect result size: expected 1, actual 2
				
2026-08-04 15:59:24 [http-nio-8495-exec-9] ERROR com.vmfg.task.dao.impl.DesignTaskDAO -getNextSeqandStatusByDoc Errororg.springframework.dao.IncorrectResultSizeDataAccessException: Incorrect result size: expected 1, actual 2
				
2026-08-04 15:59:25 [http-nio-8495-exec-7] INFO  c.v.g.c.NotificationGeneralController -getNotificationDetails   method Start
				
2026-08-04 16:00:45 [http-nio-8495-exec-3] INFO  c.v.g.c.NotificationGeneralController -getApprovalDesigDtls   method Start
				
2026-08-04 16:00:46 [http-nio-8495-exec-3] ERROR com.vmfg.task.dao.impl.DesignTaskDAO -getNextSeqandStatusByDoc Errororg.springframework.dao.IncorrectResultSizeDataAccessException: Incorrect result size: expected 1, actual 2
				
2026-08-04 16:00:46 [http-nio-8495-exec-3] ERROR com.vmfg.task.dao.impl.DesignTaskDAO -getNextSeqandStatusByDoc Errororg.springframework.dao.IncorrectResultSizeDataAccessException: Incorrect result size: expected 1, actual 2
				
2026-08-04 16:00:46 [http-nio-8495-exec-3] ERROR com.vmfg.task.dao.impl.DesignTaskDAO -getNextSeqandStatusByDoc Errororg.springframework.dao.IncorrectResultSizeDataAccessException: Incorrect result size: expected 1, actual 2
				
2026-08-04 16:00:46 [http-nio-8495-exec-3] ERROR com.vmfg.task.dao.impl.DesignTaskDAO -getNextSeqandStatusByDoc Errororg.springframework.dao.IncorrectResultSizeDataAccessException: Incorrect result size: expected 1, actual 2
				
2026-08-04 16:00:46 [http-nio-8495-exec-3] ERROR com.vmfg.task.dao.impl.DesignTaskDAO -getNextSeqandStatusByDoc Errororg.springframework.dao.IncorrectResultSizeDataAccessException: Incorrect result size: expected 1, actual 2
				
2026-08-04 16:00:46 [http-nio-8495-exec-3] ERROR com.vmfg.task.dao.impl.DesignTaskDAO -getNextSeqandStatusByDoc Errororg.springframework.dao.IncorrectResultSizeDataAccessException: Incorrect result size: expected 1, actual 2
				
2026-08-04 16:00:46 [http-nio-8495-exec-3] ERROR com.vmfg.task.dao.impl.DesignTaskDAO -getNextSeqandStatusByDoc Errororg.springframework.dao.IncorrectResultSizeDataAccessException: Incorrect result size: expected 1, actual 2
				
2026-08-04 16:00:46 [http-nio-8495-exec-3] ERROR com.vmfg.task.dao.impl.DesignTaskDAO -getNextSeqandStatusByDoc Errororg.springframework.dao.IncorrectResultSizeDataAccessException: Incorrect result size: expected 1, actual 2
				
2026-08-04 16:00:46 [http-nio-8495-exec-3] ERROR com.vmfg.task.dao.impl.DesignTaskDAO -getNextSeqandStatusByDoc Errororg.springframework.dao.IncorrectResultSizeDataAccessException: Incorrect result size: expected 1, actual 2
				
2026-08-04 16:00:46 [http-nio-8495-exec-3] ERROR com.vmfg.task.dao.impl.DesignTaskDAO -getNextSeqandStatusByDoc Errororg.springframework.dao.IncorrectResultSizeDataAccessException: Incorrect result size: expected 1, actual 2
				
2026-08-04 16:00:46 [http-nio-8495-exec-3] ERROR com.vmfg.task.dao.impl.DesignTaskDAO -getNextSeqandStatusByDoc Errororg.springframework.dao.IncorrectResultSizeDataAccessException: Incorrect result size: expected 1, actual 2
				
2026-08-04 16:00:46 [http-nio-8495-exec-3] ERROR com.vmfg.task.dao.impl.DesignTaskDAO -getNextSeqandStatusByDoc Errororg.springframework.dao.IncorrectResultSizeDataAccessException: Incorrect result size: expected 1, actual 2
				
2026-08-04 16:00:46 [http-nio-8495-exec-3] ERROR com.vmfg.task.dao.impl.DesignTaskDAO -getNextSeqandStatusByDoc Errororg.springframework.dao.IncorrectResultSizeDataAccessException: Incorrect result size: expected 1, actual 2
				
2026-08-04 16:00:46 [http-nio-8495-exec-9] INFO  c.v.g.c.NotificationGeneralController -getNotificationDetails   method Start
				
2026-08-04 16:00:47 [http-nio-8495-exec-7] INFO  c.v.p.controller.ProjectController -getProjectDtl   method Start
				
2026-08-04 16:00:47 [http-nio-8495-exec-2] INFO  c.v.s.c.IndentManagementController -getIndentProjectDtlsByDate Controller  method Start
				
2026-08-04 16:00:47 [http-nio-8495-exec-6] INFO  c.v.g.services.impl.TileViewService -getProjectTitleView  method start
				
2026-08-04 16:00:47 [http-nio-8495-exec-2] INFO  c.v.s.c.IndentManagementController -getIndentProjectDtlsByDate Controller  method end
				
2026-08-04 16:00:47 [http-nio-8495-exec-5] INFO  c.v.g.c.NotificationGeneralController -getNotificationDetails   method Start
				
2026-08-04 16:00:47 [http-nio-8495-exec-6] INFO  c.v.g.c.StageManagementController -getProjectTitleView   method end
				
2026-08-04 16:00:47 [http-nio-8495-exec-1] INFO  c.v.g.c.NotificationGeneralController -getNotificationDetails   method Start
				
2026-08-04 16:00:47 [http-nio-8495-exec-4] INFO  c.v.g.c.NotificationGeneralController -getNotificationDetails   method Start
				
2026-08-04 16:00:47 [http-nio-8495-exec-7] INFO  c.v.g.c.NotificationGeneralController -getNotificationDetails   method Start
				
2026-08-04 16:00:48 [http-nio-8495-exec-9] INFO  c.v.p.controller.ProjectController -getProjectDtl   method Start
				
2026-08-04 16:00:48 [http-nio-8495-exec-10] INFO  c.v.g.services.impl.TileViewService -getProjectTitleView  method start
				
2026-08-04 16:00:48 [http-nio-8495-exec-8] INFO  c.v.p.controller.ProjectController -getProjectDtl   method Start
				
2026-08-04 16:00:48 [http-nio-8495-exec-2] INFO  c.v.g.c.NotificationGeneralController -getNotificationDetails   method Start
				
2026-08-04 16:00:48 [http-nio-8495-exec-10] INFO  c.v.g.c.StageManagementController -getProjectTitleView   method end
				
2026-08-04 16:00:48 [http-nio-8495-exec-6] INFO  c.v.g.c.NotificationGeneralController -getNotificationDetails   method Start
				
2026-08-04 16:00:48 [http-nio-8495-exec-3] INFO  c.v.g.c.NotificationGeneralController -getNotificationDetails   method Start
				
2026-08-04 16:00:49 [http-nio-8495-exec-1] INFO  c.v.g.c.NotificationGeneralController -getNotificationDetails   method Start
				
2026-08-04 16:00:49 [http-nio-8495-exec-7] INFO  c.v.p.controller.ProjectController -getProjectDtl   method Start
				
2026-08-04 16:00:49 [http-nio-8495-exec-9] INFO  c.v.p.controller.ProjectController -getTimeLineByPM   method Start
				
2026-08-04 16:00:49 [http-nio-8495-exec-8] INFO  c.v.g.c.DepartmentAndEmployeeInfoController -DepartmentAndEmployeeInfoController   method Start
				
2026-08-04 16:00:49 [http-nio-8495-exec-8] INFO  c.v.g.s.i.DepartmentAndEmployeeService -DepartmentAndEmployeeService  method start
				
2026-08-04 16:00:49 [http-nio-8495-exec-10] INFO  c.v.p.controller.ProjectController -getProjTimePlanDropDown   method Start
				
2026-08-04 16:00:49 [http-nio-8495-exec-5] INFO  c.v.p.controller.ProjectController -getProjectInitiationMstResp   method Start
				
2026-08-04 16:00:49 [http-nio-8495-exec-9] INFO  c.v.p.controller.ProjectController -getLinkStatusByPMId   method Start
				
2026-08-04 16:00:49 [http-nio-8495-exec-2] INFO  c.v.s.c.SalesBudgetSheetController -getKeyCategory   method Start
				
2026-08-04 16:00:49 [http-nio-8495-exec-10] INFO  c.v.g.c.NotificationGeneralController -getNotificationDetails   method Start
				
2026-08-04 16:00:49 [http-nio-8495-exec-2] INFO  c.v.s.c.SalesBudgetSheetController -getKeyCategory method End
				
2026-08-04 16:00:49 [http-nio-8495-exec-7] INFO  c.v.g.c.NotificationGeneralController -getNotificationDetails   method Start
				
2026-08-04 16:00:49 [http-nio-8495-exec-6] INFO  c.v.g.c.NotificationGeneralController -getNotificationDetails   method Start
				
2026-08-04 16:00:49 [http-nio-8495-exec-5] INFO  c.v.g.c.NotificationGeneralController -getNotificationDetails   method Start
				
2026-08-04 16:00:49 [http-nio-8495-exec-8] INFO  c.v.g.c.NotificationGeneralController -getNotificationDetails   method Start
				
2026-08-04 16:00:49 [http-nio-8495-exec-2] INFO  c.v.g.c.NotificationGeneralController -getNotificationDetails   method Start
				
2026-08-04 16:00:49 [http-nio-8495-exec-7] INFO  c.v.g.c.NotificationGeneralController -getNotificationDetails   method Start
				
2026-08-04 16:00:49 [http-nio-8495-exec-4] INFO  c.v.g.c.NotificationGeneralController -getNotificationDetails   method Start
				
2026-08-04 16:00:49 [http-nio-8495-exec-3] INFO  c.v.g.c.NotificationGeneralController -getNotificationDetails   method Start
				
2026-08-04 16:00:49 [http-nio-8495-exec-9] INFO  c.v.g.c.NotificationGeneralController -getNotificationDetails   method Start
				
2026-08-04 16:00:50 [http-nio-8495-exec-3] INFO  c.v.p.controller.ProjectController -getTimeTrackerByProjectId   method Start
				
2026-08-04 16:00:50 [http-nio-8495-exec-7] INFO  c.v.p.controller.ProjectController -updateAssyMstResp   method Start
				
2026-08-04 16:00:50 [http-nio-8495-exec-6] INFO  c.v.p.controller.ProjectController -updateDesignHdr   method Start
				
2026-08-04 16:00:50 [http-nio-8495-exec-6] INFO  c.v.p.service.impl.ProjectService -otheremp []
				
2026-08-04 16:00:50 [http-nio-8495-exec-3] INFO  c.v.g.c.NotificationGeneralController -getNotificationDetails   method Start
				
2026-08-04 16:00:50 [http-nio-8495-exec-4] INFO  c.v.g.c.NotificationGeneralController -getNotificationDetails   method Start
				
2026-08-04 16:00:50 [http-nio-8495-exec-5] INFO  c.v.g.c.NotificationGeneralController -getNotificationDetails   method Start
				
2026-08-04 16:00:50 [http-nio-8495-exec-6] INFO  c.v.g.c.NotificationGeneralController -getNotificationDetails   method Start
				
2026-08-04 16:00:50 [http-nio-8495-exec-8] INFO  c.v.g.c.NotificationGeneralController -getNotificationDetails   method Start
				
2026-08-04 16:00:51 [http-nio-8495-exec-9] INFO  c.v.g.c.NotificationGeneralController -getNotificationDetails   method Start
				
2026-08-04 16:00:52 [http-nio-8495-exec-2] INFO  c.v.g.c.NotificationGeneralController -getNotificationDetails   method Start
				
2026-08-04 16:01:30 [http-nio-8495-exec-7] INFO  c.v.g.c.NotificationGeneralController -getNotificationDetails   method Start
				
2026-08-04 16:02:30 [http-nio-8495-exec-7] INFO  c.v.p.controller.ProjectController -updateAssyMstResp   method Start
				
2026-08-04 16:02:30 [http-nio-8495-exec-4] INFO  c.v.p.controller.ProjectController -getTimeTrackerByProjectId   method Start
				
2026-08-04 16:02:30 [http-nio-8495-exec-3] INFO  c.v.p.controller.ProjectController -updateDesignHdr   method Start
				
2026-08-04 16:02:30 [http-nio-8495-exec-3] INFO  c.v.p.service.impl.ProjectService -otheremp []
				
2026-08-04 16:02:30 [http-nio-8495-exec-5] INFO  c.v.g.c.NotificationGeneralController -getNotificationDetails   method Start
				
2026-08-04 16:02:30 [http-nio-8495-exec-10] INFO  c.v.g.c.NotificationGeneralController -getNotificationDetails   method Start
				
2026-08-04 16:02:30 [http-nio-8495-exec-9] INFO  c.v.g.c.NotificationGeneralController -getNotificationDetails   method Start
				
2026-08-04 16:02:30 [http-nio-8495-exec-6] INFO  c.v.g.c.NotificationGeneralController -getNotificationDetails   method Start
				
2026-08-04 16:02:30 [http-nio-8495-exec-8] INFO  c.v.g.c.NotificationGeneralController -getNotificationDetails   method Start
				
2026-08-04 16:02:32 [http-nio-8495-exec-1] INFO  c.v.g.c.NotificationGeneralController -getNotificationDetails   method Start
				
2026-08-04 16:05:04 [http-nio-8495-exec-6] INFO  c.v.g.c.NotificationGeneralController -getNotificationDetails   method Start
				
2026-08-04 16:05:18 [http-nio-8495-exec-1] INFO  c.v.g.c.NotificationGeneralController -getNotificationDetails   method Start
				
2026-08-04 16:05:19 [http-nio-8495-exec-8] INFO  c.v.s.c.IndentManagementController -getIndentProjectDtlsByDate Controller  method Start
				
2026-08-04 16:05:19 [http-nio-8495-exec-3] INFO  c.v.p.controller.ProjectController -getProjectDtl   method Start
				
2026-08-04 16:05:19 [http-nio-8495-exec-8] INFO  c.v.s.c.IndentManagementController -getIndentProjectDtlsByDate Controller  method end
				
2026-08-04 16:05:19 [http-nio-8495-exec-5] INFO  c.v.g.services.impl.TileViewService -getProjectTitleView  method start
				
2026-08-04 16:05:19 [http-nio-8495-exec-7] INFO  c.v.g.c.NotificationGeneralController -getNotificationDetails   method Start
				
2026-08-04 16:05:19 [http-nio-8495-exec-5] INFO  c.v.g.c.StageManagementController -getProjectTitleView   method end
				
2026-08-04 16:05:19 [http-nio-8495-exec-5] INFO  c.v.g.c.NotificationGeneralController -getNotificationDetails   method Start
				
2026-08-04 16:05:19 [http-nio-8495-exec-4] INFO  c.v.g.c.NotificationGeneralController -getNotificationDetails   method Start
				
2026-08-04 16:05:27 [http-nio-8495-exec-9] INFO  c.v.p.controller.ProjectController -getProjectDtl   method Start
				
2026-08-04 16:05:27 [http-nio-8495-exec-10] INFO  c.v.p.controller.ProjectController -getProjectDtl   method Start
				
2026-08-04 16:05:27 [http-nio-8495-exec-6] INFO  c.v.g.services.impl.TileViewService -getProjectTitleView  method start
				
2026-08-04 16:05:27 [http-nio-8495-exec-2] INFO  c.v.g.c.NotificationGeneralController -getNotificationDetails   method Start
				
2026-08-04 16:05:27 [http-nio-8495-exec-6] INFO  c.v.g.c.StageManagementController -getProjectTitleView   method end
				
2026-08-04 16:05:27 [http-nio-8495-exec-1] INFO  c.v.g.c.NotificationGeneralController -getNotificationDetails   method Start
				
2026-08-04 16:05:27 [http-nio-8495-exec-8] INFO  c.v.g.c.NotificationGeneralController -getNotificationDetails   method Start
				
2026-08-04 16:05:27 [http-nio-8495-exec-7] INFO  c.v.g.c.NotificationGeneralController -getNotificationDetails   method Start
				
2026-08-04 16:05:27 [http-nio-8495-exec-4] INFO  c.v.p.controller.ProjectController -getProjectDtl   method Start
				
2026-08-04 16:05:27 [http-nio-8495-exec-9] INFO  c.v.p.controller.ProjectController -getTimeLineByPM   method Start
				
2026-08-04 16:05:27 [http-nio-8495-exec-6] INFO  c.v.p.controller.ProjectController -getProjTimePlanDropDown   method Start
				
2026-08-04 16:05:27 [http-nio-8495-exec-3] INFO  c.v.p.controller.ProjectController -getProjectInitiationMstResp   method Start
				
2026-08-04 16:05:27 [http-nio-8495-exec-10] INFO  c.v.g.c.DepartmentAndEmployeeInfoController -DepartmentAndEmployeeInfoController   method Start
				
2026-08-04 16:05:27 [http-nio-8495-exec-10] INFO  c.v.g.s.i.DepartmentAndEmployeeService -DepartmentAndEmployeeService  method start
				
2026-08-04 16:05:27 [http-nio-8495-exec-5] INFO  c.v.s.c.SalesBudgetSheetController -getKeyCategory   method Start
				
2026-08-04 16:05:27 [http-nio-8495-exec-4] INFO  c.v.p.controller.ProjectController -getLinkStatusByPMId   method Start
				
2026-08-04 16:05:27 [http-nio-8495-exec-5] INFO  c.v.s.c.SalesBudgetSheetController -getKeyCategory method End
				
2026-08-04 16:05:27 [http-nio-8495-exec-6] INFO  c.v.g.c.NotificationGeneralController -getNotificationDetails   method Start
				
2026-08-04 16:05:27 [http-nio-8495-exec-3] INFO  c.v.g.c.NotificationGeneralController -getNotificationDetails   method Start
				
2026-08-04 16:05:28 [http-nio-8495-exec-1] INFO  c.v.g.c.NotificationGeneralController -getNotificationDetails   method Start
				
2026-08-04 16:05:28 [http-nio-8495-exec-2] INFO  c.v.g.c.NotificationGeneralController -getNotificationDetails   method Start
				
2026-08-04 16:05:28 [http-nio-8495-exec-8] INFO  c.v.g.c.NotificationGeneralController -getNotificationDetails   method Start
				
2026-08-04 16:05:28 [http-nio-8495-exec-10] INFO  c.v.g.c.NotificationGeneralController -getNotificationDetails   method Start
				
2026-08-04 16:05:28 [http-nio-8495-exec-6] INFO  c.v.g.c.NotificationGeneralController -getNotificationDetails   method Start
				
2026-08-04 16:05:28 [http-nio-8495-exec-3] INFO  c.v.g.c.NotificationGeneralController -getNotificationDetails   method Start
				
2026-08-04 16:05:28 [http-nio-8495-exec-9] INFO  c.v.g.c.NotificationGeneralController -getNotificationDetails   method Start
				
2026-08-04 16:05:28 [http-nio-8495-exec-5] INFO  c.v.g.c.NotificationGeneralController -getNotificationDetails   method Start
				
2026-08-04 16:05:29 [http-nio-8495-exec-1] INFO  c.v.g.c.NotificationGeneralController -getNotificationDetails   method Start
				
2026-08-04 16:05:30 [http-nio-8495-exec-2] INFO  c.v.g.c.NotificationGeneralController -getNotificationDetails   method Start
				
2026-08-04 16:07:02 [Thread-6] INFO  com.zaxxer.hikari.HikariDataSource -HikariPool-1 - Shutdown initiated...
				
2026-08-04 16:07:02 [Thread-6] INFO  com.zaxxer.hikari.HikariDataSource -HikariPool-1 - Shutdown completed.
				
2026-08-04 16:07:02 [restartedMain] INFO  com.vmfg.VMFGApplication -SmartRun Application Started
				
2026-08-04 16:07:03 [restartedMain] INFO  o.s.boot.SpringApplication -

                                ooooooo &&&&&&&&                              
                              oo     oo &.     &                              
                    ooooooo  oo      oo &:     &&                             
                 oo        oooo      oo &&       *&&&&  &&&&&&                
               oo            oo      oo &&                    &&&             
              oo                     oo &&&&&                  &o             
              oo                     oo &&     &&&&&           &              
              oo           ooo       oo &&           &&&       &&             
           ooooo           o:        oo &&              &        &&           
       ooo     *oo       oo          oo &&                        &&&&&&&     
     oo           ooooooo            oo &&                              &&    
    o&                                      &&&&*       &&               &&   
   oo                                            &&       &&              &&  
   o     ooooo                  @     @@    @@     &&:     &&           &&    
  oo ooo       ooo          @@@@@@@@@@@@@@@@@@@@@    &&     &&         &&     
  ooo            oo         @@ @@@ @@@@@@@@@@@  @     &&     &&         &     
  oo               o      @@@@ @@@ @@@@@@@@@@@  @@@    &&     &         &&    
  o&               oo       @@ @@@ @@@@@@@@@@@  @       &     &         &&    
  oo               oo       @@ @@ @ @@@@        @       &&                &&& 
  oo                      @@@@ @@@@@@@@@@@@@@@  @@@:    &&                  &&
  oo                        @@ @@@@@@@@@@@ @@@  @       &&        o&        &&
   o                        @@ @@@@@ @@@  @@@@  @       &         &&        &.
   oo                     @@@@ @@@ @@@@@@@@@@@  @@@@   &          &    .&&&&  
    o         oooo          @@                  @     &.         &&    &&     
    oo    ooo      &oo          @     @@    @@      &&          &&    &&      
     oo oo            oo        @     @     @@    &&           &&    &&       
      ooo              oo                      &&&           &&      &&       
         oooooooo       oo           oo &&&&&&              &&         &      
              oo        oo           oo &&         &      &&           &&     
              o        :o            oo &&  .&&&&&     &&.           &&       
              o       oo             oo &&                    &&&&&&&&        
              oo    ooo              oo &&                  &&                
                oo                   oo &&                &&                  
                  oo        oooo     oo &&                &                   
                     ooooooo  &o     oo &&      &&&       &                   
                                oo   oo && :&&&   .&& &&&*                    
                                   &ooo &&&                                   

==============================================
SmartRun Product by SmartRun Tech. All rights reserved.
==============================================
Application Version : 2.6.7
Application Title : SmartRun MES
Contact : support@smartruntech.com
==============================================

				
2026-08-04 16:07:03 [restartedMain] INFO  com.vmfg.VMFGApplication -Starting VMFGApplication using Java 1.8.0_482 on Peachs-Mac-mini.local with PID 6947 (/Users/peach/Spring_Boot_Projects/bgr/OneDrive_1_4-15-2026/BGR-SOURCE_CODE-sandbox/SmartRun_ProjectManagement_Java/SR_Management/target/classes started by peach in /Users/peach/Spring_Boot_Projects/bgr/OneDrive_1_4-15-2026/BGR-SOURCE_CODE-sandbox/SmartRun_ProjectManagement_Java/SR_Management)
				
2026-08-04 16:07:03 [restartedMain] INFO  com.vmfg.VMFGApplication -The following 1 profile is active: "dev"
				
2026-08-04 16:07:04 [restartedMain] INFO  o.s.d.r.c.RepositoryConfigurationDelegate -Bootstrapping Spring Data JDBC repositories in DEFAULT mode.
				
2026-08-04 16:07:04 [restartedMain] INFO  o.s.d.r.c.RepositoryConfigurationDelegate -Finished Spring Data repository scanning in 27 ms. Found 0 JDBC repository interfaces.
				
2026-08-04 16:07:05 [restartedMain] INFO  o.s.b.w.e.tomcat.TomcatWebServer -Tomcat initialized with port(s): 8495 (http)
				
2026-08-04 16:07:05 [restartedMain] INFO  o.a.coyote.http11.Http11NioProtocol -Initializing ProtocolHandler ["http-nio-8495"]
				
2026-08-04 16:07:05 [restartedMain] INFO  o.a.catalina.core.StandardService -Starting service [Tomcat]
				
2026-08-04 16:07:05 [restartedMain] INFO  o.a.catalina.core.StandardEngine -Starting Servlet engine: [Apache Tomcat/9.0.63]
				
2026-08-04 16:07:05 [restartedMain] INFO  o.a.c.c.C.[.[localhost].[/smartrun] -Initializing Spring embedded WebApplicationContext
				
2026-08-04 16:07:05 [restartedMain] INFO  o.s.b.w.s.c.ServletWebServerApplicationContext -Root WebApplicationContext: initialization completed in 1738 ms
				
2026-08-04 16:07:05 [restartedMain] INFO  s.d.s.w.PropertySourcedRequestMappingHandlerMapping -Mapped URL path [/v2/api-docs] onto method [springfox.documentation.swagger2.web.Swagger2Controller#getDocumentation(String, HttpServletRequest)]
				
2026-08-04 16:07:05 [restartedMain] INFO  o.s.b.d.a.OptionalLiveReloadServer -LiveReload server is running on port 35729
				
2026-08-04 16:07:06 [restartedMain] INFO  com.zaxxer.hikari.HikariDataSource -HikariPool-2 - Starting...
				
2026-08-04 16:07:06 [restartedMain] INFO  com.zaxxer.hikari.HikariDataSource -HikariPool-2 - Start completed.
				
2026-08-04 16:07:06 [restartedMain] WARN  o.s.b.a.s.s.UserDetailsServiceAutoConfiguration -

Using generated security password: 837c1a42-82c8-467c-a7df-e03a2c384a13

This generated password is for development use only. Your security configuration must be updated before running your application in production.

				
2026-08-04 16:07:06 [restartedMain] INFO  o.s.s.web.DefaultSecurityFilterChain -Will secure any request with [org.springframework.security.web.session.DisableEncodeUrlFilter@4c944c2d, org.springframework.security.web.context.request.async.WebAsyncManagerIntegrationFilter@59977b68, org.springframework.security.web.context.SecurityContextPersistenceFilter@34ce2def, org.springframework.security.web.header.HeaderWriterFilter@a635bdb, org.springframework.security.web.csrf.CsrfFilter@71dc5c5f, org.springframework.security.web.authentication.logout.LogoutFilter@7a981492, org.springframework.security.web.authentication.UsernamePasswordAuthenticationFilter@5775a1a0, org.springframework.security.web.authentication.ui.DefaultLoginPageGeneratingFilter@3db8cc6f, org.springframework.security.web.authentication.ui.DefaultLogoutPageGeneratingFilter@43216596, org.springframework.security.web.authentication.www.BasicAuthenticationFilter@22301e5, org.springframework.security.web.savedrequest.RequestCacheAwareFilter@42379dee, org.springframework.security.web.servletapi.SecurityContextHolderAwareRequestFilter@529abbf0, org.springframework.security.web.authentication.AnonymousAuthenticationFilter@161b9108, org.springframework.security.web.session.SessionManagementFilter@19cec06c, org.springframework.security.web.access.ExceptionTranslationFilter@4386b121, org.springframework.security.web.access.intercept.FilterSecurityInterceptor@4d064370]
				
2026-08-04 16:07:06 [restartedMain] INFO  o.a.coyote.http11.Http11NioProtocol -Starting ProtocolHandler ["http-nio-8495"]
				
2026-08-04 16:07:06 [restartedMain] INFO  o.s.b.w.e.tomcat.TomcatWebServer -Tomcat started on port(s): 8495 (http) with context path '/smartrun'
				
2026-08-04 16:07:06 [restartedMain] INFO  s.d.s.w.p.DocumentationPluginsBootstrapper -Context refreshed
				
2026-08-04 16:07:06 [restartedMain] INFO  s.d.s.w.p.DocumentationPluginsBootstrapper -Found 1 custom documentation plugin(s)
				
2026-08-04 16:07:06 [restartedMain] INFO  s.d.s.w.s.ApiListingReferenceScanner -Scanning for api listing references
				
2026-08-04 16:07:06 [restartedMain] INFO  com.vmfg.VMFGApplication -Started VMFGApplication in 3.736 seconds (JVM running for 2016.391)
				
2026-08-04 16:07:06 [restartedMain] INFO  o.s.b.d.a.ConditionEvaluationDeltaLoggingListener -Condition evaluation delta:


==========================
CONDITION EVALUATION DELTA
==========================


Positive matches:
-----------------

   SpringBootWebSecurityConfiguration.SecurityFilterChainConfiguration matched:
      - AllNestedConditions 2 matched 0 did not; NestedCondition on DefaultWebSecurityCondition.Beans @ConditionalOnMissingBean (types: org.springframework.security.config.annotation.web.configuration.WebSecurityConfigurerAdapter,org.springframework.security.web.SecurityFilterChain; SearchStrategy: all) did not find any beans; NestedCondition on DefaultWebSecurityCondition.Classes @ConditionalOnClass found required classes 'org.springframework.security.web.SecurityFilterChain', 'org.springframework.security.config.annotation.web.builders.HttpSecurity' (DefaultWebSecurityCondition)

   SpringBootWebSecurityConfiguration.WebSecurityEnablerConfiguration matched:
      - @ConditionalOnClass found required class 'org.springframework.security.config.annotation.web.configuration.EnableWebSecurity' (OnClassCondition)
      - @ConditionalOnMissingBean (names: springSecurityFilterChain; SearchStrategy: all) did not find any beans (OnBeanCondition)

   UserDetailsServiceAutoConfiguration matched:
      - @ConditionalOnClass found required class 'org.springframework.security.authentication.AuthenticationManager' (OnClassCondition)
      - @ConditionalOnBean (types: org.springframework.security.config.annotation.ObjectPostProcessor; SearchStrategy: all) found bean 'objectPostProcessor'; @ConditionalOnMissingBean (types: org.springframework.security.authentication.AuthenticationManager,org.springframework.security.authentication.AuthenticationProvider,org.springframework.security.core.userdetails.UserDetailsService,org.springframework.security.authentication.AuthenticationManagerResolver,org.springframework.security.oauth2.jwt.JwtDecoder,org.springframework.security.oauth2.server.resource.introspection.OpaqueTokenIntrospector,org.springframework.security.oauth2.client.registration.ClientRegistrationRepository,org.springframework.security.saml2.provider.service.registration.RelyingPartyRegistrationRepository; SearchStrategy: all) did not find any beans (OnBeanCondition)


Negative matches:
-----------------

    None


Exclusions:
-----------

    None


Unconditional classes:
----------------------

    None



				
2026-08-04 16:07:23 [Thread-9] INFO  com.zaxxer.hikari.HikariDataSource -HikariPool-2 - Shutdown initiated...
				
2026-08-04 16:07:23 [Thread-9] INFO  com.zaxxer.hikari.HikariDataSource -HikariPool-2 - Shutdown completed.
				
2026-08-04 16:07:24 [restartedMain] INFO  com.vmfg.VMFGApplication -SmartRun Application Started
				
2026-08-04 16:07:24 [restartedMain] INFO  o.s.boot.SpringApplication -

                                ooooooo &&&&&&&&                              
                              oo     oo &.     &                              
                    ooooooo  oo      oo &:     &&                             
                 oo        oooo      oo &&       *&&&&  &&&&&&                
               oo            oo      oo &&                    &&&             
              oo                     oo &&&&&                  &o             
              oo                     oo &&     &&&&&           &              
              oo           ooo       oo &&           &&&       &&             
           ooooo           o:        oo &&              &        &&           
       ooo     *oo       oo          oo &&                        &&&&&&&     
     oo           ooooooo            oo &&                              &&    
    o&                                      &&&&*       &&               &&   
   oo                                            &&       &&              &&  
   o     ooooo                  @     @@    @@     &&:     &&           &&    
  oo ooo       ooo          @@@@@@@@@@@@@@@@@@@@@    &&     &&         &&     
  ooo            oo         @@ @@@ @@@@@@@@@@@  @     &&     &&         &     
  oo               o      @@@@ @@@ @@@@@@@@@@@  @@@    &&     &         &&    
  o&               oo       @@ @@@ @@@@@@@@@@@  @       &     &         &&    
  oo               oo       @@ @@ @ @@@@        @       &&                &&& 
  oo                      @@@@ @@@@@@@@@@@@@@@  @@@:    &&                  &&
  oo                        @@ @@@@@@@@@@@ @@@  @       &&        o&        &&
   o                        @@ @@@@@ @@@  @@@@  @       &         &&        &.
   oo                     @@@@ @@@ @@@@@@@@@@@  @@@@   &          &    .&&&&  
    o         oooo          @@                  @     &.         &&    &&     
    oo    ooo      &oo          @     @@    @@      &&          &&    &&      
     oo oo            oo        @     @     @@    &&           &&    &&       
      ooo              oo                      &&&           &&      &&       
         oooooooo       oo           oo &&&&&&              &&         &      
              oo        oo           oo &&         &      &&           &&     
              o        :o            oo &&  .&&&&&     &&.           &&       
              o       oo             oo &&                    &&&&&&&&        
              oo    ooo              oo &&                  &&                
                oo                   oo &&                &&                  
                  oo        oooo     oo &&                &                   
                     ooooooo  &o     oo &&      &&&       &                   
                                oo   oo && :&&&   .&& &&&*                    
                                   &ooo &&&                                   

==============================================
SmartRun Product by SmartRun Tech. All rights reserved.
==============================================
Application Version : 2.6.7
Application Title : SmartRun MES
Contact : support@smartruntech.com
==============================================

				
2026-08-04 16:07:24 [restartedMain] INFO  com.vmfg.VMFGApplication -Starting VMFGApplication using Java 1.8.0_482 on Peachs-Mac-mini.local with PID 6947 (/Users/peach/Spring_Boot_Projects/bgr/OneDrive_1_4-15-2026/BGR-SOURCE_CODE-sandbox/SmartRun_ProjectManagement_Java/SR_Management/target/classes started by peach in /Users/peach/Spring_Boot_Projects/bgr/OneDrive_1_4-15-2026/BGR-SOURCE_CODE-sandbox/SmartRun_ProjectManagement_Java/SR_Management)
				
2026-08-04 16:07:24 [restartedMain] INFO  com.vmfg.VMFGApplication -The following 1 profile is active: "dev"
				
2026-08-04 16:07:25 [restartedMain] INFO  o.s.d.r.c.RepositoryConfigurationDelegate -Bootstrapping Spring Data JDBC repositories in DEFAULT mode.
				
2026-08-04 16:07:25 [restartedMain] INFO  o.s.d.r.c.RepositoryConfigurationDelegate -Finished Spring Data repository scanning in 45 ms. Found 0 JDBC repository interfaces.
				
2026-08-04 16:07:25 [restartedMain] INFO  o.s.b.w.e.tomcat.TomcatWebServer -Tomcat initialized with port(s): 8495 (http)
				
2026-08-04 16:07:25 [restartedMain] INFO  o.a.coyote.http11.Http11NioProtocol -Initializing ProtocolHandler ["http-nio-8495"]
				
2026-08-04 16:07:25 [restartedMain] INFO  o.a.catalina.core.StandardService -Starting service [Tomcat]
				
2026-08-04 16:07:25 [restartedMain] INFO  o.a.catalina.core.StandardEngine -Starting Servlet engine: [Apache Tomcat/9.0.63]
				
2026-08-04 16:07:25 [restartedMain] INFO  o.a.c.c.C.[.[localhost].[/smartrun] -Initializing Spring embedded WebApplicationContext
				
2026-08-04 16:07:25 [restartedMain] INFO  o.s.b.w.s.c.ServletWebServerApplicationContext -Root WebApplicationContext: initialization completed in 868 ms
				
2026-08-04 16:07:26 [restartedMain] INFO  s.d.s.w.PropertySourcedRequestMappingHandlerMapping -Mapped URL path [/v2/api-docs] onto method [springfox.documentation.swagger2.web.Swagger2Controller#getDocumentation(String, HttpServletRequest)]
				
2026-08-04 16:07:26 [restartedMain] INFO  o.s.s.web.DefaultSecurityFilterChain -Will secure any request with [org.springframework.security.web.session.DisableEncodeUrlFilter@2a0a85ea, org.springframework.security.web.context.request.async.WebAsyncManagerIntegrationFilter@1130749a, org.springframework.security.web.context.SecurityContextPersistenceFilter@5655e91e, org.springframework.security.web.header.HeaderWriterFilter@5bdb4823, org.springframework.web.filter.CorsFilter@390d167a, org.springframework.security.web.authentication.logout.LogoutFilter@722609c7, com.vmfg.security.config.JwtRequestFilter@35292b06, org.springframework.security.web.savedrequest.RequestCacheAwareFilter@6b6c08, org.springframework.security.web.servletapi.SecurityContextHolderAwareRequestFilter@170a676, org.springframework.security.web.authentication.AnonymousAuthenticationFilter@5630a85c, org.springframework.security.web.session.SessionManagementFilter@76af82f2, org.springframework.security.web.access.ExceptionTranslationFilter@5f913f3b, org.springframework.security.web.access.intercept.FilterSecurityInterceptor@78d1bfc]
				
2026-08-04 16:07:26 [restartedMain] INFO  o.s.b.d.a.OptionalLiveReloadServer -LiveReload server is running on port 35729
				
2026-08-04 16:07:26 [restartedMain] INFO  com.zaxxer.hikari.HikariDataSource -HikariPool-3 - Starting...
				
2026-08-04 16:07:26 [restartedMain] INFO  com.zaxxer.hikari.HikariDataSource -HikariPool-3 - Start completed.
				
2026-08-04 16:07:26 [restartedMain] INFO  o.a.coyote.http11.Http11NioProtocol -Starting ProtocolHandler ["http-nio-8495"]
				
2026-08-04 16:07:26 [restartedMain] INFO  o.s.b.w.e.tomcat.TomcatWebServer -Tomcat started on port(s): 8495 (http) with context path '/smartrun'
				
2026-08-04 16:07:26 [restartedMain] INFO  s.d.s.w.p.DocumentationPluginsBootstrapper -Context refreshed
				
2026-08-04 16:07:26 [restartedMain] INFO  s.d.s.w.p.DocumentationPluginsBootstrapper -Found 1 custom documentation plugin(s)
				
2026-08-04 16:07:26 [restartedMain] INFO  s.d.s.w.s.ApiListingReferenceScanner -Scanning for api listing references
				
2026-08-04 16:07:27 [restartedMain] INFO  s.d.s.w.r.o.CachingOperationNameGenerator -Generating unique operation named: insertOrUpdateSalesBudgetSheetHdrAndDtlUsingPOST_1
				
2026-08-04 16:07:27 [restartedMain] INFO  s.d.s.w.r.o.CachingOperationNameGenerator -Generating unique operation named: getVendorDetailHdrViewUsingPOST_1
				
2026-08-04 16:07:27 [restartedMain] INFO  s.d.s.w.r.o.CachingOperationNameGenerator -Generating unique operation named: updateUserRoleMappingUsingPOST_1
				
2026-08-04 16:07:27 [restartedMain] INFO  com.vmfg.VMFGApplication -Started VMFGApplication in 3.18 seconds (JVM running for 2037.026)
				
2026-08-04 16:07:27 [restartedMain] INFO  c.v.config.DevFlywayMigrationRunner -Running Flyway migrations against sandbox datasource
				
2026-08-04 16:07:27 [restartedMain] INFO  org.flywaydb.core.FlywayExecutor -Database: jdbc:mysql://localhost:3306/smartrun_bgr_sandbox (MySQL 9.6)
				
2026-08-04 16:07:27 [restartedMain] WARN  o.f.c.i.database.base.Database -Flyway upgrade recommended: MySQL 9.6 is newer than this version of Flyway and support has not been tested. The latest supported version of MySQL is 8.0.
				
2026-08-04 16:07:27 [restartedMain] INFO  o.f.core.internal.command.DbValidate -Successfully validated 4 migrations (execution time 00:00.022s)
				
2026-08-04 16:07:27 [restartedMain] INFO  o.f.core.internal.command.DbMigrate -Current version of schema `smartrun_bgr_sandbox`: 3
				
2026-08-04 16:07:27 [restartedMain] INFO  o.f.core.internal.command.DbMigrate -Schema `smartrun_bgr_sandbox` is up to date. No migration necessary.
				
2026-08-04 16:07:27 [restartedMain] INFO  o.s.b.d.a.ConditionEvaluationDeltaLoggingListener -Condition evaluation delta:


==========================
CONDITION EVALUATION DELTA
==========================


Positive matches:
-----------------

    None


Negative matches:
-----------------

   SpringBootWebSecurityConfiguration.SecurityFilterChainConfiguration:
      Did not match:
         - AllNestedConditions 1 matched 1 did not; NestedCondition on DefaultWebSecurityCondition.Beans @ConditionalOnMissingBean (types: org.springframework.security.config.annotation.web.configuration.WebSecurityConfigurerAdapter,org.springframework.security.web.SecurityFilterChain; SearchStrategy: all) found beans of type 'org.springframework.security.web.SecurityFilterChain' filterChain; NestedCondition on DefaultWebSecurityCondition.Classes @ConditionalOnClass found required classes 'org.springframework.security.web.SecurityFilterChain', 'org.springframework.security.config.annotation.web.builders.HttpSecurity' (DefaultWebSecurityCondition)

   SpringBootWebSecurityConfiguration.WebSecurityEnablerConfiguration:
      Did not match:
         - @ConditionalOnMissingBean (names: springSecurityFilterChain; SearchStrategy: all) found beans named springSecurityFilterChain (OnBeanCondition)
      Matched:
         - @ConditionalOnClass found required class 'org.springframework.security.config.annotation.web.configuration.EnableWebSecurity' (OnClassCondition)

   UserDetailsServiceAutoConfiguration:
      Did not match:
         - @ConditionalOnMissingBean (types: org.springframework.security.authentication.AuthenticationManager,org.springframework.security.authentication.AuthenticationProvider,org.springframework.security.core.userdetails.UserDetailsService,org.springframework.security.authentication.AuthenticationManagerResolver,org.springframework.security.oauth2.jwt.JwtDecoder,org.springframework.security.oauth2.server.resource.introspection.OpaqueTokenIntrospector,org.springframework.security.oauth2.client.registration.ClientRegistrationRepository,org.springframework.security.saml2.provider.service.registration.RelyingPartyRegistrationRepository; SearchStrategy: all) found beans of type 'org.springframework.security.authentication.AuthenticationManager' authenticationManager and found beans of type 'org.springframework.security.core.userdetails.UserDetailsService' userLoginDAO (OnBeanCondition)
      Matched:
         - @ConditionalOnClass found required class 'org.springframework.security.authentication.AuthenticationManager' (OnClassCondition)


Exclusions:
-----------

    None


Unconditional classes:
----------------------

    None



				
2026-08-04 16:07:44 [http-nio-8495-exec-7] INFO  o.a.c.c.C.[.[localhost].[/smartrun] -Initializing Spring DispatcherServlet 'dispatcherServlet'
				
2026-08-04 16:07:44 [http-nio-8495-exec-7] INFO  o.s.web.servlet.DispatcherServlet -Initializing Servlet 'dispatcherServlet'
				
2026-08-04 16:07:44 [http-nio-8495-exec-7] INFO  o.s.web.servlet.DispatcherServlet -Completed initialization in 1 ms
				
2026-08-04 16:07:45 [http-nio-8495-exec-9] INFO  c.v.p.controller.ProjectController -getProjTimePlanDropDown   method Start
				
2026-08-04 16:07:45 [http-nio-8495-exec-6] INFO  c.v.p.controller.ProjectController -getTimeLineByPM   method Start
				
2026-08-04 16:07:45 [http-nio-8495-exec-7] INFO  c.v.g.c.NotificationGeneralController -getNotificationDetails   method Start
				
2026-08-04 16:07:45 [http-nio-8495-exec-2] INFO  c.v.p.controller.ProjectController -getProjectDtl   method Start
				
2026-08-04 16:07:45 [http-nio-8495-exec-8] INFO  c.v.g.c.DepartmentAndEmployeeInfoController -DepartmentAndEmployeeInfoController   method Start
				
2026-08-04 16:07:45 [http-nio-8495-exec-8] INFO  c.v.g.s.i.DepartmentAndEmployeeService -DepartmentAndEmployeeService  method start
				
2026-08-04 16:07:45 [http-nio-8495-exec-8] INFO  c.v.p.controller.ProjectController -getProjectInitiationMstResp   method Start
				
2026-08-04 16:07:45 [http-nio-8495-exec-4] INFO  c.v.p.controller.ProjectController -getLinkStatusByPMId   method Start
				
2026-08-04 16:07:45 [http-nio-8495-exec-2] INFO  c.v.g.c.NotificationGeneralController -getNotificationDetails   method Start
				
2026-08-04 16:07:45 [http-nio-8495-exec-8] INFO  c.v.g.c.NotificationGeneralController -getNotificationDetails   method Start
				
2026-08-04 16:07:45 [http-nio-8495-exec-10] INFO  c.v.g.c.NotificationGeneralController -getNotificationDetails   method Start
				
2026-08-04 16:07:45 [http-nio-8495-exec-3] INFO  c.v.s.c.SalesBudgetSheetController -getKeyCategory   method Start
				
2026-08-04 16:07:45 [http-nio-8495-exec-3] INFO  c.v.s.c.SalesBudgetSheetController -getKeyCategory method End
				
2026-08-04 16:07:45 [http-nio-8495-exec-1] INFO  c.v.g.c.NotificationGeneralController -getNotificationDetails   method Start
				
2026-08-04 16:07:45 [http-nio-8495-exec-5] INFO  c.v.g.c.NotificationGeneralController -getNotificationDetails   method Start
				
2026-08-04 16:07:45 [http-nio-8495-exec-6] INFO  c.v.g.c.NotificationGeneralController -getNotificationDetails   method Start
				
2026-08-04 16:07:45 [http-nio-8495-exec-9] INFO  c.v.g.c.NotificationGeneralController -getNotificationDetails   method Start
				
2026-08-04 16:07:45 [http-nio-8495-exec-10] INFO  c.v.g.c.NotificationGeneralController -getNotificationDetails   method Start
				
2026-08-04 16:07:45 [http-nio-8495-exec-4] INFO  c.v.g.c.NotificationGeneralController -getNotificationDetails   method Start
				
2026-08-04 16:07:45 [http-nio-8495-exec-7] INFO  c.v.g.c.NotificationGeneralController -getNotificationDetails   method Start
				
2026-08-04 16:07:46 [http-nio-8495-exec-8] INFO  c.v.g.c.NotificationGeneralController -getNotificationDetails   method Start
				
2026-08-04 16:07:46 [http-nio-8495-exec-3] INFO  c.v.g.c.NotificationGeneralController -getNotificationDetails   method Start
				
2026-08-04 16:08:25 [SpringApplicationShutdownHook] INFO  com.zaxxer.hikari.HikariDataSource -HikariPool-3 - Shutdown initiated...
				
2026-08-04 16:08:25 [SpringApplicationShutdownHook] INFO  com.zaxxer.hikari.HikariDataSource -HikariPool-3 - Shutdown completed.
				
2026-08-04 16:08:35 [background-preinit] INFO  o.h.validator.internal.util.Version -HV000001: Hibernate Validator 6.2.3.Final
				
2026-08-04 16:08:35 [restartedMain] INFO  o.s.boot.SpringApplication -

                                ooooooo &&&&&&&&                              
                              oo     oo &.     &                              
                    ooooooo  oo      oo &:     &&                             
                 oo        oooo      oo &&       *&&&&  &&&&&&                
               oo            oo      oo &&                    &&&             
              oo                     oo &&&&&                  &o             
              oo                     oo &&     &&&&&           &              
              oo           ooo       oo &&           &&&       &&             
           ooooo           o:        oo &&              &        &&           
       ooo     *oo       oo          oo &&                        &&&&&&&     
     oo           ooooooo            oo &&                              &&    
    o&                                      &&&&*       &&               &&   
   oo                                            &&       &&              &&  
   o     ooooo                  @     @@    @@     &&:     &&           &&    
  oo ooo       ooo          @@@@@@@@@@@@@@@@@@@@@    &&     &&         &&     
  ooo            oo         @@ @@@ @@@@@@@@@@@  @     &&     &&         &     
  oo               o      @@@@ @@@ @@@@@@@@@@@  @@@    &&     &         &&    
  o&               oo       @@ @@@ @@@@@@@@@@@  @       &     &         &&    
  oo               oo       @@ @@ @ @@@@        @       &&                &&& 
  oo                      @@@@ @@@@@@@@@@@@@@@  @@@:    &&                  &&
  oo                        @@ @@@@@@@@@@@ @@@  @       &&        o&        &&
   o                        @@ @@@@@ @@@  @@@@  @       &         &&        &.
   oo                     @@@@ @@@ @@@@@@@@@@@  @@@@   &          &    .&&&&  
    o         oooo          @@                  @     &.         &&    &&     
    oo    ooo      &oo          @     @@    @@      &&          &&    &&      
     oo oo            oo        @     @     @@    &&           &&    &&       
      ooo              oo                      &&&           &&      &&       
         oooooooo       oo           oo &&&&&&              &&         &      
              oo        oo           oo &&         &      &&           &&     
              o        :o            oo &&  .&&&&&     &&.           &&       
              o       oo             oo &&                    &&&&&&&&        
              oo    ooo              oo &&                  &&                
                oo                   oo &&                &&                  
                  oo        oooo     oo &&                &                   
                     ooooooo  &o     oo &&      &&&       &                   
                                oo   oo && :&&&   .&& &&&*                    
                                   &ooo &&&                                   

==============================================
SmartRun Product by SmartRun Tech. All rights reserved.
==============================================
Application Version : 2.6.7
Application Title : SmartRun MES
Contact : support@smartruntech.com
==============================================

				
2026-08-04 16:08:36 [restartedMain] INFO  com.vmfg.VMFGApplication -Starting VMFGApplication using Java 1.8.0_482 on Peachs-Mac-mini.local with PID 7458 (/Users/peach/Spring_Boot_Projects/bgr/OneDrive_1_4-15-2026/BGR-SOURCE_CODE-sandbox/SmartRun_ProjectManagement_Java/SR_Management/target/classes started by peach in /Users/peach/Spring_Boot_Projects/bgr/OneDrive_1_4-15-2026/BGR-SOURCE_CODE-sandbox/SmartRun_ProjectManagement_Java/SR_Management)
				
2026-08-04 16:08:36 [restartedMain] INFO  com.vmfg.VMFGApplication -The following 1 profile is active: "dev"
				
2026-08-04 16:08:36 [restartedMain] INFO  o.s.b.d.e.DevToolsPropertyDefaultsPostProcessor -Devtools property defaults active! Set 'spring.devtools.add-properties' to 'false' to disable
				
2026-08-04 16:08:36 [restartedMain] INFO  o.s.b.d.e.DevToolsPropertyDefaultsPostProcessor -For additional web related logging consider setting the 'logging.level.web' property to 'DEBUG'
				
2026-08-04 16:08:38 [restartedMain] INFO  o.s.d.r.c.RepositoryConfigurationDelegate -Bootstrapping Spring Data JDBC repositories in DEFAULT mode.
				
2026-08-04 16:08:38 [restartedMain] INFO  o.s.d.r.c.RepositoryConfigurationDelegate -Finished Spring Data repository scanning in 103 ms. Found 0 JDBC repository interfaces.
				
2026-08-04 16:08:39 [restartedMain] INFO  o.s.b.w.e.tomcat.TomcatWebServer -Tomcat initialized with port(s): 8495 (http)
				
2026-08-04 16:08:39 [restartedMain] INFO  o.a.coyote.http11.Http11NioProtocol -Initializing ProtocolHandler ["http-nio-8495"]
				
2026-08-04 16:08:39 [restartedMain] INFO  o.a.catalina.core.StandardService -Starting service [Tomcat]
				
2026-08-04 16:08:39 [restartedMain] INFO  o.a.catalina.core.StandardEngine -Starting Servlet engine: [Apache Tomcat/9.0.63]
				
2026-08-04 16:08:39 [restartedMain] INFO  o.a.c.c.C.[.[localhost].[/smartrun] -Initializing Spring embedded WebApplicationContext
				
2026-08-04 16:08:39 [restartedMain] INFO  o.s.b.w.s.c.ServletWebServerApplicationContext -Root WebApplicationContext: initialization completed in 3492 ms
				
2026-08-04 16:08:42 [restartedMain] INFO  s.d.s.w.PropertySourcedRequestMappingHandlerMapping -Mapped URL path [/v2/api-docs] onto method [springfox.documentation.swagger2.web.Swagger2Controller#getDocumentation(String, HttpServletRequest)]
				
2026-08-04 16:08:43 [restartedMain] INFO  o.s.s.web.DefaultSecurityFilterChain -Will secure any request with [org.springframework.security.web.session.DisableEncodeUrlFilter@2160949f, org.springframework.security.web.context.request.async.WebAsyncManagerIntegrationFilter@6458f212, org.springframework.security.web.context.SecurityContextPersistenceFilter@2689d9ce, org.springframework.security.web.header.HeaderWriterFilter@b0f6233, org.springframework.web.filter.CorsFilter@4b156172, org.springframework.security.web.authentication.logout.LogoutFilter@62af7d42, com.vmfg.security.config.JwtRequestFilter@79348848, org.springframework.security.web.savedrequest.RequestCacheAwareFilter@17ce32b4, org.springframework.security.web.servletapi.SecurityContextHolderAwareRequestFilter@556b1fd9, org.springframework.security.web.authentication.AnonymousAuthenticationFilter@4de91be8, org.springframework.security.web.session.SessionManagementFilter@14f48e2c, org.springframework.security.web.access.ExceptionTranslationFilter@570df1f8, org.springframework.security.web.access.intercept.FilterSecurityInterceptor@7290a39d]
				
2026-08-04 16:08:43 [restartedMain] INFO  o.s.b.d.a.OptionalLiveReloadServer -LiveReload server is running on port 35729
				
2026-08-04 16:08:43 [restartedMain] INFO  com.zaxxer.hikari.HikariDataSource -HikariPool-1 - Starting...
				
2026-08-04 16:08:43 [restartedMain] INFO  com.zaxxer.hikari.HikariDataSource -HikariPool-1 - Start completed.
				
2026-08-04 16:08:44 [restartedMain] INFO  o.a.coyote.http11.Http11NioProtocol -Starting ProtocolHandler ["http-nio-8495"]
				
2026-08-04 16:08:44 [restartedMain] INFO  o.s.b.w.e.tomcat.TomcatWebServer -Tomcat started on port(s): 8495 (http) with context path '/smartrun'
				
2026-08-04 16:08:44 [restartedMain] INFO  s.d.s.w.p.DocumentationPluginsBootstrapper -Context refreshed
				
2026-08-04 16:08:44 [restartedMain] INFO  s.d.s.w.p.DocumentationPluginsBootstrapper -Found 1 custom documentation plugin(s)
				
2026-08-04 16:08:44 [restartedMain] INFO  s.d.s.w.s.ApiListingReferenceScanner -Scanning for api listing references
				
2026-08-04 16:08:45 [restartedMain] INFO  s.d.s.w.r.o.CachingOperationNameGenerator -Generating unique operation named: insertOrUpdateSalesBudgetSheetHdrAndDtlUsingPOST_1
				
2026-08-04 16:08:45 [restartedMain] INFO  s.d.s.w.r.o.CachingOperationNameGenerator -Generating unique operation named: getVendorDetailHdrViewUsingPOST_1
				
2026-08-04 16:08:46 [restartedMain] INFO  s.d.s.w.r.o.CachingOperationNameGenerator -Generating unique operation named: updateUserRoleMappingUsingPOST_1
				
2026-08-04 16:08:46 [restartedMain] INFO  com.vmfg.VMFGApplication -Started VMFGApplication in 11.329 seconds (JVM running for 12.07)
				
2026-08-04 16:08:46 [restartedMain] INFO  c.v.config.DevFlywayMigrationRunner -Running Flyway migrations against sandbox datasource
				
2026-08-04 16:08:46 [restartedMain] INFO  o.f.c.i.license.VersionPrinter -Flyway Community Edition 9.22.3 by Redgate
				
2026-08-04 16:08:46 [restartedMain] INFO  o.f.c.i.license.VersionPrinter -See release notes here: https://rd.gt/416ObMi
				
2026-08-04 16:08:46 [restartedMain] INFO  o.f.c.i.license.VersionPrinter -
				
2026-08-04 16:08:46 [restartedMain] INFO  org.flywaydb.core.FlywayExecutor -Database: jdbc:mysql://localhost:3306/smartrun_bgr_sandbox (MySQL 9.6)
				
2026-08-04 16:08:46 [restartedMain] WARN  o.f.c.i.database.base.Database -Flyway upgrade recommended: MySQL 9.6 is newer than this version of Flyway and support has not been tested. The latest supported version of MySQL is 8.0.
				
2026-08-04 16:08:46 [restartedMain] INFO  o.f.core.internal.command.DbValidate -Successfully validated 4 migrations (execution time 00:00.026s)
				
2026-08-04 16:08:46 [restartedMain] INFO  o.f.core.internal.command.DbMigrate -Current version of schema `smartrun_bgr_sandbox`: 3
				
2026-08-04 16:08:46 [restartedMain] INFO  o.f.core.internal.command.DbMigrate -Schema `smartrun_bgr_sandbox` is up to date. No migration necessary.
				
2026-08-04 16:08:46 [main] ERROR com.vmfg.VMFGApplication -SmartRun Application Start Exception--->org.springframework.boot.devtools.restart.SilentExitExceptionHandler$SilentExitException
				
2026-08-04 16:09:03 [http-nio-8495-exec-1] INFO  o.a.c.c.C.[.[localhost].[/smartrun] -Initializing Spring DispatcherServlet 'dispatcherServlet'
				
2026-08-04 16:09:03 [http-nio-8495-exec-1] INFO  o.s.web.servlet.DispatcherServlet -Initializing Servlet 'dispatcherServlet'
				
2026-08-04 16:09:03 [http-nio-8495-exec-1] INFO  o.s.web.servlet.DispatcherServlet -Completed initialization in 7 ms
				
2026-08-04 16:09:04 [http-nio-8495-exec-5] INFO  c.v.g.c.NotificationGeneralController -getNotificationDetails   method Start
				
2026-08-04 16:09:04 [http-nio-8495-exec-4] INFO  c.v.g.c.NotificationGeneralController -getNotificationDetails   method Start
				
2026-08-04 16:09:04 [http-nio-8495-exec-6] INFO  c.v.g.c.NotificationGeneralController -getNotificationDetails   method Start
				
2026-08-04 16:09:04 [http-nio-8495-exec-9] INFO  c.v.p.controller.ProjectController -getTimeLineByPM   method Start
				
2026-08-04 16:09:04 [http-nio-8495-exec-8] INFO  c.v.p.controller.ProjectController -getProjectDtl   method Start
				
2026-08-04 16:09:04 [http-nio-8495-exec-8] INFO  c.v.g.c.DepartmentAndEmployeeInfoController -DepartmentAndEmployeeInfoController   method Start
				
2026-08-04 16:09:04 [http-nio-8495-exec-7] INFO  c.v.p.controller.ProjectController -getProjectInitiationMstResp   method Start
				
2026-08-04 16:09:04 [http-nio-8495-exec-9] INFO  c.v.p.controller.ProjectController -getProjTimePlanDropDown   method Start
				
2026-08-04 16:09:04 [http-nio-8495-exec-8] INFO  c.v.g.s.i.DepartmentAndEmployeeService -DepartmentAndEmployeeService  method start
				
2026-08-04 16:09:04 [http-nio-8495-exec-8] INFO  c.v.p.controller.ProjectController -getLinkStatusByPMId   method Start
				
2026-08-04 16:09:04 [http-nio-8495-exec-10] INFO  c.v.s.c.SalesBudgetSheetController -getKeyCategory   method Start
				
2026-08-04 16:09:04 [http-nio-8495-exec-10] INFO  c.v.s.c.SalesBudgetSheetController -getKeyCategory method End
				
2026-08-04 16:09:04 [http-nio-8495-exec-2] INFO  c.v.g.c.NotificationGeneralController -getNotificationDetails   method Start
				
2026-08-04 16:09:04 [http-nio-8495-exec-1] INFO  c.v.g.c.NotificationGeneralController -getNotificationDetails   method Start
				
2026-08-04 16:09:05 [http-nio-8495-exec-8] INFO  c.v.g.c.NotificationGeneralController -getNotificationDetails   method Start
				
2026-08-04 16:09:05 [http-nio-8495-exec-9] INFO  c.v.g.c.NotificationGeneralController -getNotificationDetails   method Start
				
2026-08-04 16:09:05 [http-nio-8495-exec-3] INFO  c.v.g.c.NotificationGeneralController -getNotificationDetails   method Start
				
2026-08-04 16:09:05 [http-nio-8495-exec-7] INFO  c.v.g.c.NotificationGeneralController -getNotificationDetails   method Start
				
2026-08-04 16:09:05 [http-nio-8495-exec-1] INFO  c.v.g.c.NotificationGeneralController -getNotificationDetails   method Start
				
2026-08-04 16:09:05 [http-nio-8495-exec-2] INFO  c.v.g.c.NotificationGeneralController -getNotificationDetails   method Start
				
2026-08-04 16:09:05 [http-nio-8495-exec-10] INFO  c.v.g.c.NotificationGeneralController -getNotificationDetails   method Start
				
2026-08-04 16:09:05 [http-nio-8495-exec-6] INFO  c.v.g.c.NotificationGeneralController -getNotificationDetails   method Start
				
2026-08-04 16:09:25 [http-nio-8495-exec-9] INFO  c.v.p.controller.ProjectController -getTimeTrackerByProjectId   method Start
				
2026-08-04 16:09:25 [http-nio-8495-exec-7] INFO  c.v.p.controller.ProjectController -updateAssyMstResp   method Start
				
2026-08-04 16:09:25 [http-nio-8495-exec-1] INFO  c.v.p.controller.ProjectController -updateDesignHdr   method Start
				
2026-08-04 16:09:25 [http-nio-8495-exec-1] INFO  c.v.p.service.impl.ProjectService -otheremp []
				
2026-08-04 16:09:25 [http-nio-8495-exec-1] INFO  c.v.g.c.NotificationGeneralController -getNotificationDetails   method Start
				
2026-08-04 16:09:25 [http-nio-8495-exec-7] INFO  c.v.g.c.NotificationGeneralController -getNotificationDetails   method Start
				
2026-08-04 16:09:25 [http-nio-8495-exec-8] INFO  c.v.g.c.NotificationGeneralController -getNotificationDetails   method Start
				
2026-08-04 16:09:25 [http-nio-8495-exec-3] INFO  c.v.g.c.NotificationGeneralController -getNotificationDetails   method Start
				
2026-08-04 16:09:25 [http-nio-8495-exec-10] INFO  c.v.g.c.NotificationGeneralController -getNotificationDetails   method Start
				
2026-08-04 16:09:26 [http-nio-8495-exec-6] INFO  c.v.g.c.NotificationGeneralController -getNotificationDetails   method Start
				
2026-08-04 16:09:27 [http-nio-8495-exec-5] INFO  c.v.g.c.NotificationGeneralController -getNotificationDetails   method Start
				
2026-08-04 16:09:36 [http-nio-8495-exec-9] INFO  c.v.g.c.NotificationGeneralController -getNotificationDetails   method Start
				
2026-08-04 16:09:37 [http-nio-8495-exec-7] INFO  c.v.g.services.impl.TileViewService -getProjectTitleView  method start
				
2026-08-04 16:09:37 [http-nio-8495-exec-1] INFO  c.v.p.controller.ProjectController -getProjectDtl   method Start
				
2026-08-04 16:09:37 [http-nio-8495-exec-3] INFO  c.v.s.c.IndentManagementController -getIndentProjectDtlsByDate Controller  method Start
				
2026-08-04 16:09:37 [http-nio-8495-exec-3] INFO  c.v.s.c.IndentManagementController -getIndentProjectDtlsByDate Controller  method end
				
2026-08-04 16:09:37 [http-nio-8495-exec-8] INFO  c.v.g.c.NotificationGeneralController -getNotificationDetails   method Start
				
2026-08-04 16:09:37 [http-nio-8495-exec-7] INFO  c.v.g.c.StageManagementController -getProjectTitleView   method end
				
2026-08-04 16:09:37 [http-nio-8495-exec-10] INFO  c.v.g.c.NotificationGeneralController -getNotificationDetails   method Start
				
2026-08-04 16:09:37 [http-nio-8495-exec-6] INFO  c.v.g.c.NotificationGeneralController -getNotificationDetails   method Start
				
2026-08-04 16:09:38 [http-nio-8495-exec-2] INFO  c.v.p.controller.ProjectController -getProjectDtl   method Start
				
2026-08-04 16:09:38 [http-nio-8495-exec-5] INFO  c.v.g.services.impl.TileViewService -getProjectTitleView  method start
				
2026-08-04 16:09:38 [http-nio-8495-exec-4] INFO  c.v.p.controller.ProjectController -getProjectDtl   method Start
				
2026-08-04 16:09:38 [http-nio-8495-exec-9] INFO  c.v.g.c.NotificationGeneralController -getNotificationDetails   method Start
				
2026-08-04 16:09:39 [http-nio-8495-exec-5] INFO  c.v.g.c.StageManagementController -getProjectTitleView   method end
				
2026-08-04 16:09:39 [http-nio-8495-exec-3] INFO  c.v.g.c.NotificationGeneralController -getNotificationDetails   method Start
				
2026-08-04 16:09:39 [http-nio-8495-exec-1] INFO  c.v.g.c.NotificationGeneralController -getNotificationDetails   method Start
				
2026-08-04 16:09:39 [http-nio-8495-exec-10] INFO  c.v.p.controller.ProjectController -getTimeLineByPM   method Start
				
2026-08-04 16:09:39 [http-nio-8495-exec-6] INFO  c.v.p.controller.ProjectController -getProjectDtl   method Start
				
2026-08-04 16:09:39 [http-nio-8495-exec-2] INFO  c.v.p.controller.ProjectController -getProjTimePlanDropDown   method Start
				
2026-08-04 16:09:39 [http-nio-8495-exec-5] INFO  c.v.g.c.DepartmentAndEmployeeInfoController -DepartmentAndEmployeeInfoController   method Start
				
2026-08-04 16:09:39 [http-nio-8495-exec-5] INFO  c.v.g.s.i.DepartmentAndEmployeeService -DepartmentAndEmployeeService  method start
				
2026-08-04 16:09:39 [http-nio-8495-exec-7] INFO  c.v.p.controller.ProjectController -getProjectInitiationMstResp   method Start
				
2026-08-04 16:09:39 [http-nio-8495-exec-10] INFO  c.v.p.controller.ProjectController -getLinkStatusByPMId   method Start
				
2026-08-04 16:09:39 [http-nio-8495-exec-4] INFO  c.v.s.c.SalesBudgetSheetController -getKeyCategory   method Start
				
2026-08-04 16:09:39 [http-nio-8495-exec-8] INFO  c.v.g.c.NotificationGeneralController -getNotificationDetails   method Start
				
2026-08-04 16:09:39 [http-nio-8495-exec-4] INFO  c.v.s.c.SalesBudgetSheetController -getKeyCategory method End
				
2026-08-04 16:09:39 [http-nio-8495-exec-2] INFO  c.v.g.c.NotificationGeneralController -getNotificationDetails   method Start
				
2026-08-04 16:09:39 [http-nio-8495-exec-7] INFO  c.v.g.c.NotificationGeneralController -getNotificationDetails   method Start
				
2026-08-04 16:09:39 [http-nio-8495-exec-5] INFO  c.v.g.c.NotificationGeneralController -getNotificationDetails   method Start
				
2026-08-04 16:09:39 [http-nio-8495-exec-6] INFO  c.v.g.c.NotificationGeneralController -getNotificationDetails   method Start
				
2026-08-04 16:09:39 [http-nio-8495-exec-4] INFO  c.v.g.c.NotificationGeneralController -getNotificationDetails   method Start
				
2026-08-04 16:09:39 [http-nio-8495-exec-9] INFO  c.v.g.c.NotificationGeneralController -getNotificationDetails   method Start
				
2026-08-04 16:09:39 [http-nio-8495-exec-10] INFO  c.v.g.c.NotificationGeneralController -getNotificationDetails   method Start
				
2026-08-04 16:09:39 [http-nio-8495-exec-3] INFO  c.v.g.c.NotificationGeneralController -getNotificationDetails   method Start
				
2026-08-04 16:09:39 [http-nio-8495-exec-5] INFO  c.v.g.c.NotificationGeneralController -getNotificationDetails   method Start
				
2026-08-04 16:09:39 [http-nio-8495-exec-1] INFO  c.v.g.c.NotificationGeneralController -getNotificationDetails   method Start
				
2026-08-04 16:09:40 [http-nio-8495-exec-6] INFO  c.v.p.controller.ProjectController -updateDesignHdr   method Start
				
2026-08-04 16:09:40 [http-nio-8495-exec-7] INFO  c.v.p.controller.ProjectController -getTimeTrackerByProjectId   method Start
				
2026-08-04 16:09:40 [http-nio-8495-exec-6] INFO  c.v.p.service.impl.ProjectService -otheremp []
				
2026-08-04 16:09:40 [http-nio-8495-exec-3] INFO  c.v.g.c.NotificationGeneralController -getNotificationDetails   method Start
				
2026-08-04 16:09:40 [http-nio-8495-exec-10] INFO  c.v.p.controller.ProjectController -updateAssyMstResp   method Start
				
2026-08-04 16:09:40 [http-nio-8495-exec-7] INFO  c.v.g.c.NotificationGeneralController -getNotificationDetails   method Start
				
2026-08-04 16:09:40 [http-nio-8495-exec-5] INFO  c.v.g.c.NotificationGeneralController -getNotificationDetails   method Start
				
2026-08-04 16:09:40 [http-nio-8495-exec-2] INFO  c.v.g.c.NotificationGeneralController -getNotificationDetails   method Start
				
2026-08-04 16:09:40 [http-nio-8495-exec-1] INFO  c.v.g.c.NotificationGeneralController -getNotificationDetails   method Start
				
2026-08-04 16:09:41 [http-nio-8495-exec-4] INFO  c.v.g.c.NotificationGeneralController -getNotificationDetails   method Start
				
2026-08-04 16:09:42 [http-nio-8495-exec-9] INFO  c.v.g.c.NotificationGeneralController -getNotificationDetails   method Start
				
2026-08-04 16:10:07 [http-nio-8495-exec-10] INFO  c.v.g.c.NotificationGeneralController -getNotificationDetails   method Start
				
2026-08-04 16:10:07 [http-nio-8495-exec-7] INFO  c.v.s.c.IndentManagementController -getIndentProjectDtlsByDate Controller  method Start
				
2026-08-04 16:10:07 [http-nio-8495-exec-2] INFO  c.v.g.services.impl.TileViewService -getProjectTitleView  method start
				
2026-08-04 16:10:07 [http-nio-8495-exec-3] INFO  c.v.p.controller.ProjectController -getProjectDtl   method Start
				
2026-08-04 16:10:07 [http-nio-8495-exec-7] INFO  c.v.s.c.IndentManagementController -getIndentProjectDtlsByDate Controller  method end
				
2026-08-04 16:10:07 [http-nio-8495-exec-5] INFO  c.v.g.c.NotificationGeneralController -getNotificationDetails   method Start
				
2026-08-04 16:10:07 [http-nio-8495-exec-2] INFO  c.v.g.c.StageManagementController -getProjectTitleView   method end
				
2026-08-04 16:10:07 [http-nio-8495-exec-1] INFO  c.v.g.c.NotificationGeneralController -getNotificationDetails   method Start
				
2026-08-04 16:10:08 [http-nio-8495-exec-4] INFO  c.v.g.c.NotificationGeneralController -getNotificationDetails   method Start
				
2026-08-04 16:10:12 [http-nio-8495-exec-6] INFO  c.v.g.services.impl.TileViewService -getProjectTitleView  method start
				
2026-08-04 16:10:12 [http-nio-8495-exec-9] INFO  c.v.p.controller.ProjectController -getProjectDtl   method Start
				
2026-08-04 16:10:12 [http-nio-8495-exec-8] INFO  c.v.p.controller.ProjectController -getProjectDtl   method Start
				
2026-08-04 16:10:12 [http-nio-8495-exec-10] INFO  c.v.g.c.NotificationGeneralController -getNotificationDetails   method Start
				
2026-08-04 16:10:12 [http-nio-8495-exec-6] INFO  c.v.g.c.StageManagementController -getProjectTitleView   method end
				
2026-08-04 16:10:12 [http-nio-8495-exec-7] INFO  c.v.g.c.NotificationGeneralController -getNotificationDetails   method Start
				
2026-08-04 16:10:12 [http-nio-8495-exec-3] INFO  c.v.g.c.NotificationGeneralController -getNotificationDetails   method Start
				
2026-08-04 16:10:12 [http-nio-8495-exec-5] INFO  c.v.g.c.NotificationGeneralController -getNotificationDetails   method Start
				
2026-08-04 16:10:12 [http-nio-8495-exec-4] INFO  c.v.p.controller.ProjectController -getProjectDtl   method Start
				
2026-08-04 16:10:12 [http-nio-8495-exec-6] INFO  c.v.p.controller.ProjectController -getProjTimePlanDropDown   method Start
				
2026-08-04 16:10:12 [http-nio-8495-exec-9] INFO  c.v.p.controller.ProjectController -getTimeLineByPM   method Start
				
2026-08-04 16:10:12 [http-nio-8495-exec-2] INFO  c.v.p.controller.ProjectController -getProjectInitiationMstResp   method Start
				
2026-08-04 16:10:12 [http-nio-8495-exec-8] INFO  c.v.g.c.DepartmentAndEmployeeInfoController -DepartmentAndEmployeeInfoController   method Start
				
2026-08-04 16:10:12 [http-nio-8495-exec-8] INFO  c.v.g.s.i.DepartmentAndEmployeeService -DepartmentAndEmployeeService  method start
				
2026-08-04 16:10:12 [http-nio-8495-exec-6] INFO  c.v.p.controller.ProjectController -getLinkStatusByPMId   method Start
				
2026-08-04 16:10:12 [http-nio-8495-exec-9] INFO  c.v.s.c.SalesBudgetSheetController -getKeyCategory   method Start
				
2026-08-04 16:10:12 [http-nio-8495-exec-9] INFO  c.v.s.c.SalesBudgetSheetController -getKeyCategory method End
				
2026-08-04 16:10:12 [http-nio-8495-exec-2] INFO  c.v.g.c.NotificationGeneralController -getNotificationDetails   method Start
				
2026-08-04 16:10:12 [http-nio-8495-exec-1] INFO  c.v.g.c.NotificationGeneralController -getNotificationDetails   method Start
				
2026-08-04 16:10:12 [http-nio-8495-exec-8] INFO  c.v.g.c.NotificationGeneralController -getNotificationDetails   method Start
				
2026-08-04 16:10:12 [http-nio-8495-exec-4] INFO  c.v.g.c.NotificationGeneralController -getNotificationDetails   method Start
				
2026-08-04 16:10:12 [http-nio-8495-exec-9] INFO  c.v.g.c.NotificationGeneralController -getNotificationDetails   method Start
				
2026-08-04 16:10:12 [http-nio-8495-exec-10] INFO  c.v.g.c.NotificationGeneralController -getNotificationDetails   method Start
				
2026-08-04 16:10:13 [http-nio-8495-exec-6] INFO  c.v.g.c.NotificationGeneralController -getNotificationDetails   method Start
				
2026-08-04 16:10:13 [http-nio-8495-exec-7] INFO  c.v.g.c.NotificationGeneralController -getNotificationDetails   method Start
				
2026-08-04 16:10:13 [http-nio-8495-exec-3] INFO  c.v.g.c.NotificationGeneralController -getNotificationDetails   method Start
				
2026-08-04 16:10:13 [http-nio-8495-exec-5] INFO  c.v.g.c.NotificationGeneralController -getNotificationDetails   method Start
				
2026-08-04 16:10:14 [http-nio-8495-exec-6] INFO  c.v.p.controller.ProjectController -updateAssyMstResp   method Start
				
2026-08-04 16:10:14 [http-nio-8495-exec-9] INFO  c.v.p.controller.ProjectController -getTimeTrackerByProjectId   method Start
				
2026-08-04 16:10:14 [http-nio-8495-exec-10] INFO  c.v.p.controller.ProjectController -updateDesignHdr   method Start
				
2026-08-04 16:10:14 [http-nio-8495-exec-10] INFO  c.v.p.service.impl.ProjectService -otheremp []
				
2026-08-04 16:10:14 [http-nio-8495-exec-3] INFO  c.v.g.c.NotificationGeneralController -getNotificationDetails   method Start
				
2026-08-04 16:10:14 [http-nio-8495-exec-7] INFO  c.v.g.c.NotificationGeneralController -getNotificationDetails   method Start
				
2026-08-04 16:10:14 [http-nio-8495-exec-5] INFO  c.v.g.c.NotificationGeneralController -getNotificationDetails   method Start
				
2026-08-04 16:10:14 [http-nio-8495-exec-2] INFO  c.v.g.c.NotificationGeneralController -getNotificationDetails   method Start
				
2026-08-04 16:10:14 [http-nio-8495-exec-4] INFO  c.v.g.c.NotificationGeneralController -getNotificationDetails   method Start
				
2026-08-04 16:10:14 [http-nio-8495-exec-8] INFO  c.v.g.c.NotificationGeneralController -getNotificationDetails   method Start
				
2026-08-04 16:10:15 [http-nio-8495-exec-10] INFO  c.v.g.c.NotificationGeneralController -getNotificationDetails   method Start
				
2026-08-04 16:10:28 [http-nio-8495-exec-9] INFO  c.v.g.c.NotificationGeneralController -getNotificationDetails   method Start
				
2026-08-04 16:10:29 [http-nio-8495-exec-2] INFO  c.v.g.services.impl.TileViewService -getProjectTitleView  method start
				
2026-08-04 16:10:29 [http-nio-8495-exec-7] INFO  c.v.s.c.IndentManagementController -getIndentProjectDtlsByDate Controller  method Start
				
2026-08-04 16:10:29 [http-nio-8495-exec-3] INFO  c.v.p.controller.ProjectController -getProjectDtl   method Start
				
2026-08-04 16:10:29 [http-nio-8495-exec-7] INFO  c.v.s.c.IndentManagementController -getIndentProjectDtlsByDate Controller  method end
				
2026-08-04 16:10:29 [http-nio-8495-exec-7] INFO  c.v.g.c.NotificationGeneralController -getNotificationDetails   method Start
				
2026-08-04 16:10:29 [http-nio-8495-exec-2] INFO  c.v.g.c.StageManagementController -getProjectTitleView   method end
				
2026-08-04 16:10:29 [http-nio-8495-exec-5] INFO  c.v.g.c.NotificationGeneralController -getNotificationDetails   method Start
				
2026-08-04 16:10:29 [http-nio-8495-exec-4] INFO  c.v.g.c.NotificationGeneralController -getNotificationDetails   method Start
				
2026-08-04 16:10:30 [http-nio-8495-exec-10] INFO  c.v.p.controller.ProjectController -getProjectDtl   method Start
				
2026-08-04 16:10:30 [http-nio-8495-exec-8] INFO  c.v.p.controller.ProjectController -getProjectDtl   method Start
				
2026-08-04 16:10:30 [http-nio-8495-exec-1] INFO  c.v.g.services.impl.TileViewService -getProjectTitleView  method start
				
2026-08-04 16:10:31 [http-nio-8495-exec-6] INFO  c.v.g.c.NotificationGeneralController -getNotificationDetails   method Start
				
2026-08-04 16:10:31 [http-nio-8495-exec-1] INFO  c.v.g.c.StageManagementController -getProjectTitleView   method end
				
2026-08-04 16:10:31 [http-nio-8495-exec-9] INFO  c.v.g.c.NotificationGeneralController -getNotificationDetails   method Start
				
2026-08-04 16:10:31 [http-nio-8495-exec-2] INFO  c.v.g.c.NotificationGeneralController -getNotificationDetails   method Start
				
2026-08-04 16:10:31 [http-nio-8495-exec-7] INFO  c.v.g.c.NotificationGeneralController -getNotificationDetails   method Start
				
2026-08-04 16:10:31 [http-nio-8495-exec-4] INFO  c.v.p.controller.ProjectController -getProjectDtl   method Start
				
2026-08-04 16:10:31 [http-nio-8495-exec-10] INFO  c.v.p.controller.ProjectController -getTimeLineByPM   method Start
				
2026-08-04 16:10:31 [http-nio-8495-exec-1] INFO  c.v.p.controller.ProjectController -getProjTimePlanDropDown   method Start
				
2026-08-04 16:10:31 [http-nio-8495-exec-8] INFO  c.v.g.c.DepartmentAndEmployeeInfoController -DepartmentAndEmployeeInfoController   method Start
				
2026-08-04 16:10:31 [http-nio-8495-exec-8] INFO  c.v.g.s.i.DepartmentAndEmployeeService -DepartmentAndEmployeeService  method start
				
2026-08-04 16:10:31 [http-nio-8495-exec-3] INFO  c.v.p.controller.ProjectController -getProjectInitiationMstResp   method Start
				
2026-08-04 16:10:31 [http-nio-8495-exec-1] INFO  c.v.p.controller.ProjectController -getLinkStatusByPMId   method Start
				
2026-08-04 16:10:31 [http-nio-8495-exec-4] INFO  c.v.s.c.SalesBudgetSheetController -getKeyCategory   method Start
				
2026-08-04 16:10:31 [http-nio-8495-exec-4] INFO  c.v.s.c.SalesBudgetSheetController -getKeyCategory method End
				
2026-08-04 16:10:31 [http-nio-8495-exec-8] INFO  c.v.g.c.NotificationGeneralController -getNotificationDetails   method Start
				
2026-08-04 16:10:31 [http-nio-8495-exec-3] INFO  c.v.g.c.NotificationGeneralController -getNotificationDetails   method Start
				
2026-08-04 16:10:31 [http-nio-8495-exec-5] INFO  c.v.g.c.NotificationGeneralController -getNotificationDetails   method Start
				
2026-08-04 16:10:31 [http-nio-8495-exec-10] INFO  c.v.g.c.NotificationGeneralController -getNotificationDetails   method Start
				
2026-08-04 16:10:31 [http-nio-8495-exec-4] INFO  c.v.g.c.NotificationGeneralController -getNotificationDetails   method Start
				
2026-08-04 16:10:31 [http-nio-8495-exec-6] INFO  c.v.g.c.NotificationGeneralController -getNotificationDetails   method Start
				
2026-08-04 16:10:31 [http-nio-8495-exec-1] INFO  c.v.g.c.NotificationGeneralController -getNotificationDetails   method Start
				
2026-08-04 16:10:31 [http-nio-8495-exec-9] INFO  c.v.g.c.NotificationGeneralController -getNotificationDetails   method Start
				
2026-08-04 16:10:31 [http-nio-8495-exec-2] INFO  c.v.g.c.NotificationGeneralController -getNotificationDetails   method Start
				
2026-08-04 16:10:31 [http-nio-8495-exec-7] INFO  c.v.g.c.NotificationGeneralController -getNotificationDetails   method Start
				
2026-08-04 16:10:36 [http-nio-8495-exec-4] INFO  c.v.p.controller.ProjectController -getTimeTrackerByProjectId   method Start
				
2026-08-04 16:10:36 [http-nio-8495-exec-6] INFO  c.v.p.controller.ProjectController -updateDesignHdr   method Start
				
2026-08-04 16:10:36 [http-nio-8495-exec-1] INFO  c.v.p.controller.ProjectController -updateAssyMstResp   method Start
				
2026-08-04 16:10:36 [http-nio-8495-exec-6] INFO  c.v.p.service.impl.ProjectService -otheremp []
				
2026-08-04 16:10:36 [http-nio-8495-exec-2] INFO  c.v.g.c.NotificationGeneralController -getNotificationDetails   method Start
				
2026-08-04 16:10:36 [http-nio-8495-exec-9] INFO  c.v.g.c.NotificationGeneralController -getNotificationDetails   method Start
				
2026-08-04 16:10:36 [http-nio-8495-exec-7] INFO  c.v.g.c.NotificationGeneralController -getNotificationDetails   method Start
				
2026-08-04 16:10:36 [http-nio-8495-exec-8] INFO  c.v.g.c.NotificationGeneralController -getNotificationDetails   method Start
				
2026-08-04 16:10:36 [http-nio-8495-exec-4] INFO  c.v.g.c.NotificationGeneralController -getNotificationDetails   method Start
				
2026-08-04 16:10:36 [http-nio-8495-exec-10] INFO  c.v.g.c.NotificationGeneralController -getNotificationDetails   method Start
				
2026-08-04 16:10:37 [http-nio-8495-exec-1] INFO  c.v.g.c.NotificationGeneralController -getNotificationDetails   method Start
				
2026-08-04 16:10:47 [http-nio-8495-exec-3] INFO  c.v.d.c.IndentUploadController -getIndentDtlsByIndentId Controller  method Start
				
2026-08-04 16:10:47 [http-nio-8495-exec-3] INFO  c.v.d.c.IndentUploadController -getIndentDtlsByIndentId Controller  method end
				
2026-08-04 16:10:48 [http-nio-8495-exec-4] INFO  c.v.g.c.NotificationGeneralController -getNotificationDetails   method Start
				
2026-08-04 16:15:32 [Thread-6] INFO  com.zaxxer.hikari.HikariDataSource -HikariPool-1 - Shutdown initiated...
				
2026-08-04 16:15:32 [Thread-6] INFO  com.zaxxer.hikari.HikariDataSource -HikariPool-1 - Shutdown completed.
				
2026-08-04 16:15:32 [restartedMain] INFO  com.vmfg.VMFGApplication -SmartRun Application Started
				
2026-08-04 16:15:33 [restartedMain] INFO  o.s.boot.SpringApplication -

                                ooooooo &&&&&&&&                              
                              oo     oo &.     &                              
                    ooooooo  oo      oo &:     &&                             
                 oo        oooo      oo &&       *&&&&  &&&&&&                
               oo            oo      oo &&                    &&&             
              oo                     oo &&&&&                  &o             
              oo                     oo &&     &&&&&           &              
              oo           ooo       oo &&           &&&       &&             
           ooooo           o:        oo &&              &        &&           
       ooo     *oo       oo          oo &&                        &&&&&&&     
     oo           ooooooo            oo &&                              &&    
    o&                                      &&&&*       &&               &&   
   oo                                            &&       &&              &&  
   o     ooooo                  @     @@    @@     &&:     &&           &&    
  oo ooo       ooo          @@@@@@@@@@@@@@@@@@@@@    &&     &&         &&     
  ooo            oo         @@ @@@ @@@@@@@@@@@  @     &&     &&         &     
  oo               o      @@@@ @@@ @@@@@@@@@@@  @@@    &&     &         &&    
  o&               oo       @@ @@@ @@@@@@@@@@@  @       &     &         &&    
  oo               oo       @@ @@ @ @@@@        @       &&                &&& 
  oo                      @@@@ @@@@@@@@@@@@@@@  @@@:    &&                  &&
  oo                        @@ @@@@@@@@@@@ @@@  @       &&        o&        &&
   o                        @@ @@@@@ @@@  @@@@  @       &         &&        &.
   oo                     @@@@ @@@ @@@@@@@@@@@  @@@@   &          &    .&&&&  
    o         oooo          @@                  @     &.         &&    &&     
    oo    ooo      &oo          @     @@    @@      &&          &&    &&      
     oo oo            oo        @     @     @@    &&           &&    &&       
      ooo              oo                      &&&           &&      &&       
         oooooooo       oo           oo &&&&&&              &&         &      
              oo        oo           oo &&         &      &&           &&     
              o        :o            oo &&  .&&&&&     &&.           &&       
              o       oo             oo &&                    &&&&&&&&        
              oo    ooo              oo &&                  &&                
                oo                   oo &&                &&                  
                  oo        oooo     oo &&                &                   
                     ooooooo  &o     oo &&      &&&       &                   
                                oo   oo && :&&&   .&& &&&*                    
                                   &ooo &&&                                   

==============================================
SmartRun Product by SmartRun Tech. All rights reserved.
==============================================
Application Version : 2.6.7
Application Title : SmartRun MES
Contact : support@smartruntech.com
==============================================

				
2026-08-04 16:15:33 [restartedMain] INFO  com.vmfg.VMFGApplication -Starting VMFGApplication using Java 1.8.0_482 on Peachs-Mac-mini.local with PID 7458 (/Users/peach/Spring_Boot_Projects/bgr/OneDrive_1_4-15-2026/BGR-SOURCE_CODE-sandbox/SmartRun_ProjectManagement_Java/SR_Management/target/classes started by peach in /Users/peach/Spring_Boot_Projects/bgr/OneDrive_1_4-15-2026/BGR-SOURCE_CODE-sandbox/SmartRun_ProjectManagement_Java/SR_Management)
				
2026-08-04 16:15:33 [restartedMain] INFO  com.vmfg.VMFGApplication -The following 1 profile is active: "dev"
				
2026-08-04 16:15:33 [restartedMain] INFO  o.s.d.r.c.RepositoryConfigurationDelegate -Bootstrapping Spring Data JDBC repositories in DEFAULT mode.
				
2026-08-04 16:15:33 [restartedMain] INFO  o.s.d.r.c.RepositoryConfigurationDelegate -Finished Spring Data repository scanning in 10 ms. Found 0 JDBC repository interfaces.
				
2026-08-04 16:15:34 [restartedMain] INFO  o.s.b.w.e.tomcat.TomcatWebServer -Tomcat initialized with port(s): 8495 (http)
				
2026-08-04 16:15:34 [restartedMain] INFO  o.a.coyote.http11.Http11NioProtocol -Initializing ProtocolHandler ["http-nio-8495"]
				
2026-08-04 16:15:34 [restartedMain] INFO  o.a.catalina.core.StandardService -Starting service [Tomcat]
				
2026-08-04 16:15:34 [restartedMain] INFO  o.a.catalina.core.StandardEngine -Starting Servlet engine: [Apache Tomcat/9.0.63]
				
2026-08-04 16:15:34 [restartedMain] INFO  o.a.c.c.C.[.[localhost].[/smartrun] -Initializing Spring embedded WebApplicationContext
				
2026-08-04 16:15:34 [restartedMain] INFO  o.s.b.w.s.c.ServletWebServerApplicationContext -Root WebApplicationContext: initialization completed in 1143 ms
				
2026-08-04 16:15:34 [restartedMain] INFO  s.d.s.w.PropertySourcedRequestMappingHandlerMapping -Mapped URL path [/v2/api-docs] onto method [springfox.documentation.swagger2.web.Swagger2Controller#getDocumentation(String, HttpServletRequest)]
				
2026-08-04 16:15:34 [restartedMain] INFO  o.s.b.d.a.OptionalLiveReloadServer -LiveReload server is running on port 35729
				
2026-08-04 16:15:34 [restartedMain] INFO  com.zaxxer.hikari.HikariDataSource -HikariPool-2 - Starting...
				
2026-08-04 16:15:34 [restartedMain] INFO  com.zaxxer.hikari.HikariDataSource -HikariPool-2 - Start completed.
				
2026-08-04 16:15:35 [restartedMain] WARN  o.s.b.a.s.s.UserDetailsServiceAutoConfiguration -

Using generated security password: 0c228caa-c4ef-4426-8488-319cea7099f6

This generated password is for development use only. Your security configuration must be updated before running your application in production.

				
2026-08-04 16:15:35 [restartedMain] INFO  o.s.s.web.DefaultSecurityFilterChain -Will secure any request with [org.springframework.security.web.session.DisableEncodeUrlFilter@12c8ee1b, org.springframework.security.web.context.request.async.WebAsyncManagerIntegrationFilter@7448899d, org.springframework.security.web.context.SecurityContextPersistenceFilter@7927815d, org.springframework.security.web.header.HeaderWriterFilter@68d5798c, org.springframework.security.web.csrf.CsrfFilter@19780c31, org.springframework.security.web.authentication.logout.LogoutFilter@70b87cdf, org.springframework.security.web.authentication.UsernamePasswordAuthenticationFilter@45802196, org.springframework.security.web.authentication.ui.DefaultLoginPageGeneratingFilter@7c4cccd, org.springframework.security.web.authentication.ui.DefaultLogoutPageGeneratingFilter@df93e6f, org.springframework.security.web.authentication.www.BasicAuthenticationFilter@5c44a18a, org.springframework.security.web.savedrequest.RequestCacheAwareFilter@5adc79f1, org.springframework.security.web.servletapi.SecurityContextHolderAwareRequestFilter@1986623f, org.springframework.security.web.authentication.AnonymousAuthenticationFilter@31ede05c, org.springframework.security.web.session.SessionManagementFilter@3195f923, org.springframework.security.web.access.ExceptionTranslationFilter@2fe19727, org.springframework.security.web.access.intercept.FilterSecurityInterceptor@27f64ef5]
				
2026-08-04 16:15:35 [restartedMain] INFO  o.a.coyote.http11.Http11NioProtocol -Starting ProtocolHandler ["http-nio-8495"]
				
2026-08-04 16:15:35 [restartedMain] INFO  o.s.b.w.e.tomcat.TomcatWebServer -Tomcat started on port(s): 8495 (http) with context path '/smartrun'
				
2026-08-04 16:15:35 [restartedMain] INFO  s.d.s.w.p.DocumentationPluginsBootstrapper -Context refreshed
				
2026-08-04 16:15:35 [restartedMain] INFO  s.d.s.w.p.DocumentationPluginsBootstrapper -Found 1 custom documentation plugin(s)
				
2026-08-04 16:15:35 [restartedMain] INFO  s.d.s.w.s.ApiListingReferenceScanner -Scanning for api listing references
				
2026-08-04 16:15:35 [restartedMain] INFO  com.vmfg.VMFGApplication -Started VMFGApplication in 2.729 seconds (JVM running for 421.385)
				
2026-08-04 16:15:35 [restartedMain] INFO  o.s.b.d.a.ConditionEvaluationDeltaLoggingListener -Condition evaluation delta:


==========================
CONDITION EVALUATION DELTA
==========================


Positive matches:
-----------------

   SpringBootWebSecurityConfiguration.SecurityFilterChainConfiguration matched:
      - AllNestedConditions 2 matched 0 did not; NestedCondition on DefaultWebSecurityCondition.Beans @ConditionalOnMissingBean (types: org.springframework.security.config.annotation.web.configuration.WebSecurityConfigurerAdapter,org.springframework.security.web.SecurityFilterChain; SearchStrategy: all) did not find any beans; NestedCondition on DefaultWebSecurityCondition.Classes @ConditionalOnClass found required classes 'org.springframework.security.web.SecurityFilterChain', 'org.springframework.security.config.annotation.web.builders.HttpSecurity' (DefaultWebSecurityCondition)

   SpringBootWebSecurityConfiguration.WebSecurityEnablerConfiguration matched:
      - @ConditionalOnClass found required class 'org.springframework.security.config.annotation.web.configuration.EnableWebSecurity' (OnClassCondition)
      - @ConditionalOnMissingBean (names: springSecurityFilterChain; SearchStrategy: all) did not find any beans (OnBeanCondition)

   UserDetailsServiceAutoConfiguration matched:
      - @ConditionalOnClass found required class 'org.springframework.security.authentication.AuthenticationManager' (OnClassCondition)
      - @ConditionalOnBean (types: org.springframework.security.config.annotation.ObjectPostProcessor; SearchStrategy: all) found bean 'objectPostProcessor'; @ConditionalOnMissingBean (types: org.springframework.security.authentication.AuthenticationManager,org.springframework.security.authentication.AuthenticationProvider,org.springframework.security.core.userdetails.UserDetailsService,org.springframework.security.authentication.AuthenticationManagerResolver,org.springframework.security.oauth2.jwt.JwtDecoder,org.springframework.security.oauth2.server.resource.introspection.OpaqueTokenIntrospector,org.springframework.security.oauth2.client.registration.ClientRegistrationRepository,org.springframework.security.saml2.provider.service.registration.RelyingPartyRegistrationRepository; SearchStrategy: all) did not find any beans (OnBeanCondition)


Negative matches:
-----------------

    None


Exclusions:
-----------

    None


Unconditional classes:
----------------------

    None



				
2026-08-04 16:15:52 [Thread-9] INFO  com.zaxxer.hikari.HikariDataSource -HikariPool-2 - Shutdown initiated...
				
2026-08-04 16:15:52 [Thread-9] INFO  com.zaxxer.hikari.HikariDataSource -HikariPool-2 - Shutdown completed.
				
2026-08-04 16:15:52 [restartedMain] INFO  com.vmfg.VMFGApplication -SmartRun Application Started
				
2026-08-04 16:15:52 [restartedMain] INFO  o.s.boot.SpringApplication -

                                ooooooo &&&&&&&&                              
                              oo     oo &.     &                              
                    ooooooo  oo      oo &:     &&                             
                 oo        oooo      oo &&       *&&&&  &&&&&&                
               oo            oo      oo &&                    &&&             
              oo                     oo &&&&&                  &o             
              oo                     oo &&     &&&&&           &              
              oo           ooo       oo &&           &&&       &&             
           ooooo           o:        oo &&              &        &&           
       ooo     *oo       oo          oo &&                        &&&&&&&     
     oo           ooooooo            oo &&                              &&    
    o&                                      &&&&*       &&               &&   
   oo                                            &&       &&              &&  
   o     ooooo                  @     @@    @@     &&:     &&           &&    
  oo ooo       ooo          @@@@@@@@@@@@@@@@@@@@@    &&     &&         &&     
  ooo            oo         @@ @@@ @@@@@@@@@@@  @     &&     &&         &     
  oo               o      @@@@ @@@ @@@@@@@@@@@  @@@    &&     &         &&    
  o&               oo       @@ @@@ @@@@@@@@@@@  @       &     &         &&    
  oo               oo       @@ @@ @ @@@@        @       &&                &&& 
  oo                      @@@@ @@@@@@@@@@@@@@@  @@@:    &&                  &&
  oo                        @@ @@@@@@@@@@@ @@@  @       &&        o&        &&
   o                        @@ @@@@@ @@@  @@@@  @       &         &&        &.
   oo                     @@@@ @@@ @@@@@@@@@@@  @@@@   &          &    .&&&&  
    o         oooo          @@                  @     &.         &&    &&     
    oo    ooo      &oo          @     @@    @@      &&          &&    &&      
     oo oo            oo        @     @     @@    &&           &&    &&       
      ooo              oo                      &&&           &&      &&       
         oooooooo       oo           oo &&&&&&              &&         &      
              oo        oo           oo &&         &      &&           &&     
              o        :o            oo &&  .&&&&&     &&.           &&       
              o       oo             oo &&                    &&&&&&&&        
              oo    ooo              oo &&                  &&                
                oo                   oo &&                &&                  
                  oo        oooo     oo &&                &                   
                     ooooooo  &o     oo &&      &&&       &                   
                                oo   oo && :&&&   .&& &&&*                    
                                   &ooo &&&                                   

==============================================
SmartRun Product by SmartRun Tech. All rights reserved.
==============================================
Application Version : 2.6.7
Application Title : SmartRun MES
Contact : support@smartruntech.com
==============================================

				
2026-08-04 16:15:52 [restartedMain] INFO  com.vmfg.VMFGApplication -Starting VMFGApplication using Java 1.8.0_482 on Peachs-Mac-mini.local with PID 7458 (/Users/peach/Spring_Boot_Projects/bgr/OneDrive_1_4-15-2026/BGR-SOURCE_CODE-sandbox/SmartRun_ProjectManagement_Java/SR_Management/target/classes started by peach in /Users/peach/Spring_Boot_Projects/bgr/OneDrive_1_4-15-2026/BGR-SOURCE_CODE-sandbox/SmartRun_ProjectManagement_Java/SR_Management)
				
2026-08-04 16:15:52 [restartedMain] INFO  com.vmfg.VMFGApplication -The following 1 profile is active: "dev"
				
2026-08-04 16:15:53 [restartedMain] INFO  o.s.d.r.c.RepositoryConfigurationDelegate -Bootstrapping Spring Data JDBC repositories in DEFAULT mode.
				
2026-08-04 16:15:53 [restartedMain] INFO  o.s.d.r.c.RepositoryConfigurationDelegate -Finished Spring Data repository scanning in 48 ms. Found 0 JDBC repository interfaces.
				
2026-08-04 16:15:53 [restartedMain] INFO  o.s.b.w.e.tomcat.TomcatWebServer -Tomcat initialized with port(s): 8495 (http)
				
2026-08-04 16:15:53 [restartedMain] INFO  o.a.coyote.http11.Http11NioProtocol -Initializing ProtocolHandler ["http-nio-8495"]
				
2026-08-04 16:15:53 [restartedMain] INFO  o.a.catalina.core.StandardService -Starting service [Tomcat]
				
2026-08-04 16:15:53 [restartedMain] INFO  o.a.catalina.core.StandardEngine -Starting Servlet engine: [Apache Tomcat/9.0.63]
				
2026-08-04 16:15:53 [restartedMain] INFO  o.a.c.c.C.[.[localhost].[/smartrun] -Initializing Spring embedded WebApplicationContext
				
2026-08-04 16:15:53 [restartedMain] INFO  o.s.b.w.s.c.ServletWebServerApplicationContext -Root WebApplicationContext: initialization completed in 878 ms
				
2026-08-04 16:15:54 [restartedMain] INFO  s.d.s.w.PropertySourcedRequestMappingHandlerMapping -Mapped URL path [/v2/api-docs] onto method [springfox.documentation.swagger2.web.Swagger2Controller#getDocumentation(String, HttpServletRequest)]
				
2026-08-04 16:15:54 [restartedMain] INFO  o.s.s.web.DefaultSecurityFilterChain -Will secure any request with [org.springframework.security.web.session.DisableEncodeUrlFilter@4f56e780, org.springframework.security.web.context.request.async.WebAsyncManagerIntegrationFilter@5bbf44fe, org.springframework.security.web.context.SecurityContextPersistenceFilter@2a2df98e, org.springframework.security.web.header.HeaderWriterFilter@355a2503, org.springframework.web.filter.CorsFilter@bc90815, org.springframework.security.web.authentication.logout.LogoutFilter@420d4e7e, com.vmfg.security.config.JwtRequestFilter@95185b2, org.springframework.security.web.savedrequest.RequestCacheAwareFilter@13445014, org.springframework.security.web.servletapi.SecurityContextHolderAwareRequestFilter@77520d42, org.springframework.security.web.authentication.AnonymousAuthenticationFilter@6b2743d0, org.springframework.security.web.session.SessionManagementFilter@2ffbfe1a, org.springframework.security.web.access.ExceptionTranslationFilter@32f17433, org.springframework.security.web.access.intercept.FilterSecurityInterceptor@2c2984f8]
				
2026-08-04 16:15:54 [restartedMain] INFO  o.s.b.d.a.OptionalLiveReloadServer -LiveReload server is running on port 35729
				
2026-08-04 16:15:54 [restartedMain] INFO  com.zaxxer.hikari.HikariDataSource -HikariPool-3 - Starting...
				
2026-08-04 16:15:54 [restartedMain] INFO  com.zaxxer.hikari.HikariDataSource -HikariPool-3 - Start completed.
				
2026-08-04 16:15:54 [restartedMain] INFO  o.a.coyote.http11.Http11NioProtocol -Starting ProtocolHandler ["http-nio-8495"]
				
2026-08-04 16:15:54 [restartedMain] INFO  o.s.b.w.e.tomcat.TomcatWebServer -Tomcat started on port(s): 8495 (http) with context path '/smartrun'
				
2026-08-04 16:15:54 [restartedMain] INFO  s.d.s.w.p.DocumentationPluginsBootstrapper -Context refreshed
				
2026-08-04 16:15:54 [restartedMain] INFO  s.d.s.w.p.DocumentationPluginsBootstrapper -Found 1 custom documentation plugin(s)
				
2026-08-04 16:15:54 [restartedMain] INFO  s.d.s.w.s.ApiListingReferenceScanner -Scanning for api listing references
				
2026-08-04 16:15:55 [restartedMain] INFO  s.d.s.w.r.o.CachingOperationNameGenerator -Generating unique operation named: insertOrUpdateSalesBudgetSheetHdrAndDtlUsingPOST_1
				
2026-08-04 16:15:55 [restartedMain] INFO  s.d.s.w.r.o.CachingOperationNameGenerator -Generating unique operation named: getVendorDetailHdrViewUsingPOST_1
				
2026-08-04 16:15:55 [restartedMain] INFO  s.d.s.w.r.o.CachingOperationNameGenerator -Generating unique operation named: updateUserRoleMappingUsingPOST_1
				
2026-08-04 16:15:55 [restartedMain] INFO  com.vmfg.VMFGApplication -Started VMFGApplication in 3.297 seconds (JVM running for 441.53)
				
2026-08-04 16:15:55 [restartedMain] INFO  c.v.config.DevFlywayMigrationRunner -Running Flyway migrations against sandbox datasource
				
2026-08-04 16:15:55 [restartedMain] INFO  org.flywaydb.core.FlywayExecutor -Database: jdbc:mysql://localhost:3306/smartrun_bgr_sandbox (MySQL 9.6)
				
2026-08-04 16:15:55 [restartedMain] WARN  o.f.c.i.database.base.Database -Flyway upgrade recommended: MySQL 9.6 is newer than this version of Flyway and support has not been tested. The latest supported version of MySQL is 8.0.
				
2026-08-04 16:15:55 [restartedMain] INFO  o.f.core.internal.command.DbValidate -Successfully validated 4 migrations (execution time 00:00.020s)
				
2026-08-04 16:15:55 [restartedMain] INFO  o.f.core.internal.command.DbMigrate -Current version of schema `smartrun_bgr_sandbox`: 3
				
2026-08-04 16:15:55 [restartedMain] INFO  o.f.core.internal.command.DbMigrate -Schema `smartrun_bgr_sandbox` is up to date. No migration necessary.
				
2026-08-04 16:15:55 [restartedMain] INFO  o.s.b.d.a.ConditionEvaluationDeltaLoggingListener -Condition evaluation delta:


==========================
CONDITION EVALUATION DELTA
==========================


Positive matches:
-----------------

    None


Negative matches:
-----------------

   SpringBootWebSecurityConfiguration.SecurityFilterChainConfiguration:
      Did not match:
         - AllNestedConditions 1 matched 1 did not; NestedCondition on DefaultWebSecurityCondition.Beans @ConditionalOnMissingBean (types: org.springframework.security.config.annotation.web.configuration.WebSecurityConfigurerAdapter,org.springframework.security.web.SecurityFilterChain; SearchStrategy: all) found beans of type 'org.springframework.security.web.SecurityFilterChain' filterChain; NestedCondition on DefaultWebSecurityCondition.Classes @ConditionalOnClass found required classes 'org.springframework.security.web.SecurityFilterChain', 'org.springframework.security.config.annotation.web.builders.HttpSecurity' (DefaultWebSecurityCondition)

   SpringBootWebSecurityConfiguration.WebSecurityEnablerConfiguration:
      Did not match:
         - @ConditionalOnMissingBean (names: springSecurityFilterChain; SearchStrategy: all) found beans named springSecurityFilterChain (OnBeanCondition)
      Matched:
         - @ConditionalOnClass found required class 'org.springframework.security.config.annotation.web.configuration.EnableWebSecurity' (OnClassCondition)

   UserDetailsServiceAutoConfiguration:
      Did not match:
         - @ConditionalOnMissingBean (types: org.springframework.security.authentication.AuthenticationManager,org.springframework.security.authentication.AuthenticationProvider,org.springframework.security.core.userdetails.UserDetailsService,org.springframework.security.authentication.AuthenticationManagerResolver,org.springframework.security.oauth2.jwt.JwtDecoder,org.springframework.security.oauth2.server.resource.introspection.OpaqueTokenIntrospector,org.springframework.security.oauth2.client.registration.ClientRegistrationRepository,org.springframework.security.saml2.provider.service.registration.RelyingPartyRegistrationRepository; SearchStrategy: all) found beans of type 'org.springframework.security.authentication.AuthenticationManager' authenticationManager and found beans of type 'org.springframework.security.core.userdetails.UserDetailsService' userLoginDAO (OnBeanCondition)
      Matched:
         - @ConditionalOnClass found required class 'org.springframework.security.authentication.AuthenticationManager' (OnClassCondition)


Exclusions:
-----------

    None


Unconditional classes:
----------------------

    None



				
2026-08-04 16:16:07 [http-nio-8495-exec-3] INFO  o.a.c.c.C.[.[localhost].[/smartrun] -Initializing Spring DispatcherServlet 'dispatcherServlet'
				
2026-08-04 16:16:07 [http-nio-8495-exec-3] INFO  o.s.web.servlet.DispatcherServlet -Initializing Servlet 'dispatcherServlet'
				
2026-08-04 16:16:07 [http-nio-8495-exec-3] INFO  o.s.web.servlet.DispatcherServlet -Completed initialization in 2 ms
				
2026-08-04 16:16:07 [http-nio-8495-exec-6] INFO  c.v.g.c.NotificationGeneralController -getNotificationDetails   method Start
				
2026-08-04 16:16:07 [http-nio-8495-exec-9] INFO  c.v.p.controller.ProjectController -getTimeLineByPM   method Start
				
2026-08-04 16:16:07 [http-nio-8495-exec-5] INFO  c.v.g.c.NotificationGeneralController -getNotificationDetails   method Start
				
2026-08-04 16:16:07 [http-nio-8495-exec-8] INFO  c.v.p.controller.ProjectController -getProjectDtl   method Start
				
2026-08-04 16:16:07 [http-nio-8495-exec-4] INFO  c.v.g.c.NotificationGeneralController -getNotificationDetails   method Start
				
2026-08-04 16:16:07 [http-nio-8495-exec-9] INFO  c.v.p.controller.ProjectController -getProjTimePlanDropDown   method Start
				
2026-08-04 16:16:07 [http-nio-8495-exec-10] INFO  c.v.g.c.DepartmentAndEmployeeInfoController -DepartmentAndEmployeeInfoController   method Start
				
2026-08-04 16:16:07 [http-nio-8495-exec-10] INFO  c.v.g.s.i.DepartmentAndEmployeeService -DepartmentAndEmployeeService  method start
				
2026-08-04 16:16:07 [http-nio-8495-exec-9] INFO  c.v.p.controller.ProjectController -getProjectInitiationMstResp   method Start
				
2026-08-04 16:16:07 [http-nio-8495-exec-10] INFO  c.v.p.controller.ProjectController -getLinkStatusByPMId   method Start
				
2026-08-04 16:16:07 [http-nio-8495-exec-9] INFO  c.v.s.c.SalesBudgetSheetController -getKeyCategory   method Start
				
2026-08-04 16:16:07 [http-nio-8495-exec-9] INFO  c.v.s.c.SalesBudgetSheetController -getKeyCategory method End
				
2026-08-04 16:16:07 [http-nio-8495-exec-9] INFO  c.v.g.c.NotificationGeneralController -getNotificationDetails   method Start
				
2026-08-04 16:16:07 [http-nio-8495-exec-8] INFO  c.v.g.c.NotificationGeneralController -getNotificationDetails   method Start
				
2026-08-04 16:16:08 [http-nio-8495-exec-10] INFO  c.v.g.c.NotificationGeneralController -getNotificationDetails   method Start
				
2026-08-04 16:16:08 [http-nio-8495-exec-3] INFO  c.v.g.c.NotificationGeneralController -getNotificationDetails   method Start
				
2026-08-04 16:16:08 [http-nio-8495-exec-9] INFO  c.v.g.c.NotificationGeneralController -getNotificationDetails   method Start
				
2026-08-04 16:16:08 [http-nio-8495-exec-5] INFO  c.v.g.c.NotificationGeneralController -getNotificationDetails   method Start
				
2026-08-04 16:16:08 [http-nio-8495-exec-1] INFO  c.v.g.c.NotificationGeneralController -getNotificationDetails   method Start
				
2026-08-04 16:16:08 [http-nio-8495-exec-2] INFO  c.v.g.c.NotificationGeneralController -getNotificationDetails   method Start
				
2026-08-04 16:16:08 [http-nio-8495-exec-10] INFO  c.v.g.c.NotificationGeneralController -getNotificationDetails   method Start
				
2026-08-04 16:16:08 [http-nio-8495-exec-5] INFO  c.v.g.c.NotificationGeneralController -getNotificationDetails   method Start
				
2026-08-04 16:17:51 [SpringApplicationShutdownHook] INFO  com.zaxxer.hikari.HikariDataSource -HikariPool-3 - Shutdown initiated...
				
2026-08-04 16:17:51 [SpringApplicationShutdownHook] INFO  com.zaxxer.hikari.HikariDataSource -HikariPool-3 - Shutdown completed.
				
2026-08-04 16:17:58 [background-preinit] INFO  o.h.validator.internal.util.Version -HV000001: Hibernate Validator 6.2.3.Final
				
2026-08-04 16:17:59 [restartedMain] INFO  o.s.boot.SpringApplication -

                                ooooooo &&&&&&&&                              
                              oo     oo &.     &                              
                    ooooooo  oo      oo &:     &&                             
                 oo        oooo      oo &&       *&&&&  &&&&&&                
               oo            oo      oo &&                    &&&             
              oo                     oo &&&&&                  &o             
              oo                     oo &&     &&&&&           &              
              oo           ooo       oo &&           &&&       &&             
           ooooo           o:        oo &&              &        &&           
       ooo     *oo       oo          oo &&                        &&&&&&&     
     oo           ooooooo            oo &&                              &&    
    o&                                      &&&&*       &&               &&   
   oo                                            &&       &&              &&  
   o     ooooo                  @     @@    @@     &&:     &&           &&    
  oo ooo       ooo          @@@@@@@@@@@@@@@@@@@@@    &&     &&         &&     
  ooo            oo         @@ @@@ @@@@@@@@@@@  @     &&     &&         &     
  oo               o      @@@@ @@@ @@@@@@@@@@@  @@@    &&     &         &&    
  o&               oo       @@ @@@ @@@@@@@@@@@  @       &     &         &&    
  oo               oo       @@ @@ @ @@@@        @       &&                &&& 
  oo                      @@@@ @@@@@@@@@@@@@@@  @@@:    &&                  &&
  oo                        @@ @@@@@@@@@@@ @@@  @       &&        o&        &&
   o                        @@ @@@@@ @@@  @@@@  @       &         &&        &.
   oo                     @@@@ @@@ @@@@@@@@@@@  @@@@   &          &    .&&&&  
    o         oooo          @@                  @     &.         &&    &&     
    oo    ooo      &oo          @     @@    @@      &&          &&    &&      
     oo oo            oo        @     @     @@    &&           &&    &&       
      ooo              oo                      &&&           &&      &&       
         oooooooo       oo           oo &&&&&&              &&         &      
              oo        oo           oo &&         &      &&           &&     
              o        :o            oo &&  .&&&&&     &&.           &&       
              o       oo             oo &&                    &&&&&&&&        
              oo    ooo              oo &&                  &&                
                oo                   oo &&                &&                  
                  oo        oooo     oo &&                &                   
                     ooooooo  &o     oo &&      &&&       &                   
                                oo   oo && :&&&   .&& &&&*                    
                                   &ooo &&&                                   

==============================================
SmartRun Product by SmartRun Tech. All rights reserved.
==============================================
Application Version : 2.6.7
Application Title : SmartRun MES
Contact : support@smartruntech.com
==============================================

				
2026-08-04 16:17:59 [restartedMain] INFO  com.vmfg.VMFGApplication -Starting VMFGApplication using Java 1.8.0_482 on Peachs-Mac-mini.local with PID 7724 (/Users/peach/Spring_Boot_Projects/bgr/OneDrive_1_4-15-2026/BGR-SOURCE_CODE-sandbox/SmartRun_ProjectManagement_Java/SR_Management/target/classes started by peach in /Users/peach/Spring_Boot_Projects/bgr/OneDrive_1_4-15-2026/BGR-SOURCE_CODE-sandbox/SmartRun_ProjectManagement_Java/SR_Management)
				
2026-08-04 16:17:59 [restartedMain] INFO  com.vmfg.VMFGApplication -The following 1 profile is active: "dev"
				
2026-08-04 16:17:59 [restartedMain] INFO  o.s.b.d.e.DevToolsPropertyDefaultsPostProcessor -Devtools property defaults active! Set 'spring.devtools.add-properties' to 'false' to disable
				
2026-08-04 16:17:59 [restartedMain] INFO  o.s.b.d.e.DevToolsPropertyDefaultsPostProcessor -For additional web related logging consider setting the 'logging.level.web' property to 'DEBUG'
				
2026-08-04 16:18:01 [restartedMain] INFO  o.s.d.r.c.RepositoryConfigurationDelegate -Bootstrapping Spring Data JDBC repositories in DEFAULT mode.
				
2026-08-04 16:18:01 [restartedMain] INFO  o.s.d.r.c.RepositoryConfigurationDelegate -Finished Spring Data repository scanning in 105 ms. Found 0 JDBC repository interfaces.
				
2026-08-04 16:18:03 [restartedMain] INFO  o.s.b.w.e.tomcat.TomcatWebServer -Tomcat initialized with port(s): 8495 (http)
				
2026-08-04 16:18:03 [restartedMain] INFO  o.a.coyote.http11.Http11NioProtocol -Initializing ProtocolHandler ["http-nio-8495"]
				
2026-08-04 16:18:03 [restartedMain] INFO  o.a.catalina.core.StandardService -Starting service [Tomcat]
				
2026-08-04 16:18:03 [restartedMain] INFO  o.a.catalina.core.StandardEngine -Starting Servlet engine: [Apache Tomcat/9.0.63]
				
2026-08-04 16:18:03 [restartedMain] INFO  o.a.c.c.C.[.[localhost].[/smartrun] -Initializing Spring embedded WebApplicationContext
				
2026-08-04 16:18:03 [restartedMain] INFO  o.s.b.w.s.c.ServletWebServerApplicationContext -Root WebApplicationContext: initialization completed in 3610 ms
				
2026-08-04 16:18:06 [restartedMain] INFO  s.d.s.w.PropertySourcedRequestMappingHandlerMapping -Mapped URL path [/v2/api-docs] onto method [springfox.documentation.swagger2.web.Swagger2Controller#getDocumentation(String, HttpServletRequest)]
				
2026-08-04 16:18:06 [restartedMain] INFO  o.s.s.web.DefaultSecurityFilterChain -Will secure any request with [org.springframework.security.web.session.DisableEncodeUrlFilter@1070c591, org.springframework.security.web.context.request.async.WebAsyncManagerIntegrationFilter@63e294a1, org.springframework.security.web.context.SecurityContextPersistenceFilter@37c94621, org.springframework.security.web.header.HeaderWriterFilter@3cd27d40, org.springframework.web.filter.CorsFilter@63999a1d, org.springframework.security.web.authentication.logout.LogoutFilter@3f0177fd, com.vmfg.security.config.JwtRequestFilter@7be0bc35, org.springframework.security.web.savedrequest.RequestCacheAwareFilter@57d5a8d8, org.springframework.security.web.servletapi.SecurityContextHolderAwareRequestFilter@f5fbcda, org.springframework.security.web.authentication.AnonymousAuthenticationFilter@315fe0a3, org.springframework.security.web.session.SessionManagementFilter@3fa043b4, org.springframework.security.web.access.ExceptionTranslationFilter@79663ae, org.springframework.security.web.access.intercept.FilterSecurityInterceptor@5bb60d5d]
				
2026-08-04 16:18:07 [restartedMain] INFO  o.s.b.d.a.OptionalLiveReloadServer -LiveReload server is running on port 35729
				
2026-08-04 16:18:07 [restartedMain] INFO  com.zaxxer.hikari.HikariDataSource -HikariPool-1 - Starting...
				
2026-08-04 16:18:07 [restartedMain] INFO  com.zaxxer.hikari.HikariDataSource -HikariPool-1 - Start completed.
				
2026-08-04 16:18:08 [restartedMain] INFO  o.a.coyote.http11.Http11NioProtocol -Starting ProtocolHandler ["http-nio-8495"]
				
2026-08-04 16:18:08 [restartedMain] INFO  o.s.b.w.e.tomcat.TomcatWebServer -Tomcat started on port(s): 8495 (http) with context path '/smartrun'
				
2026-08-04 16:18:08 [restartedMain] INFO  s.d.s.w.p.DocumentationPluginsBootstrapper -Context refreshed
				
2026-08-04 16:18:08 [restartedMain] INFO  s.d.s.w.p.DocumentationPluginsBootstrapper -Found 1 custom documentation plugin(s)
				
2026-08-04 16:18:08 [restartedMain] INFO  s.d.s.w.s.ApiListingReferenceScanner -Scanning for api listing references
				
2026-08-04 16:18:09 [restartedMain] INFO  s.d.s.w.r.o.CachingOperationNameGenerator -Generating unique operation named: insertOrUpdateSalesBudgetSheetHdrAndDtlUsingPOST_1
				
2026-08-04 16:18:09 [restartedMain] INFO  s.d.s.w.r.o.CachingOperationNameGenerator -Generating unique operation named: getVendorDetailHdrViewUsingPOST_1
				
2026-08-04 16:18:09 [restartedMain] INFO  s.d.s.w.r.o.CachingOperationNameGenerator -Generating unique operation named: updateUserRoleMappingUsingPOST_1
				
2026-08-04 16:18:10 [restartedMain] INFO  com.vmfg.VMFGApplication -Started VMFGApplication in 11.796 seconds (JVM running for 12.547)
				
2026-08-04 16:18:10 [restartedMain] INFO  c.v.config.DevFlywayMigrationRunner -Running Flyway migrations against sandbox datasource
				
2026-08-04 16:18:10 [restartedMain] INFO  o.f.c.i.license.VersionPrinter -Flyway Community Edition 9.22.3 by Redgate
				
2026-08-04 16:18:10 [restartedMain] INFO  o.f.c.i.license.VersionPrinter -See release notes here: https://rd.gt/416ObMi
				
2026-08-04 16:18:10 [restartedMain] INFO  o.f.c.i.license.VersionPrinter -
				
2026-08-04 16:18:10 [restartedMain] INFO  org.flywaydb.core.FlywayExecutor -Database: jdbc:mysql://localhost:3306/smartrun_bgr_sandbox (MySQL 9.6)
				
2026-08-04 16:18:10 [restartedMain] WARN  o.f.c.i.database.base.Database -Flyway upgrade recommended: MySQL 9.6 is newer than this version of Flyway and support has not been tested. The latest supported version of MySQL is 8.0.
				
2026-08-04 16:18:10 [restartedMain] INFO  o.f.core.internal.command.DbValidate -Successfully validated 4 migrations (execution time 00:00.024s)
				
2026-08-04 16:18:10 [restartedMain] INFO  o.f.core.internal.command.DbMigrate -Current version of schema `smartrun_bgr_sandbox`: 3
				
2026-08-04 16:18:10 [restartedMain] INFO  o.f.core.internal.command.DbMigrate -Schema `smartrun_bgr_sandbox` is up to date. No migration necessary.
				
2026-08-04 16:18:10 [main] ERROR com.vmfg.VMFGApplication -SmartRun Application Start Exception--->org.springframework.boot.devtools.restart.SilentExitExceptionHandler$SilentExitException
				
2026-08-04 16:18:26 [http-nio-8495-exec-3] INFO  o.a.c.c.C.[.[localhost].[/smartrun] -Initializing Spring DispatcherServlet 'dispatcherServlet'
				
2026-08-04 16:18:26 [http-nio-8495-exec-3] INFO  o.s.web.servlet.DispatcherServlet -Initializing Servlet 'dispatcherServlet'
				
2026-08-04 16:18:26 [http-nio-8495-exec-3] INFO  o.s.web.servlet.DispatcherServlet -Completed initialization in 5 ms
				
2026-08-04 16:18:26 [http-nio-8495-exec-3] ERROR com.vmfg.util.GetPropertyValue -getTenantPropertyVal Method Exception|||org.springframework.dao.EmptyResultDataAccessException: Incorrect result size: expected 1, actual 0
				
2026-08-04 16:18:26 [http-nio-8495-exec-3] ERROR com.vmfg.util.GetPropertyValue -getTenantPropertyVal Method Exception|||org.springframework.dao.IncorrectResultSizeDataAccessException: Incorrect result size: expected 1, actual 2
				
2026-08-04 16:18:26 [http-nio-8495-exec-3] ERROR com.vmfg.util.GetPropertyValue -getTenantPropertyValByTenantId Method Exception|||org.springframework.dao.EmptyResultDataAccessException: Incorrect result size: expected 1, actual 0
				
2026-08-04 16:18:26 [http-nio-8495-exec-3] INFO  com.vmfg.util.CommonBase64Class -CommonBase64Class getBasesBinary method Start
				
2026-08-04 16:18:26 [http-nio-8495-exec-3] ERROR com.vmfg.util.CommonBase64Class -CommonBase64Class getBasesBinary Method FileNotFoundException---->java.io.FileNotFoundException:  (No such file or directory)
				
2026-08-04 16:18:26 [http-nio-8495-exec-3] ERROR c.v.authentication.UserLoginService -getImageUrl DAO Method Exceptionjava.lang.NullPointerException
				
2026-08-04 16:18:26 [http-nio-8495-exec-2] INFO  c.v.g.c.NotificationGeneralController -getNotificationDetails   method Start
				
2026-08-04 16:18:42 [http-nio-8495-exec-1] ERROR com.vmfg.util.GetPropertyValue -getTenantPropertyVal Method Exception|||org.springframework.dao.EmptyResultDataAccessException: Incorrect result size: expected 1, actual 0
				
2026-08-04 16:18:42 [http-nio-8495-exec-1] ERROR com.vmfg.util.GetPropertyValue -getTenantPropertyValByTenantId Method Exception|||org.springframework.dao.EmptyResultDataAccessException: Incorrect result size: expected 1, actual 0
				
2026-08-04 16:18:42 [http-nio-8495-exec-1] INFO  com.vmfg.util.CommonBase64Class -CommonBase64Class getBasesBinary method Start
				
2026-08-04 16:18:42 [http-nio-8495-exec-1] ERROR com.vmfg.util.CommonBase64Class -CommonBase64Class getBasesBinary Method FileNotFoundException---->java.io.FileNotFoundException:  (No such file or directory)
				
2026-08-04 16:18:42 [http-nio-8495-exec-1] ERROR c.v.authentication.UserLoginService -getImageUrl DAO Method Exceptionjava.lang.NullPointerException
				
2026-08-04 16:18:42 [http-nio-8495-exec-4] INFO  c.v.g.c.NotificationGeneralController -getNotificationDetails   method Start
				
2026-08-04 16:18:42 [http-nio-8495-exec-4] ERROR com.vmfg.util.GetPropertyValue -getPropValueByTenant Method Exception|||org.springframework.dao.EmptyResultDataAccessException: Incorrect result size: expected 1, actual 0
				
2026-08-04 16:18:42 [http-nio-8495-exec-4] ERROR c.v.g.d.impl.NotificationGeneralDAO -NotificationGeneralDAO error java.lang.NumberFormatException: For input string: ""
				
2026-08-04 16:19:06 [http-nio-8495-exec-6] INFO  com.vmfg.authentication.UserLoginDAO - getUserDtlForAuth DAO method Start
				
2026-08-04 16:19:06 [http-nio-8495-exec-6] INFO  com.vmfg.authentication.UserLoginDAO -getUserLoginInfo DAO method end
				
2026-08-04 16:19:06 [http-nio-8495-exec-10] INFO  c.v.g.c.NotificationGeneralController -getNotificationDetails   method Start
				
2026-08-04 16:19:06 [http-nio-8495-exec-3] INFO  c.v.g.c.NotificationGeneralController -getNotificationDetails   method Start
				
2026-08-04 16:19:06 [http-nio-8495-exec-2] INFO  c.v.g.c.NotificationGeneralController -getNotificationDetails   method Start
				
2026-08-04 16:19:07 [http-nio-8495-exec-5] INFO  c.v.s.c.IndentManagementController -getIndentProjectDtlsByDate Controller  method Start
				
2026-08-04 16:19:07 [http-nio-8495-exec-4] INFO  c.v.g.services.impl.TileViewService -getProjectTitleView  method start
				
2026-08-04 16:19:07 [http-nio-8495-exec-1] INFO  c.v.p.controller.ProjectController -getProjectDtl   method Start
				
2026-08-04 16:19:07 [http-nio-8495-exec-5] INFO  c.v.s.c.IndentManagementController -getIndentProjectDtlsByDate Controller  method end
				
2026-08-04 16:19:07 [http-nio-8495-exec-6] INFO  c.v.g.c.NotificationGeneralController -getNotificationDetails   method Start
				
2026-08-04 16:19:07 [http-nio-8495-exec-4] INFO  c.v.g.c.StageManagementController -getProjectTitleView   method end
				
2026-08-04 16:19:07 [http-nio-8495-exec-9] INFO  c.v.g.c.NotificationGeneralController -getNotificationDetails   method Start
				
2026-08-04 16:19:08 [http-nio-8495-exec-8] INFO  c.v.g.c.NotificationGeneralController -getNotificationDetails   method Start
				
2026-08-04 16:19:09 [http-nio-8495-exec-7] INFO  c.v.p.controller.ProjectController -getProjectDtl   method Start
				
2026-08-04 16:19:09 [http-nio-8495-exec-3] INFO  c.v.p.controller.ProjectController -getProjectDtl   method Start
				
2026-08-04 16:19:09 [http-nio-8495-exec-2] INFO  c.v.g.services.impl.TileViewService -getProjectTitleView  method start
				
2026-08-04 16:19:09 [http-nio-8495-exec-10] INFO  c.v.g.c.NotificationGeneralController -getNotificationDetails   method Start
				
2026-08-04 16:19:09 [http-nio-8495-exec-2] INFO  c.v.g.c.StageManagementController -getProjectTitleView   method end
				
2026-08-04 16:19:09 [http-nio-8495-exec-2] INFO  c.v.g.c.NotificationGeneralController -getNotificationDetails   method Start
				
2026-08-04 16:19:09 [http-nio-8495-exec-6] INFO  c.v.g.c.NotificationGeneralController -getNotificationDetails   method Start
				
2026-08-04 16:19:09 [http-nio-8495-exec-1] INFO  c.v.p.controller.ProjectController -getProjectDtl   method Start
				
2026-08-04 16:19:09 [http-nio-8495-exec-9] INFO  c.v.p.controller.ProjectController -getTimeLineByPM   method Start
				
2026-08-04 16:19:09 [http-nio-8495-exec-8] INFO  c.v.p.controller.ProjectController -getProjTimePlanDropDown   method Start
				
2026-08-04 16:19:09 [http-nio-8495-exec-3] INFO  c.v.g.c.DepartmentAndEmployeeInfoController -DepartmentAndEmployeeInfoController   method Start
				
2026-08-04 16:19:09 [http-nio-8495-exec-3] INFO  c.v.g.s.i.DepartmentAndEmployeeService -DepartmentAndEmployeeService  method start
				
2026-08-04 16:19:09 [http-nio-8495-exec-5] INFO  c.v.p.controller.ProjectController -getProjectInitiationMstResp   method Start
				
2026-08-04 16:19:09 [http-nio-8495-exec-4] INFO  c.v.p.controller.ProjectController -getLinkStatusByPMId   method Start
				
2026-08-04 16:19:09 [http-nio-8495-exec-9] INFO  c.v.s.c.SalesBudgetSheetController -getKeyCategory   method Start
				
2026-08-04 16:19:09 [http-nio-8495-exec-7] INFO  c.v.g.c.NotificationGeneralController -getNotificationDetails   method Start
				
2026-08-04 16:19:09 [http-nio-8495-exec-5] INFO  c.v.g.c.NotificationGeneralController -getNotificationDetails   method Start
				
2026-08-04 16:19:09 [http-nio-8495-exec-9] INFO  c.v.s.c.SalesBudgetSheetController -getKeyCategory method End
				
2026-08-04 16:19:09 [http-nio-8495-exec-1] INFO  c.v.g.c.NotificationGeneralController -getNotificationDetails   method Start
				
2026-08-04 16:19:10 [http-nio-8495-exec-4] INFO  c.v.g.c.NotificationGeneralController -getNotificationDetails   method Start
				
2026-08-04 16:19:10 [http-nio-8495-exec-8] INFO  c.v.g.c.NotificationGeneralController -getNotificationDetails   method Start
				
2026-08-04 16:19:10 [http-nio-8495-exec-3] INFO  c.v.g.c.NotificationGeneralController -getNotificationDetails   method Start
				
2026-08-04 16:19:10 [http-nio-8495-exec-10] INFO  c.v.g.c.NotificationGeneralController -getNotificationDetails   method Start
				
2026-08-04 16:19:10 [http-nio-8495-exec-9] INFO  c.v.g.c.NotificationGeneralController -getNotificationDetails   method Start
				
2026-08-04 16:19:10 [http-nio-8495-exec-2] INFO  c.v.g.c.NotificationGeneralController -getNotificationDetails   method Start
				
2026-08-04 16:19:10 [http-nio-8495-exec-6] INFO  c.v.g.c.NotificationGeneralController -getNotificationDetails   method Start
				
2026-08-04 16:19:10 [http-nio-8495-exec-7] INFO  c.v.g.c.NotificationGeneralController -getNotificationDetails   method Start
				
2026-08-04 16:19:11 [http-nio-8495-exec-10] INFO  c.v.p.controller.ProjectController -getTimeTrackerByProjectId   method Start
				
2026-08-04 16:19:12 [http-nio-8495-exec-8] INFO  c.v.p.controller.ProjectController -updateDesignHdr   method Start
				
2026-08-04 16:19:12 [http-nio-8495-exec-9] INFO  c.v.p.controller.ProjectController -updateAssyMstResp   method Start
				
2026-08-04 16:19:12 [http-nio-8495-exec-8] INFO  c.v.p.service.impl.ProjectService -otheremp []
				
2026-08-04 16:19:12 [http-nio-8495-exec-10] INFO  c.v.g.c.NotificationGeneralController -getNotificationDetails   method Start
				
2026-08-04 16:19:12 [http-nio-8495-exec-3] INFO  c.v.g.c.NotificationGeneralController -getNotificationDetails   method Start
				
2026-08-04 16:19:12 [http-nio-8495-exec-2] INFO  c.v.g.c.NotificationGeneralController -getNotificationDetails   method Start
				
2026-08-04 16:19:12 [http-nio-8495-exec-7] INFO  c.v.g.c.NotificationGeneralController -getNotificationDetails   method Start
				
2026-08-04 16:19:12 [http-nio-8495-exec-6] INFO  c.v.g.c.NotificationGeneralController -getNotificationDetails   method Start
				
2026-08-04 16:19:12 [http-nio-8495-exec-5] INFO  c.v.g.c.NotificationGeneralController -getNotificationDetails   method Start
				
2026-08-04 16:19:13 [http-nio-8495-exec-8] INFO  c.v.g.c.NotificationGeneralController -getNotificationDetails   method Start
				
2026-08-04 16:19:18 [http-nio-8495-exec-9] INFO  c.v.d.c.IndentUploadController -getIndentDtlsByIndentId Controller  method Start
				
2026-08-04 16:19:18 [http-nio-8495-exec-9] INFO  c.v.d.c.IndentUploadController -getIndentDtlsByIndentId Controller  method end
				
2026-08-04 16:19:18 [http-nio-8495-exec-4] INFO  c.v.g.c.NotificationGeneralController -getNotificationDetails   method Start
				
2026-08-04 16:19:25 [http-nio-8495-exec-3] INFO  com.vmfg.scm.services.impl.PoService -getDCTypeDtl Service start 
				
2026-08-04 16:19:25 [http-nio-8495-exec-10] INFO  c.v.d.c.IndentUploadController -getIndentHdrDtlsByProjectId Controller  method Start
				
2026-08-04 16:19:25 [http-nio-8495-exec-5] INFO  c.v.g.c.NotificationGeneralController -getNotificationDetails   method Start
				
2026-08-04 16:19:25 [http-nio-8495-exec-8] INFO  c.v.g.c.NotificationGeneralController -getNotificationDetails   method Start
				
2026-08-04 16:19:25 [http-nio-8495-exec-1] INFO  c.v.g.c.NotificationGeneralController -getNotificationDetails   method Start
				
2026-08-04 16:19:25 [http-nio-8495-exec-10] INFO  c.v.d.c.IndentUploadController -getIndentHdrDtlsByProjectId Controller  method end
				
2026-08-04 16:19:26 [http-nio-8495-exec-9] INFO  c.v.g.c.NotificationGeneralController -getNotificationDetails   method Start
				
2026-08-04 16:19:26 [http-nio-8495-exec-3] INFO  com.vmfg.scm.services.impl.PoService -getDCTypeDtl Service end 
				
2026-08-04 16:19:26 [http-nio-8495-exec-4] INFO  c.v.g.c.NotificationGeneralController -getNotificationDetails   method Start
				
2026-08-04 16:19:26 [http-nio-8495-exec-7] INFO  c.v.d.c.IndentUploadController -getIndentDtlsByIndentId Controller  method Start
				
2026-08-04 16:19:26 [http-nio-8495-exec-7] INFO  c.v.d.c.IndentUploadController -getIndentDtlsByIndentId Controller  method end
				
2026-08-04 16:19:26 [http-nio-8495-exec-6] INFO  c.v.g.c.NotificationGeneralController -getNotificationDetails   method Start
				
2026-08-04 16:19:37 [http-nio-8495-exec-2] INFO  c.v.d.c.IndentUploadController -getIndentHdrDtlsByProjectId Controller  method Start
				
2026-08-04 16:19:37 [http-nio-8495-exec-2] INFO  c.v.d.c.IndentUploadController -getIndentHdrDtlsByProjectId Controller  method end
				
2026-08-04 16:19:37 [http-nio-8495-exec-10] INFO  c.v.g.c.NotificationGeneralController -getNotificationDetails   method Start
				
2026-08-04 16:19:39 [http-nio-8495-exec-8] INFO  c.v.p.controller.ProjectController -getProjectDtl   method Start
				
2026-08-04 16:19:39 [http-nio-8495-exec-9] INFO  c.v.g.c.DepartmentAndEmployeeInfoController -DepartmentAndEmployeeInfoController   method Start
				
2026-08-04 16:19:39 [http-nio-8495-exec-9] INFO  c.v.g.s.i.DepartmentAndEmployeeService -DepartmentAndEmployeeService  method start
				
2026-08-04 16:19:39 [http-nio-8495-exec-5] INFO  c.v.p.controller.ProjectController -getTimeLineByPM   method Start
				
2026-08-04 16:19:39 [http-nio-8495-exec-3] INFO  c.v.p.controller.ProjectController -getProjTimePlanDropDown   method Start
				
2026-08-04 16:19:39 [http-nio-8495-exec-4] INFO  c.v.p.controller.ProjectController -getProjectInitiationMstResp   method Start
				
2026-08-04 16:19:39 [http-nio-8495-exec-7] INFO  c.v.p.controller.ProjectController -getLinkStatusByPMId   method Start
				
2026-08-04 16:19:39 [http-nio-8495-exec-6] INFO  c.v.s.c.SalesBudgetSheetController -getKeyCategory   method Start
				
2026-08-04 16:19:39 [http-nio-8495-exec-6] INFO  c.v.s.c.SalesBudgetSheetController -getKeyCategory method End
				
2026-08-04 16:19:39 [http-nio-8495-exec-10] INFO  c.v.g.c.NotificationGeneralController -getNotificationDetails   method Start
				
2026-08-04 16:19:39 [http-nio-8495-exec-5] INFO  c.v.g.c.NotificationGeneralController -getNotificationDetails   method Start
				
2026-08-04 16:19:39 [http-nio-8495-exec-6] INFO  c.v.g.c.NotificationGeneralController -getNotificationDetails   method Start
				
2026-08-04 16:19:39 [http-nio-8495-exec-8] INFO  c.v.g.c.NotificationGeneralController -getNotificationDetails   method Start
				
2026-08-04 16:19:39 [http-nio-8495-exec-9] INFO  c.v.g.c.NotificationGeneralController -getNotificationDetails   method Start
				
2026-08-04 16:19:39 [http-nio-8495-exec-4] INFO  c.v.g.c.NotificationGeneralController -getNotificationDetails   method Start
				
2026-08-04 16:19:39 [http-nio-8495-exec-3] INFO  c.v.g.c.NotificationGeneralController -getNotificationDetails   method Start
				
2026-08-04 16:19:39 [http-nio-8495-exec-1] INFO  c.v.g.c.NotificationGeneralController -getNotificationDetails   method Start
				
2026-08-04 16:19:39 [http-nio-8495-exec-2] INFO  c.v.g.c.NotificationGeneralController -getNotificationDetails   method Start
				
2026-08-04 16:19:39 [http-nio-8495-exec-7] INFO  c.v.g.c.NotificationGeneralController -getNotificationDetails   method Start
				
2026-08-04 16:20:13 [http-nio-8495-exec-9] INFO  c.v.d.c.IndentUploadController -getIndentHdrDtlsByProjectId Controller  method Start
				
2026-08-04 16:20:13 [http-nio-8495-exec-5] INFO  com.vmfg.scm.services.impl.PoService -getDCTypeDtl Service start 
				
2026-08-04 16:20:13 [http-nio-8495-exec-2] INFO  c.v.g.c.NotificationGeneralController -getNotificationDetails   method Start
				
2026-08-04 16:20:13 [http-nio-8495-exec-9] INFO  c.v.d.c.IndentUploadController -getIndentHdrDtlsByProjectId Controller  method end
				
2026-08-04 16:20:13 [http-nio-8495-exec-1] INFO  c.v.g.c.NotificationGeneralController -getNotificationDetails   method Start
				
2026-08-04 16:20:13 [http-nio-8495-exec-7] INFO  c.v.g.c.NotificationGeneralController -getNotificationDetails   method Start
				
2026-08-04 16:20:13 [http-nio-8495-exec-3] INFO  c.v.g.c.NotificationGeneralController -getNotificationDetails   method Start
				
2026-08-04 16:20:13 [http-nio-8495-exec-4] INFO  c.v.g.c.NotificationGeneralController -getNotificationDetails   method Start
				
2026-08-04 16:20:14 [http-nio-8495-exec-5] INFO  com.vmfg.scm.services.impl.PoService -getDCTypeDtl Service end 
				
2026-08-04 16:20:14 [http-nio-8495-exec-6] INFO  c.v.g.c.NotificationGeneralController -getNotificationDetails   method Start
				
2026-08-04 16:20:14 [http-nio-8495-exec-10] INFO  c.v.d.c.IndentUploadController -getIndentDtlsByIndentId Controller  method Start
				
2026-08-04 16:20:14 [http-nio-8495-exec-10] INFO  c.v.d.c.IndentUploadController -getIndentDtlsByIndentId Controller  method end
				
2026-08-04 16:20:14 [http-nio-8495-exec-8] INFO  c.v.g.c.NotificationGeneralController -getNotificationDetails   method Start
				
2026-08-04 16:20:36 [http-nio-8495-exec-9] INFO  c.v.d.c.IndentUploadController -getIndentHdrDtlsByProjectId Controller  method Start
				
2026-08-04 16:20:36 [http-nio-8495-exec-9] INFO  c.v.d.c.IndentUploadController -getIndentHdrDtlsByProjectId Controller  method end
				
2026-08-04 16:20:36 [http-nio-8495-exec-5] INFO  c.v.g.c.NotificationGeneralController -getNotificationDetails   method Start
				
2026-08-04 16:20:37 [http-nio-8495-exec-6] INFO  c.v.p.controller.ProjectController -getProjectInitiationMstResp   method Start
				
2026-08-04 16:20:37 [http-nio-8495-exec-4] INFO  c.v.p.controller.ProjectController -getTimeLineByPM   method Start
				
2026-08-04 16:20:37 [http-nio-8495-exec-2] INFO  c.v.g.c.DepartmentAndEmployeeInfoController -DepartmentAndEmployeeInfoController   method Start
				
2026-08-04 16:20:37 [http-nio-8495-exec-1] INFO  c.v.p.controller.ProjectController -getProjTimePlanDropDown   method Start
				
2026-08-04 16:20:37 [http-nio-8495-exec-2] INFO  c.v.g.s.i.DepartmentAndEmployeeService -DepartmentAndEmployeeService  method start
				
2026-08-04 16:20:37 [http-nio-8495-exec-7] INFO  c.v.p.controller.ProjectController -getProjectDtl   method Start
				
2026-08-04 16:20:37 [http-nio-8495-exec-10] INFO  c.v.p.controller.ProjectController -getLinkStatusByPMId   method Start
				
2026-08-04 16:20:37 [http-nio-8495-exec-4] INFO  c.v.g.c.NotificationGeneralController -getNotificationDetails   method Start
				
2026-08-04 16:20:37 [http-nio-8495-exec-5] INFO  c.v.s.c.SalesBudgetSheetController -getKeyCategory   method Start
				
2026-08-04 16:20:37 [http-nio-8495-exec-5] INFO  c.v.s.c.SalesBudgetSheetController -getKeyCategory method End
				
2026-08-04 16:20:37 [http-nio-8495-exec-8] INFO  c.v.g.c.NotificationGeneralController -getNotificationDetails   method Start
				
2026-08-04 16:20:37 [http-nio-8495-exec-5] INFO  c.v.g.c.NotificationGeneralController -getNotificationDetails   method Start
				
2026-08-04 16:20:37 [http-nio-8495-exec-9] INFO  c.v.g.c.NotificationGeneralController -getNotificationDetails   method Start
				
2026-08-04 16:20:37 [http-nio-8495-exec-6] INFO  c.v.g.c.NotificationGeneralController -getNotificationDetails   method Start
				
2026-08-04 16:20:37 [http-nio-8495-exec-1] INFO  c.v.g.c.NotificationGeneralController -getNotificationDetails   method Start
				
2026-08-04 16:20:38 [http-nio-8495-exec-2] INFO  c.v.g.c.NotificationGeneralController -getNotificationDetails   method Start
				
2026-08-04 16:20:38 [http-nio-8495-exec-3] INFO  c.v.g.c.NotificationGeneralController -getNotificationDetails   method Start
				
2026-08-04 16:20:38 [http-nio-8495-exec-7] INFO  c.v.g.c.NotificationGeneralController -getNotificationDetails   method Start
				
2026-08-04 16:20:38 [http-nio-8495-exec-9] INFO  c.v.g.c.NotificationGeneralController -getNotificationDetails   method Start
				
2026-08-04 16:20:51 [http-nio-8495-exec-4] INFO  c.v.d.c.IndentUploadController -getIndentHdrDtlsByProjectId Controller  method Start
				
2026-08-04 16:20:51 [http-nio-8495-exec-8] INFO  com.vmfg.scm.services.impl.PoService -getDCTypeDtl Service start 
				
2026-08-04 16:20:51 [http-nio-8495-exec-1] INFO  c.v.g.c.NotificationGeneralController -getNotificationDetails   method Start
				
2026-08-04 16:20:51 [http-nio-8495-exec-10] INFO  c.v.g.c.NotificationGeneralController -getNotificationDetails   method Start
				
2026-08-04 16:20:51 [http-nio-8495-exec-2] INFO  c.v.g.c.NotificationGeneralController -getNotificationDetails   method Start
				
2026-08-04 16:20:51 [http-nio-8495-exec-7] INFO  c.v.g.c.NotificationGeneralController -getNotificationDetails   method Start
				
2026-08-04 16:20:51 [http-nio-8495-exec-4] INFO  c.v.d.c.IndentUploadController -getIndentHdrDtlsByProjectId Controller  method end
				
2026-08-04 16:20:51 [http-nio-8495-exec-4] INFO  c.v.g.c.NotificationGeneralController -getNotificationDetails   method Start
				
2026-08-04 16:20:51 [http-nio-8495-exec-8] INFO  com.vmfg.scm.services.impl.PoService -getDCTypeDtl Service end 
				
2026-08-04 16:20:51 [http-nio-8495-exec-3] INFO  c.v.g.c.NotificationGeneralController -getNotificationDetails   method Start
				
2026-08-04 16:20:54 [http-nio-8495-exec-9] INFO  c.v.d.c.IndentUploadController -getIndentDtlsByIndentId Controller  method Start
				
2026-08-04 16:20:54 [http-nio-8495-exec-9] INFO  c.v.d.c.IndentUploadController -getIndentDtlsByIndentId Controller  method end
				
2026-08-04 16:20:54 [http-nio-8495-exec-6] INFO  c.v.g.c.NotificationGeneralController -getNotificationDetails   method Start
				
2026-08-04 16:20:56 [http-nio-8495-exec-5] INFO  c.v.d.c.IndentUploadController -getIndentHdrDtlsByProjectId Controller  method Start
				
2026-08-04 16:20:56 [http-nio-8495-exec-5] INFO  c.v.d.c.IndentUploadController -getIndentHdrDtlsByProjectId Controller  method end
				
2026-08-04 16:20:56 [http-nio-8495-exec-8] INFO  c.v.g.c.NotificationGeneralController -getNotificationDetails   method Start
				
2026-08-04 16:20:57 [http-nio-8495-exec-10] INFO  c.v.d.c.IndentUploadController -getIndentDtlsByIndentId Controller  method Start
				
2026-08-04 16:20:57 [http-nio-8495-exec-10] INFO  c.v.d.c.IndentUploadController -getIndentDtlsByIndentId Controller  method end
				
2026-08-04 16:20:57 [http-nio-8495-exec-2] INFO  c.v.g.c.NotificationGeneralController -getNotificationDetails   method Start
				
2026-08-04 16:21:08 [http-nio-8495-exec-7] INFO  c.v.d.c.IndentUploadController -getIndentHdrDtlsByProjectId Controller  method Start
				
2026-08-04 16:21:08 [http-nio-8495-exec-7] INFO  c.v.d.c.IndentUploadController -getIndentHdrDtlsByProjectId Controller  method end
				
2026-08-04 16:21:08 [http-nio-8495-exec-1] INFO  c.v.g.c.NotificationGeneralController -getNotificationDetails   method Start
				
2026-08-04 16:21:09 [http-nio-8495-exec-5] INFO  c.v.p.controller.ProjectController -getProjectInitiationMstResp   method Start
				
2026-08-04 16:21:09 [http-nio-8495-exec-9] INFO  c.v.p.controller.ProjectController -getTimeLineByPM   method Start
				
2026-08-04 16:21:09 [http-nio-8495-exec-6] INFO  c.v.g.c.DepartmentAndEmployeeInfoController -DepartmentAndEmployeeInfoController   method Start
				
2026-08-04 16:21:09 [http-nio-8495-exec-8] INFO  c.v.p.controller.ProjectController -getProjectDtl   method Start
				
2026-08-04 16:21:09 [http-nio-8495-exec-3] INFO  c.v.p.controller.ProjectController -getProjTimePlanDropDown   method Start
				
2026-08-04 16:21:09 [http-nio-8495-exec-6] INFO  c.v.g.s.i.DepartmentAndEmployeeService -DepartmentAndEmployeeService  method start
				
2026-08-04 16:21:10 [http-nio-8495-exec-7] INFO  c.v.p.controller.ProjectController -getLinkStatusByPMId   method Start
				
2026-08-04 16:21:10 [http-nio-8495-exec-1] INFO  c.v.s.c.SalesBudgetSheetController -getKeyCategory   method Start
				
2026-08-04 16:21:10 [http-nio-8495-exec-1] INFO  c.v.s.c.SalesBudgetSheetController -getKeyCategory method End
				
2026-08-04 16:21:10 [http-nio-8495-exec-4] INFO  c.v.g.c.NotificationGeneralController -getNotificationDetails   method Start
				
2026-08-04 16:21:10 [http-nio-8495-exec-5] INFO  c.v.g.c.NotificationGeneralController -getNotificationDetails   method Start
				
2026-08-04 16:21:10 [http-nio-8495-exec-9] INFO  c.v.g.c.NotificationGeneralController -getNotificationDetails   method Start
				
2026-08-04 16:21:10 [http-nio-8495-exec-3] INFO  c.v.g.c.NotificationGeneralController -getNotificationDetails   method Start
				
2026-08-04 16:21:10 [http-nio-8495-exec-6] INFO  c.v.g.c.NotificationGeneralController -getNotificationDetails   method Start
				
2026-08-04 16:21:10 [http-nio-8495-exec-7] INFO  c.v.g.c.NotificationGeneralController -getNotificationDetails   method Start
				
2026-08-04 16:21:10 [http-nio-8495-exec-2] INFO  c.v.g.c.NotificationGeneralController -getNotificationDetails   method Start
				
2026-08-04 16:21:10 [http-nio-8495-exec-1] INFO  c.v.g.c.NotificationGeneralController -getNotificationDetails   method Start
				
2026-08-04 16:21:10 [http-nio-8495-exec-10] INFO  c.v.g.c.NotificationGeneralController -getNotificationDetails   method Start
				
2026-08-04 16:21:10 [http-nio-8495-exec-8] INFO  c.v.g.c.NotificationGeneralController -getNotificationDetails   method Start
				
2026-08-04 16:21:28 [http-nio-8495-exec-5] INFO  c.v.g.c.NotificationGeneralController -getNotificationDetails   method Start
				
2026-08-04 16:21:28 [http-nio-8495-exec-3] INFO  c.v.g.c.NotificationGeneralController -getNotificationDetails   method Start
				
2026-08-04 16:58:34 [Thread-6] INFO  com.zaxxer.hikari.HikariDataSource -HikariPool-1 - Shutdown initiated...
				
2026-08-04 16:58:34 [Thread-6] INFO  com.zaxxer.hikari.HikariDataSource -HikariPool-1 - Shutdown completed.
				
2026-08-04 16:58:35 [restartedMain] INFO  com.vmfg.VMFGApplication -SmartRun Application Started
				
2026-08-04 16:58:35 [restartedMain] INFO  o.s.boot.SpringApplication -

                                ooooooo &&&&&&&&                              
                              oo     oo &.     &                              
                    ooooooo  oo      oo &:     &&                             
                 oo        oooo      oo &&       *&&&&  &&&&&&                
               oo            oo      oo &&                    &&&             
              oo                     oo &&&&&                  &o             
              oo                     oo &&     &&&&&           &              
              oo           ooo       oo &&           &&&       &&             
           ooooo           o:        oo &&              &        &&           
       ooo     *oo       oo          oo &&                        &&&&&&&     
     oo           ooooooo            oo &&                              &&    
    o&                                      &&&&*       &&               &&   
   oo                                            &&       &&              &&  
   o     ooooo                  @     @@    @@     &&:     &&           &&    
  oo ooo       ooo          @@@@@@@@@@@@@@@@@@@@@    &&     &&         &&     
  ooo            oo         @@ @@@ @@@@@@@@@@@  @     &&     &&         &     
  oo               o      @@@@ @@@ @@@@@@@@@@@  @@@    &&     &         &&    
  o&               oo       @@ @@@ @@@@@@@@@@@  @       &     &         &&    
  oo               oo       @@ @@ @ @@@@        @       &&                &&& 
  oo                      @@@@ @@@@@@@@@@@@@@@  @@@:    &&                  &&
  oo                        @@ @@@@@@@@@@@ @@@  @       &&        o&        &&
   o                        @@ @@@@@ @@@  @@@@  @       &         &&        &.
   oo                     @@@@ @@@ @@@@@@@@@@@  @@@@   &          &    .&&&&  
    o         oooo          @@                  @     &.         &&    &&     
    oo    ooo      &oo          @     @@    @@      &&          &&    &&      
     oo oo            oo        @     @     @@    &&           &&    &&       
      ooo              oo                      &&&           &&      &&       
         oooooooo       oo           oo &&&&&&              &&         &      
              oo        oo           oo &&         &      &&           &&     
              o        :o            oo &&  .&&&&&     &&.           &&       
              o       oo             oo &&                    &&&&&&&&        
              oo    ooo              oo &&                  &&                
                oo                   oo &&                &&                  
                  oo        oooo     oo &&                &                   
                     ooooooo  &o     oo &&      &&&       &                   
                                oo   oo && :&&&   .&& &&&*                    
                                   &ooo &&&                                   

==============================================
SmartRun Product by SmartRun Tech. All rights reserved.
==============================================
Application Version : 2.6.7
Application Title : SmartRun MES
Contact : support@smartruntech.com
==============================================

				
2026-08-04 16:58:35 [restartedMain] INFO  com.vmfg.VMFGApplication -Starting VMFGApplication using Java 1.8.0_482 on Peachs-Mac-mini.local with PID 7724 (/Users/peach/Spring_Boot_Projects/bgr/OneDrive_1_4-15-2026/BGR-SOURCE_CODE-sandbox/SmartRun_ProjectManagement_Java/SR_Management/target/classes started by peach in /Users/peach/Spring_Boot_Projects/bgr/OneDrive_1_4-15-2026/BGR-SOURCE_CODE-sandbox/SmartRun_ProjectManagement_Java/SR_Management)
				
2026-08-04 16:58:35 [restartedMain] INFO  com.vmfg.VMFGApplication -The following 1 profile is active: "dev"
				
2026-08-04 16:58:36 [restartedMain] INFO  o.s.d.r.c.RepositoryConfigurationDelegate -Bootstrapping Spring Data JDBC repositories in DEFAULT mode.
				
2026-08-04 16:58:36 [restartedMain] INFO  o.s.d.r.c.RepositoryConfigurationDelegate -Finished Spring Data repository scanning in 19 ms. Found 0 JDBC repository interfaces.
				
2026-08-04 16:58:36 [restartedMain] INFO  o.s.b.w.e.tomcat.TomcatWebServer -Tomcat initialized with port(s): 8495 (http)
				
2026-08-04 16:58:36 [restartedMain] INFO  o.a.coyote.http11.Http11NioProtocol -Initializing ProtocolHandler ["http-nio-8495"]
				
2026-08-04 16:58:36 [restartedMain] INFO  o.a.catalina.core.StandardService -Starting service [Tomcat]
				
2026-08-04 16:58:36 [restartedMain] INFO  o.a.catalina.core.StandardEngine -Starting Servlet engine: [Apache Tomcat/9.0.63]
				
2026-08-04 16:58:36 [restartedMain] INFO  o.a.c.c.C.[.[localhost].[/smartrun] -Initializing Spring embedded WebApplicationContext
				
2026-08-04 16:58:36 [restartedMain] INFO  o.s.b.w.s.c.ServletWebServerApplicationContext -Root WebApplicationContext: initialization completed in 1314 ms
				
2026-08-04 16:58:37 [restartedMain] INFO  s.d.s.w.PropertySourcedRequestMappingHandlerMapping -Mapped URL path [/v2/api-docs] onto method [springfox.documentation.swagger2.web.Swagger2Controller#getDocumentation(String, HttpServletRequest)]
				
2026-08-04 16:58:37 [restartedMain] INFO  o.s.b.d.a.OptionalLiveReloadServer -LiveReload server is running on port 35729
				
2026-08-04 16:58:37 [restartedMain] INFO  com.zaxxer.hikari.HikariDataSource -HikariPool-2 - Starting...
				
2026-08-04 16:58:37 [restartedMain] INFO  com.zaxxer.hikari.HikariDataSource -HikariPool-2 - Start completed.
				
2026-08-04 16:58:37 [restartedMain] WARN  o.s.b.a.s.s.UserDetailsServiceAutoConfiguration -

Using generated security password: f7bc778a-3038-4792-989a-00ddb9a3c219

This generated password is for development use only. Your security configuration must be updated before running your application in production.

				
2026-08-04 16:58:37 [restartedMain] INFO  o.s.s.web.DefaultSecurityFilterChain -Will secure any request with [org.springframework.security.web.session.DisableEncodeUrlFilter@2cea274e, org.springframework.security.web.context.request.async.WebAsyncManagerIntegrationFilter@7261b673, org.springframework.security.web.context.SecurityContextPersistenceFilter@5cc19b66, org.springframework.security.web.header.HeaderWriterFilter@45c4c102, org.springframework.security.web.csrf.CsrfFilter@5ab09ecc, org.springframework.security.web.authentication.logout.LogoutFilter@2eac0eed, org.springframework.security.web.authentication.UsernamePasswordAuthenticationFilter@41fcd2d6, org.springframework.security.web.authentication.ui.DefaultLoginPageGeneratingFilter@247ca852, org.springframework.security.web.authentication.ui.DefaultLogoutPageGeneratingFilter@478615fc, org.springframework.security.web.authentication.www.BasicAuthenticationFilter@492f9fbc, org.springframework.security.web.savedrequest.RequestCacheAwareFilter@3f7b584d, org.springframework.security.web.servletapi.SecurityContextHolderAwareRequestFilter@5cd45271, org.springframework.security.web.authentication.AnonymousAuthenticationFilter@1bb902f1, org.springframework.security.web.session.SessionManagementFilter@1b5c7188, org.springframework.security.web.access.ExceptionTranslationFilter@67508122, org.springframework.security.web.access.intercept.FilterSecurityInterceptor@16541c30]
				
2026-08-04 16:58:37 [restartedMain] INFO  o.a.coyote.http11.Http11NioProtocol -Starting ProtocolHandler ["http-nio-8495"]
				
2026-08-04 16:58:37 [restartedMain] INFO  o.s.b.w.e.tomcat.TomcatWebServer -Tomcat started on port(s): 8495 (http) with context path '/smartrun'
				
2026-08-04 16:58:37 [restartedMain] INFO  s.d.s.w.p.DocumentationPluginsBootstrapper -Context refreshed
				
2026-08-04 16:58:37 [restartedMain] INFO  s.d.s.w.p.DocumentationPluginsBootstrapper -Found 1 custom documentation plugin(s)
				
2026-08-04 16:58:37 [restartedMain] INFO  s.d.s.w.s.ApiListingReferenceScanner -Scanning for api listing references
				
2026-08-04 16:58:37 [restartedMain] INFO  com.vmfg.VMFGApplication -Started VMFGApplication in 2.862 seconds (JVM running for 2440.411)
				
2026-08-04 16:58:38 [restartedMain] INFO  o.s.b.d.a.ConditionEvaluationDeltaLoggingListener -Condition evaluation delta:


==========================
CONDITION EVALUATION DELTA
==========================


Positive matches:
-----------------

   SpringBootWebSecurityConfiguration.SecurityFilterChainConfiguration matched:
      - AllNestedConditions 2 matched 0 did not; NestedCondition on DefaultWebSecurityCondition.Beans @ConditionalOnMissingBean (types: org.springframework.security.config.annotation.web.configuration.WebSecurityConfigurerAdapter,org.springframework.security.web.SecurityFilterChain; SearchStrategy: all) did not find any beans; NestedCondition on DefaultWebSecurityCondition.Classes @ConditionalOnClass found required classes 'org.springframework.security.web.SecurityFilterChain', 'org.springframework.security.config.annotation.web.builders.HttpSecurity' (DefaultWebSecurityCondition)

   SpringBootWebSecurityConfiguration.WebSecurityEnablerConfiguration matched:
      - @ConditionalOnClass found required class 'org.springframework.security.config.annotation.web.configuration.EnableWebSecurity' (OnClassCondition)
      - @ConditionalOnMissingBean (names: springSecurityFilterChain; SearchStrategy: all) did not find any beans (OnBeanCondition)

   UserDetailsServiceAutoConfiguration matched:
      - @ConditionalOnClass found required class 'org.springframework.security.authentication.AuthenticationManager' (OnClassCondition)
      - @ConditionalOnBean (types: org.springframework.security.config.annotation.ObjectPostProcessor; SearchStrategy: all) found bean 'objectPostProcessor'; @ConditionalOnMissingBean (types: org.springframework.security.authentication.AuthenticationManager,org.springframework.security.authentication.AuthenticationProvider,org.springframework.security.core.userdetails.UserDetailsService,org.springframework.security.authentication.AuthenticationManagerResolver,org.springframework.security.oauth2.jwt.JwtDecoder,org.springframework.security.oauth2.server.resource.introspection.OpaqueTokenIntrospector,org.springframework.security.oauth2.client.registration.ClientRegistrationRepository,org.springframework.security.saml2.provider.service.registration.RelyingPartyRegistrationRepository; SearchStrategy: all) did not find any beans (OnBeanCondition)


Negative matches:
-----------------

    None


Exclusions:
-----------

    None


Unconditional classes:
----------------------

    None



				
2026-08-04 16:58:55 [Thread-9] INFO  com.zaxxer.hikari.HikariDataSource -HikariPool-2 - Shutdown initiated...
				
2026-08-04 16:58:55 [Thread-9] INFO  com.zaxxer.hikari.HikariDataSource -HikariPool-2 - Shutdown completed.
				
2026-08-04 16:58:55 [restartedMain] INFO  com.vmfg.VMFGApplication -SmartRun Application Started
				
2026-08-04 16:58:55 [restartedMain] INFO  o.s.boot.SpringApplication -

                                ooooooo &&&&&&&&                              
                              oo     oo &.     &                              
                    ooooooo  oo      oo &:     &&                             
                 oo        oooo      oo &&       *&&&&  &&&&&&                
               oo            oo      oo &&                    &&&             
              oo                     oo &&&&&                  &o             
              oo                     oo &&     &&&&&           &              
              oo           ooo       oo &&           &&&       &&             
           ooooo           o:        oo &&              &        &&           
       ooo     *oo       oo          oo &&                        &&&&&&&     
     oo           ooooooo            oo &&                              &&    
    o&                                      &&&&*       &&               &&   
   oo                                            &&       &&              &&  
   o     ooooo                  @     @@    @@     &&:     &&           &&    
  oo ooo       ooo          @@@@@@@@@@@@@@@@@@@@@    &&     &&         &&     
  ooo            oo         @@ @@@ @@@@@@@@@@@  @     &&     &&         &     
  oo               o      @@@@ @@@ @@@@@@@@@@@  @@@    &&     &         &&    
  o&               oo       @@ @@@ @@@@@@@@@@@  @       &     &         &&    
  oo               oo       @@ @@ @ @@@@        @       &&                &&& 
  oo                      @@@@ @@@@@@@@@@@@@@@  @@@:    &&                  &&
  oo                        @@ @@@@@@@@@@@ @@@  @       &&        o&        &&
   o                        @@ @@@@@ @@@  @@@@  @       &         &&        &.
   oo                     @@@@ @@@ @@@@@@@@@@@  @@@@   &          &    .&&&&  
    o         oooo          @@                  @     &.         &&    &&     
    oo    ooo      &oo          @     @@    @@      &&          &&    &&      
     oo oo            oo        @     @     @@    &&           &&    &&       
      ooo              oo                      &&&           &&      &&       
         oooooooo       oo           oo &&&&&&              &&         &      
              oo        oo           oo &&         &      &&           &&     
              o        :o            oo &&  .&&&&&     &&.           &&       
              o       oo             oo &&                    &&&&&&&&        
              oo    ooo              oo &&                  &&                
                oo                   oo &&                &&                  
                  oo        oooo     oo &&                &                   
                     ooooooo  &o     oo &&      &&&       &                   
                                oo   oo && :&&&   .&& &&&*                    
                                   &ooo &&&                                   

==============================================
SmartRun Product by SmartRun Tech. All rights reserved.
==============================================
Application Version : 2.6.7
Application Title : SmartRun MES
Contact : support@smartruntech.com
==============================================

				
2026-08-04 16:58:55 [restartedMain] INFO  com.vmfg.VMFGApplication -Starting VMFGApplication using Java 1.8.0_482 on Peachs-Mac-mini.local with PID 7724 (/Users/peach/Spring_Boot_Projects/bgr/OneDrive_1_4-15-2026/BGR-SOURCE_CODE-sandbox/SmartRun_ProjectManagement_Java/SR_Management/target/classes started by peach in /Users/peach/Spring_Boot_Projects/bgr/OneDrive_1_4-15-2026/BGR-SOURCE_CODE-sandbox/SmartRun_ProjectManagement_Java/SR_Management)
				
2026-08-04 16:58:55 [restartedMain] INFO  com.vmfg.VMFGApplication -The following 1 profile is active: "dev"
				
2026-08-04 16:58:56 [restartedMain] INFO  o.s.d.r.c.RepositoryConfigurationDelegate -Bootstrapping Spring Data JDBC repositories in DEFAULT mode.
				
2026-08-04 16:58:56 [restartedMain] INFO  o.s.d.r.c.RepositoryConfigurationDelegate -Finished Spring Data repository scanning in 46 ms. Found 0 JDBC repository interfaces.
				
2026-08-04 16:58:56 [restartedMain] INFO  o.s.b.w.e.tomcat.TomcatWebServer -Tomcat initialized with port(s): 8495 (http)
				
2026-08-04 16:58:56 [restartedMain] INFO  o.a.coyote.http11.Http11NioProtocol -Initializing ProtocolHandler ["http-nio-8495"]
				
2026-08-04 16:58:56 [restartedMain] INFO  o.a.catalina.core.StandardService -Starting service [Tomcat]
				
2026-08-04 16:58:56 [restartedMain] INFO  o.a.catalina.core.StandardEngine -Starting Servlet engine: [Apache Tomcat/9.0.63]
				
2026-08-04 16:58:56 [restartedMain] INFO  o.a.c.c.C.[.[localhost].[/smartrun] -Initializing Spring embedded WebApplicationContext
				
2026-08-04 16:58:56 [restartedMain] INFO  o.s.b.w.s.c.ServletWebServerApplicationContext -Root WebApplicationContext: initialization completed in 979 ms
				
2026-08-04 16:58:57 [restartedMain] INFO  s.d.s.w.PropertySourcedRequestMappingHandlerMapping -Mapped URL path [/v2/api-docs] onto method [springfox.documentation.swagger2.web.Swagger2Controller#getDocumentation(String, HttpServletRequest)]
				
2026-08-04 16:58:57 [restartedMain] INFO  o.s.s.web.DefaultSecurityFilterChain -Will secure any request with [org.springframework.security.web.session.DisableEncodeUrlFilter@45cdf3f5, org.springframework.security.web.context.request.async.WebAsyncManagerIntegrationFilter@4eec9328, org.springframework.security.web.context.SecurityContextPersistenceFilter@3d849758, org.springframework.security.web.header.HeaderWriterFilter@70af8354, org.springframework.web.filter.CorsFilter@35fee06e, org.springframework.security.web.authentication.logout.LogoutFilter@d46ae21, com.vmfg.security.config.JwtRequestFilter@1b5c07f0, org.springframework.security.web.savedrequest.RequestCacheAwareFilter@4977a833, org.springframework.security.web.servletapi.SecurityContextHolderAwareRequestFilter@454e376a, org.springframework.security.web.authentication.AnonymousAuthenticationFilter@16b79c8d, org.springframework.security.web.session.SessionManagementFilter@3c9dac75, org.springframework.security.web.access.ExceptionTranslationFilter@30788ff4, org.springframework.security.web.access.intercept.FilterSecurityInterceptor@6468e05c]
				
2026-08-04 16:58:57 [restartedMain] INFO  o.s.b.d.a.OptionalLiveReloadServer -LiveReload server is running on port 35729
				
2026-08-04 16:58:57 [restartedMain] INFO  com.zaxxer.hikari.HikariDataSource -HikariPool-3 - Starting...
				
2026-08-04 16:58:57 [restartedMain] INFO  com.zaxxer.hikari.HikariDataSource -HikariPool-3 - Start completed.
				
2026-08-04 16:58:57 [restartedMain] INFO  o.a.coyote.http11.Http11NioProtocol -Starting ProtocolHandler ["http-nio-8495"]
				
2026-08-04 16:58:57 [restartedMain] INFO  o.s.b.w.e.tomcat.TomcatWebServer -Tomcat started on port(s): 8495 (http) with context path '/smartrun'
				
2026-08-04 16:58:57 [restartedMain] INFO  s.d.s.w.p.DocumentationPluginsBootstrapper -Context refreshed
				
2026-08-04 16:58:57 [restartedMain] INFO  s.d.s.w.p.DocumentationPluginsBootstrapper -Found 1 custom documentation plugin(s)
				
2026-08-04 16:58:57 [restartedMain] INFO  s.d.s.w.s.ApiListingReferenceScanner -Scanning for api listing references
				
2026-08-04 16:58:58 [restartedMain] INFO  s.d.s.w.r.o.CachingOperationNameGenerator -Generating unique operation named: insertOrUpdateSalesBudgetSheetHdrAndDtlUsingPOST_1
				
2026-08-04 16:58:58 [restartedMain] INFO  s.d.s.w.r.o.CachingOperationNameGenerator -Generating unique operation named: getVendorDetailHdrViewUsingPOST_1
				
2026-08-04 16:58:58 [restartedMain] INFO  s.d.s.w.r.o.CachingOperationNameGenerator -Generating unique operation named: updateUserRoleMappingUsingPOST_1
				
2026-08-04 16:58:58 [restartedMain] INFO  com.vmfg.VMFGApplication -Started VMFGApplication in 3.178 seconds (JVM running for 2461.15)
				
2026-08-04 16:58:58 [restartedMain] INFO  c.v.config.DevFlywayMigrationRunner -Running Flyway migrations against sandbox datasource
				
2026-08-04 16:58:58 [restartedMain] INFO  org.flywaydb.core.FlywayExecutor -Database: jdbc:mysql://localhost:3306/smartrun_bgr_sandbox (MySQL 9.6)
				
2026-08-04 16:58:58 [restartedMain] WARN  o.f.c.i.database.base.Database -Flyway upgrade recommended: MySQL 9.6 is newer than this version of Flyway and support has not been tested. The latest supported version of MySQL is 8.0.
				
2026-08-04 16:58:58 [restartedMain] INFO  o.f.core.internal.command.DbValidate -Successfully validated 4 migrations (execution time 00:00.022s)
				
2026-08-04 16:58:58 [restartedMain] INFO  o.f.core.internal.command.DbMigrate -Current version of schema `smartrun_bgr_sandbox`: 3
				
2026-08-04 16:58:58 [restartedMain] INFO  o.f.core.internal.command.DbMigrate -Schema `smartrun_bgr_sandbox` is up to date. No migration necessary.
				
2026-08-04 16:58:58 [restartedMain] INFO  o.s.b.d.a.ConditionEvaluationDeltaLoggingListener -Condition evaluation delta:


==========================
CONDITION EVALUATION DELTA
==========================


Positive matches:
-----------------

    None


Negative matches:
-----------------

   SpringBootWebSecurityConfiguration.SecurityFilterChainConfiguration:
      Did not match:
         - AllNestedConditions 1 matched 1 did not; NestedCondition on DefaultWebSecurityCondition.Beans @ConditionalOnMissingBean (types: org.springframework.security.config.annotation.web.configuration.WebSecurityConfigurerAdapter,org.springframework.security.web.SecurityFilterChain; SearchStrategy: all) found beans of type 'org.springframework.security.web.SecurityFilterChain' filterChain; NestedCondition on DefaultWebSecurityCondition.Classes @ConditionalOnClass found required classes 'org.springframework.security.web.SecurityFilterChain', 'org.springframework.security.config.annotation.web.builders.HttpSecurity' (DefaultWebSecurityCondition)

   SpringBootWebSecurityConfiguration.WebSecurityEnablerConfiguration:
      Did not match:
         - @ConditionalOnMissingBean (names: springSecurityFilterChain; SearchStrategy: all) found beans named springSecurityFilterChain (OnBeanCondition)
      Matched:
         - @ConditionalOnClass found required class 'org.springframework.security.config.annotation.web.configuration.EnableWebSecurity' (OnClassCondition)

   UserDetailsServiceAutoConfiguration:
      Did not match:
         - @ConditionalOnMissingBean (types: org.springframework.security.authentication.AuthenticationManager,org.springframework.security.authentication.AuthenticationProvider,org.springframework.security.core.userdetails.UserDetailsService,org.springframework.security.authentication.AuthenticationManagerResolver,org.springframework.security.oauth2.jwt.JwtDecoder,org.springframework.security.oauth2.server.resource.introspection.OpaqueTokenIntrospector,org.springframework.security.oauth2.client.registration.ClientRegistrationRepository,org.springframework.security.saml2.provider.service.registration.RelyingPartyRegistrationRepository; SearchStrategy: all) found beans of type 'org.springframework.security.authentication.AuthenticationManager' authenticationManager and found beans of type 'org.springframework.security.core.userdetails.UserDetailsService' userLoginDAO (OnBeanCondition)
      Matched:
         - @ConditionalOnClass found required class 'org.springframework.security.authentication.AuthenticationManager' (OnClassCondition)


Exclusions:
-----------

    None


Unconditional classes:
----------------------

    None



				
2026-08-04 17:01:44 [Thread-13] INFO  com.zaxxer.hikari.HikariDataSource -HikariPool-3 - Shutdown initiated...
				
2026-08-04 17:01:44 [Thread-13] INFO  com.zaxxer.hikari.HikariDataSource -HikariPool-3 - Shutdown completed.
				
2026-08-04 17:01:44 [restartedMain] INFO  com.vmfg.VMFGApplication -SmartRun Application Started
				
2026-08-04 17:01:45 [restartedMain] INFO  o.s.boot.SpringApplication -

                                ooooooo &&&&&&&&                              
                              oo     oo &.     &                              
                    ooooooo  oo      oo &:     &&                             
                 oo        oooo      oo &&       *&&&&  &&&&&&                
               oo            oo      oo &&                    &&&             
              oo                     oo &&&&&                  &o             
              oo                     oo &&     &&&&&           &              
              oo           ooo       oo &&           &&&       &&             
           ooooo           o:        oo &&              &        &&           
       ooo     *oo       oo          oo &&                        &&&&&&&     
     oo           ooooooo            oo &&                              &&    
    o&                                      &&&&*       &&               &&   
   oo                                            &&       &&              &&  
   o     ooooo                  @     @@    @@     &&:     &&           &&    
  oo ooo       ooo          @@@@@@@@@@@@@@@@@@@@@    &&     &&         &&     
  ooo            oo         @@ @@@ @@@@@@@@@@@  @     &&     &&         &     
  oo               o      @@@@ @@@ @@@@@@@@@@@  @@@    &&     &         &&    
  o&               oo       @@ @@@ @@@@@@@@@@@  @       &     &         &&    
  oo               oo       @@ @@ @ @@@@        @       &&                &&& 
  oo                      @@@@ @@@@@@@@@@@@@@@  @@@:    &&                  &&
  oo                        @@ @@@@@@@@@@@ @@@  @       &&        o&        &&
   o                        @@ @@@@@ @@@  @@@@  @       &         &&        &.
   oo                     @@@@ @@@ @@@@@@@@@@@  @@@@   &          &    .&&&&  
    o         oooo          @@                  @     &.         &&    &&     
    oo    ooo      &oo          @     @@    @@      &&          &&    &&      
     oo oo            oo        @     @     @@    &&           &&    &&       
      ooo              oo                      &&&           &&      &&       
         oooooooo       oo           oo &&&&&&              &&         &      
              oo        oo           oo &&         &      &&           &&     
              o        :o            oo &&  .&&&&&     &&.           &&       
              o       oo             oo &&                    &&&&&&&&        
              oo    ooo              oo &&                  &&                
                oo                   oo &&                &&                  
                  oo        oooo     oo &&                &                   
                     ooooooo  &o     oo &&      &&&       &                   
                                oo   oo && :&&&   .&& &&&*                    
                                   &ooo &&&                                   

==============================================
SmartRun Product by SmartRun Tech. All rights reserved.
==============================================
Application Version : 2.6.7
Application Title : SmartRun MES
Contact : support@smartruntech.com
==============================================

				
2026-08-04 17:01:45 [restartedMain] INFO  com.vmfg.VMFGApplication -Starting VMFGApplication using Java 1.8.0_482 on Peachs-Mac-mini.local with PID 7724 (/Users/peach/Spring_Boot_Projects/bgr/OneDrive_1_4-15-2026/BGR-SOURCE_CODE-sandbox/SmartRun_ProjectManagement_Java/SR_Management/target/classes started by peach in /Users/peach/Spring_Boot_Projects/bgr/OneDrive_1_4-15-2026/BGR-SOURCE_CODE-sandbox/SmartRun_ProjectManagement_Java/SR_Management)
				
2026-08-04 17:01:45 [restartedMain] INFO  com.vmfg.VMFGApplication -The following 1 profile is active: "dev"
				
2026-08-04 17:01:45 [restartedMain] INFO  o.s.d.r.c.RepositoryConfigurationDelegate -Bootstrapping Spring Data JDBC repositories in DEFAULT mode.
				
2026-08-04 17:01:45 [restartedMain] INFO  o.s.d.r.c.RepositoryConfigurationDelegate -Finished Spring Data repository scanning in 9 ms. Found 0 JDBC repository interfaces.
				
2026-08-04 17:01:45 [restartedMain] INFO  o.s.b.w.e.tomcat.TomcatWebServer -Tomcat initialized with port(s): 8495 (http)
				
2026-08-04 17:01:45 [restartedMain] INFO  o.a.coyote.http11.Http11NioProtocol -Initializing ProtocolHandler ["http-nio-8495"]
				
2026-08-04 17:01:45 [restartedMain] INFO  o.a.catalina.core.StandardService -Starting service [Tomcat]
				
2026-08-04 17:01:45 [restartedMain] INFO  o.a.catalina.core.StandardEngine -Starting Servlet engine: [Apache Tomcat/9.0.63]
				
2026-08-04 17:01:45 [restartedMain] INFO  o.a.c.c.C.[.[localhost].[/smartrun] -Initializing Spring embedded WebApplicationContext
				
2026-08-04 17:01:45 [restartedMain] INFO  o.s.b.w.s.c.ServletWebServerApplicationContext -Root WebApplicationContext: initialization completed in 566 ms
				
2026-08-04 17:01:45 [restartedMain] INFO  s.d.s.w.PropertySourcedRequestMappingHandlerMapping -Mapped URL path [/v2/api-docs] onto method [springfox.documentation.swagger2.web.Swagger2Controller#getDocumentation(String, HttpServletRequest)]
				
2026-08-04 17:01:45 [restartedMain] INFO  o.s.b.d.a.OptionalLiveReloadServer -LiveReload server is running on port 35729
				
2026-08-04 17:01:45 [restartedMain] INFO  com.zaxxer.hikari.HikariDataSource -HikariPool-4 - Starting...
				
2026-08-04 17:01:45 [restartedMain] INFO  com.zaxxer.hikari.HikariDataSource -HikariPool-4 - Start completed.
				
2026-08-04 17:01:46 [restartedMain] WARN  o.s.b.a.s.s.UserDetailsServiceAutoConfiguration -

Using generated security password: 2de8ba1e-5cb3-42c6-8b49-7dc4aabe9bc9

This generated password is for development use only. Your security configuration must be updated before running your application in production.

				
2026-08-04 17:01:46 [restartedMain] INFO  o.s.s.web.DefaultSecurityFilterChain -Will secure any request with [org.springframework.security.web.session.DisableEncodeUrlFilter@6572ed27, org.springframework.security.web.context.request.async.WebAsyncManagerIntegrationFilter@34080efc, org.springframework.security.web.context.SecurityContextPersistenceFilter@1901e821, org.springframework.security.web.header.HeaderWriterFilter@4f82c597, org.springframework.security.web.csrf.CsrfFilter@76777b22, org.springframework.security.web.authentication.logout.LogoutFilter@89372e6, org.springframework.security.web.authentication.UsernamePasswordAuthenticationFilter@57580ba5, org.springframework.security.web.authentication.ui.DefaultLoginPageGeneratingFilter@666fc877, org.springframework.security.web.authentication.ui.DefaultLogoutPageGeneratingFilter@231a3efb, org.springframework.security.web.authentication.www.BasicAuthenticationFilter@1d373ff3, org.springframework.security.web.savedrequest.RequestCacheAwareFilter@7a005a50, org.springframework.security.web.servletapi.SecurityContextHolderAwareRequestFilter@237796fa, org.springframework.security.web.authentication.AnonymousAuthenticationFilter@7f645cc, org.springframework.security.web.session.SessionManagementFilter@546227e4, org.springframework.security.web.access.ExceptionTranslationFilter@11fe5392, org.springframework.security.web.access.intercept.FilterSecurityInterceptor@27cedca1]
				
2026-08-04 17:01:46 [restartedMain] INFO  o.a.coyote.http11.Http11NioProtocol -Starting ProtocolHandler ["http-nio-8495"]
				
2026-08-04 17:01:46 [restartedMain] INFO  o.s.b.w.e.tomcat.TomcatWebServer -Tomcat started on port(s): 8495 (http) with context path '/smartrun'
				
2026-08-04 17:01:46 [restartedMain] INFO  s.d.s.w.p.DocumentationPluginsBootstrapper -Context refreshed
				
2026-08-04 17:01:46 [restartedMain] INFO  s.d.s.w.p.DocumentationPluginsBootstrapper -Found 1 custom documentation plugin(s)
				
2026-08-04 17:01:46 [restartedMain] INFO  s.d.s.w.s.ApiListingReferenceScanner -Scanning for api listing references
				
2026-08-04 17:01:46 [restartedMain] INFO  com.vmfg.VMFGApplication -Started VMFGApplication in 1.537 seconds (JVM running for 2628.674)
				
2026-08-04 17:01:46 [restartedMain] INFO  o.s.b.d.a.ConditionEvaluationDeltaLoggingListener -Condition evaluation delta:


==========================
CONDITION EVALUATION DELTA
==========================


Positive matches:
-----------------

   SpringBootWebSecurityConfiguration.SecurityFilterChainConfiguration matched:
      - AllNestedConditions 2 matched 0 did not; NestedCondition on DefaultWebSecurityCondition.Beans @ConditionalOnMissingBean (types: org.springframework.security.config.annotation.web.configuration.WebSecurityConfigurerAdapter,org.springframework.security.web.SecurityFilterChain; SearchStrategy: all) did not find any beans; NestedCondition on DefaultWebSecurityCondition.Classes @ConditionalOnClass found required classes 'org.springframework.security.web.SecurityFilterChain', 'org.springframework.security.config.annotation.web.builders.HttpSecurity' (DefaultWebSecurityCondition)

   SpringBootWebSecurityConfiguration.WebSecurityEnablerConfiguration matched:
      - @ConditionalOnClass found required class 'org.springframework.security.config.annotation.web.configuration.EnableWebSecurity' (OnClassCondition)
      - @ConditionalOnMissingBean (names: springSecurityFilterChain; SearchStrategy: all) did not find any beans (OnBeanCondition)

   UserDetailsServiceAutoConfiguration matched:
      - @ConditionalOnClass found required class 'org.springframework.security.authentication.AuthenticationManager' (OnClassCondition)
      - @ConditionalOnBean (types: org.springframework.security.config.annotation.ObjectPostProcessor; SearchStrategy: all) found bean 'objectPostProcessor'; @ConditionalOnMissingBean (types: org.springframework.security.authentication.AuthenticationManager,org.springframework.security.authentication.AuthenticationProvider,org.springframework.security.core.userdetails.UserDetailsService,org.springframework.security.authentication.AuthenticationManagerResolver,org.springframework.security.oauth2.jwt.JwtDecoder,org.springframework.security.oauth2.server.resource.introspection.OpaqueTokenIntrospector,org.springframework.security.oauth2.client.registration.ClientRegistrationRepository,org.springframework.security.saml2.provider.service.registration.RelyingPartyRegistrationRepository; SearchStrategy: all) did not find any beans (OnBeanCondition)


Negative matches:
-----------------

    None


Exclusions:
-----------

    None


Unconditional classes:
----------------------

    None



				
2026-08-04 17:02:02 [Thread-17] INFO  com.zaxxer.hikari.HikariDataSource -HikariPool-4 - Shutdown initiated...
				
2026-08-04 17:02:02 [Thread-17] INFO  com.zaxxer.hikari.HikariDataSource -HikariPool-4 - Shutdown completed.
				
2026-08-04 17:02:03 [restartedMain] INFO  com.vmfg.VMFGApplication -SmartRun Application Started
				
2026-08-04 17:02:03 [restartedMain] INFO  o.s.boot.SpringApplication -

                                ooooooo &&&&&&&&                              
                              oo     oo &.     &                              
                    ooooooo  oo      oo &:     &&                             
                 oo        oooo      oo &&       *&&&&  &&&&&&                
               oo            oo      oo &&                    &&&             
              oo                     oo &&&&&                  &o             
              oo                     oo &&     &&&&&           &              
              oo           ooo       oo &&           &&&       &&             
           ooooo           o:        oo &&              &        &&           
       ooo     *oo       oo          oo &&                        &&&&&&&     
     oo           ooooooo            oo &&                              &&    
    o&                                      &&&&*       &&               &&   
   oo                                            &&       &&              &&  
   o     ooooo                  @     @@    @@     &&:     &&           &&    
  oo ooo       ooo          @@@@@@@@@@@@@@@@@@@@@    &&     &&         &&     
  ooo            oo         @@ @@@ @@@@@@@@@@@  @     &&     &&         &     
  oo               o      @@@@ @@@ @@@@@@@@@@@  @@@    &&     &         &&    
  o&               oo       @@ @@@ @@@@@@@@@@@  @       &     &         &&    
  oo               oo       @@ @@ @ @@@@        @       &&                &&& 
  oo                      @@@@ @@@@@@@@@@@@@@@  @@@:    &&                  &&
  oo                        @@ @@@@@@@@@@@ @@@  @       &&        o&        &&
   o                        @@ @@@@@ @@@  @@@@  @       &         &&        &.
   oo                     @@@@ @@@ @@@@@@@@@@@  @@@@   &          &    .&&&&  
    o         oooo          @@                  @     &.         &&    &&     
    oo    ooo      &oo          @     @@    @@      &&          &&    &&      
     oo oo            oo        @     @     @@    &&           &&    &&       
      ooo              oo                      &&&           &&      &&       
         oooooooo       oo           oo &&&&&&              &&         &      
              oo        oo           oo &&         &      &&           &&     
              o        :o            oo &&  .&&&&&     &&.           &&       
              o       oo             oo &&                    &&&&&&&&        
              oo    ooo              oo &&                  &&                
                oo                   oo &&                &&                  
                  oo        oooo     oo &&                &                   
                     ooooooo  &o     oo &&      &&&       &                   
                                oo   oo && :&&&   .&& &&&*                    
                                   &ooo &&&                                   

==============================================
SmartRun Product by SmartRun Tech. All rights reserved.
==============================================
Application Version : 2.6.7
Application Title : SmartRun MES
Contact : support@smartruntech.com
==============================================

				
2026-08-04 17:02:03 [restartedMain] INFO  com.vmfg.VMFGApplication -Starting VMFGApplication using Java 1.8.0_482 on Peachs-Mac-mini.local with PID 7724 (/Users/peach/Spring_Boot_Projects/bgr/OneDrive_1_4-15-2026/BGR-SOURCE_CODE-sandbox/SmartRun_ProjectManagement_Java/SR_Management/target/classes started by peach in /Users/peach/Spring_Boot_Projects/bgr/OneDrive_1_4-15-2026/BGR-SOURCE_CODE-sandbox/SmartRun_ProjectManagement_Java/SR_Management)
				
2026-08-04 17:02:03 [restartedMain] INFO  com.vmfg.VMFGApplication -The following 1 profile is active: "dev"
				
2026-08-04 17:02:03 [restartedMain] INFO  o.s.d.r.c.RepositoryConfigurationDelegate -Bootstrapping Spring Data JDBC repositories in DEFAULT mode.
				
2026-08-04 17:02:04 [restartedMain] INFO  o.s.d.r.c.RepositoryConfigurationDelegate -Finished Spring Data repository scanning in 37 ms. Found 0 JDBC repository interfaces.
				
2026-08-04 17:02:04 [restartedMain] INFO  o.s.b.w.e.tomcat.TomcatWebServer -Tomcat initialized with port(s): 8495 (http)
				
2026-08-04 17:02:04 [restartedMain] INFO  o.a.coyote.http11.Http11NioProtocol -Initializing ProtocolHandler ["http-nio-8495"]
				
2026-08-04 17:02:04 [restartedMain] INFO  o.a.catalina.core.StandardService -Starting service [Tomcat]
				
2026-08-04 17:02:04 [restartedMain] INFO  o.a.catalina.core.StandardEngine -Starting Servlet engine: [Apache Tomcat/9.0.63]
				
2026-08-04 17:02:04 [restartedMain] INFO  o.a.c.c.C.[.[localhost].[/smartrun] -Initializing Spring embedded WebApplicationContext
				
2026-08-04 17:02:04 [restartedMain] INFO  o.s.b.w.s.c.ServletWebServerApplicationContext -Root WebApplicationContext: initialization completed in 789 ms
				
2026-08-04 17:02:04 [restartedMain] INFO  s.d.s.w.PropertySourcedRequestMappingHandlerMapping -Mapped URL path [/v2/api-docs] onto method [springfox.documentation.swagger2.web.Swagger2Controller#getDocumentation(String, HttpServletRequest)]
				
2026-08-04 17:02:04 [restartedMain] INFO  o.s.s.web.DefaultSecurityFilterChain -Will secure any request with [org.springframework.security.web.session.DisableEncodeUrlFilter@7c7a8d95, org.springframework.security.web.context.request.async.WebAsyncManagerIntegrationFilter@5ee5eb7f, org.springframework.security.web.context.SecurityContextPersistenceFilter@19c01412, org.springframework.security.web.header.HeaderWriterFilter@bfa4086, org.springframework.web.filter.CorsFilter@7a58e39d, org.springframework.security.web.authentication.logout.LogoutFilter@15b3e718, com.vmfg.security.config.JwtRequestFilter@46a16134, org.springframework.security.web.savedrequest.RequestCacheAwareFilter@104c3a1, org.springframework.security.web.servletapi.SecurityContextHolderAwareRequestFilter@58a35d77, org.springframework.security.web.authentication.AnonymousAuthenticationFilter@4207d96c, org.springframework.security.web.session.SessionManagementFilter@58b1818d, org.springframework.security.web.access.ExceptionTranslationFilter@5cd88093, org.springframework.security.web.access.intercept.FilterSecurityInterceptor@38f012e8]
				
2026-08-04 17:02:04 [restartedMain] INFO  o.s.b.d.a.OptionalLiveReloadServer -LiveReload server is running on port 35729
				
2026-08-04 17:02:04 [restartedMain] INFO  com.zaxxer.hikari.HikariDataSource -HikariPool-5 - Starting...
				
2026-08-04 17:02:04 [restartedMain] INFO  com.zaxxer.hikari.HikariDataSource -HikariPool-5 - Start completed.
				
2026-08-04 17:02:05 [restartedMain] INFO  o.a.coyote.http11.Http11NioProtocol -Starting ProtocolHandler ["http-nio-8495"]
				
2026-08-04 17:02:05 [restartedMain] INFO  o.s.b.w.e.tomcat.TomcatWebServer -Tomcat started on port(s): 8495 (http) with context path '/smartrun'
				
2026-08-04 17:02:05 [restartedMain] INFO  s.d.s.w.p.DocumentationPluginsBootstrapper -Context refreshed
				
2026-08-04 17:02:05 [restartedMain] INFO  s.d.s.w.p.DocumentationPluginsBootstrapper -Found 1 custom documentation plugin(s)
				
2026-08-04 17:02:05 [restartedMain] INFO  s.d.s.w.s.ApiListingReferenceScanner -Scanning for api listing references
				
2026-08-04 17:02:05 [restartedMain] INFO  s.d.s.w.r.o.CachingOperationNameGenerator -Generating unique operation named: insertOrUpdateSalesBudgetSheetHdrAndDtlUsingPOST_1
				
2026-08-04 17:02:05 [restartedMain] INFO  s.d.s.w.r.o.CachingOperationNameGenerator -Generating unique operation named: getVendorDetailHdrViewUsingPOST_1
				
2026-08-04 17:02:05 [restartedMain] INFO  s.d.s.w.r.o.CachingOperationNameGenerator -Generating unique operation named: updateUserRoleMappingUsingPOST_1
				
2026-08-04 17:02:05 [restartedMain] INFO  com.vmfg.VMFGApplication -Started VMFGApplication in 2.505 seconds (JVM running for 2648.038)
				
2026-08-04 17:02:05 [restartedMain] INFO  c.v.config.DevFlywayMigrationRunner -Running Flyway migrations against sandbox datasource
				
2026-08-04 17:02:05 [restartedMain] INFO  org.flywaydb.core.FlywayExecutor -Database: jdbc:mysql://localhost:3306/smartrun_bgr_sandbox (MySQL 9.6)
				
2026-08-04 17:02:05 [restartedMain] WARN  o.f.c.i.database.base.Database -Flyway upgrade recommended: MySQL 9.6 is newer than this version of Flyway and support has not been tested. The latest supported version of MySQL is 8.0.
				
2026-08-04 17:02:05 [restartedMain] INFO  o.f.core.internal.command.DbValidate -Successfully validated 4 migrations (execution time 00:00.013s)
				
2026-08-04 17:02:05 [restartedMain] INFO  o.f.core.internal.command.DbMigrate -Current version of schema `smartrun_bgr_sandbox`: 3
				
2026-08-04 17:02:05 [restartedMain] INFO  o.f.core.internal.command.DbMigrate -Schema `smartrun_bgr_sandbox` is up to date. No migration necessary.
				
2026-08-04 17:02:05 [restartedMain] INFO  o.s.b.d.a.ConditionEvaluationDeltaLoggingListener -Condition evaluation delta:


==========================
CONDITION EVALUATION DELTA
==========================


Positive matches:
-----------------

    None


Negative matches:
-----------------

   SpringBootWebSecurityConfiguration.SecurityFilterChainConfiguration:
      Did not match:
         - AllNestedConditions 1 matched 1 did not; NestedCondition on DefaultWebSecurityCondition.Beans @ConditionalOnMissingBean (types: org.springframework.security.config.annotation.web.configuration.WebSecurityConfigurerAdapter,org.springframework.security.web.SecurityFilterChain; SearchStrategy: all) found beans of type 'org.springframework.security.web.SecurityFilterChain' filterChain; NestedCondition on DefaultWebSecurityCondition.Classes @ConditionalOnClass found required classes 'org.springframework.security.web.SecurityFilterChain', 'org.springframework.security.config.annotation.web.builders.HttpSecurity' (DefaultWebSecurityCondition)

   SpringBootWebSecurityConfiguration.WebSecurityEnablerConfiguration:
      Did not match:
         - @ConditionalOnMissingBean (names: springSecurityFilterChain; SearchStrategy: all) found beans named springSecurityFilterChain (OnBeanCondition)
      Matched:
         - @ConditionalOnClass found required class 'org.springframework.security.config.annotation.web.configuration.EnableWebSecurity' (OnClassCondition)

   UserDetailsServiceAutoConfiguration:
      Did not match:
         - @ConditionalOnMissingBean (types: org.springframework.security.authentication.AuthenticationManager,org.springframework.security.authentication.AuthenticationProvider,org.springframework.security.core.userdetails.UserDetailsService,org.springframework.security.authentication.AuthenticationManagerResolver,org.springframework.security.oauth2.jwt.JwtDecoder,org.springframework.security.oauth2.server.resource.introspection.OpaqueTokenIntrospector,org.springframework.security.oauth2.client.registration.ClientRegistrationRepository,org.springframework.security.saml2.provider.service.registration.RelyingPartyRegistrationRepository; SearchStrategy: all) found beans of type 'org.springframework.security.authentication.AuthenticationManager' authenticationManager and found beans of type 'org.springframework.security.core.userdetails.UserDetailsService' userLoginDAO (OnBeanCondition)
      Matched:
         - @ConditionalOnClass found required class 'org.springframework.security.authentication.AuthenticationManager' (OnClassCondition)


Exclusions:
-----------

    None


Unconditional classes:
----------------------

    None



				
2026-08-04 17:02:17 [http-nio-8495-exec-9] INFO  o.a.c.c.C.[.[localhost].[/smartrun] -Initializing Spring DispatcherServlet 'dispatcherServlet'
				
2026-08-04 17:02:17 [http-nio-8495-exec-9] INFO  o.s.web.servlet.DispatcherServlet -Initializing Servlet 'dispatcherServlet'
				
2026-08-04 17:02:17 [http-nio-8495-exec-9] INFO  o.s.web.servlet.DispatcherServlet -Completed initialization in 2 ms
				
2026-08-04 17:02:18 [http-nio-8495-exec-2] INFO  c.v.g.c.NotificationGeneralController -getNotificationDetails   method Start
				
2026-08-04 17:02:18 [http-nio-8495-exec-5] INFO  c.v.g.c.NotificationGeneralController -getNotificationDetails   method Start
				
2026-08-04 17:02:18 [http-nio-8495-exec-4] INFO  c.v.g.c.NotificationGeneralController -getNotificationDetails   method Start
				
2026-08-04 17:02:18 [http-nio-8495-exec-3] INFO  c.v.p.controller.ProjectController -getTimeLineByPM   method Start
				
2026-08-04 17:02:18 [http-nio-8495-exec-7] INFO  c.v.p.controller.ProjectController -getProjectDtl   method Start
				
2026-08-04 17:02:18 [http-nio-8495-exec-3] INFO  c.v.p.controller.ProjectController -getProjectInitiationMstResp   method Start
				
2026-08-04 17:02:18 [http-nio-8495-exec-1] INFO  c.v.p.controller.ProjectController -getProjTimePlanDropDown   method Start
				
2026-08-04 17:02:19 [http-nio-8495-exec-2] INFO  c.v.p.controller.ProjectController -getLinkStatusByPMId   method Start
				
2026-08-04 17:02:19 [http-nio-8495-exec-4] INFO  c.v.s.c.SalesBudgetSheetController -getKeyCategory   method Start
				
2026-08-04 17:02:19 [http-nio-8495-exec-3] INFO  c.v.g.c.DepartmentAndEmployeeInfoController -DepartmentAndEmployeeInfoController   method Start
				
2026-08-04 17:02:19 [http-nio-8495-exec-3] INFO  c.v.g.s.i.DepartmentAndEmployeeService -DepartmentAndEmployeeService  method start
				
2026-08-04 17:02:19 [http-nio-8495-exec-4] INFO  c.v.s.c.SalesBudgetSheetController -getKeyCategory method End
				
2026-08-04 17:02:19 [http-nio-8495-exec-7] INFO  c.v.g.c.NotificationGeneralController -getNotificationDetails   method Start
				
2026-08-04 17:02:19 [http-nio-8495-exec-4] INFO  c.v.g.c.NotificationGeneralController -getNotificationDetails   method Start
				
2026-08-04 17:02:19 [http-nio-8495-exec-3] INFO  c.v.g.c.NotificationGeneralController -getNotificationDetails   method Start
				
2026-08-04 17:02:19 [http-nio-8495-exec-1] INFO  c.v.g.c.NotificationGeneralController -getNotificationDetails   method Start
				
2026-08-04 17:02:19 [http-nio-8495-exec-9] INFO  c.v.g.c.NotificationGeneralController -getNotificationDetails   method Start
				
2026-08-04 17:02:19 [http-nio-8495-exec-10] INFO  c.v.g.c.NotificationGeneralController -getNotificationDetails   method Start
				
2026-08-04 17:02:19 [http-nio-8495-exec-6] INFO  c.v.g.c.NotificationGeneralController -getNotificationDetails   method Start
				
2026-08-04 17:02:19 [http-nio-8495-exec-5] INFO  c.v.g.c.NotificationGeneralController -getNotificationDetails   method Start
				
2026-08-04 17:02:19 [http-nio-8495-exec-2] INFO  c.v.g.c.NotificationGeneralController -getNotificationDetails   method Start
				
2026-08-04 17:02:19 [http-nio-8495-exec-8] INFO  c.v.g.c.NotificationGeneralController -getNotificationDetails   method Start
				
2026-08-04 17:02:42 [http-nio-8495-exec-7] INFO  c.v.g.c.NotificationGeneralController -getNotificationDetails   method Start
				
2026-08-04 17:02:42 [http-nio-8495-exec-4] INFO  c.v.g.c.NotificationGeneralController -getNotificationDetails   method Start
				
2026-08-04 17:03:38 [http-nio-8495-exec-6] INFO  c.v.d.c.IndentUploadController -getIndentHdrDtlsByProjectId Controller  method Start
				
2026-08-04 17:03:38 [http-nio-8495-exec-7] INFO  com.vmfg.scm.services.impl.PoService -getDCTypeDtl Service start 
				
2026-08-04 17:03:38 [http-nio-8495-exec-10] INFO  c.v.g.c.NotificationGeneralController -getNotificationDetails   method Start
				
2026-08-04 17:03:38 [http-nio-8495-exec-3] INFO  c.v.g.c.NotificationGeneralController -getNotificationDetails   method Start
				
2026-08-04 17:03:38 [http-nio-8495-exec-4] INFO  c.v.g.c.NotificationGeneralController -getNotificationDetails   method Start
				
2026-08-04 17:03:38 [http-nio-8495-exec-6] INFO  c.v.d.c.IndentUploadController -getIndentHdrDtlsByProjectId Controller  method end
				
2026-08-04 17:03:38 [http-nio-8495-exec-2] INFO  c.v.g.c.NotificationGeneralController -getNotificationDetails   method Start
				
2026-08-04 17:03:39 [http-nio-8495-exec-7] INFO  com.vmfg.scm.services.impl.PoService -getDCTypeDtl Service end 
				
2026-08-04 17:03:39 [http-nio-8495-exec-5] INFO  c.v.g.c.NotificationGeneralController -getNotificationDetails   method Start
				
2026-08-04 17:03:56 [http-nio-8495-exec-6] INFO  c.v.g.c.NotificationGeneralController -getNotificationDetails   method Start
				
2026-08-04 17:03:56 [http-nio-8495-exec-7] INFO  c.v.g.c.NotificationGeneralController -getNotificationDetails   method Start
				
2026-08-04 17:03:56 [http-nio-8495-exec-4] INFO  c.v.g.c.NotificationGeneralController -getNotificationDetails   method Start
				
2026-08-04 17:03:56 [http-nio-8495-exec-2] INFO  c.v.p.controller.ProjectController -getTimeLineByPM   method Start
				
2026-08-04 17:03:56 [http-nio-8495-exec-3] INFO  c.v.p.controller.ProjectController -getProjectDtl   method Start
				
2026-08-04 17:03:56 [http-nio-8495-exec-5] INFO  c.v.p.controller.ProjectController -getProjTimePlanDropDown   method Start
				
2026-08-04 17:03:56 [http-nio-8495-exec-1] INFO  c.v.g.c.DepartmentAndEmployeeInfoController -DepartmentAndEmployeeInfoController   method Start
				
2026-08-04 17:03:56 [http-nio-8495-exec-9] INFO  c.v.p.controller.ProjectController -getProjectInitiationMstResp   method Start
				
2026-08-04 17:03:56 [http-nio-8495-exec-1] INFO  c.v.g.s.i.DepartmentAndEmployeeService -DepartmentAndEmployeeService  method start
				
2026-08-04 17:03:56 [http-nio-8495-exec-5] INFO  c.v.p.controller.ProjectController -getLinkStatusByPMId   method Start
				
2026-08-04 17:03:56 [http-nio-8495-exec-10] INFO  c.v.s.c.SalesBudgetSheetController -getKeyCategory   method Start
				
2026-08-04 17:03:56 [http-nio-8495-exec-10] INFO  c.v.s.c.SalesBudgetSheetController -getKeyCategory method End
				
2026-08-04 17:03:56 [http-nio-8495-exec-1] INFO  c.v.g.c.NotificationGeneralController -getNotificationDetails   method Start
				
2026-08-04 17:03:56 [http-nio-8495-exec-9] INFO  c.v.g.c.NotificationGeneralController -getNotificationDetails   method Start
				
2026-08-04 17:03:56 [http-nio-8495-exec-8] INFO  c.v.g.c.NotificationGeneralController -getNotificationDetails   method Start
				
2026-08-04 17:03:57 [http-nio-8495-exec-2] INFO  c.v.g.c.NotificationGeneralController -getNotificationDetails   method Start
				
2026-08-04 17:03:57 [http-nio-8495-exec-10] INFO  c.v.g.c.NotificationGeneralController -getNotificationDetails   method Start
				
2026-08-04 17:03:57 [http-nio-8495-exec-3] INFO  c.v.g.c.NotificationGeneralController -getNotificationDetails   method Start
				
2026-08-04 17:03:57 [http-nio-8495-exec-5] INFO  c.v.g.c.NotificationGeneralController -getNotificationDetails   method Start
				
2026-08-04 17:03:57 [http-nio-8495-exec-7] INFO  c.v.g.c.NotificationGeneralController -getNotificationDetails   method Start
				
2026-08-04 17:03:57 [http-nio-8495-exec-6] INFO  c.v.g.c.NotificationGeneralController -getNotificationDetails   method Start
				
2026-08-04 17:03:57 [http-nio-8495-exec-4] INFO  c.v.g.c.NotificationGeneralController -getNotificationDetails   method Start
				
2026-08-04 17:05:35 [SpringApplicationShutdownHook] INFO  com.zaxxer.hikari.HikariDataSource -HikariPool-5 - Shutdown initiated...
				
2026-08-04 17:05:35 [SpringApplicationShutdownHook] INFO  com.zaxxer.hikari.HikariDataSource -HikariPool-5 - Shutdown completed.
				
2026-08-04 17:05:43 [background-preinit] INFO  o.h.validator.internal.util.Version -HV000001: Hibernate Validator 6.2.3.Final
				
2026-08-04 17:05:44 [restartedMain] INFO  o.s.boot.SpringApplication -

                                ooooooo &&&&&&&&                              
                              oo     oo &.     &                              
                    ooooooo  oo      oo &:     &&                             
                 oo        oooo      oo &&       *&&&&  &&&&&&                
               oo            oo      oo &&                    &&&             
              oo                     oo &&&&&                  &o             
              oo                     oo &&     &&&&&           &              
              oo           ooo       oo &&           &&&       &&             
           ooooo           o:        oo &&              &        &&           
       ooo     *oo       oo          oo &&                        &&&&&&&     
     oo           ooooooo            oo &&                              &&    
    o&                                      &&&&*       &&               &&   
   oo                                            &&       &&              &&  
   o     ooooo                  @     @@    @@     &&:     &&           &&    
  oo ooo       ooo          @@@@@@@@@@@@@@@@@@@@@    &&     &&         &&     
  ooo            oo         @@ @@@ @@@@@@@@@@@  @     &&     &&         &     
  oo               o      @@@@ @@@ @@@@@@@@@@@  @@@    &&     &         &&    
  o&               oo       @@ @@@ @@@@@@@@@@@  @       &     &         &&    
  oo               oo       @@ @@ @ @@@@        @       &&                &&& 
  oo                      @@@@ @@@@@@@@@@@@@@@  @@@:    &&                  &&
  oo                        @@ @@@@@@@@@@@ @@@  @       &&        o&        &&
   o                        @@ @@@@@ @@@  @@@@  @       &         &&        &.
   oo                     @@@@ @@@ @@@@@@@@@@@  @@@@   &          &    .&&&&  
    o         oooo          @@                  @     &.         &&    &&     
    oo    ooo      &oo          @     @@    @@      &&          &&    &&      
     oo oo            oo        @     @     @@    &&           &&    &&       
      ooo              oo                      &&&           &&      &&       
         oooooooo       oo           oo &&&&&&              &&         &      
              oo        oo           oo &&         &      &&           &&     
              o        :o            oo &&  .&&&&&     &&.           &&       
              o       oo             oo &&                    &&&&&&&&        
              oo    ooo              oo &&                  &&                
                oo                   oo &&                &&                  
                  oo        oooo     oo &&                &                   
                     ooooooo  &o     oo &&      &&&       &                   
                                oo   oo && :&&&   .&& &&&*                    
                                   &ooo &&&                                   

==============================================
SmartRun Product by SmartRun Tech. All rights reserved.
==============================================
Application Version : 2.6.7
Application Title : SmartRun MES
Contact : support@smartruntech.com
==============================================

				
2026-08-04 17:05:44 [restartedMain] INFO  com.vmfg.VMFGApplication -Starting VMFGApplication using Java 1.8.0_482 on Peachs-Mac-mini.local with PID 8325 (/Users/peach/Spring_Boot_Projects/bgr/OneDrive_1_4-15-2026/BGR-SOURCE_CODE-sandbox/SmartRun_ProjectManagement_Java/SR_Management/target/classes started by peach in /Users/peach/Spring_Boot_Projects/bgr/OneDrive_1_4-15-2026/BGR-SOURCE_CODE-sandbox/SmartRun_ProjectManagement_Java/SR_Management)
				
2026-08-04 17:05:44 [restartedMain] INFO  com.vmfg.VMFGApplication -The following 1 profile is active: "dev"
				
2026-08-04 17:05:44 [restartedMain] INFO  o.s.b.d.e.DevToolsPropertyDefaultsPostProcessor -Devtools property defaults active! Set 'spring.devtools.add-properties' to 'false' to disable
				
2026-08-04 17:05:44 [restartedMain] INFO  o.s.b.d.e.DevToolsPropertyDefaultsPostProcessor -For additional web related logging consider setting the 'logging.level.web' property to 'DEBUG'
				
2026-08-04 17:05:46 [restartedMain] INFO  o.s.d.r.c.RepositoryConfigurationDelegate -Bootstrapping Spring Data JDBC repositories in DEFAULT mode.
				
2026-08-04 17:05:46 [restartedMain] INFO  o.s.d.r.c.RepositoryConfigurationDelegate -Finished Spring Data repository scanning in 113 ms. Found 0 JDBC repository interfaces.
				
2026-08-04 17:05:48 [restartedMain] INFO  o.s.b.w.e.tomcat.TomcatWebServer -Tomcat initialized with port(s): 8495 (http)
				
2026-08-04 17:05:48 [restartedMain] INFO  o.a.coyote.http11.Http11NioProtocol -Initializing ProtocolHandler ["http-nio-8495"]
				
2026-08-04 17:05:48 [restartedMain] INFO  o.a.catalina.core.StandardService -Starting service [Tomcat]
				
2026-08-04 17:05:48 [restartedMain] INFO  o.a.catalina.core.StandardEngine -Starting Servlet engine: [Apache Tomcat/9.0.63]
				
2026-08-04 17:05:48 [restartedMain] INFO  o.a.c.c.C.[.[localhost].[/smartrun] -Initializing Spring embedded WebApplicationContext
				
2026-08-04 17:05:48 [restartedMain] INFO  o.s.b.w.s.c.ServletWebServerApplicationContext -Root WebApplicationContext: initialization completed in 3743 ms
				
2026-08-04 17:05:51 [restartedMain] INFO  s.d.s.w.PropertySourcedRequestMappingHandlerMapping -Mapped URL path [/v2/api-docs] onto method [springfox.documentation.swagger2.web.Swagger2Controller#getDocumentation(String, HttpServletRequest)]
				
2026-08-04 17:05:51 [restartedMain] INFO  o.s.s.web.DefaultSecurityFilterChain -Will secure any request with [org.springframework.security.web.session.DisableEncodeUrlFilter@72f3d388, org.springframework.security.web.context.request.async.WebAsyncManagerIntegrationFilter@5bb60d5d, org.springframework.security.web.context.SecurityContextPersistenceFilter@6ad5fbd5, org.springframework.security.web.header.HeaderWriterFilter@f9eb1c5, org.springframework.web.filter.CorsFilter@6940e37d, org.springframework.security.web.authentication.logout.LogoutFilter@a1c8068, com.vmfg.security.config.JwtRequestFilter@7be0bc35, org.springframework.security.web.savedrequest.RequestCacheAwareFilter@725a14fe, org.springframework.security.web.servletapi.SecurityContextHolderAwareRequestFilter@4a91e5b7, org.springframework.security.web.authentication.AnonymousAuthenticationFilter@79f1520c, org.springframework.security.web.session.SessionManagementFilter@41cc8cd0, org.springframework.security.web.access.ExceptionTranslationFilter@3326ade2, org.springframework.security.web.access.intercept.FilterSecurityInterceptor@16962e2c]
				
2026-08-04 17:05:51 [restartedMain] INFO  o.s.b.d.a.OptionalLiveReloadServer -LiveReload server is running on port 35729
				
2026-08-04 17:05:52 [restartedMain] INFO  com.zaxxer.hikari.HikariDataSource -HikariPool-1 - Starting...
				
2026-08-04 17:05:52 [restartedMain] INFO  com.zaxxer.hikari.HikariDataSource -HikariPool-1 - Start completed.
				
2026-08-04 17:05:53 [restartedMain] INFO  o.a.coyote.http11.Http11NioProtocol -Starting ProtocolHandler ["http-nio-8495"]
				
2026-08-04 17:05:53 [restartedMain] INFO  o.s.b.w.e.tomcat.TomcatWebServer -Tomcat started on port(s): 8495 (http) with context path '/smartrun'
				
2026-08-04 17:05:53 [restartedMain] INFO  s.d.s.w.p.DocumentationPluginsBootstrapper -Context refreshed
				
2026-08-04 17:05:53 [restartedMain] INFO  s.d.s.w.p.DocumentationPluginsBootstrapper -Found 1 custom documentation plugin(s)
				
2026-08-04 17:05:53 [restartedMain] INFO  s.d.s.w.s.ApiListingReferenceScanner -Scanning for api listing references
				
2026-08-04 17:05:54 [restartedMain] INFO  s.d.s.w.r.o.CachingOperationNameGenerator -Generating unique operation named: insertOrUpdateSalesBudgetSheetHdrAndDtlUsingPOST_1
				
2026-08-04 17:05:54 [restartedMain] INFO  s.d.s.w.r.o.CachingOperationNameGenerator -Generating unique operation named: getVendorDetailHdrViewUsingPOST_1
				
2026-08-04 17:05:54 [restartedMain] INFO  s.d.s.w.r.o.CachingOperationNameGenerator -Generating unique operation named: updateUserRoleMappingUsingPOST_1
				
2026-08-04 17:05:54 [restartedMain] INFO  com.vmfg.VMFGApplication -Started VMFGApplication in 11.662 seconds (JVM running for 12.413)
				
2026-08-04 17:05:54 [restartedMain] INFO  c.v.config.DevFlywayMigrationRunner -Running Flyway migrations against sandbox datasource
				
2026-08-04 17:05:54 [restartedMain] INFO  o.f.c.i.license.VersionPrinter -Flyway Community Edition 9.22.3 by Redgate
				
2026-08-04 17:05:54 [restartedMain] INFO  o.f.c.i.license.VersionPrinter -See release notes here: https://rd.gt/416ObMi
				
2026-08-04 17:05:54 [restartedMain] INFO  o.f.c.i.license.VersionPrinter -
				
2026-08-04 17:05:54 [restartedMain] INFO  org.flywaydb.core.FlywayExecutor -Database: jdbc:mysql://localhost:3306/smartrun_bgr_sandbox (MySQL 9.6)
				
2026-08-04 17:05:54 [restartedMain] WARN  o.f.c.i.database.base.Database -Flyway upgrade recommended: MySQL 9.6 is newer than this version of Flyway and support has not been tested. The latest supported version of MySQL is 8.0.
				
2026-08-04 17:05:55 [restartedMain] INFO  o.f.core.internal.command.DbValidate -Successfully validated 4 migrations (execution time 00:00.030s)
				
2026-08-04 17:05:55 [restartedMain] INFO  o.f.core.internal.command.DbMigrate -Current version of schema `smartrun_bgr_sandbox`: 3
				
2026-08-04 17:05:55 [restartedMain] INFO  o.f.core.internal.command.DbMigrate -Schema `smartrun_bgr_sandbox` is up to date. No migration necessary.
				
2026-08-04 17:05:55 [main] ERROR com.vmfg.VMFGApplication -SmartRun Application Start Exception--->org.springframework.boot.devtools.restart.SilentExitExceptionHandler$SilentExitException
				
2026-08-04 17:06:11 [http-nio-8495-exec-1] INFO  o.a.c.c.C.[.[localhost].[/smartrun] -Initializing Spring DispatcherServlet 'dispatcherServlet'
				
2026-08-04 17:06:11 [http-nio-8495-exec-1] INFO  o.s.web.servlet.DispatcherServlet -Initializing Servlet 'dispatcherServlet'
				
2026-08-04 17:06:11 [http-nio-8495-exec-1] INFO  o.s.web.servlet.DispatcherServlet -Completed initialization in 5 ms
				
2026-08-04 17:06:12 [http-nio-8495-exec-4] INFO  c.v.g.c.NotificationGeneralController -getNotificationDetails   method Start
				
2026-08-04 17:06:12 [http-nio-8495-exec-6] INFO  c.v.g.c.NotificationGeneralController -getNotificationDetails   method Start
				
2026-08-04 17:06:12 [http-nio-8495-exec-5] INFO  c.v.g.c.NotificationGeneralController -getNotificationDetails   method Start
				
2026-08-04 17:06:12 [http-nio-8495-exec-9] INFO  c.v.p.controller.ProjectController -getTimeLineByPM   method Start
				
2026-08-04 17:06:12 [http-nio-8495-exec-8] INFO  c.v.p.controller.ProjectController -getProjectDtl   method Start
				
2026-08-04 17:06:12 [http-nio-8495-exec-9] INFO  c.v.p.controller.ProjectController -getProjTimePlanDropDown   method Start
				
2026-08-04 17:06:12 [http-nio-8495-exec-10] INFO  c.v.g.c.DepartmentAndEmployeeInfoController -DepartmentAndEmployeeInfoController   method Start
				
2026-08-04 17:06:12 [http-nio-8495-exec-10] INFO  c.v.g.s.i.DepartmentAndEmployeeService -DepartmentAndEmployeeService  method start
				
2026-08-04 17:06:12 [http-nio-8495-exec-9] INFO  c.v.p.controller.ProjectController -getProjectInitiationMstResp   method Start
				
2026-08-04 17:06:12 [http-nio-8495-exec-1] INFO  c.v.p.controller.ProjectController -getLinkStatusByPMId   method Start
				
2026-08-04 17:06:12 [http-nio-8495-exec-3] INFO  c.v.s.c.SalesBudgetSheetController -getKeyCategory   method Start
				
2026-08-04 17:06:12 [http-nio-8495-exec-3] INFO  c.v.s.c.SalesBudgetSheetController -getKeyCategory method End
				
2026-08-04 17:06:12 [http-nio-8495-exec-7] INFO  c.v.g.c.NotificationGeneralController -getNotificationDetails   method Start
				
2026-08-04 17:06:12 [http-nio-8495-exec-10] INFO  c.v.g.c.NotificationGeneralController -getNotificationDetails   method Start
				
2026-08-04 17:06:12 [http-nio-8495-exec-1] INFO  c.v.g.c.NotificationGeneralController -getNotificationDetails   method Start
				
2026-08-04 17:06:12 [http-nio-8495-exec-4] INFO  c.v.g.c.NotificationGeneralController -getNotificationDetails   method Start
				
2026-08-04 17:06:12 [http-nio-8495-exec-9] INFO  c.v.g.c.NotificationGeneralController -getNotificationDetails   method Start
				
2026-08-04 17:06:12 [http-nio-8495-exec-2] INFO  c.v.g.c.NotificationGeneralController -getNotificationDetails   method Start
				
2026-08-04 17:06:12 [http-nio-8495-exec-8] INFO  c.v.g.c.NotificationGeneralController -getNotificationDetails   method Start
				
2026-08-04 17:06:12 [http-nio-8495-exec-3] INFO  c.v.g.c.NotificationGeneralController -getNotificationDetails   method Start
				
2026-08-04 17:06:13 [http-nio-8495-exec-6] INFO  c.v.g.c.NotificationGeneralController -getNotificationDetails   method Start
				
2026-08-04 17:06:13 [http-nio-8495-exec-5] INFO  c.v.g.c.NotificationGeneralController -getNotificationDetails   method Start
				
2026-08-04 17:06:14 [http-nio-8495-exec-1] INFO  c.v.g.c.NotificationGeneralController -getNotificationDetails   method Start
				
2026-08-04 17:06:14 [http-nio-8495-exec-4] INFO  c.v.g.c.NotificationGeneralController -getNotificationDetails   method Start
				
2026-08-04 17:06:22 [http-nio-8495-exec-1] INFO  c.v.g.c.NotificationGeneralController -getNotificationDetails   method Start
				
2026-08-04 17:06:22 [http-nio-8495-exec-7] INFO  c.v.g.c.NotificationGeneralController -getNotificationDetails   method Start
				
2026-08-04 17:06:22 [http-nio-8495-exec-10] INFO  c.v.g.c.NotificationGeneralController -getNotificationDetails   method Start
				
2026-08-04 17:06:22 [http-nio-8495-exec-9] INFO  c.v.p.controller.ProjectController -getProjectDtl   method Start
				
2026-08-04 17:06:22 [http-nio-8495-exec-8] INFO  c.v.p.controller.ProjectController -getTimeLineByPM   method Start
				
2026-08-04 17:06:22 [http-nio-8495-exec-8] INFO  c.v.p.controller.ProjectController -getProjTimePlanDropDown   method Start
				
2026-08-04 17:06:22 [http-nio-8495-exec-2] INFO  c.v.g.c.DepartmentAndEmployeeInfoController -DepartmentAndEmployeeInfoController   method Start
				
2026-08-04 17:06:22 [http-nio-8495-exec-6] INFO  c.v.p.controller.ProjectController -getProjectInitiationMstResp   method Start
				
2026-08-04 17:06:22 [http-nio-8495-exec-2] INFO  c.v.g.s.i.DepartmentAndEmployeeService -DepartmentAndEmployeeService  method start
				
2026-08-04 17:06:22 [http-nio-8495-exec-4] INFO  c.v.s.c.SalesBudgetSheetController -getKeyCategory   method Start
				
2026-08-04 17:06:22 [http-nio-8495-exec-2] INFO  c.v.g.c.NotificationGeneralController -getNotificationDetails   method Start
				
2026-08-04 17:06:22 [http-nio-8495-exec-9] INFO  c.v.p.controller.ProjectController -getLinkStatusByPMId   method Start
				
2026-08-04 17:06:22 [http-nio-8495-exec-4] INFO  c.v.s.c.SalesBudgetSheetController -getKeyCategory method End
				
2026-08-04 17:06:22 [http-nio-8495-exec-6] INFO  c.v.g.c.NotificationGeneralController -getNotificationDetails   method Start
				
2026-08-04 17:06:22 [http-nio-8495-exec-5] INFO  c.v.g.c.NotificationGeneralController -getNotificationDetails   method Start
				
2026-08-04 17:06:22 [http-nio-8495-exec-4] INFO  c.v.g.c.NotificationGeneralController -getNotificationDetails   method Start
				
2026-08-04 17:06:22 [http-nio-8495-exec-3] INFO  c.v.g.c.NotificationGeneralController -getNotificationDetails   method Start
				
2026-08-04 17:06:22 [http-nio-8495-exec-8] INFO  c.v.g.c.NotificationGeneralController -getNotificationDetails   method Start
				
2026-08-04 17:06:23 [http-nio-8495-exec-9] INFO  c.v.g.c.NotificationGeneralController -getNotificationDetails   method Start
				
2026-08-04 17:06:23 [http-nio-8495-exec-10] INFO  c.v.g.c.NotificationGeneralController -getNotificationDetails   method Start
				
2026-08-04 17:06:23 [http-nio-8495-exec-1] INFO  c.v.g.c.NotificationGeneralController -getNotificationDetails   method Start
				
2026-08-04 17:06:23 [http-nio-8495-exec-7] INFO  c.v.g.c.NotificationGeneralController -getNotificationDetails   method Start
				
2026-08-04 17:06:24 [http-nio-8495-exec-5] INFO  c.v.g.c.NotificationGeneralController -getNotificationDetails   method Start
				
2026-08-04 17:06:24 [http-nio-8495-exec-8] INFO  c.v.g.c.NotificationGeneralController -getNotificationDetails   method Start
				
2026-08-04 17:06:28 [http-nio-8495-exec-1] INFO  com.vmfg.scm.services.impl.PoService -getDCTypeDtl Service start 
				
2026-08-04 17:06:28 [http-nio-8495-exec-3] INFO  c.v.d.c.IndentUploadController -getIndentHdrDtlsByProjectId Controller  method Start
				
2026-08-04 17:06:28 [http-nio-8495-exec-2] INFO  c.v.g.c.NotificationGeneralController -getNotificationDetails   method Start
				
2026-08-04 17:06:28 [http-nio-8495-exec-7] INFO  c.v.g.c.NotificationGeneralController -getNotificationDetails   method Start
				
2026-08-04 17:06:28 [http-nio-8495-exec-6] INFO  c.v.g.c.NotificationGeneralController -getNotificationDetails   method Start
				
2026-08-04 17:06:28 [http-nio-8495-exec-3] INFO  c.v.d.c.IndentUploadController -getIndentHdrDtlsByProjectId Controller  method end
				
2026-08-04 17:06:28 [http-nio-8495-exec-5] INFO  c.v.g.c.NotificationGeneralController -getNotificationDetails   method Start
				
2026-08-04 17:06:29 [http-nio-8495-exec-1] INFO  com.vmfg.scm.services.impl.PoService -getDCTypeDtl Service end 
				
2026-08-04 17:06:29 [http-nio-8495-exec-8] INFO  c.v.g.c.NotificationGeneralController -getNotificationDetails   method Start
				
2026-08-04 17:06:33 [http-nio-8495-exec-9] INFO  c.v.g.c.NotificationGeneralController -getNotificationDetails   method Start
				
2026-08-04 17:07:15 [http-nio-8495-exec-3] INFO  c.v.g.c.NotificationGeneralController -getNotificationDetails   method Start
				
2026-08-04 17:07:15 [http-nio-8495-exec-7] INFO  c.v.p.controller.ProjectController -getProjectDtl   method Start
				
2026-08-04 17:07:15 [http-nio-8495-exec-5] INFO  c.v.g.services.impl.TileViewService -getProjectTitleView  method start
				
2026-08-04 17:07:16 [http-nio-8495-exec-1] INFO  c.v.s.c.IndentManagementController -getIndentProjectDtlsByDate Controller  method Start
				
2026-08-04 17:07:16 [http-nio-8495-exec-1] INFO  c.v.s.c.IndentManagementController -getIndentProjectDtlsByDate Controller  method end
				
2026-08-04 17:07:16 [http-nio-8495-exec-8] INFO  c.v.g.c.NotificationGeneralController -getNotificationDetails   method Start
				
2026-08-04 17:07:16 [http-nio-8495-exec-5] INFO  c.v.g.c.StageManagementController -getProjectTitleView   method end
				
2026-08-04 17:07:16 [http-nio-8495-exec-4] INFO  c.v.g.c.NotificationGeneralController -getNotificationDetails   method Start
				
2026-08-04 17:07:16 [http-nio-8495-exec-9] INFO  c.v.g.c.NotificationGeneralController -getNotificationDetails   method Start
				
2026-08-04 17:07:18 [http-nio-8495-exec-8] INFO  c.v.g.services.impl.TileViewService -getProjectTitleView  method start
				
2026-08-04 17:07:18 [http-nio-8495-exec-9] INFO  c.v.p.controller.ProjectController -getProjectDtl   method Start
				
2026-08-04 17:07:18 [http-nio-8495-exec-4] INFO  c.v.s.c.IndentManagementController -getIndentProjectDtlsByDate Controller  method Start
				
2026-08-04 17:07:18 [http-nio-8495-exec-4] INFO  c.v.s.c.IndentManagementController -getIndentProjectDtlsByDate Controller  method end
				
2026-08-04 17:07:18 [http-nio-8495-exec-3] INFO  c.v.g.c.NotificationGeneralController -getNotificationDetails   method Start
				
2026-08-04 17:07:18 [http-nio-8495-exec-2] INFO  c.v.g.c.NotificationGeneralController -getNotificationDetails   method Start
				
2026-08-04 17:07:18 [http-nio-8495-exec-10] INFO  c.v.g.c.NotificationGeneralController -getNotificationDetails   method Start
				
2026-08-04 17:07:18 [http-nio-8495-exec-8] INFO  c.v.g.c.StageManagementController -getProjectTitleView   method end
				
2026-08-04 17:07:18 [http-nio-8495-exec-6] INFO  c.v.g.c.NotificationGeneralController -getNotificationDetails   method Start
				
2026-08-04 17:07:18 [http-nio-8495-exec-1] INFO  c.v.g.c.NotificationGeneralController -getNotificationDetails   method Start
				
2026-08-04 17:07:21 [http-nio-8495-exec-7] INFO  c.v.g.services.impl.TileViewService -getProjectTitleView  method start
				
2026-08-04 17:07:21 [http-nio-8495-exec-5] INFO  c.v.p.controller.ProjectController -getProjectDtl   method Start
				
2026-08-04 17:07:21 [http-nio-8495-exec-4] INFO  c.v.p.controller.ProjectController -getProjectDtl   method Start
				
2026-08-04 17:07:21 [http-nio-8495-exec-8] INFO  c.v.g.c.NotificationGeneralController -getNotificationDetails   method Start
				
2026-08-04 17:07:22 [http-nio-8495-exec-7] INFO  c.v.g.c.StageManagementController -getProjectTitleView   method end
				
2026-08-04 17:07:22 [http-nio-8495-exec-9] INFO  c.v.g.c.NotificationGeneralController -getNotificationDetails   method Start
				
2026-08-04 17:07:22 [http-nio-8495-exec-10] INFO  c.v.g.c.NotificationGeneralController -getNotificationDetails   method Start
				
2026-08-04 17:07:22 [http-nio-8495-exec-2] INFO  c.v.g.c.NotificationGeneralController -getNotificationDetails   method Start
				
2026-08-04 17:07:22 [http-nio-8495-exec-5] INFO  c.v.p.controller.ProjectController -getTimeLineByPM   method Start
				
2026-08-04 17:07:22 [http-nio-8495-exec-7] INFO  c.v.p.controller.ProjectController -getProjTimePlanDropDown   method Start
				
2026-08-04 17:07:22 [http-nio-8495-exec-4] INFO  c.v.g.c.DepartmentAndEmployeeInfoController -DepartmentAndEmployeeInfoController   method Start
				
2026-08-04 17:07:22 [http-nio-8495-exec-4] INFO  c.v.g.s.i.DepartmentAndEmployeeService -DepartmentAndEmployeeService  method start
				
2026-08-04 17:07:22 [http-nio-8495-exec-7] INFO  c.v.p.controller.ProjectController -getProjectInitiationMstResp   method Start
				
2026-08-04 17:07:22 [http-nio-8495-exec-5] INFO  c.v.p.controller.ProjectController -getLinkStatusByPMId   method Start
				
2026-08-04 17:07:22 [http-nio-8495-exec-6] INFO  c.v.s.c.SalesBudgetSheetController -getKeyCategory   method Start
				
2026-08-04 17:07:22 [http-nio-8495-exec-6] INFO  c.v.s.c.SalesBudgetSheetController -getKeyCategory method End
				
2026-08-04 17:07:22 [http-nio-8495-exec-4] INFO  c.v.p.controller.ProjectController -getProjectDtl   method Start
				
2026-08-04 17:07:22 [http-nio-8495-exec-3] INFO  c.v.g.c.NotificationGeneralController -getNotificationDetails   method Start
				
2026-08-04 17:07:22 [http-nio-8495-exec-7] INFO  c.v.g.c.NotificationGeneralController -getNotificationDetails   method Start
				
2026-08-04 17:07:22 [http-nio-8495-exec-1] INFO  c.v.g.c.NotificationGeneralController -getNotificationDetails   method Start
				
2026-08-04 17:07:22 [http-nio-8495-exec-6] INFO  c.v.g.c.NotificationGeneralController -getNotificationDetails   method Start
				
2026-08-04 17:07:22 [http-nio-8495-exec-4] INFO  c.v.g.c.NotificationGeneralController -getNotificationDetails   method Start
				
2026-08-04 17:07:22 [http-nio-8495-exec-8] INFO  c.v.g.c.NotificationGeneralController -getNotificationDetails   method Start
				
2026-08-04 17:07:22 [http-nio-8495-exec-5] INFO  c.v.g.c.NotificationGeneralController -getNotificationDetails   method Start
				
2026-08-04 17:07:22 [http-nio-8495-exec-9] INFO  c.v.g.c.NotificationGeneralController -getNotificationDetails   method Start
				
2026-08-04 17:07:22 [http-nio-8495-exec-10] INFO  c.v.g.c.NotificationGeneralController -getNotificationDetails   method Start
				
2026-08-04 17:07:23 [http-nio-8495-exec-2] INFO  c.v.g.c.NotificationGeneralController -getNotificationDetails   method Start
				
2026-08-04 17:07:23 [http-nio-8495-exec-1] INFO  c.v.g.c.NotificationGeneralController -getNotificationDetails   method Start
				
2026-08-04 17:07:23 [http-nio-8495-exec-6] INFO  c.v.g.c.NotificationGeneralController -getNotificationDetails   method Start
				
2026-08-04 17:08:11 [http-nio-8495-exec-10] INFO  c.v.g.c.NotificationGeneralController -getNotificationDetails   method Start
				
2026-08-04 17:08:11 [http-nio-8495-exec-2] INFO  c.v.g.c.NotificationGeneralController -getNotificationDetails   method Start
				
2026-08-04 17:08:11 [http-nio-8495-exec-9] INFO  c.v.g.c.NotificationGeneralController -getNotificationDetails   method Start
				
2026-08-04 17:08:11 [http-nio-8495-exec-7] INFO  c.v.p.controller.ProjectController -getProjectDtl   method Start
				
2026-08-04 17:08:11 [http-nio-8495-exec-1] INFO  c.v.p.controller.ProjectController -getTimeLineByPM   method Start
				
2026-08-04 17:08:11 [http-nio-8495-exec-1] INFO  c.v.p.controller.ProjectController -getProjTimePlanDropDown   method Start
				
2026-08-04 17:08:11 [http-nio-8495-exec-1] INFO  c.v.g.c.DepartmentAndEmployeeInfoController -DepartmentAndEmployeeInfoController   method Start
				
2026-08-04 17:08:11 [http-nio-8495-exec-1] INFO  c.v.g.s.i.DepartmentAndEmployeeService -DepartmentAndEmployeeService  method start
				
2026-08-04 17:08:11 [http-nio-8495-exec-3] INFO  c.v.p.controller.ProjectController -getProjectInitiationMstResp   method Start
				
2026-08-04 17:08:11 [http-nio-8495-exec-5] INFO  c.v.p.controller.ProjectController -getLinkStatusByPMId   method Start
				
2026-08-04 17:08:11 [http-nio-8495-exec-4] INFO  c.v.s.c.SalesBudgetSheetController -getKeyCategory   method Start
				
2026-08-04 17:08:11 [http-nio-8495-exec-4] INFO  c.v.s.c.SalesBudgetSheetController -getKeyCategory method End
				
2026-08-04 17:08:11 [http-nio-8495-exec-6] INFO  c.v.g.c.NotificationGeneralController -getNotificationDetails   method Start
				
2026-08-04 17:08:11 [http-nio-8495-exec-1] INFO  c.v.g.c.NotificationGeneralController -getNotificationDetails   method Start
				
2026-08-04 17:08:11 [http-nio-8495-exec-5] INFO  c.v.g.c.NotificationGeneralController -getNotificationDetails   method Start
				
2026-08-04 17:08:11 [http-nio-8495-exec-7] INFO  c.v.g.c.NotificationGeneralController -getNotificationDetails   method Start
				
2026-08-04 17:08:11 [http-nio-8495-exec-3] INFO  c.v.g.c.NotificationGeneralController -getNotificationDetails   method Start
				
2026-08-04 17:08:11 [http-nio-8495-exec-9] INFO  c.v.g.c.NotificationGeneralController -getNotificationDetails   method Start
				
2026-08-04 17:08:12 [http-nio-8495-exec-4] INFO  c.v.g.c.NotificationGeneralController -getNotificationDetails   method Start
				
2026-08-04 17:08:12 [http-nio-8495-exec-8] INFO  c.v.g.c.NotificationGeneralController -getNotificationDetails   method Start
				
2026-08-04 17:08:12 [http-nio-8495-exec-10] INFO  c.v.g.c.NotificationGeneralController -getNotificationDetails   method Start
				
2026-08-04 17:08:12 [http-nio-8495-exec-2] INFO  c.v.g.c.NotificationGeneralController -getNotificationDetails   method Start
				
2026-08-04 17:10:26 [http-nio-8495-exec-2] INFO  c.v.g.c.NotificationGeneralController -getNotificationDetails   method Start
				
2026-08-04 17:10:26 [http-nio-8495-exec-5] INFO  c.v.g.c.NotificationGeneralController -getNotificationDetails   method Start
				
2026-08-04 17:10:26 [http-nio-8495-exec-1] INFO  c.v.g.c.NotificationGeneralController -getNotificationDetails   method Start
				
2026-08-04 17:10:26 [http-nio-8495-exec-6] INFO  c.v.p.controller.ProjectController -getProjectDtl   method Start
				
2026-08-04 17:10:26 [http-nio-8495-exec-3] INFO  c.v.p.controller.ProjectController -getTimeLineByPM   method Start
				
2026-08-04 17:10:26 [http-nio-8495-exec-9] INFO  c.v.p.controller.ProjectController -getProjTimePlanDropDown   method Start
				
2026-08-04 17:10:26 [http-nio-8495-exec-3] INFO  c.v.g.c.DepartmentAndEmployeeInfoController -DepartmentAndEmployeeInfoController   method Start
				
2026-08-04 17:10:26 [http-nio-8495-exec-3] INFO  c.v.g.s.i.DepartmentAndEmployeeService -DepartmentAndEmployeeService  method start
				
2026-08-04 17:10:26 [http-nio-8495-exec-7] INFO  c.v.p.controller.ProjectController -getProjectInitiationMstResp   method Start
				
2026-08-04 17:10:26 [http-nio-8495-exec-4] INFO  c.v.p.controller.ProjectController -getLinkStatusByPMId   method Start
				
2026-08-04 17:10:26 [http-nio-8495-exec-9] INFO  c.v.s.c.SalesBudgetSheetController -getKeyCategory   method Start
				
2026-08-04 17:10:26 [http-nio-8495-exec-9] INFO  c.v.s.c.SalesBudgetSheetController -getKeyCategory method End
				
2026-08-04 17:10:26 [http-nio-8495-exec-3] INFO  c.v.g.c.NotificationGeneralController -getNotificationDetails   method Start
				
2026-08-04 17:10:26 [http-nio-8495-exec-8] INFO  c.v.g.c.NotificationGeneralController -getNotificationDetails   method Start
				
2026-08-04 17:10:26 [http-nio-8495-exec-6] INFO  c.v.g.c.NotificationGeneralController -getNotificationDetails   method Start
				
2026-08-04 17:10:26 [http-nio-8495-exec-7] INFO  c.v.g.c.NotificationGeneralController -getNotificationDetails   method Start
				
2026-08-04 17:10:26 [http-nio-8495-exec-9] INFO  c.v.g.c.NotificationGeneralController -getNotificationDetails   method Start
				
2026-08-04 17:10:26 [http-nio-8495-exec-10] INFO  c.v.g.c.NotificationGeneralController -getNotificationDetails   method Start
				
2026-08-04 17:10:26 [http-nio-8495-exec-4] INFO  c.v.g.c.NotificationGeneralController -getNotificationDetails   method Start
				
2026-08-04 17:10:26 [http-nio-8495-exec-2] INFO  c.v.g.c.NotificationGeneralController -getNotificationDetails   method Start
				
2026-08-04 17:10:26 [http-nio-8495-exec-1] INFO  c.v.g.c.NotificationGeneralController -getNotificationDetails   method Start
				
2026-08-04 17:10:26 [http-nio-8495-exec-5] INFO  c.v.g.c.NotificationGeneralController -getNotificationDetails   method Start
				
2026-08-04 17:10:27 [http-nio-8495-exec-3] INFO  c.v.g.c.NotificationGeneralController -getNotificationDetails   method Start
				
2026-08-04 17:10:27 [http-nio-8495-exec-7] INFO  c.v.g.c.NotificationGeneralController -getNotificationDetails   method Start
				
2026-08-04 17:10:35 [http-nio-8495-exec-4] INFO  com.vmfg.scm.services.impl.PoService -getDCTypeDtl Service start 
				
2026-08-04 17:10:35 [http-nio-8495-exec-9] INFO  c.v.d.c.IndentUploadController -getIndentHdrDtlsByProjectId Controller  method Start
				
2026-08-04 17:10:35 [http-nio-8495-exec-6] INFO  c.v.g.c.NotificationGeneralController -getNotificationDetails   method Start
				
2026-08-04 17:10:35 [http-nio-8495-exec-1] INFO  c.v.g.c.NotificationGeneralController -getNotificationDetails   method Start
				
2026-08-04 17:10:35 [http-nio-8495-exec-5] INFO  c.v.g.c.NotificationGeneralController -getNotificationDetails   method Start
				
2026-08-04 17:10:35 [http-nio-8495-exec-9] INFO  c.v.d.c.IndentUploadController -getIndentHdrDtlsByProjectId Controller  method end
				
2026-08-04 17:10:35 [http-nio-8495-exec-3] INFO  c.v.g.c.NotificationGeneralController -getNotificationDetails   method Start
				
2026-08-04 17:10:35 [http-nio-8495-exec-4] INFO  com.vmfg.scm.services.impl.PoService -getDCTypeDtl Service end 
				
2026-08-04 17:10:35 [http-nio-8495-exec-7] INFO  c.v.g.c.NotificationGeneralController -getNotificationDetails   method Start
				
2026-08-04 17:12:18 [http-nio-8495-exec-1] INFO  c.v.g.c.NotificationGeneralController -getNotificationDetails   method Start
				
2026-08-04 17:12:18 [http-nio-8495-exec-8] INFO  c.v.g.c.NotificationGeneralController -getNotificationDetails   method Start
				
2026-08-04 17:12:18 [http-nio-8495-exec-7] INFO  c.v.g.c.NotificationGeneralController -getNotificationDetails   method Start
				
2026-08-04 17:12:19 [http-nio-8495-exec-9] INFO  c.v.p.controller.ProjectController -getTimeLineByPM   method Start
				
2026-08-04 17:12:19 [http-nio-8495-exec-6] INFO  c.v.p.controller.ProjectController -getProjectDtl   method Start
				
2026-08-04 17:12:19 [http-nio-8495-exec-9] INFO  c.v.p.controller.ProjectController -getProjTimePlanDropDown   method Start
				
2026-08-04 17:12:19 [http-nio-8495-exec-10] INFO  c.v.g.c.DepartmentAndEmployeeInfoController -DepartmentAndEmployeeInfoController   method Start
				
2026-08-04 17:12:19 [http-nio-8495-exec-10] INFO  c.v.g.s.i.DepartmentAndEmployeeService -DepartmentAndEmployeeService  method start
				
2026-08-04 17:12:19 [http-nio-8495-exec-4] INFO  c.v.p.controller.ProjectController -getProjectInitiationMstResp   method Start
				
2026-08-04 17:12:19 [http-nio-8495-exec-3] INFO  c.v.p.controller.ProjectController -getLinkStatusByPMId   method Start
				
2026-08-04 17:12:19 [http-nio-8495-exec-5] INFO  c.v.s.c.SalesBudgetSheetController -getKeyCategory   method Start
				
2026-08-04 17:12:19 [http-nio-8495-exec-5] INFO  c.v.s.c.SalesBudgetSheetController -getKeyCategory method End
				
2026-08-04 17:12:19 [http-nio-8495-exec-5] INFO  c.v.g.c.NotificationGeneralController -getNotificationDetails   method Start
				
2026-08-04 17:12:19 [http-nio-8495-exec-9] INFO  c.v.g.c.NotificationGeneralController -getNotificationDetails   method Start
				
2026-08-04 17:12:19 [http-nio-8495-exec-4] INFO  c.v.g.c.NotificationGeneralController -getNotificationDetails   method Start
				
2026-08-04 17:12:19 [http-nio-8495-exec-10] INFO  c.v.g.c.NotificationGeneralController -getNotificationDetails   method Start
				
2026-08-04 17:12:19 [http-nio-8495-exec-6] INFO  c.v.g.c.NotificationGeneralController -getNotificationDetails   method Start
				
2026-08-04 17:12:19 [http-nio-8495-exec-2] INFO  c.v.g.c.NotificationGeneralController -getNotificationDetails   method Start
				
2026-08-04 17:12:19 [http-nio-8495-exec-3] INFO  c.v.g.c.NotificationGeneralController -getNotificationDetails   method Start
				
2026-08-04 17:12:19 [http-nio-8495-exec-1] INFO  c.v.g.c.NotificationGeneralController -getNotificationDetails   method Start
				
2026-08-04 17:12:19 [http-nio-8495-exec-8] INFO  c.v.g.c.NotificationGeneralController -getNotificationDetails   method Start
				
2026-08-04 17:12:19 [http-nio-8495-exec-7] INFO  c.v.g.c.NotificationGeneralController -getNotificationDetails   method Start
				
2026-08-04 17:16:14 [SpringApplicationShutdownHook] INFO  com.zaxxer.hikari.HikariDataSource -HikariPool-1 - Shutdown initiated...
				
2026-08-04 17:16:14 [SpringApplicationShutdownHook] INFO  com.zaxxer.hikari.HikariDataSource -HikariPool-1 - Shutdown completed.
				
2026-08-04 17:16:17 [background-preinit] INFO  o.h.validator.internal.util.Version -HV000001: Hibernate Validator 6.2.3.Final
				
2026-08-04 17:16:18 [restartedMain] INFO  o.s.boot.SpringApplication -

                                ooooooo &&&&&&&&                              
                              oo     oo &.     &                              
                    ooooooo  oo      oo &:     &&                             
                 oo        oooo      oo &&       *&&&&  &&&&&&                
               oo            oo      oo &&                    &&&             
              oo                     oo &&&&&                  &o             
              oo                     oo &&     &&&&&           &              
              oo           ooo       oo &&           &&&       &&             
           ooooo           o:        oo &&              &        &&           
       ooo     *oo       oo          oo &&                        &&&&&&&     
     oo           ooooooo            oo &&                              &&    
    o&                                      &&&&*       &&               &&   
   oo                                            &&       &&              &&  
   o     ooooo                  @     @@    @@     &&:     &&           &&    
  oo ooo       ooo          @@@@@@@@@@@@@@@@@@@@@    &&     &&         &&     
  ooo            oo         @@ @@@ @@@@@@@@@@@  @     &&     &&         &     
  oo               o      @@@@ @@@ @@@@@@@@@@@  @@@    &&     &         &&    
  o&               oo       @@ @@@ @@@@@@@@@@@  @       &     &         &&    
  oo               oo       @@ @@ @ @@@@        @       &&                &&& 
  oo                      @@@@ @@@@@@@@@@@@@@@  @@@:    &&                  &&
  oo                        @@ @@@@@@@@@@@ @@@  @       &&        o&        &&
   o                        @@ @@@@@ @@@  @@@@  @       &         &&        &.
   oo                     @@@@ @@@ @@@@@@@@@@@  @@@@   &          &    .&&&&  
    o         oooo          @@                  @     &.         &&    &&     
    oo    ooo      &oo          @     @@    @@      &&          &&    &&      
     oo oo            oo        @     @     @@    &&           &&    &&       
      ooo              oo                      &&&           &&      &&       
         oooooooo       oo           oo &&&&&&              &&         &      
              oo        oo           oo &&         &      &&           &&     
              o        :o            oo &&  .&&&&&     &&.           &&       
              o       oo             oo &&                    &&&&&&&&        
              oo    ooo              oo &&                  &&                
                oo                   oo &&                &&                  
                  oo        oooo     oo &&                &                   
                     ooooooo  &o     oo &&      &&&       &                   
                                oo   oo && :&&&   .&& &&&*                    
                                   &ooo &&&                                   

==============================================
SmartRun Product by SmartRun Tech. All rights reserved.
==============================================
Application Version : 2.6.7
Application Title : SmartRun MES
Contact : support@smartruntech.com
==============================================

				
2026-08-04 17:16:18 [restartedMain] INFO  com.vmfg.VMFGApplication -Starting VMFGApplication using Java 1.8.0_482 on Peachs-Mac-mini.local with PID 8632 (/Users/peach/Spring_Boot_Projects/bgr/OneDrive_1_4-15-2026/BGR-SOURCE_CODE-sandbox/SmartRun_ProjectManagement_Java/SR_Management/target/classes started by peach in /Users/peach/Spring_Boot_Projects/bgr/OneDrive_1_4-15-2026/BGR-SOURCE_CODE-sandbox/SmartRun_ProjectManagement_Java/SR_Management)
				
2026-08-04 17:16:18 [restartedMain] INFO  com.vmfg.VMFGApplication -The following 1 profile is active: "dev"
				
2026-08-04 17:16:18 [restartedMain] INFO  o.s.b.d.e.DevToolsPropertyDefaultsPostProcessor -Devtools property defaults active! Set 'spring.devtools.add-properties' to 'false' to disable
				
2026-08-04 17:16:18 [restartedMain] INFO  o.s.b.d.e.DevToolsPropertyDefaultsPostProcessor -For additional web related logging consider setting the 'logging.level.web' property to 'DEBUG'
				
2026-08-04 17:16:20 [restartedMain] INFO  o.s.d.r.c.RepositoryConfigurationDelegate -Bootstrapping Spring Data JDBC repositories in DEFAULT mode.
				
2026-08-04 17:16:20 [restartedMain] INFO  o.s.d.r.c.RepositoryConfigurationDelegate -Finished Spring Data repository scanning in 110 ms. Found 0 JDBC repository interfaces.
				
2026-08-04 17:16:22 [restartedMain] INFO  o.s.b.w.e.tomcat.TomcatWebServer -Tomcat initialized with port(s): 8495 (http)
				
2026-08-04 17:16:22 [restartedMain] INFO  o.a.coyote.http11.Http11NioProtocol -Initializing ProtocolHandler ["http-nio-8495"]
				
2026-08-04 17:16:22 [restartedMain] INFO  o.a.catalina.core.StandardService -Starting service [Tomcat]
				
2026-08-04 17:16:22 [restartedMain] INFO  o.a.catalina.core.StandardEngine -Starting Servlet engine: [Apache Tomcat/9.0.63]
				
2026-08-04 17:16:22 [restartedMain] INFO  o.a.c.c.C.[.[localhost].[/smartrun] -Initializing Spring embedded WebApplicationContext
				
2026-08-04 17:16:22 [restartedMain] INFO  o.s.b.w.s.c.ServletWebServerApplicationContext -Root WebApplicationContext: initialization completed in 3686 ms
				
2026-08-04 17:16:25 [restartedMain] INFO  s.d.s.w.PropertySourcedRequestMappingHandlerMapping -Mapped URL path [/v2/api-docs] onto method [springfox.documentation.swagger2.web.Swagger2Controller#getDocumentation(String, HttpServletRequest)]
				
2026-08-04 17:16:25 [restartedMain] INFO  o.s.s.web.DefaultSecurityFilterChain -Will secure any request with [org.springframework.security.web.session.DisableEncodeUrlFilter@35944154, org.springframework.security.web.context.request.async.WebAsyncManagerIntegrationFilter@3b279566, org.springframework.security.web.context.SecurityContextPersistenceFilter@1d6e0b4, org.springframework.security.web.header.HeaderWriterFilter@afc1c11, org.springframework.web.filter.CorsFilter@6bc897bc, org.springframework.security.web.authentication.logout.LogoutFilter@26425ec9, com.vmfg.security.config.JwtRequestFilter@60c18273, org.springframework.security.web.savedrequest.RequestCacheAwareFilter@4daae9c5, org.springframework.security.web.servletapi.SecurityContextHolderAwareRequestFilter@48291a0e, org.springframework.security.web.authentication.AnonymousAuthenticationFilter@11508d88, org.springframework.security.web.session.SessionManagementFilter@57e07f4, org.springframework.security.web.access.ExceptionTranslationFilter@565f5d28, org.springframework.security.web.access.intercept.FilterSecurityInterceptor@3a062524]
				
2026-08-04 17:16:25 [restartedMain] INFO  o.s.b.d.a.OptionalLiveReloadServer -LiveReload server is running on port 35729
				
2026-08-04 17:16:25 [restartedMain] INFO  com.zaxxer.hikari.HikariDataSource -HikariPool-1 - Starting...
				
2026-08-04 17:16:26 [restartedMain] INFO  com.zaxxer.hikari.HikariDataSource -HikariPool-1 - Start completed.
				
2026-08-04 17:16:26 [restartedMain] INFO  o.a.coyote.http11.Http11NioProtocol -Starting ProtocolHandler ["http-nio-8495"]
				
2026-08-04 17:16:26 [restartedMain] INFO  o.s.b.w.e.tomcat.TomcatWebServer -Tomcat started on port(s): 8495 (http) with context path '/smartrun'
				
2026-08-04 17:16:26 [restartedMain] INFO  s.d.s.w.p.DocumentationPluginsBootstrapper -Context refreshed
				
2026-08-04 17:16:26 [restartedMain] INFO  s.d.s.w.p.DocumentationPluginsBootstrapper -Found 1 custom documentation plugin(s)
				
2026-08-04 17:16:27 [restartedMain] INFO  s.d.s.w.s.ApiListingReferenceScanner -Scanning for api listing references
				
2026-08-04 17:16:28 [restartedMain] INFO  s.d.s.w.r.o.CachingOperationNameGenerator -Generating unique operation named: insertOrUpdateSalesBudgetSheetHdrAndDtlUsingPOST_1
				
2026-08-04 17:16:28 [restartedMain] INFO  s.d.s.w.r.o.CachingOperationNameGenerator -Generating unique operation named: getVendorDetailHdrViewUsingPOST_1
				
2026-08-04 17:16:28 [restartedMain] INFO  s.d.s.w.r.o.CachingOperationNameGenerator -Generating unique operation named: updateUserRoleMappingUsingPOST_1
				
2026-08-04 17:16:28 [restartedMain] INFO  com.vmfg.VMFGApplication -Started VMFGApplication in 11.656 seconds (JVM running for 12.405)
				
2026-08-04 17:16:28 [restartedMain] INFO  c.v.config.DevFlywayMigrationRunner -Running Flyway migrations against sandbox datasource
				
2026-08-04 17:16:28 [restartedMain] INFO  o.f.c.i.license.VersionPrinter -Flyway Community Edition 9.22.3 by Redgate
				
2026-08-04 17:16:28 [restartedMain] INFO  o.f.c.i.license.VersionPrinter -See release notes here: https://rd.gt/416ObMi
				
2026-08-04 17:16:28 [restartedMain] INFO  o.f.c.i.license.VersionPrinter -
				
2026-08-04 17:16:28 [restartedMain] INFO  org.flywaydb.core.FlywayExecutor -Database: jdbc:mysql://localhost:3306/smartrun_bgr_sandbox (MySQL 9.6)
				
2026-08-04 17:16:28 [restartedMain] WARN  o.f.c.i.database.base.Database -Flyway upgrade recommended: MySQL 9.6 is newer than this version of Flyway and support has not been tested. The latest supported version of MySQL is 8.0.
				
2026-08-04 17:16:28 [restartedMain] INFO  o.f.core.internal.command.DbValidate -Successfully validated 4 migrations (execution time 00:00.032s)
				
2026-08-04 17:16:29 [restartedMain] INFO  o.f.core.internal.command.DbMigrate -Current version of schema `smartrun_bgr_sandbox`: 3
				
2026-08-04 17:16:29 [restartedMain] INFO  o.f.core.internal.command.DbMigrate -Schema `smartrun_bgr_sandbox` is up to date. No migration necessary.
				
2026-08-04 17:16:29 [main] ERROR com.vmfg.VMFGApplication -SmartRun Application Start Exception--->org.springframework.boot.devtools.restart.SilentExitExceptionHandler$SilentExitException
				
2026-08-04 17:16:44 [http-nio-8495-exec-3] INFO  o.a.c.c.C.[.[localhost].[/smartrun] -Initializing Spring DispatcherServlet 'dispatcherServlet'
				
2026-08-04 17:16:44 [http-nio-8495-exec-3] INFO  o.s.web.servlet.DispatcherServlet -Initializing Servlet 'dispatcherServlet'
				
2026-08-04 17:16:44 [http-nio-8495-exec-3] INFO  o.s.web.servlet.DispatcherServlet -Completed initialization in 6 ms
				
2026-08-04 17:16:44 [http-nio-8495-exec-6] INFO  c.v.g.c.NotificationGeneralController -getNotificationDetails   method Start
				
2026-08-04 17:16:44 [http-nio-8495-exec-4] INFO  c.v.g.c.NotificationGeneralController -getNotificationDetails   method Start
				
2026-08-04 17:16:44 [http-nio-8495-exec-5] INFO  c.v.g.c.NotificationGeneralController -getNotificationDetails   method Start
				
2026-08-04 17:16:44 [http-nio-8495-exec-9] INFO  c.v.p.controller.ProjectController -getTimeLineByPM   method Start
				
2026-08-04 17:16:44 [http-nio-8495-exec-8] INFO  c.v.p.controller.ProjectController -getProjectDtl   method Start
				
2026-08-04 17:16:44 [http-nio-8495-exec-7] INFO  c.v.g.c.DepartmentAndEmployeeInfoController -DepartmentAndEmployeeInfoController   method Start
				
2026-08-04 17:16:44 [http-nio-8495-exec-9] INFO  c.v.p.controller.ProjectController -getProjTimePlanDropDown   method Start
				
2026-08-04 17:16:44 [http-nio-8495-exec-7] INFO  c.v.g.s.i.DepartmentAndEmployeeService -DepartmentAndEmployeeService  method start
				
2026-08-04 17:16:45 [http-nio-8495-exec-9] INFO  c.v.p.controller.ProjectController -getProjectInitiationMstResp   method Start
				
2026-08-04 17:16:45 [http-nio-8495-exec-10] INFO  c.v.p.controller.ProjectController -getLinkStatusByPMId   method Start
				
2026-08-04 17:16:45 [http-nio-8495-exec-2] INFO  c.v.g.c.NotificationGeneralController -getNotificationDetails   method Start
				
2026-08-04 17:16:45 [http-nio-8495-exec-1] INFO  c.v.s.c.SalesBudgetSheetController -getKeyCategory   method Start
				
2026-08-04 17:16:45 [http-nio-8495-exec-1] INFO  c.v.s.c.SalesBudgetSheetController -getKeyCategory method End
				
2026-08-04 17:16:45 [http-nio-8495-exec-7] INFO  c.v.g.c.NotificationGeneralController -getNotificationDetails   method Start
				
2026-08-04 17:16:45 [http-nio-8495-exec-9] INFO  c.v.g.c.NotificationGeneralController -getNotificationDetails   method Start
				
2026-08-04 17:16:45 [http-nio-8495-exec-3] INFO  c.v.g.c.NotificationGeneralController -getNotificationDetails   method Start
				
2026-08-04 17:16:45 [http-nio-8495-exec-4] INFO  c.v.g.c.NotificationGeneralController -getNotificationDetails   method Start
				
2026-08-04 17:16:45 [http-nio-8495-exec-8] INFO  c.v.g.c.NotificationGeneralController -getNotificationDetails   method Start
				
2026-08-04 17:16:45 [http-nio-8495-exec-1] INFO  c.v.g.c.NotificationGeneralController -getNotificationDetails   method Start
				
2026-08-04 17:16:45 [http-nio-8495-exec-7] INFO  c.v.g.c.NotificationGeneralController -getNotificationDetails   method Start
				
2026-08-04 17:16:45 [http-nio-8495-exec-10] INFO  c.v.g.c.NotificationGeneralController -getNotificationDetails   method Start
				
2026-08-04 17:16:45 [http-nio-8495-exec-6] INFO  c.v.g.c.NotificationGeneralController -getNotificationDetails   method Start
				
2026-08-04 17:16:46 [http-nio-8495-exec-2] INFO  c.v.d.c.IndentUploadController -getIndentHdrDtlsByProjectId Controller  method Start
				
2026-08-04 17:16:47 [http-nio-8495-exec-3] INFO  com.vmfg.scm.services.impl.PoService -getDCTypeDtl Service start 
				
2026-08-04 17:16:47 [http-nio-8495-exec-1] INFO  c.v.g.c.NotificationGeneralController -getNotificationDetails   method Start
				
2026-08-04 17:16:47 [http-nio-8495-exec-7] INFO  c.v.g.c.NotificationGeneralController -getNotificationDetails   method Start
				
2026-08-04 17:16:47 [http-nio-8495-exec-6] INFO  c.v.g.c.NotificationGeneralController -getNotificationDetails   method Start
				
2026-08-04 17:16:47 [http-nio-8495-exec-10] INFO  c.v.g.c.NotificationGeneralController -getNotificationDetails   method Start
				
2026-08-04 17:16:47 [http-nio-8495-exec-2] INFO  c.v.d.c.IndentUploadController -getIndentHdrDtlsByProjectId Controller  method end
				
2026-08-04 17:16:47 [http-nio-8495-exec-5] INFO  c.v.g.c.NotificationGeneralController -getNotificationDetails   method Start
				
2026-08-04 17:16:47 [http-nio-8495-exec-3] INFO  com.vmfg.scm.services.impl.PoService -getDCTypeDtl Service end 
				
2026-08-04 17:16:48 [http-nio-8495-exec-4] INFO  c.v.g.c.NotificationGeneralController -getNotificationDetails   method Start
				
2026-08-04 17:16:52 [http-nio-8495-exec-10] INFO  c.v.g.c.NotificationGeneralController -getNotificationDetails   method Start
				
2026-08-04 17:16:52 [http-nio-8495-exec-5] INFO  c.v.g.c.NotificationGeneralController -getNotificationDetails   method Start
				
2026-08-04 17:16:52 [http-nio-8495-exec-3] INFO  c.v.g.c.NotificationGeneralController -getNotificationDetails   method Start
				
2026-08-04 17:16:52 [http-nio-8495-exec-8] INFO  c.v.p.controller.ProjectController -getTimeLineByPM   method Start
				
2026-08-04 17:16:52 [http-nio-8495-exec-9] INFO  c.v.p.controller.ProjectController -getProjectDtl   method Start
				
2026-08-04 17:16:52 [http-nio-8495-exec-8] INFO  c.v.p.controller.ProjectController -getProjTimePlanDropDown   method Start
				
2026-08-04 17:16:52 [http-nio-8495-exec-1] INFO  c.v.p.controller.ProjectController -getProjectInitiationMstResp   method Start
				
2026-08-04 17:16:52 [http-nio-8495-exec-2] INFO  c.v.g.c.DepartmentAndEmployeeInfoController -DepartmentAndEmployeeInfoController   method Start
				
2026-08-04 17:16:52 [http-nio-8495-exec-2] INFO  c.v.g.s.i.DepartmentAndEmployeeService -DepartmentAndEmployeeService  method start
				
2026-08-04 17:16:52 [http-nio-8495-exec-8] INFO  c.v.p.controller.ProjectController -getLinkStatusByPMId   method Start
				
2026-08-04 17:16:52 [http-nio-8495-exec-4] INFO  c.v.s.c.SalesBudgetSheetController -getKeyCategory   method Start
				
2026-08-04 17:16:52 [http-nio-8495-exec-4] INFO  c.v.s.c.SalesBudgetSheetController -getKeyCategory method End
				
2026-08-04 17:16:52 [http-nio-8495-exec-2] INFO  c.v.g.c.NotificationGeneralController -getNotificationDetails   method Start
				
2026-08-04 17:16:52 [http-nio-8495-exec-1] INFO  c.v.g.c.NotificationGeneralController -getNotificationDetails   method Start
				
2026-08-04 17:16:52 [http-nio-8495-exec-9] INFO  c.v.g.c.NotificationGeneralController -getNotificationDetails   method Start
				
2026-08-04 17:16:52 [http-nio-8495-exec-7] INFO  c.v.g.c.NotificationGeneralController -getNotificationDetails   method Start
				
2026-08-04 17:16:52 [http-nio-8495-exec-5] INFO  c.v.g.c.NotificationGeneralController -getNotificationDetails   method Start
				
2026-08-04 17:16:52 [http-nio-8495-exec-6] INFO  c.v.g.c.NotificationGeneralController -getNotificationDetails   method Start
				
2026-08-04 17:16:52 [http-nio-8495-exec-4] INFO  c.v.g.c.NotificationGeneralController -getNotificationDetails   method Start
				
2026-08-04 17:16:52 [http-nio-8495-exec-1] INFO  c.v.g.c.NotificationGeneralController -getNotificationDetails   method Start
				
2026-08-04 17:16:53 [http-nio-8495-exec-10] INFO  c.v.g.c.NotificationGeneralController -getNotificationDetails   method Start
				
2026-08-04 17:16:53 [http-nio-8495-exec-8] INFO  c.v.g.c.NotificationGeneralController -getNotificationDetails   method Start
				
2026-08-04 17:16:53 [http-nio-8495-exec-2] INFO  c.v.d.c.IndentUploadController -getIndentHdrDtlsByProjectId Controller  method Start
				
2026-08-04 17:16:53 [http-nio-8495-exec-5] INFO  com.vmfg.scm.services.impl.PoService -getDCTypeDtl Service start 
				
2026-08-04 17:16:53 [http-nio-8495-exec-4] INFO  c.v.g.c.NotificationGeneralController -getNotificationDetails   method Start
				
2026-08-04 17:16:53 [http-nio-8495-exec-6] INFO  c.v.g.c.NotificationGeneralController -getNotificationDetails   method Start
				
2026-08-04 17:16:53 [http-nio-8495-exec-8] INFO  c.v.g.c.NotificationGeneralController -getNotificationDetails   method Start
				
2026-08-04 17:16:53 [http-nio-8495-exec-1] INFO  c.v.g.c.NotificationGeneralController -getNotificationDetails   method Start
				
2026-08-04 17:16:53 [http-nio-8495-exec-2] INFO  c.v.d.c.IndentUploadController -getIndentHdrDtlsByProjectId Controller  method end
				
2026-08-04 17:16:53 [http-nio-8495-exec-10] INFO  c.v.g.c.NotificationGeneralController -getNotificationDetails   method Start
				
2026-08-04 17:16:53 [http-nio-8495-exec-5] INFO  com.vmfg.scm.services.impl.PoService -getDCTypeDtl Service end 
				
2026-08-04 17:16:54 [http-nio-8495-exec-3] INFO  c.v.g.c.NotificationGeneralController -getNotificationDetails   method Start
				
2026-08-04 17:17:49 [http-nio-8495-exec-9] INFO  c.v.d.c.IndentUploadController -getIndentDtlsByIndentId Controller  method Start
				
2026-08-04 17:17:49 [http-nio-8495-exec-9] INFO  c.v.d.c.IndentUploadController -getIndentDtlsByIndentId Controller  method end
				
2026-08-04 17:17:49 [http-nio-8495-exec-2] INFO  c.v.g.c.NotificationGeneralController -getNotificationDetails   method Start
				
2026-08-04 17:17:55 [http-nio-8495-exec-10] INFO  c.v.d.c.IndentUploadController -getIndentHdrDtlsByProjectId Controller  method Start
				
2026-08-04 17:17:55 [http-nio-8495-exec-10] INFO  c.v.d.c.IndentUploadController -getIndentHdrDtlsByProjectId Controller  method end
				
2026-08-04 17:17:55 [http-nio-8495-exec-3] INFO  c.v.g.c.NotificationGeneralController -getNotificationDetails   method Start
				
2026-08-04 17:18:23 [http-nio-8495-exec-5] INFO  c.v.g.c.NotificationGeneralController -getNotificationDetails   method Start
				
2026-08-04 17:18:23 [http-nio-8495-exec-8] INFO  c.v.g.c.NotificationGeneralController -getNotificationDetails   method Start
				
2026-08-04 17:18:23 [http-nio-8495-exec-4] INFO  c.v.g.c.NotificationGeneralController -getNotificationDetails   method Start
				
2026-08-04 17:18:23 [http-nio-8495-exec-10] INFO  c.v.p.controller.ProjectController -getProjectDtl   method Start
				
2026-08-04 17:18:23 [http-nio-8495-exec-6] INFO  c.v.p.controller.ProjectController -getTimeLineByPM   method Start
				
2026-08-04 17:18:23 [http-nio-8495-exec-6] INFO  c.v.p.controller.ProjectController -getProjTimePlanDropDown   method Start
				
2026-08-04 17:18:23 [http-nio-8495-exec-3] INFO  c.v.g.c.DepartmentAndEmployeeInfoController -DepartmentAndEmployeeInfoController   method Start
				
2026-08-04 17:18:23 [http-nio-8495-exec-3] INFO  c.v.g.s.i.DepartmentAndEmployeeService -DepartmentAndEmployeeService  method start
				
2026-08-04 17:18:23 [http-nio-8495-exec-2] INFO  c.v.p.controller.ProjectController -getProjectInitiationMstResp   method Start
				
2026-08-04 17:18:23 [http-nio-8495-exec-9] INFO  c.v.p.controller.ProjectController -getLinkStatusByPMId   method Start
				
2026-08-04 17:18:23 [http-nio-8495-exec-1] INFO  c.v.s.c.SalesBudgetSheetController -getKeyCategory   method Start
				
2026-08-04 17:18:23 [http-nio-8495-exec-1] INFO  c.v.s.c.SalesBudgetSheetController -getKeyCategory method End
				
2026-08-04 17:18:23 [http-nio-8495-exec-6] INFO  c.v.g.c.NotificationGeneralController -getNotificationDetails   method Start
				
2026-08-04 17:18:23 [http-nio-8495-exec-3] INFO  c.v.g.c.NotificationGeneralController -getNotificationDetails   method Start
				
2026-08-04 17:18:23 [http-nio-8495-exec-9] INFO  c.v.g.c.NotificationGeneralController -getNotificationDetails   method Start
				
2026-08-04 17:18:24 [http-nio-8495-exec-7] INFO  c.v.g.c.NotificationGeneralController -getNotificationDetails   method Start
				
2026-08-04 17:18:24 [http-nio-8495-exec-2] INFO  c.v.g.c.NotificationGeneralController -getNotificationDetails   method Start
				
2026-08-04 17:18:24 [http-nio-8495-exec-1] INFO  c.v.g.c.NotificationGeneralController -getNotificationDetails   method Start
				
2026-08-04 17:18:24 [http-nio-8495-exec-8] INFO  c.v.g.c.NotificationGeneralController -getNotificationDetails   method Start
				
2026-08-04 17:18:24 [http-nio-8495-exec-10] INFO  c.v.g.c.NotificationGeneralController -getNotificationDetails   method Start
				
2026-08-04 17:18:24 [http-nio-8495-exec-9] INFO  c.v.g.c.NotificationGeneralController -getNotificationDetails   method Start
				
2026-08-04 17:18:24 [http-nio-8495-exec-4] INFO  c.v.g.c.NotificationGeneralController -getNotificationDetails   method Start
				
2026-08-04 17:20:09 [SpringApplicationShutdownHook] INFO  com.zaxxer.hikari.HikariDataSource -HikariPool-1 - Shutdown initiated...
				
2026-08-04 17:20:09 [SpringApplicationShutdownHook] INFO  com.zaxxer.hikari.HikariDataSource -HikariPool-1 - Shutdown completed.
				
2026-08-04 17:20:12 [background-preinit] INFO  o.h.validator.internal.util.Version -HV000001: Hibernate Validator 6.2.3.Final
				
2026-08-04 17:20:13 [restartedMain] INFO  o.s.boot.SpringApplication -

                                ooooooo &&&&&&&&                              
                              oo     oo &.     &                              
                    ooooooo  oo      oo &:     &&                             
                 oo        oooo      oo &&       *&&&&  &&&&&&                
               oo            oo      oo &&                    &&&             
              oo                     oo &&&&&                  &o             
              oo                     oo &&     &&&&&           &              
              oo           ooo       oo &&           &&&       &&             
           ooooo           o:        oo &&              &        &&           
       ooo     *oo       oo          oo &&                        &&&&&&&     
     oo           ooooooo            oo &&                              &&    
    o&                                      &&&&*       &&               &&   
   oo                                            &&       &&              &&  
   o     ooooo                  @     @@    @@     &&:     &&           &&    
  oo ooo       ooo          @@@@@@@@@@@@@@@@@@@@@    &&     &&         &&     
  ooo            oo         @@ @@@ @@@@@@@@@@@  @     &&     &&         &     
  oo               o      @@@@ @@@ @@@@@@@@@@@  @@@    &&     &         &&    
  o&               oo       @@ @@@ @@@@@@@@@@@  @       &     &         &&    
  oo               oo       @@ @@ @ @@@@        @       &&                &&& 
  oo                      @@@@ @@@@@@@@@@@@@@@  @@@:    &&                  &&
  oo                        @@ @@@@@@@@@@@ @@@  @       &&        o&        &&
   o                        @@ @@@@@ @@@  @@@@  @       &         &&        &.
   oo                     @@@@ @@@ @@@@@@@@@@@  @@@@   &          &    .&&&&  
    o         oooo          @@                  @     &.         &&    &&     
    oo    ooo      &oo          @     @@    @@      &&          &&    &&      
     oo oo            oo        @     @     @@    &&           &&    &&       
      ooo              oo                      &&&           &&      &&       
         oooooooo       oo           oo &&&&&&              &&         &      
              oo        oo           oo &&         &      &&           &&     
              o        :o            oo &&  .&&&&&     &&.           &&       
              o       oo             oo &&                    &&&&&&&&        
              oo    ooo              oo &&                  &&                
                oo                   oo &&                &&                  
                  oo        oooo     oo &&                &                   
                     ooooooo  &o     oo &&      &&&       &                   
                                oo   oo && :&&&   .&& &&&*                    
                                   &ooo &&&                                   

==============================================
SmartRun Product by SmartRun Tech. All rights reserved.
==============================================
Application Version : 2.6.7
Application Title : SmartRun MES
Contact : support@smartruntech.com
==============================================

				
2026-08-04 17:20:13 [restartedMain] INFO  com.vmfg.VMFGApplication -Starting VMFGApplication using Java 1.8.0_482 on Peachs-Mac-mini.local with PID 8800 (/Users/peach/Spring_Boot_Projects/bgr/OneDrive_1_4-15-2026/BGR-SOURCE_CODE-sandbox/SmartRun_ProjectManagement_Java/SR_Management/target/classes started by peach in /Users/peach/Spring_Boot_Projects/bgr/OneDrive_1_4-15-2026/BGR-SOURCE_CODE-sandbox/SmartRun_ProjectManagement_Java/SR_Management)
				
2026-08-04 17:20:13 [restartedMain] INFO  com.vmfg.VMFGApplication -The following 1 profile is active: "dev"
				
2026-08-04 17:20:13 [restartedMain] INFO  o.s.b.d.e.DevToolsPropertyDefaultsPostProcessor -Devtools property defaults active! Set 'spring.devtools.add-properties' to 'false' to disable
				
2026-08-04 17:20:13 [restartedMain] INFO  o.s.b.d.e.DevToolsPropertyDefaultsPostProcessor -For additional web related logging consider setting the 'logging.level.web' property to 'DEBUG'
				
2026-08-04 17:20:15 [restartedMain] INFO  o.s.d.r.c.RepositoryConfigurationDelegate -Bootstrapping Spring Data JDBC repositories in DEFAULT mode.
				
2026-08-04 17:20:15 [restartedMain] INFO  o.s.d.r.c.RepositoryConfigurationDelegate -Finished Spring Data repository scanning in 89 ms. Found 0 JDBC repository interfaces.
				
2026-08-04 17:20:17 [restartedMain] INFO  o.s.b.w.e.tomcat.TomcatWebServer -Tomcat initialized with port(s): 8495 (http)
				
2026-08-04 17:20:17 [restartedMain] INFO  o.a.coyote.http11.Http11NioProtocol -Initializing ProtocolHandler ["http-nio-8495"]
				
2026-08-04 17:20:17 [restartedMain] INFO  o.a.catalina.core.StandardService -Starting service [Tomcat]
				
2026-08-04 17:20:17 [restartedMain] INFO  o.a.catalina.core.StandardEngine -Starting Servlet engine: [Apache Tomcat/9.0.63]
				
2026-08-04 17:20:17 [restartedMain] INFO  o.a.c.c.C.[.[localhost].[/smartrun] -Initializing Spring embedded WebApplicationContext
				
2026-08-04 17:20:17 [restartedMain] INFO  o.s.b.w.s.c.ServletWebServerApplicationContext -Root WebApplicationContext: initialization completed in 3558 ms
				
2026-08-04 17:20:19 [restartedMain] INFO  s.d.s.w.PropertySourcedRequestMappingHandlerMapping -Mapped URL path [/v2/api-docs] onto method [springfox.documentation.swagger2.web.Swagger2Controller#getDocumentation(String, HttpServletRequest)]
				
2026-08-04 17:20:20 [restartedMain] INFO  o.s.s.web.DefaultSecurityFilterChain -Will secure any request with [org.springframework.security.web.session.DisableEncodeUrlFilter@494b3d44, org.springframework.security.web.context.request.async.WebAsyncManagerIntegrationFilter@72f3d388, org.springframework.security.web.context.SecurityContextPersistenceFilter@37c94621, org.springframework.security.web.header.HeaderWriterFilter@3cd27d40, org.springframework.web.filter.CorsFilter@5bb60d5d, org.springframework.security.web.authentication.logout.LogoutFilter@3f0177fd, com.vmfg.security.config.JwtRequestFilter@7be0bc35, org.springframework.security.web.savedrequest.RequestCacheAwareFilter@57d5a8d8, org.springframework.security.web.servletapi.SecurityContextHolderAwareRequestFilter@f5fbcda, org.springframework.security.web.authentication.AnonymousAuthenticationFilter@6940e37d, org.springframework.security.web.session.SessionManagementFilter@3fa043b4, org.springframework.security.web.access.ExceptionTranslationFilter@79663ae, org.springframework.security.web.access.intercept.FilterSecurityInterceptor@40ed7001]
				
2026-08-04 17:20:20 [restartedMain] INFO  o.s.b.d.a.OptionalLiveReloadServer -LiveReload server is running on port 35729
				
2026-08-04 17:20:20 [restartedMain] INFO  com.zaxxer.hikari.HikariDataSource -HikariPool-1 - Starting...
				
2026-08-04 17:20:20 [restartedMain] INFO  com.zaxxer.hikari.HikariDataSource -HikariPool-1 - Start completed.
				
2026-08-04 17:20:21 [restartedMain] INFO  o.a.coyote.http11.Http11NioProtocol -Starting ProtocolHandler ["http-nio-8495"]
				
2026-08-04 17:20:21 [restartedMain] INFO  o.s.b.w.e.tomcat.TomcatWebServer -Tomcat started on port(s): 8495 (http) with context path '/smartrun'
				
2026-08-04 17:20:21 [restartedMain] INFO  s.d.s.w.p.DocumentationPluginsBootstrapper -Context refreshed
				
2026-08-04 17:20:21 [restartedMain] INFO  s.d.s.w.p.DocumentationPluginsBootstrapper -Found 1 custom documentation plugin(s)
				
2026-08-04 17:20:21 [restartedMain] INFO  s.d.s.w.s.ApiListingReferenceScanner -Scanning for api listing references
				
2026-08-04 17:20:23 [restartedMain] INFO  s.d.s.w.r.o.CachingOperationNameGenerator -Generating unique operation named: insertOrUpdateSalesBudgetSheetHdrAndDtlUsingPOST_1
				
2026-08-04 17:20:23 [restartedMain] INFO  s.d.s.w.r.o.CachingOperationNameGenerator -Generating unique operation named: getVendorDetailHdrViewUsingPOST_1
				
2026-08-04 17:20:23 [restartedMain] INFO  s.d.s.w.r.o.CachingOperationNameGenerator -Generating unique operation named: updateUserRoleMappingUsingPOST_1
				
2026-08-04 17:20:23 [restartedMain] INFO  com.vmfg.VMFGApplication -Started VMFGApplication in 11.386 seconds (JVM running for 12.111)
				
2026-08-04 17:20:23 [restartedMain] INFO  c.v.config.DevFlywayMigrationRunner -Running Flyway migrations against sandbox datasource
				
2026-08-04 17:20:23 [restartedMain] INFO  o.f.c.i.license.VersionPrinter -Flyway Community Edition 9.22.3 by Redgate
				
2026-08-04 17:20:23 [restartedMain] INFO  o.f.c.i.license.VersionPrinter -See release notes here: https://rd.gt/416ObMi
				
2026-08-04 17:20:23 [restartedMain] INFO  o.f.c.i.license.VersionPrinter -
				
2026-08-04 17:20:23 [restartedMain] INFO  org.flywaydb.core.FlywayExecutor -Database: jdbc:mysql://localhost:3306/smartrun_bgr_sandbox (MySQL 9.6)
				
2026-08-04 17:20:23 [restartedMain] WARN  o.f.c.i.database.base.Database -Flyway upgrade recommended: MySQL 9.6 is newer than this version of Flyway and support has not been tested. The latest supported version of MySQL is 8.0.
				
2026-08-04 17:20:23 [restartedMain] INFO  o.f.core.internal.command.DbValidate -Successfully validated 4 migrations (execution time 00:00.025s)
				
2026-08-04 17:20:23 [restartedMain] INFO  o.f.core.internal.command.DbMigrate -Current version of schema `smartrun_bgr_sandbox`: 3
				
2026-08-04 17:20:23 [restartedMain] INFO  o.f.core.internal.command.DbMigrate -Schema `smartrun_bgr_sandbox` is up to date. No migration necessary.
				
2026-08-04 17:20:23 [main] ERROR com.vmfg.VMFGApplication -SmartRun Application Start Exception--->org.springframework.boot.devtools.restart.SilentExitExceptionHandler$SilentExitException
				
2026-08-04 17:20:41 [http-nio-8495-exec-2] INFO  o.a.c.c.C.[.[localhost].[/smartrun] -Initializing Spring DispatcherServlet 'dispatcherServlet'
				
2026-08-04 17:20:41 [http-nio-8495-exec-2] INFO  o.s.web.servlet.DispatcherServlet -Initializing Servlet 'dispatcherServlet'
				
2026-08-04 17:20:41 [http-nio-8495-exec-2] INFO  o.s.web.servlet.DispatcherServlet -Completed initialization in 6 ms
				
2026-08-04 17:20:42 [http-nio-8495-exec-5] INFO  c.v.g.c.NotificationGeneralController -getNotificationDetails   method Start
				
2026-08-04 17:20:42 [http-nio-8495-exec-6] INFO  c.v.g.c.NotificationGeneralController -getNotificationDetails   method Start
				
2026-08-04 17:20:42 [http-nio-8495-exec-4] INFO  c.v.g.c.NotificationGeneralController -getNotificationDetails   method Start
				
2026-08-04 17:20:42 [http-nio-8495-exec-8] INFO  c.v.p.controller.ProjectController -getProjectDtl   method Start
				
2026-08-04 17:20:42 [http-nio-8495-exec-9] INFO  c.v.p.controller.ProjectController -getTimeLineByPM   method Start
				
2026-08-04 17:20:42 [http-nio-8495-exec-9] INFO  c.v.p.controller.ProjectController -getProjTimePlanDropDown   method Start
				
2026-08-04 17:20:42 [http-nio-8495-exec-10] INFO  c.v.g.c.DepartmentAndEmployeeInfoController -DepartmentAndEmployeeInfoController   method Start
				
2026-08-04 17:20:42 [http-nio-8495-exec-10] INFO  c.v.g.s.i.DepartmentAndEmployeeService -DepartmentAndEmployeeService  method start
				
2026-08-04 17:20:43 [http-nio-8495-exec-9] INFO  c.v.p.controller.ProjectController -getProjectInitiationMstResp   method Start
				
2026-08-04 17:20:43 [http-nio-8495-exec-3] INFO  c.v.p.controller.ProjectController -getLinkStatusByPMId   method Start
				
2026-08-04 17:20:43 [http-nio-8495-exec-10] INFO  c.v.g.c.NotificationGeneralController -getNotificationDetails   method Start
				
2026-08-04 17:20:43 [http-nio-8495-exec-7] INFO  c.v.s.c.SalesBudgetSheetController -getKeyCategory   method Start
				
2026-08-04 17:20:43 [http-nio-8495-exec-7] INFO  c.v.s.c.SalesBudgetSheetController -getKeyCategory method End
				
2026-08-04 17:20:43 [http-nio-8495-exec-1] INFO  c.v.g.c.NotificationGeneralController -getNotificationDetails   method Start
				
2026-08-04 17:20:43 [http-nio-8495-exec-9] INFO  c.v.g.c.NotificationGeneralController -getNotificationDetails   method Start
				
2026-08-04 17:20:43 [http-nio-8495-exec-2] INFO  c.v.g.c.NotificationGeneralController -getNotificationDetails   method Start
				
2026-08-04 17:20:43 [http-nio-8495-exec-8] INFO  c.v.g.c.NotificationGeneralController -getNotificationDetails   method Start
				
2026-08-04 17:20:43 [http-nio-8495-exec-5] INFO  c.v.g.c.NotificationGeneralController -getNotificationDetails   method Start
				
2026-08-04 17:20:43 [http-nio-8495-exec-7] INFO  c.v.g.c.NotificationGeneralController -getNotificationDetails   method Start
				
2026-08-04 17:20:43 [http-nio-8495-exec-1] INFO  c.v.g.c.NotificationGeneralController -getNotificationDetails   method Start
				
2026-08-04 17:20:43 [http-nio-8495-exec-3] INFO  c.v.g.c.NotificationGeneralController -getNotificationDetails   method Start
				
2026-08-04 17:20:43 [http-nio-8495-exec-6] INFO  c.v.g.c.NotificationGeneralController -getNotificationDetails   method Start
				
2026-08-04 17:20:48 [http-nio-8495-exec-4] INFO  c.v.p.controller.ProjectController -getCostFlowTypeByPmHdrId   method Start
				
2026-08-04 17:20:48 [http-nio-8495-exec-1] INFO  c.v.g.c.NotificationGeneralController -getNotificationDetails   method Start
				
2026-08-04 17:20:48 [http-nio-8495-exec-8] INFO  com.vmfg.scm.services.impl.PoService -getDCTypeDtl Service start 
				
2026-08-04 17:20:48 [http-nio-8495-exec-10] INFO  c.v.g.c.NotificationGeneralController -getNotificationDetails   method Start
				
2026-08-04 17:20:48 [http-nio-8495-exec-4] INFO  c.v.d.c.IndentUploadController -getIndentHdrDtlsByProjectId Controller  method Start
				
2026-08-04 17:20:48 [http-nio-8495-exec-7] INFO  c.v.g.c.NotificationGeneralController -getNotificationDetails   method Start
				
2026-08-04 17:20:48 [http-nio-8495-exec-6] INFO  c.v.g.c.NotificationGeneralController -getNotificationDetails   method Start
				
2026-08-04 17:20:48 [http-nio-8495-exec-4] INFO  c.v.d.c.IndentUploadController -getIndentHdrDtlsByProjectId Controller  method end
				
2026-08-04 17:20:49 [http-nio-8495-exec-2] INFO  c.v.g.c.NotificationGeneralController -getNotificationDetails   method Start
				
2026-08-04 17:20:49 [http-nio-8495-exec-3] INFO  c.v.g.c.NotificationGeneralController -getNotificationDetails   method Start
				
2026-08-04 17:20:49 [http-nio-8495-exec-8] INFO  com.vmfg.scm.services.impl.PoService -getDCTypeDtl Service end 
				
2026-08-04 17:20:49 [http-nio-8495-exec-5] INFO  c.v.g.c.NotificationGeneralController -getNotificationDetails   method Start
				
2026-08-04 17:20:54 [http-nio-8495-exec-9] INFO  c.v.d.c.IndentUploadController -getIndentDtlsByIndentId Controller  method Start
				
2026-08-04 17:20:54 [http-nio-8495-exec-9] INFO  c.v.d.c.IndentUploadController -getIndentDtlsByIndentId Controller  method end
				
2026-08-04 17:20:54 [http-nio-8495-exec-4] INFO  c.v.g.c.NotificationGeneralController -getNotificationDetails   method Start
				
2026-08-04 17:20:56 [http-nio-8495-exec-10] INFO  c.v.d.c.IndentUploadController -getIndentHdrDtlsByProjectId Controller  method Start
				
2026-08-04 17:20:56 [http-nio-8495-exec-10] INFO  c.v.d.c.IndentUploadController -getIndentHdrDtlsByProjectId Controller  method end
				
2026-08-04 17:20:56 [http-nio-8495-exec-1] INFO  c.v.g.c.NotificationGeneralController -getNotificationDetails   method Start
				
2026-08-04 17:22:37 [http-nio-8495-exec-9] INFO  c.v.g.c.NotificationGeneralController -getNotificationDetails   method Start
				
2026-08-04 17:22:37 [http-nio-8495-exec-1] INFO  c.v.g.c.NotificationGeneralController -getNotificationDetails   method Start
				
2026-08-04 17:22:37 [http-nio-8495-exec-8] INFO  c.v.g.c.NotificationGeneralController -getNotificationDetails   method Start
				
2026-08-04 17:22:37 [http-nio-8495-exec-7] INFO  c.v.p.controller.ProjectController -getProjectDtl   method Start
				
2026-08-04 17:22:37 [http-nio-8495-exec-6] INFO  c.v.p.controller.ProjectController -getTimeLineByPM   method Start
				
2026-08-04 17:22:37 [http-nio-8495-exec-2] INFO  c.v.p.controller.ProjectController -getProjTimePlanDropDown   method Start
				
2026-08-04 17:22:37 [http-nio-8495-exec-5] INFO  c.v.g.c.DepartmentAndEmployeeInfoController -DepartmentAndEmployeeInfoController   method Start
				
2026-08-04 17:22:37 [http-nio-8495-exec-10] INFO  c.v.p.controller.ProjectController -getProjectInitiationMstResp   method Start
				
2026-08-04 17:22:37 [http-nio-8495-exec-5] INFO  c.v.g.s.i.DepartmentAndEmployeeService -DepartmentAndEmployeeService  method start
				
2026-08-04 17:22:37 [http-nio-8495-exec-5] INFO  c.v.s.c.SalesBudgetSheetController -getKeyCategory   method Start
				
2026-08-04 17:22:37 [http-nio-8495-exec-6] INFO  c.v.p.controller.ProjectController -getLinkStatusByPMId   method Start
				
2026-08-04 17:22:37 [http-nio-8495-exec-3] INFO  c.v.g.c.NotificationGeneralController -getNotificationDetails   method Start
				
2026-08-04 17:22:37 [http-nio-8495-exec-5] INFO  c.v.s.c.SalesBudgetSheetController -getKeyCategory method End
				
2026-08-04 17:22:37 [http-nio-8495-exec-2] INFO  c.v.g.c.NotificationGeneralController -getNotificationDetails   method Start
				
2026-08-04 17:22:38 [http-nio-8495-exec-10] INFO  c.v.g.c.NotificationGeneralController -getNotificationDetails   method Start
				
2026-08-04 17:22:38 [http-nio-8495-exec-4] INFO  c.v.g.c.NotificationGeneralController -getNotificationDetails   method Start
				
2026-08-04 17:22:38 [http-nio-8495-exec-7] INFO  c.v.g.c.NotificationGeneralController -getNotificationDetails   method Start
				
2026-08-04 17:22:38 [http-nio-8495-exec-9] INFO  c.v.g.c.NotificationGeneralController -getNotificationDetails   method Start
				
2026-08-04 17:22:38 [http-nio-8495-exec-2] INFO  c.v.g.c.NotificationGeneralController -getNotificationDetails   method Start
				
2026-08-04 17:22:38 [http-nio-8495-exec-3] INFO  c.v.g.c.NotificationGeneralController -getNotificationDetails   method Start
				
2026-08-04 17:22:38 [http-nio-8495-exec-5] INFO  c.v.g.c.NotificationGeneralController -getNotificationDetails   method Start
				
2026-08-04 17:22:38 [http-nio-8495-exec-4] INFO  c.v.g.c.NotificationGeneralController -getNotificationDetails   method Start
				
2026-08-04 17:22:39 [http-nio-8495-exec-1] INFO  c.v.g.c.NotificationGeneralController -getNotificationDetails   method Start
				
2026-08-04 17:22:39 [http-nio-8495-exec-10] INFO  c.v.g.c.NotificationGeneralController -updateNotificationDtls   method Start
				
2026-08-04 17:22:39 [http-nio-8495-exec-10] INFO  c.v.g.s.i.NotificationGeneralService -updateNotificationDtls  method start
				
2026-08-04 17:22:39 [http-nio-8495-exec-10] INFO  c.v.g.c.NotificationGeneralController -updateNotificationDtls method End
				
2026-08-04 17:22:41 [http-nio-8495-exec-9] INFO  c.v.g.c.NotificationGeneralController -getNotificationDetails   method Start
				
2026-08-04 17:22:41 [http-nio-8495-exec-7] INFO  c.v.g.c.NotificationGeneralController -getNotificationDetails   method Start
				
2026-08-04 17:22:41 [http-nio-8495-exec-2] INFO  c.v.g.c.NotificationGeneralController -getApprovalDesigDtls   method Start
				
2026-08-04 17:22:41 [http-nio-8495-exec-2] ERROR com.vmfg.task.dao.impl.DesignTaskDAO -getNextSeqandStatusByDoc Errororg.springframework.dao.IncorrectResultSizeDataAccessException: Incorrect result size: expected 1, actual 2
				
2026-08-04 17:22:41 [http-nio-8495-exec-2] ERROR com.vmfg.task.dao.impl.DesignTaskDAO -getNextSeqandStatusByDoc Errororg.springframework.dao.IncorrectResultSizeDataAccessException: Incorrect result size: expected 1, actual 2
				
2026-08-04 17:22:41 [http-nio-8495-exec-2] ERROR com.vmfg.task.dao.impl.DesignTaskDAO -getNextSeqandStatusByDoc Errororg.springframework.dao.IncorrectResultSizeDataAccessException: Incorrect result size: expected 1, actual 2
				
2026-08-04 17:22:41 [http-nio-8495-exec-2] ERROR com.vmfg.task.dao.impl.DesignTaskDAO -getNextSeqandStatusByDoc Errororg.springframework.dao.IncorrectResultSizeDataAccessException: Incorrect result size: expected 1, actual 2
				
2026-08-04 17:22:41 [http-nio-8495-exec-2] ERROR com.vmfg.task.dao.impl.DesignTaskDAO -getNextSeqandStatusByDoc Errororg.springframework.dao.IncorrectResultSizeDataAccessException: Incorrect result size: expected 1, actual 2
				
2026-08-04 17:22:42 [http-nio-8495-exec-2] ERROR com.vmfg.task.dao.impl.DesignTaskDAO -getNextSeqandStatusByDoc Errororg.springframework.dao.IncorrectResultSizeDataAccessException: Incorrect result size: expected 1, actual 2
				
2026-08-04 17:22:42 [http-nio-8495-exec-2] ERROR com.vmfg.task.dao.impl.DesignTaskDAO -getNextSeqandStatusByDoc Errororg.springframework.dao.IncorrectResultSizeDataAccessException: Incorrect result size: expected 1, actual 2
				
2026-08-04 17:22:42 [http-nio-8495-exec-2] ERROR com.vmfg.task.dao.impl.DesignTaskDAO -getNextSeqandStatusByDoc Errororg.springframework.dao.IncorrectResultSizeDataAccessException: Incorrect result size: expected 1, actual 2
				
2026-08-04 17:22:42 [http-nio-8495-exec-2] ERROR com.vmfg.task.dao.impl.DesignTaskDAO -getNextSeqandStatusByDoc Errororg.springframework.dao.IncorrectResultSizeDataAccessException: Incorrect result size: expected 1, actual 2
				
2026-08-04 17:22:42 [http-nio-8495-exec-2] ERROR com.vmfg.task.dao.impl.DesignTaskDAO -getNextSeqandStatusByDoc Errororg.springframework.dao.IncorrectResultSizeDataAccessException: Incorrect result size: expected 1, actual 2
				
2026-08-04 17:22:42 [http-nio-8495-exec-2] ERROR com.vmfg.task.dao.impl.DesignTaskDAO -getNextSeqandStatusByDoc Errororg.springframework.dao.IncorrectResultSizeDataAccessException: Incorrect result size: expected 1, actual 2
				
2026-08-04 17:22:42 [http-nio-8495-exec-2] ERROR com.vmfg.task.dao.impl.DesignTaskDAO -getNextSeqandStatusByDoc Errororg.springframework.dao.IncorrectResultSizeDataAccessException: Incorrect result size: expected 1, actual 2
				
2026-08-04 17:22:42 [http-nio-8495-exec-2] ERROR com.vmfg.task.dao.impl.DesignTaskDAO -getNextSeqandStatusByDoc Errororg.springframework.dao.IncorrectResultSizeDataAccessException: Incorrect result size: expected 1, actual 2
				
2026-08-04 17:22:43 [http-nio-8495-exec-5] INFO  c.v.g.c.NotificationGeneralController -getNotificationDetails   method Start
				
2026-08-04 17:22:52 [http-nio-8495-exec-4] INFO  c.v.g.c.NotificationGeneralController -getApprovalDesigDtls   method Start
				
2026-08-04 17:22:52 [http-nio-8495-exec-4] ERROR com.vmfg.task.dao.impl.DesignTaskDAO -getNextSeqandStatusByDoc Errororg.springframework.dao.IncorrectResultSizeDataAccessException: Incorrect result size: expected 1, actual 2
				
2026-08-04 17:22:52 [http-nio-8495-exec-4] ERROR com.vmfg.task.dao.impl.DesignTaskDAO -getNextSeqandStatusByDoc Errororg.springframework.dao.IncorrectResultSizeDataAccessException: Incorrect result size: expected 1, actual 2
				
2026-08-04 17:22:52 [http-nio-8495-exec-4] ERROR com.vmfg.task.dao.impl.DesignTaskDAO -getNextSeqandStatusByDoc Errororg.springframework.dao.IncorrectResultSizeDataAccessException: Incorrect result size: expected 1, actual 2
				
2026-08-04 17:22:52 [http-nio-8495-exec-4] ERROR com.vmfg.task.dao.impl.DesignTaskDAO -getNextSeqandStatusByDoc Errororg.springframework.dao.IncorrectResultSizeDataAccessException: Incorrect result size: expected 1, actual 2
				
2026-08-04 17:22:52 [http-nio-8495-exec-4] ERROR com.vmfg.task.dao.impl.DesignTaskDAO -getNextSeqandStatusByDoc Errororg.springframework.dao.IncorrectResultSizeDataAccessException: Incorrect result size: expected 1, actual 2
				
2026-08-04 17:22:52 [http-nio-8495-exec-4] ERROR com.vmfg.task.dao.impl.DesignTaskDAO -getNextSeqandStatusByDoc Errororg.springframework.dao.IncorrectResultSizeDataAccessException: Incorrect result size: expected 1, actual 2
				
2026-08-04 17:22:52 [http-nio-8495-exec-4] ERROR com.vmfg.task.dao.impl.DesignTaskDAO -getNextSeqandStatusByDoc Errororg.springframework.dao.IncorrectResultSizeDataAccessException: Incorrect result size: expected 1, actual 2
				
2026-08-04 17:22:52 [http-nio-8495-exec-4] ERROR com.vmfg.task.dao.impl.DesignTaskDAO -getNextSeqandStatusByDoc Errororg.springframework.dao.IncorrectResultSizeDataAccessException: Incorrect result size: expected 1, actual 2
				
2026-08-04 17:22:52 [http-nio-8495-exec-4] ERROR com.vmfg.task.dao.impl.DesignTaskDAO -getNextSeqandStatusByDoc Errororg.springframework.dao.IncorrectResultSizeDataAccessException: Incorrect result size: expected 1, actual 2
				
2026-08-04 17:22:52 [http-nio-8495-exec-4] ERROR com.vmfg.task.dao.impl.DesignTaskDAO -getNextSeqandStatusByDoc Errororg.springframework.dao.IncorrectResultSizeDataAccessException: Incorrect result size: expected 1, actual 2
				
2026-08-04 17:22:53 [http-nio-8495-exec-4] ERROR com.vmfg.task.dao.impl.DesignTaskDAO -getNextSeqandStatusByDoc Errororg.springframework.dao.IncorrectResultSizeDataAccessException: Incorrect result size: expected 1, actual 2
				
2026-08-04 17:22:53 [http-nio-8495-exec-4] ERROR com.vmfg.task.dao.impl.DesignTaskDAO -getNextSeqandStatusByDoc Errororg.springframework.dao.IncorrectResultSizeDataAccessException: Incorrect result size: expected 1, actual 2
				
2026-08-04 17:22:53 [http-nio-8495-exec-4] ERROR com.vmfg.task.dao.impl.DesignTaskDAO -getNextSeqandStatusByDoc Errororg.springframework.dao.IncorrectResultSizeDataAccessException: Incorrect result size: expected 1, actual 2
				
2026-08-04 17:22:54 [http-nio-8495-exec-8] INFO  c.v.g.c.NotificationGeneralController -getNotificationDetails   method Start
				
2026-08-04 17:22:58 [http-nio-8495-exec-6] INFO  c.v.g.c.NotificationGeneralController -getApprovalDesigDtls   method Start
				
2026-08-04 17:22:58 [http-nio-8495-exec-6] ERROR com.vmfg.task.dao.impl.DesignTaskDAO -getNextSeqandStatusByDoc Errororg.springframework.dao.IncorrectResultSizeDataAccessException: Incorrect result size: expected 1, actual 2
				
2026-08-04 17:22:58 [http-nio-8495-exec-6] ERROR com.vmfg.task.dao.impl.DesignTaskDAO -getNextSeqandStatusByDoc Errororg.springframework.dao.IncorrectResultSizeDataAccessException: Incorrect result size: expected 1, actual 2
				
2026-08-04 17:22:58 [http-nio-8495-exec-6] ERROR com.vmfg.task.dao.impl.DesignTaskDAO -getNextSeqandStatusByDoc Errororg.springframework.dao.IncorrectResultSizeDataAccessException: Incorrect result size: expected 1, actual 2
				
2026-08-04 17:22:58 [http-nio-8495-exec-6] ERROR com.vmfg.task.dao.impl.DesignTaskDAO -getNextSeqandStatusByDoc Errororg.springframework.dao.IncorrectResultSizeDataAccessException: Incorrect result size: expected 1, actual 2
				
2026-08-04 17:22:58 [http-nio-8495-exec-6] ERROR com.vmfg.task.dao.impl.DesignTaskDAO -getNextSeqandStatusByDoc Errororg.springframework.dao.IncorrectResultSizeDataAccessException: Incorrect result size: expected 1, actual 2
				
2026-08-04 17:22:58 [http-nio-8495-exec-6] ERROR com.vmfg.task.dao.impl.DesignTaskDAO -getNextSeqandStatusByDoc Errororg.springframework.dao.IncorrectResultSizeDataAccessException: Incorrect result size: expected 1, actual 2
				
2026-08-04 17:22:58 [http-nio-8495-exec-6] ERROR com.vmfg.task.dao.impl.DesignTaskDAO -getNextSeqandStatusByDoc Errororg.springframework.dao.IncorrectResultSizeDataAccessException: Incorrect result size: expected 1, actual 2
				
2026-08-04 17:22:58 [http-nio-8495-exec-6] ERROR com.vmfg.task.dao.impl.DesignTaskDAO -getNextSeqandStatusByDoc Errororg.springframework.dao.IncorrectResultSizeDataAccessException: Incorrect result size: expected 1, actual 2
				
2026-08-04 17:22:58 [http-nio-8495-exec-6] ERROR com.vmfg.task.dao.impl.DesignTaskDAO -getNextSeqandStatusByDoc Errororg.springframework.dao.IncorrectResultSizeDataAccessException: Incorrect result size: expected 1, actual 2
				
2026-08-04 17:22:58 [http-nio-8495-exec-6] ERROR com.vmfg.task.dao.impl.DesignTaskDAO -getNextSeqandStatusByDoc Errororg.springframework.dao.IncorrectResultSizeDataAccessException: Incorrect result size: expected 1, actual 2
				
2026-08-04 17:22:58 [http-nio-8495-exec-6] ERROR com.vmfg.task.dao.impl.DesignTaskDAO -getNextSeqandStatusByDoc Errororg.springframework.dao.IncorrectResultSizeDataAccessException: Incorrect result size: expected 1, actual 2
				
2026-08-04 17:22:58 [http-nio-8495-exec-6] ERROR com.vmfg.task.dao.impl.DesignTaskDAO -getNextSeqandStatusByDoc Errororg.springframework.dao.IncorrectResultSizeDataAccessException: Incorrect result size: expected 1, actual 2
				
2026-08-04 17:22:58 [http-nio-8495-exec-6] ERROR com.vmfg.task.dao.impl.DesignTaskDAO -getNextSeqandStatusByDoc Errororg.springframework.dao.IncorrectResultSizeDataAccessException: Incorrect result size: expected 1, actual 2
				
2026-08-04 17:22:59 [http-nio-8495-exec-10] INFO  c.v.g.c.NotificationGeneralController -getNotificationDetails   method Start
				
2026-08-04 17:24:39 [Thread-6] INFO  com.zaxxer.hikari.HikariDataSource -HikariPool-1 - Shutdown initiated...
				
2026-08-04 17:24:40 [Thread-6] INFO  com.zaxxer.hikari.HikariDataSource -HikariPool-1 - Shutdown completed.
				
2026-08-04 17:24:40 [restartedMain] INFO  com.vmfg.VMFGApplication -SmartRun Application Started
				
2026-08-04 17:24:40 [restartedMain] INFO  o.s.boot.SpringApplication -

                                ooooooo &&&&&&&&                              
                              oo     oo &.     &                              
                    ooooooo  oo      oo &:     &&                             
                 oo        oooo      oo &&       *&&&&  &&&&&&                
               oo            oo      oo &&                    &&&             
              oo                     oo &&&&&                  &o             
              oo                     oo &&     &&&&&           &              
              oo           ooo       oo &&           &&&       &&             
           ooooo           o:        oo &&              &        &&           
       ooo     *oo       oo          oo &&                        &&&&&&&     
     oo           ooooooo            oo &&                              &&    
    o&                                      &&&&*       &&               &&   
   oo                                            &&       &&              &&  
   o     ooooo                  @     @@    @@     &&:     &&           &&    
  oo ooo       ooo          @@@@@@@@@@@@@@@@@@@@@    &&     &&         &&     
  ooo            oo         @@ @@@ @@@@@@@@@@@  @     &&     &&         &     
  oo               o      @@@@ @@@ @@@@@@@@@@@  @@@    &&     &         &&    
  o&               oo       @@ @@@ @@@@@@@@@@@  @       &     &         &&    
  oo               oo       @@ @@ @ @@@@        @       &&                &&& 
  oo                      @@@@ @@@@@@@@@@@@@@@  @@@:    &&                  &&
  oo                        @@ @@@@@@@@@@@ @@@  @       &&        o&        &&
   o                        @@ @@@@@ @@@  @@@@  @       &         &&        &.
   oo                     @@@@ @@@ @@@@@@@@@@@  @@@@   &          &    .&&&&  
    o         oooo          @@                  @     &.         &&    &&     
    oo    ooo      &oo          @     @@    @@      &&          &&    &&      
     oo oo            oo        @     @     @@    &&           &&    &&       
      ooo              oo                      &&&           &&      &&       
         oooooooo       oo           oo &&&&&&              &&         &      
              oo        oo           oo &&         &      &&           &&     
              o        :o            oo &&  .&&&&&     &&.           &&       
              o       oo             oo &&                    &&&&&&&&        
              oo    ooo              oo &&                  &&                
                oo                   oo &&                &&                  
                  oo        oooo     oo &&                &                   
                     ooooooo  &o     oo &&      &&&       &                   
                                oo   oo && :&&&   .&& &&&*                    
                                   &ooo &&&                                   

==============================================
SmartRun Product by SmartRun Tech. All rights reserved.
==============================================
Application Version : 2.6.7
Application Title : SmartRun MES
Contact : support@smartruntech.com
==============================================

				
2026-08-04 17:24:40 [restartedMain] INFO  com.vmfg.VMFGApplication -Starting VMFGApplication using Java 1.8.0_482 on Peachs-Mac-mini.local with PID 8800 (/Users/peach/Spring_Boot_Projects/bgr/OneDrive_1_4-15-2026/BGR-SOURCE_CODE-sandbox/SmartRun_ProjectManagement_Java/SR_Management/target/classes started by peach in /Users/peach/Spring_Boot_Projects/bgr/OneDrive_1_4-15-2026/BGR-SOURCE_CODE-sandbox/SmartRun_ProjectManagement_Java/SR_Management)
				
2026-08-04 17:24:40 [restartedMain] INFO  com.vmfg.VMFGApplication -The following 1 profile is active: "dev"
				
2026-08-04 17:24:41 [restartedMain] INFO  o.s.d.r.c.RepositoryConfigurationDelegate -Bootstrapping Spring Data JDBC repositories in DEFAULT mode.
				
2026-08-04 17:24:41 [restartedMain] INFO  o.s.d.r.c.RepositoryConfigurationDelegate -Finished Spring Data repository scanning in 14 ms. Found 0 JDBC repository interfaces.
				
2026-08-04 17:24:42 [restartedMain] INFO  o.s.b.w.e.tomcat.TomcatWebServer -Tomcat initialized with port(s): 8495 (http)
				
2026-08-04 17:24:42 [restartedMain] INFO  o.a.coyote.http11.Http11NioProtocol -Initializing ProtocolHandler ["http-nio-8495"]
				
2026-08-04 17:24:42 [restartedMain] INFO  o.a.catalina.core.StandardService -Starting service [Tomcat]
				
2026-08-04 17:24:42 [restartedMain] INFO  o.a.catalina.core.StandardEngine -Starting Servlet engine: [Apache Tomcat/9.0.63]
				
2026-08-04 17:24:42 [restartedMain] INFO  o.a.c.c.C.[.[localhost].[/smartrun] -Initializing Spring embedded WebApplicationContext
				
2026-08-04 17:24:42 [restartedMain] INFO  o.s.b.w.s.c.ServletWebServerApplicationContext -Root WebApplicationContext: initialization completed in 1343 ms
				
2026-08-04 17:24:42 [restartedMain] INFO  s.d.s.w.PropertySourcedRequestMappingHandlerMapping -Mapped URL path [/v2/api-docs] onto method [springfox.documentation.swagger2.web.Swagger2Controller#getDocumentation(String, HttpServletRequest)]
				
2026-08-04 17:24:42 [restartedMain] INFO  o.s.b.d.a.OptionalLiveReloadServer -LiveReload server is running on port 35729
				
2026-08-04 17:24:42 [restartedMain] INFO  com.zaxxer.hikari.HikariDataSource -HikariPool-2 - Starting...
				
2026-08-04 17:24:42 [restartedMain] INFO  com.zaxxer.hikari.HikariDataSource -HikariPool-2 - Start completed.
				
2026-08-04 17:24:42 [restartedMain] WARN  o.s.b.a.s.s.UserDetailsServiceAutoConfiguration -

Using generated security password: 64e1d0a8-0513-49d8-b07a-c0260715c7d6

This generated password is for development use only. Your security configuration must be updated before running your application in production.

				
2026-08-04 17:24:42 [restartedMain] INFO  o.s.s.web.DefaultSecurityFilterChain -Will secure any request with [org.springframework.security.web.session.DisableEncodeUrlFilter@2a024605, org.springframework.security.web.context.request.async.WebAsyncManagerIntegrationFilter@116d3b5d, org.springframework.security.web.context.SecurityContextPersistenceFilter@6990510, org.springframework.security.web.header.HeaderWriterFilter@687566af, org.springframework.security.web.csrf.CsrfFilter@554934f0, org.springframework.security.web.authentication.logout.LogoutFilter@baff1f, org.springframework.security.web.authentication.UsernamePasswordAuthenticationFilter@24e5152d, org.springframework.security.web.authentication.ui.DefaultLoginPageGeneratingFilter@6ab2ee67, org.springframework.security.web.authentication.ui.DefaultLogoutPageGeneratingFilter@5022d233, org.springframework.security.web.authentication.www.BasicAuthenticationFilter@7b275526, org.springframework.security.web.savedrequest.RequestCacheAwareFilter@64f4395a, org.springframework.security.web.servletapi.SecurityContextHolderAwareRequestFilter@27f77b75, org.springframework.security.web.authentication.AnonymousAuthenticationFilter@1789fe01, org.springframework.security.web.session.SessionManagementFilter@748721e5, org.springframework.security.web.access.ExceptionTranslationFilter@5596e32a, org.springframework.security.web.access.intercept.FilterSecurityInterceptor@62272ae]
				
2026-08-04 17:24:43 [restartedMain] INFO  o.a.coyote.http11.Http11NioProtocol -Starting ProtocolHandler ["http-nio-8495"]
				
2026-08-04 17:24:43 [restartedMain] INFO  o.s.b.w.e.tomcat.TomcatWebServer -Tomcat started on port(s): 8495 (http) with context path '/smartrun'
				
2026-08-04 17:24:43 [restartedMain] INFO  s.d.s.w.p.DocumentationPluginsBootstrapper -Context refreshed
				
2026-08-04 17:24:43 [restartedMain] INFO  s.d.s.w.p.DocumentationPluginsBootstrapper -Found 1 custom documentation plugin(s)
				
2026-08-04 17:24:43 [restartedMain] INFO  s.d.s.w.s.ApiListingReferenceScanner -Scanning for api listing references
				
2026-08-04 17:24:43 [restartedMain] INFO  com.vmfg.VMFGApplication -Started VMFGApplication in 2.946 seconds (JVM running for 271.807)
				
2026-08-04 17:24:43 [restartedMain] INFO  o.s.b.d.a.ConditionEvaluationDeltaLoggingListener -Condition evaluation delta:


==========================
CONDITION EVALUATION DELTA
==========================


Positive matches:
-----------------

   SpringBootWebSecurityConfiguration.SecurityFilterChainConfiguration matched:
      - AllNestedConditions 2 matched 0 did not; NestedCondition on DefaultWebSecurityCondition.Beans @ConditionalOnMissingBean (types: org.springframework.security.config.annotation.web.configuration.WebSecurityConfigurerAdapter,org.springframework.security.web.SecurityFilterChain; SearchStrategy: all) did not find any beans; NestedCondition on DefaultWebSecurityCondition.Classes @ConditionalOnClass found required classes 'org.springframework.security.web.SecurityFilterChain', 'org.springframework.security.config.annotation.web.builders.HttpSecurity' (DefaultWebSecurityCondition)

   SpringBootWebSecurityConfiguration.WebSecurityEnablerConfiguration matched:
      - @ConditionalOnClass found required class 'org.springframework.security.config.annotation.web.configuration.EnableWebSecurity' (OnClassCondition)
      - @ConditionalOnMissingBean (names: springSecurityFilterChain; SearchStrategy: all) did not find any beans (OnBeanCondition)

   UserDetailsServiceAutoConfiguration matched:
      - @ConditionalOnClass found required class 'org.springframework.security.authentication.AuthenticationManager' (OnClassCondition)
      - @ConditionalOnBean (types: org.springframework.security.config.annotation.ObjectPostProcessor; SearchStrategy: all) found bean 'objectPostProcessor'; @ConditionalOnMissingBean (types: org.springframework.security.authentication.AuthenticationManager,org.springframework.security.authentication.AuthenticationProvider,org.springframework.security.core.userdetails.UserDetailsService,org.springframework.security.authentication.AuthenticationManagerResolver,org.springframework.security.oauth2.jwt.JwtDecoder,org.springframework.security.oauth2.server.resource.introspection.OpaqueTokenIntrospector,org.springframework.security.oauth2.client.registration.ClientRegistrationRepository,org.springframework.security.saml2.provider.service.registration.RelyingPartyRegistrationRepository; SearchStrategy: all) did not find any beans (OnBeanCondition)


Negative matches:
-----------------

    None


Exclusions:
-----------

    None


Unconditional classes:
----------------------

    None



				
2026-08-04 17:24:59 [Thread-9] INFO  com.zaxxer.hikari.HikariDataSource -HikariPool-2 - Shutdown initiated...
				
2026-08-04 17:24:59 [Thread-9] INFO  com.zaxxer.hikari.HikariDataSource -HikariPool-2 - Shutdown completed.
				
2026-08-04 17:25:00 [restartedMain] INFO  com.vmfg.VMFGApplication -SmartRun Application Started
				
2026-08-04 17:25:00 [restartedMain] INFO  o.s.boot.SpringApplication -

                                ooooooo &&&&&&&&                              
                              oo     oo &.     &                              
                    ooooooo  oo      oo &:     &&                             
                 oo        oooo      oo &&       *&&&&  &&&&&&                
               oo            oo      oo &&                    &&&             
              oo                     oo &&&&&                  &o             
              oo                     oo &&     &&&&&           &              
              oo           ooo       oo &&           &&&       &&             
           ooooo           o:        oo &&              &        &&           
       ooo     *oo       oo          oo &&                        &&&&&&&     
     oo           ooooooo            oo &&                              &&    
    o&                                      &&&&*       &&               &&   
   oo                                            &&       &&              &&  
   o     ooooo                  @     @@    @@     &&:     &&           &&    
  oo ooo       ooo          @@@@@@@@@@@@@@@@@@@@@    &&     &&         &&     
  ooo            oo         @@ @@@ @@@@@@@@@@@  @     &&     &&         &     
  oo               o      @@@@ @@@ @@@@@@@@@@@  @@@    &&     &         &&    
  o&               oo       @@ @@@ @@@@@@@@@@@  @       &     &         &&    
  oo               oo       @@ @@ @ @@@@        @       &&                &&& 
  oo                      @@@@ @@@@@@@@@@@@@@@  @@@:    &&                  &&
  oo                        @@ @@@@@@@@@@@ @@@  @       &&        o&        &&
   o                        @@ @@@@@ @@@  @@@@  @       &         &&        &.
   oo                     @@@@ @@@ @@@@@@@@@@@  @@@@   &          &    .&&&&  
    o         oooo          @@                  @     &.         &&    &&     
    oo    ooo      &oo          @     @@    @@      &&          &&    &&      
     oo oo            oo        @     @     @@    &&           &&    &&       
      ooo              oo                      &&&           &&      &&       
         oooooooo       oo           oo &&&&&&              &&         &      
              oo        oo           oo &&         &      &&           &&     
              o        :o            oo &&  .&&&&&     &&.           &&       
              o       oo             oo &&                    &&&&&&&&        
              oo    ooo              oo &&                  &&                
                oo                   oo &&                &&                  
                  oo        oooo     oo &&                &                   
                     ooooooo  &o     oo &&      &&&       &                   
                                oo   oo && :&&&   .&& &&&*                    
                                   &ooo &&&                                   

==============================================
SmartRun Product by SmartRun Tech. All rights reserved.
==============================================
Application Version : 2.6.7
Application Title : SmartRun MES
Contact : support@smartruntech.com
==============================================

				
2026-08-04 17:25:00 [restartedMain] INFO  com.vmfg.VMFGApplication -Starting VMFGApplication using Java 1.8.0_482 on Peachs-Mac-mini.local with PID 8800 (/Users/peach/Spring_Boot_Projects/bgr/OneDrive_1_4-15-2026/BGR-SOURCE_CODE-sandbox/SmartRun_ProjectManagement_Java/SR_Management/target/classes started by peach in /Users/peach/Spring_Boot_Projects/bgr/OneDrive_1_4-15-2026/BGR-SOURCE_CODE-sandbox/SmartRun_ProjectManagement_Java/SR_Management)
				
2026-08-04 17:25:00 [restartedMain] INFO  com.vmfg.VMFGApplication -The following 1 profile is active: "dev"
				
2026-08-04 17:25:01 [restartedMain] INFO  o.s.d.r.c.RepositoryConfigurationDelegate -Bootstrapping Spring Data JDBC repositories in DEFAULT mode.
				
2026-08-04 17:25:01 [restartedMain] INFO  o.s.d.r.c.RepositoryConfigurationDelegate -Finished Spring Data repository scanning in 50 ms. Found 0 JDBC repository interfaces.
				
2026-08-04 17:25:01 [restartedMain] INFO  o.s.b.w.e.tomcat.TomcatWebServer -Tomcat initialized with port(s): 8495 (http)
				
2026-08-04 17:25:01 [restartedMain] INFO  o.a.coyote.http11.Http11NioProtocol -Initializing ProtocolHandler ["http-nio-8495"]
				
2026-08-04 17:25:01 [restartedMain] INFO  o.a.catalina.core.StandardService -Starting service [Tomcat]
				
2026-08-04 17:25:01 [restartedMain] INFO  o.a.catalina.core.StandardEngine -Starting Servlet engine: [Apache Tomcat/9.0.63]
				
2026-08-04 17:25:01 [restartedMain] INFO  o.a.c.c.C.[.[localhost].[/smartrun] -Initializing Spring embedded WebApplicationContext
				
2026-08-04 17:25:01 [restartedMain] INFO  o.s.b.w.s.c.ServletWebServerApplicationContext -Root WebApplicationContext: initialization completed in 918 ms
				
2026-08-04 17:25:02 [restartedMain] INFO  s.d.s.w.PropertySourcedRequestMappingHandlerMapping -Mapped URL path [/v2/api-docs] onto method [springfox.documentation.swagger2.web.Swagger2Controller#getDocumentation(String, HttpServletRequest)]
				
2026-08-04 17:25:02 [restartedMain] INFO  o.s.s.web.DefaultSecurityFilterChain -Will secure any request with [org.springframework.security.web.session.DisableEncodeUrlFilter@51159216, org.springframework.security.web.context.request.async.WebAsyncManagerIntegrationFilter@1829a44f, org.springframework.security.web.context.SecurityContextPersistenceFilter@6e6494e9, org.springframework.security.web.header.HeaderWriterFilter@6be50a05, org.springframework.web.filter.CorsFilter@444f8cf9, org.springframework.security.web.authentication.logout.LogoutFilter@6975113a, com.vmfg.security.config.JwtRequestFilter@50a84153, org.springframework.security.web.savedrequest.RequestCacheAwareFilter@b131b92, org.springframework.security.web.servletapi.SecurityContextHolderAwareRequestFilter@48e59dd7, org.springframework.security.web.authentication.AnonymousAuthenticationFilter@73b92e22, org.springframework.security.web.session.SessionManagementFilter@69d05457, org.springframework.security.web.access.ExceptionTranslationFilter@5cd728a7, org.springframework.security.web.access.intercept.FilterSecurityInterceptor@72d8a339]
				
2026-08-04 17:25:02 [restartedMain] INFO  o.s.b.d.a.OptionalLiveReloadServer -LiveReload server is running on port 35729
				
2026-08-04 17:25:02 [restartedMain] INFO  com.zaxxer.hikari.HikariDataSource -HikariPool-3 - Starting...
				
2026-08-04 17:25:02 [restartedMain] INFO  com.zaxxer.hikari.HikariDataSource -HikariPool-3 - Start completed.
				
2026-08-04 17:25:02 [restartedMain] INFO  o.a.coyote.http11.Http11NioProtocol -Starting ProtocolHandler ["http-nio-8495"]
				
2026-08-04 17:25:02 [restartedMain] INFO  o.s.b.w.e.tomcat.TomcatWebServer -Tomcat started on port(s): 8495 (http) with context path '/smartrun'
				
2026-08-04 17:25:02 [restartedMain] INFO  s.d.s.w.p.DocumentationPluginsBootstrapper -Context refreshed
				
2026-08-04 17:25:02 [restartedMain] INFO  s.d.s.w.p.DocumentationPluginsBootstrapper -Found 1 custom documentation plugin(s)
				
2026-08-04 17:25:02 [restartedMain] INFO  s.d.s.w.s.ApiListingReferenceScanner -Scanning for api listing references
				
2026-08-04 17:25:03 [restartedMain] INFO  s.d.s.w.r.o.CachingOperationNameGenerator -Generating unique operation named: insertOrUpdateSalesBudgetSheetHdrAndDtlUsingPOST_1
				
2026-08-04 17:25:03 [restartedMain] INFO  s.d.s.w.r.o.CachingOperationNameGenerator -Generating unique operation named: getVendorDetailHdrViewUsingPOST_1
				
2026-08-04 17:25:03 [restartedMain] INFO  s.d.s.w.r.o.CachingOperationNameGenerator -Generating unique operation named: updateUserRoleMappingUsingPOST_1
				
2026-08-04 17:25:03 [restartedMain] INFO  com.vmfg.VMFGApplication -Started VMFGApplication in 3.226 seconds (JVM running for 291.855)
				
2026-08-04 17:25:03 [restartedMain] INFO  c.v.config.DevFlywayMigrationRunner -Running Flyway migrations against sandbox datasource
				
2026-08-04 17:25:03 [restartedMain] INFO  org.flywaydb.core.FlywayExecutor -Database: jdbc:mysql://localhost:3306/smartrun_bgr_sandbox (MySQL 9.6)
				
2026-08-04 17:25:03 [restartedMain] WARN  o.f.c.i.database.base.Database -Flyway upgrade recommended: MySQL 9.6 is newer than this version of Flyway and support has not been tested. The latest supported version of MySQL is 8.0.
				
2026-08-04 17:25:03 [restartedMain] INFO  o.f.core.internal.command.DbValidate -Successfully validated 4 migrations (execution time 00:00.024s)
				
2026-08-04 17:25:03 [restartedMain] INFO  o.f.core.internal.command.DbMigrate -Current version of schema `smartrun_bgr_sandbox`: 3
				
2026-08-04 17:25:03 [restartedMain] INFO  o.f.core.internal.command.DbMigrate -Schema `smartrun_bgr_sandbox` is up to date. No migration necessary.
				
2026-08-04 17:25:03 [restartedMain] INFO  o.s.b.d.a.ConditionEvaluationDeltaLoggingListener -Condition evaluation delta:


==========================
CONDITION EVALUATION DELTA
==========================


Positive matches:
-----------------

    None


Negative matches:
-----------------

   SpringBootWebSecurityConfiguration.SecurityFilterChainConfiguration:
      Did not match:
         - AllNestedConditions 1 matched 1 did not; NestedCondition on DefaultWebSecurityCondition.Beans @ConditionalOnMissingBean (types: org.springframework.security.config.annotation.web.configuration.WebSecurityConfigurerAdapter,org.springframework.security.web.SecurityFilterChain; SearchStrategy: all) found beans of type 'org.springframework.security.web.SecurityFilterChain' filterChain; NestedCondition on DefaultWebSecurityCondition.Classes @ConditionalOnClass found required classes 'org.springframework.security.web.SecurityFilterChain', 'org.springframework.security.config.annotation.web.builders.HttpSecurity' (DefaultWebSecurityCondition)

   SpringBootWebSecurityConfiguration.WebSecurityEnablerConfiguration:
      Did not match:
         - @ConditionalOnMissingBean (names: springSecurityFilterChain; SearchStrategy: all) found beans named springSecurityFilterChain (OnBeanCondition)
      Matched:
         - @ConditionalOnClass found required class 'org.springframework.security.config.annotation.web.configuration.EnableWebSecurity' (OnClassCondition)

   UserDetailsServiceAutoConfiguration:
      Did not match:
         - @ConditionalOnMissingBean (types: org.springframework.security.authentication.AuthenticationManager,org.springframework.security.authentication.AuthenticationProvider,org.springframework.security.core.userdetails.UserDetailsService,org.springframework.security.authentication.AuthenticationManagerResolver,org.springframework.security.oauth2.jwt.JwtDecoder,org.springframework.security.oauth2.server.resource.introspection.OpaqueTokenIntrospector,org.springframework.security.oauth2.client.registration.ClientRegistrationRepository,org.springframework.security.saml2.provider.service.registration.RelyingPartyRegistrationRepository; SearchStrategy: all) found beans of type 'org.springframework.security.authentication.AuthenticationManager' authenticationManager and found beans of type 'org.springframework.security.core.userdetails.UserDetailsService' userLoginDAO (OnBeanCondition)
      Matched:
         - @ConditionalOnClass found required class 'org.springframework.security.authentication.AuthenticationManager' (OnClassCondition)


Exclusions:
-----------

    None


Unconditional classes:
----------------------

    None



				
2026-08-04 17:25:12 [http-nio-8495-exec-2] INFO  o.a.c.c.C.[.[localhost].[/smartrun] -Initializing Spring DispatcherServlet 'dispatcherServlet'
				
2026-08-04 17:25:12 [http-nio-8495-exec-2] INFO  o.s.web.servlet.DispatcherServlet -Initializing Servlet 'dispatcherServlet'
				
2026-08-04 17:25:12 [http-nio-8495-exec-2] INFO  o.s.web.servlet.DispatcherServlet -Completed initialization in 2 ms
				
2026-08-04 17:25:12 [http-nio-8495-exec-2] INFO  c.v.g.c.NotificationGeneralController -getNotificationDetails   method Start
				
2026-08-04 17:25:12 [http-nio-8495-exec-5] INFO  c.v.g.c.NotificationGeneralController -getApprovalDesigDtls   method Start
				
2026-08-04 17:25:13 [http-nio-8495-exec-1] INFO  c.v.g.c.NotificationGeneralController -getNotificationDetails   method Start
				
2026-08-04 17:25:13 [http-nio-8495-exec-7] INFO  c.v.g.c.NotificationGeneralController -getNotificationDetails   method Start
				
2026-08-04 17:25:13 [http-nio-8495-exec-5] ERROR com.vmfg.task.dao.impl.DesignTaskDAO -getNextSeqandStatusByDoc Errororg.springframework.dao.IncorrectResultSizeDataAccessException: Incorrect result size: expected 1, actual 2
				
2026-08-04 17:25:13 [http-nio-8495-exec-5] ERROR com.vmfg.task.dao.impl.DesignTaskDAO -getNextSeqandStatusByDoc Errororg.springframework.dao.IncorrectResultSizeDataAccessException: Incorrect result size: expected 1, actual 2
				
2026-08-04 17:25:13 [http-nio-8495-exec-5] ERROR com.vmfg.task.dao.impl.DesignTaskDAO -getNextSeqandStatusByDoc Errororg.springframework.dao.IncorrectResultSizeDataAccessException: Incorrect result size: expected 1, actual 2
				
2026-08-04 17:25:13 [http-nio-8495-exec-5] ERROR com.vmfg.task.dao.impl.DesignTaskDAO -getNextSeqandStatusByDoc Errororg.springframework.dao.IncorrectResultSizeDataAccessException: Incorrect result size: expected 1, actual 2
				
2026-08-04 17:25:13 [http-nio-8495-exec-5] ERROR com.vmfg.task.dao.impl.DesignTaskDAO -getNextSeqandStatusByDoc Errororg.springframework.dao.IncorrectResultSizeDataAccessException: Incorrect result size: expected 1, actual 2
				
2026-08-04 17:25:13 [http-nio-8495-exec-5] ERROR com.vmfg.task.dao.impl.DesignTaskDAO -getNextSeqandStatusByDoc Errororg.springframework.dao.IncorrectResultSizeDataAccessException: Incorrect result size: expected 1, actual 2
				
2026-08-04 17:25:13 [http-nio-8495-exec-5] ERROR com.vmfg.task.dao.impl.DesignTaskDAO -getNextSeqandStatusByDoc Errororg.springframework.dao.IncorrectResultSizeDataAccessException: Incorrect result size: expected 1, actual 2
				
2026-08-04 17:25:13 [http-nio-8495-exec-5] ERROR com.vmfg.task.dao.impl.DesignTaskDAO -getNextSeqandStatusByDoc Errororg.springframework.dao.IncorrectResultSizeDataAccessException: Incorrect result size: expected 1, actual 2
				
2026-08-04 17:25:13 [http-nio-8495-exec-5] ERROR com.vmfg.task.dao.impl.DesignTaskDAO -getNextSeqandStatusByDoc Errororg.springframework.dao.IncorrectResultSizeDataAccessException: Incorrect result size: expected 1, actual 2
				
2026-08-04 17:25:13 [http-nio-8495-exec-5] ERROR com.vmfg.task.dao.impl.DesignTaskDAO -getNextSeqandStatusByDoc Errororg.springframework.dao.IncorrectResultSizeDataAccessException: Incorrect result size: expected 1, actual 2
				
2026-08-04 17:25:13 [http-nio-8495-exec-5] ERROR com.vmfg.task.dao.impl.DesignTaskDAO -getNextSeqandStatusByDoc Errororg.springframework.dao.IncorrectResultSizeDataAccessException: Incorrect result size: expected 1, actual 2
				
2026-08-04 17:25:13 [http-nio-8495-exec-5] ERROR com.vmfg.task.dao.impl.DesignTaskDAO -getNextSeqandStatusByDoc Errororg.springframework.dao.IncorrectResultSizeDataAccessException: Incorrect result size: expected 1, actual 2
				
2026-08-04 17:25:13 [http-nio-8495-exec-5] ERROR com.vmfg.task.dao.impl.DesignTaskDAO -getNextSeqandStatusByDoc Errororg.springframework.dao.IncorrectResultSizeDataAccessException: Incorrect result size: expected 1, actual 2
				
2026-08-04 17:25:14 [http-nio-8495-exec-4] INFO  c.v.g.c.NotificationGeneralController -getNotificationDetails   method Start
				
2026-08-04 17:25:48 [http-nio-8495-exec-7] INFO  c.v.g.c.NotificationGeneralController -getNotificationDetails   method Start
				
2026-08-04 17:25:48 [http-nio-8495-exec-1] INFO  c.v.g.c.NotificationGeneralController -getApprovalDesigDtls   method Start
				
2026-08-04 17:25:48 [http-nio-8495-exec-4] INFO  c.v.g.c.NotificationGeneralController -getNotificationDetails   method Start
				
2026-08-04 17:25:48 [http-nio-8495-exec-5] INFO  c.v.g.c.NotificationGeneralController -getNotificationDetails   method Start
				
2026-08-04 17:25:49 [http-nio-8495-exec-1] ERROR com.vmfg.task.dao.impl.DesignTaskDAO -getNextSeqandStatusByDoc Errororg.springframework.dao.IncorrectResultSizeDataAccessException: Incorrect result size: expected 1, actual 2
				
2026-08-04 17:25:49 [http-nio-8495-exec-1] ERROR com.vmfg.task.dao.impl.DesignTaskDAO -getNextSeqandStatusByDoc Errororg.springframework.dao.IncorrectResultSizeDataAccessException: Incorrect result size: expected 1, actual 2
				
2026-08-04 17:25:49 [http-nio-8495-exec-1] ERROR com.vmfg.task.dao.impl.DesignTaskDAO -getNextSeqandStatusByDoc Errororg.springframework.dao.IncorrectResultSizeDataAccessException: Incorrect result size: expected 1, actual 2
				
2026-08-04 17:25:49 [http-nio-8495-exec-1] ERROR com.vmfg.task.dao.impl.DesignTaskDAO -getNextSeqandStatusByDoc Errororg.springframework.dao.IncorrectResultSizeDataAccessException: Incorrect result size: expected 1, actual 2
				
2026-08-04 17:25:49 [http-nio-8495-exec-1] ERROR com.vmfg.task.dao.impl.DesignTaskDAO -getNextSeqandStatusByDoc Errororg.springframework.dao.IncorrectResultSizeDataAccessException: Incorrect result size: expected 1, actual 2
				
2026-08-04 17:25:49 [http-nio-8495-exec-1] ERROR com.vmfg.task.dao.impl.DesignTaskDAO -getNextSeqandStatusByDoc Errororg.springframework.dao.IncorrectResultSizeDataAccessException: Incorrect result size: expected 1, actual 2
				
2026-08-04 17:25:49 [http-nio-8495-exec-1] ERROR com.vmfg.task.dao.impl.DesignTaskDAO -getNextSeqandStatusByDoc Errororg.springframework.dao.IncorrectResultSizeDataAccessException: Incorrect result size: expected 1, actual 2
				
2026-08-04 17:25:49 [http-nio-8495-exec-1] ERROR com.vmfg.task.dao.impl.DesignTaskDAO -getNextSeqandStatusByDoc Errororg.springframework.dao.IncorrectResultSizeDataAccessException: Incorrect result size: expected 1, actual 2
				
2026-08-04 17:25:49 [http-nio-8495-exec-1] ERROR com.vmfg.task.dao.impl.DesignTaskDAO -getNextSeqandStatusByDoc Errororg.springframework.dao.IncorrectResultSizeDataAccessException: Incorrect result size: expected 1, actual 2
				
2026-08-04 17:25:49 [http-nio-8495-exec-1] ERROR com.vmfg.task.dao.impl.DesignTaskDAO -getNextSeqandStatusByDoc Errororg.springframework.dao.IncorrectResultSizeDataAccessException: Incorrect result size: expected 1, actual 2
				
2026-08-04 17:25:49 [http-nio-8495-exec-1] ERROR com.vmfg.task.dao.impl.DesignTaskDAO -getNextSeqandStatusByDoc Errororg.springframework.dao.IncorrectResultSizeDataAccessException: Incorrect result size: expected 1, actual 2
				
2026-08-04 17:25:49 [http-nio-8495-exec-1] ERROR com.vmfg.task.dao.impl.DesignTaskDAO -getNextSeqandStatusByDoc Errororg.springframework.dao.IncorrectResultSizeDataAccessException: Incorrect result size: expected 1, actual 2
				
2026-08-04 17:25:49 [http-nio-8495-exec-1] ERROR com.vmfg.task.dao.impl.DesignTaskDAO -getNextSeqandStatusByDoc Errororg.springframework.dao.IncorrectResultSizeDataAccessException: Incorrect result size: expected 1, actual 2
				
2026-08-04 17:25:50 [http-nio-8495-exec-9] INFO  c.v.g.c.NotificationGeneralController -getNotificationDetails   method Start
				
2026-08-04 17:25:53 [http-nio-8495-exec-8] INFO  c.v.g.c.NotificationGeneralController -getApprovalDesigDtls   method Start
				
2026-08-04 17:25:53 [http-nio-8495-exec-8] ERROR com.vmfg.task.dao.impl.DesignTaskDAO -getNextSeqandStatusByDoc Errororg.springframework.dao.IncorrectResultSizeDataAccessException: Incorrect result size: expected 1, actual 2
				
2026-08-04 17:25:53 [http-nio-8495-exec-8] ERROR com.vmfg.task.dao.impl.DesignTaskDAO -getNextSeqandStatusByDoc Errororg.springframework.dao.IncorrectResultSizeDataAccessException: Incorrect result size: expected 1, actual 2
				
2026-08-04 17:25:53 [http-nio-8495-exec-8] ERROR com.vmfg.task.dao.impl.DesignTaskDAO -getNextSeqandStatusByDoc Errororg.springframework.dao.IncorrectResultSizeDataAccessException: Incorrect result size: expected 1, actual 2
				
2026-08-04 17:25:53 [http-nio-8495-exec-8] ERROR com.vmfg.task.dao.impl.DesignTaskDAO -getNextSeqandStatusByDoc Errororg.springframework.dao.IncorrectResultSizeDataAccessException: Incorrect result size: expected 1, actual 2
				
2026-08-04 17:25:53 [http-nio-8495-exec-8] ERROR com.vmfg.task.dao.impl.DesignTaskDAO -getNextSeqandStatusByDoc Errororg.springframework.dao.IncorrectResultSizeDataAccessException: Incorrect result size: expected 1, actual 2
				
2026-08-04 17:25:53 [http-nio-8495-exec-8] ERROR com.vmfg.task.dao.impl.DesignTaskDAO -getNextSeqandStatusByDoc Errororg.springframework.dao.IncorrectResultSizeDataAccessException: Incorrect result size: expected 1, actual 2
				
2026-08-04 17:25:53 [http-nio-8495-exec-8] ERROR com.vmfg.task.dao.impl.DesignTaskDAO -getNextSeqandStatusByDoc Errororg.springframework.dao.IncorrectResultSizeDataAccessException: Incorrect result size: expected 1, actual 2
				
2026-08-04 17:25:53 [http-nio-8495-exec-8] ERROR com.vmfg.task.dao.impl.DesignTaskDAO -getNextSeqandStatusByDoc Errororg.springframework.dao.IncorrectResultSizeDataAccessException: Incorrect result size: expected 1, actual 2
				
2026-08-04 17:25:53 [http-nio-8495-exec-8] ERROR com.vmfg.task.dao.impl.DesignTaskDAO -getNextSeqandStatusByDoc Errororg.springframework.dao.IncorrectResultSizeDataAccessException: Incorrect result size: expected 1, actual 2
				
2026-08-04 17:25:53 [http-nio-8495-exec-8] ERROR com.vmfg.task.dao.impl.DesignTaskDAO -getNextSeqandStatusByDoc Errororg.springframework.dao.IncorrectResultSizeDataAccessException: Incorrect result size: expected 1, actual 2
				
2026-08-04 17:25:54 [http-nio-8495-exec-8] ERROR com.vmfg.task.dao.impl.DesignTaskDAO -getNextSeqandStatusByDoc Errororg.springframework.dao.IncorrectResultSizeDataAccessException: Incorrect result size: expected 1, actual 2
				
2026-08-04 17:25:54 [http-nio-8495-exec-8] ERROR com.vmfg.task.dao.impl.DesignTaskDAO -getNextSeqandStatusByDoc Errororg.springframework.dao.IncorrectResultSizeDataAccessException: Incorrect result size: expected 1, actual 2
				
2026-08-04 17:25:54 [http-nio-8495-exec-8] ERROR com.vmfg.task.dao.impl.DesignTaskDAO -getNextSeqandStatusByDoc Errororg.springframework.dao.IncorrectResultSizeDataAccessException: Incorrect result size: expected 1, actual 2
				
2026-08-04 17:25:55 [http-nio-8495-exec-2] INFO  c.v.g.c.NotificationGeneralController -getNotificationDetails   method Start
				
2026-08-04 17:26:02 [http-nio-8495-exec-6] INFO  c.v.g.c.NotificationGeneralController -getApprovalDesigDtls   method Start
				
2026-08-04 17:26:03 [http-nio-8495-exec-6] ERROR com.vmfg.task.dao.impl.DesignTaskDAO -getNextSeqandStatusByDoc Errororg.springframework.dao.IncorrectResultSizeDataAccessException: Incorrect result size: expected 1, actual 2
				
2026-08-04 17:26:03 [http-nio-8495-exec-6] ERROR com.vmfg.task.dao.impl.DesignTaskDAO -getNextSeqandStatusByDoc Errororg.springframework.dao.IncorrectResultSizeDataAccessException: Incorrect result size: expected 1, actual 2
				
2026-08-04 17:26:03 [http-nio-8495-exec-6] ERROR com.vmfg.task.dao.impl.DesignTaskDAO -getNextSeqandStatusByDoc Errororg.springframework.dao.IncorrectResultSizeDataAccessException: Incorrect result size: expected 1, actual 2
				
2026-08-04 17:26:03 [http-nio-8495-exec-6] ERROR com.vmfg.task.dao.impl.DesignTaskDAO -getNextSeqandStatusByDoc Errororg.springframework.dao.IncorrectResultSizeDataAccessException: Incorrect result size: expected 1, actual 2
				
2026-08-04 17:26:03 [http-nio-8495-exec-6] ERROR com.vmfg.task.dao.impl.DesignTaskDAO -getNextSeqandStatusByDoc Errororg.springframework.dao.IncorrectResultSizeDataAccessException: Incorrect result size: expected 1, actual 2
				
2026-08-04 17:26:03 [http-nio-8495-exec-6] ERROR com.vmfg.task.dao.impl.DesignTaskDAO -getNextSeqandStatusByDoc Errororg.springframework.dao.IncorrectResultSizeDataAccessException: Incorrect result size: expected 1, actual 2
				
2026-08-04 17:26:03 [http-nio-8495-exec-6] ERROR com.vmfg.task.dao.impl.DesignTaskDAO -getNextSeqandStatusByDoc Errororg.springframework.dao.IncorrectResultSizeDataAccessException: Incorrect result size: expected 1, actual 2
				
2026-08-04 17:26:03 [http-nio-8495-exec-6] ERROR com.vmfg.task.dao.impl.DesignTaskDAO -getNextSeqandStatusByDoc Errororg.springframework.dao.IncorrectResultSizeDataAccessException: Incorrect result size: expected 1, actual 2
				
2026-08-04 17:26:03 [http-nio-8495-exec-6] ERROR com.vmfg.task.dao.impl.DesignTaskDAO -getNextSeqandStatusByDoc Errororg.springframework.dao.IncorrectResultSizeDataAccessException: Incorrect result size: expected 1, actual 2
				
2026-08-04 17:26:03 [http-nio-8495-exec-6] ERROR com.vmfg.task.dao.impl.DesignTaskDAO -getNextSeqandStatusByDoc Errororg.springframework.dao.IncorrectResultSizeDataAccessException: Incorrect result size: expected 1, actual 2
				
2026-08-04 17:26:03 [http-nio-8495-exec-6] ERROR com.vmfg.task.dao.impl.DesignTaskDAO -getNextSeqandStatusByDoc Errororg.springframework.dao.IncorrectResultSizeDataAccessException: Incorrect result size: expected 1, actual 2
				
2026-08-04 17:26:03 [http-nio-8495-exec-6] ERROR com.vmfg.task.dao.impl.DesignTaskDAO -getNextSeqandStatusByDoc Errororg.springframework.dao.IncorrectResultSizeDataAccessException: Incorrect result size: expected 1, actual 2
				
2026-08-04 17:26:03 [http-nio-8495-exec-6] ERROR com.vmfg.task.dao.impl.DesignTaskDAO -getNextSeqandStatusByDoc Errororg.springframework.dao.IncorrectResultSizeDataAccessException: Incorrect result size: expected 1, actual 2
				
2026-08-04 17:26:04 [http-nio-8495-exec-3] INFO  c.v.g.c.NotificationGeneralController -getNotificationDetails   method Start
				
2026-08-04 17:26:06 [SpringApplicationShutdownHook] INFO  com.zaxxer.hikari.HikariDataSource -HikariPool-3 - Shutdown initiated...
				
2026-08-04 17:26:06 [SpringApplicationShutdownHook] INFO  com.zaxxer.hikari.HikariDataSource -HikariPool-3 - Shutdown completed.
				
2026-08-04 17:26:13 [background-preinit] INFO  o.h.validator.internal.util.Version -HV000001: Hibernate Validator 6.2.3.Final
				
2026-08-04 17:26:14 [restartedMain] INFO  o.s.boot.SpringApplication -

                                ooooooo &&&&&&&&                              
                              oo     oo &.     &                              
                    ooooooo  oo      oo &:     &&                             
                 oo        oooo      oo &&       *&&&&  &&&&&&                
               oo            oo      oo &&                    &&&             
              oo                     oo &&&&&                  &o             
              oo                     oo &&     &&&&&           &              
              oo           ooo       oo &&           &&&       &&             
           ooooo           o:        oo &&              &        &&           
       ooo     *oo       oo          oo &&                        &&&&&&&     
     oo           ooooooo            oo &&                              &&    
    o&                                      &&&&*       &&               &&   
   oo                                            &&       &&              &&  
   o     ooooo                  @     @@    @@     &&:     &&           &&    
  oo ooo       ooo          @@@@@@@@@@@@@@@@@@@@@    &&     &&         &&     
  ooo            oo         @@ @@@ @@@@@@@@@@@  @     &&     &&         &     
  oo               o      @@@@ @@@ @@@@@@@@@@@  @@@    &&     &         &&    
  o&               oo       @@ @@@ @@@@@@@@@@@  @       &     &         &&    
  oo               oo       @@ @@ @ @@@@        @       &&                &&& 
  oo                      @@@@ @@@@@@@@@@@@@@@  @@@:    &&                  &&
  oo                        @@ @@@@@@@@@@@ @@@  @       &&        o&        &&
   o                        @@ @@@@@ @@@  @@@@  @       &         &&        &.
   oo                     @@@@ @@@ @@@@@@@@@@@  @@@@   &          &    .&&&&  
    o         oooo          @@                  @     &.         &&    &&     
    oo    ooo      &oo          @     @@    @@      &&          &&    &&      
     oo oo            oo        @     @     @@    &&           &&    &&       
      ooo              oo                      &&&           &&      &&       
         oooooooo       oo           oo &&&&&&              &&         &      
              oo        oo           oo &&         &      &&           &&     
              o        :o            oo &&  .&&&&&     &&.           &&       
              o       oo             oo &&                    &&&&&&&&        
              oo    ooo              oo &&                  &&                
                oo                   oo &&                &&                  
                  oo        oooo     oo &&                &                   
                     ooooooo  &o     oo &&      &&&       &                   
                                oo   oo && :&&&   .&& &&&*                    
                                   &ooo &&&                                   

==============================================
SmartRun Product by SmartRun Tech. All rights reserved.
==============================================
Application Version : 2.6.7
Application Title : SmartRun MES
Contact : support@smartruntech.com
==============================================

				
2026-08-04 17:26:14 [restartedMain] INFO  com.vmfg.VMFGApplication -Starting VMFGApplication using Java 1.8.0_482 on Peachs-Mac-mini.local with PID 9054 (/Users/peach/Spring_Boot_Projects/bgr/OneDrive_1_4-15-2026/BGR-SOURCE_CODE-sandbox/SmartRun_ProjectManagement_Java/SR_Management/target/classes started by peach in /Users/peach/Spring_Boot_Projects/bgr/OneDrive_1_4-15-2026/BGR-SOURCE_CODE-sandbox/SmartRun_ProjectManagement_Java/SR_Management)
				
2026-08-04 17:26:14 [restartedMain] INFO  com.vmfg.VMFGApplication -The following 1 profile is active: "dev"
				
2026-08-04 17:26:14 [restartedMain] INFO  o.s.b.d.e.DevToolsPropertyDefaultsPostProcessor -Devtools property defaults active! Set 'spring.devtools.add-properties' to 'false' to disable
				
2026-08-04 17:26:14 [restartedMain] INFO  o.s.b.d.e.DevToolsPropertyDefaultsPostProcessor -For additional web related logging consider setting the 'logging.level.web' property to 'DEBUG'
				
2026-08-04 17:26:16 [restartedMain] INFO  o.s.d.r.c.RepositoryConfigurationDelegate -Bootstrapping Spring Data JDBC repositories in DEFAULT mode.
				
2026-08-04 17:26:16 [restartedMain] INFO  o.s.d.r.c.RepositoryConfigurationDelegate -Finished Spring Data repository scanning in 90 ms. Found 0 JDBC repository interfaces.
				
2026-08-04 17:26:17 [restartedMain] INFO  o.s.b.w.e.tomcat.TomcatWebServer -Tomcat initialized with port(s): 8495 (http)
				
2026-08-04 17:26:17 [restartedMain] INFO  o.a.coyote.http11.Http11NioProtocol -Initializing ProtocolHandler ["http-nio-8495"]
				
2026-08-04 17:26:17 [restartedMain] INFO  o.a.catalina.core.StandardService -Starting service [Tomcat]
				
2026-08-04 17:26:17 [restartedMain] INFO  o.a.catalina.core.StandardEngine -Starting Servlet engine: [Apache Tomcat/9.0.63]
				
2026-08-04 17:26:18 [restartedMain] INFO  o.a.c.c.C.[.[localhost].[/smartrun] -Initializing Spring embedded WebApplicationContext
				
2026-08-04 17:26:18 [restartedMain] INFO  o.s.b.w.s.c.ServletWebServerApplicationContext -Root WebApplicationContext: initialization completed in 3565 ms
				
2026-08-04 17:26:20 [restartedMain] INFO  s.d.s.w.PropertySourcedRequestMappingHandlerMapping -Mapped URL path [/v2/api-docs] onto method [springfox.documentation.swagger2.web.Swagger2Controller#getDocumentation(String, HttpServletRequest)]
				
2026-08-04 17:26:21 [restartedMain] INFO  o.s.s.web.DefaultSecurityFilterChain -Will secure any request with [org.springframework.security.web.session.DisableEncodeUrlFilter@6dbcdc60, org.springframework.security.web.context.request.async.WebAsyncManagerIntegrationFilter@35fd0ab0, org.springframework.security.web.context.SecurityContextPersistenceFilter@7d50dadb, org.springframework.security.web.header.HeaderWriterFilter@14f48e2c, org.springframework.web.filter.CorsFilter@45b9cc06, org.springframework.security.web.authentication.logout.LogoutFilter@3afc4738, com.vmfg.security.config.JwtRequestFilter@79348848, org.springframework.security.web.savedrequest.RequestCacheAwareFilter@1209fa46, org.springframework.security.web.servletapi.SecurityContextHolderAwareRequestFilter@65f0a782, org.springframework.security.web.authentication.AnonymousAuthenticationFilter@24761be8, org.springframework.security.web.session.SessionManagementFilter@54d2e0d9, org.springframework.security.web.access.ExceptionTranslationFilter@1a42b12, org.springframework.security.web.access.intercept.FilterSecurityInterceptor@14000c9b]
				
2026-08-04 17:26:21 [restartedMain] INFO  o.s.b.d.a.OptionalLiveReloadServer -LiveReload server is running on port 35729
				
2026-08-04 17:26:21 [restartedMain] INFO  com.zaxxer.hikari.HikariDataSource -HikariPool-1 - Starting...
				
2026-08-04 17:26:22 [restartedMain] INFO  com.zaxxer.hikari.HikariDataSource -HikariPool-1 - Start completed.
				
2026-08-04 17:26:22 [restartedMain] INFO  o.a.coyote.http11.Http11NioProtocol -Starting ProtocolHandler ["http-nio-8495"]
				
2026-08-04 17:26:22 [restartedMain] INFO  o.s.b.w.e.tomcat.TomcatWebServer -Tomcat started on port(s): 8495 (http) with context path '/smartrun'
				
2026-08-04 17:26:22 [restartedMain] INFO  s.d.s.w.p.DocumentationPluginsBootstrapper -Context refreshed
				
2026-08-04 17:26:22 [restartedMain] INFO  s.d.s.w.p.DocumentationPluginsBootstrapper -Found 1 custom documentation plugin(s)
				
2026-08-04 17:26:23 [restartedMain] INFO  s.d.s.w.s.ApiListingReferenceScanner -Scanning for api listing references
				
2026-08-04 17:26:24 [restartedMain] INFO  s.d.s.w.r.o.CachingOperationNameGenerator -Generating unique operation named: insertOrUpdateSalesBudgetSheetHdrAndDtlUsingPOST_1
				
2026-08-04 17:26:24 [restartedMain] INFO  s.d.s.w.r.o.CachingOperationNameGenerator -Generating unique operation named: getVendorDetailHdrViewUsingPOST_1
				
2026-08-04 17:26:25 [restartedMain] INFO  s.d.s.w.r.o.CachingOperationNameGenerator -Generating unique operation named: updateUserRoleMappingUsingPOST_1
				
2026-08-04 17:26:25 [restartedMain] INFO  com.vmfg.VMFGApplication -Started VMFGApplication in 12.15 seconds (JVM running for 12.888)
				
2026-08-04 17:26:25 [restartedMain] INFO  c.v.config.DevFlywayMigrationRunner -Running Flyway migrations against sandbox datasource
				
2026-08-04 17:26:25 [restartedMain] INFO  o.f.c.i.license.VersionPrinter -Flyway Community Edition 9.22.3 by Redgate
				
2026-08-04 17:26:25 [restartedMain] INFO  o.f.c.i.license.VersionPrinter -See release notes here: https://rd.gt/416ObMi
				
2026-08-04 17:26:25 [restartedMain] INFO  o.f.c.i.license.VersionPrinter -
				
2026-08-04 17:26:25 [restartedMain] INFO  org.flywaydb.core.FlywayExecutor -Database: jdbc:mysql://localhost:3306/smartrun_bgr_sandbox (MySQL 9.6)
				
2026-08-04 17:26:25 [restartedMain] WARN  o.f.c.i.database.base.Database -Flyway upgrade recommended: MySQL 9.6 is newer than this version of Flyway and support has not been tested. The latest supported version of MySQL is 8.0.
				
2026-08-04 17:26:25 [restartedMain] INFO  o.f.core.internal.command.DbValidate -Successfully validated 4 migrations (execution time 00:00.033s)
				
2026-08-04 17:26:25 [restartedMain] INFO  o.f.core.internal.command.DbMigrate -Current version of schema `smartrun_bgr_sandbox`: 3
				
2026-08-04 17:26:25 [restartedMain] INFO  o.f.core.internal.command.DbMigrate -Schema `smartrun_bgr_sandbox` is up to date. No migration necessary.
				
2026-08-04 17:26:25 [main] ERROR com.vmfg.VMFGApplication -SmartRun Application Start Exception--->org.springframework.boot.devtools.restart.SilentExitExceptionHandler$SilentExitException
				
2026-08-04 17:26:36 [http-nio-8495-exec-2] INFO  o.a.c.c.C.[.[localhost].[/smartrun] -Initializing Spring DispatcherServlet 'dispatcherServlet'
				
2026-08-04 17:26:36 [http-nio-8495-exec-2] INFO  o.s.web.servlet.DispatcherServlet -Initializing Servlet 'dispatcherServlet'
				
2026-08-04 17:26:36 [http-nio-8495-exec-2] INFO  o.s.web.servlet.DispatcherServlet -Completed initialization in 7 ms
				
2026-08-04 17:26:36 [http-nio-8495-exec-4] INFO  c.v.g.c.NotificationGeneralController -getApprovalDesigDtls   method Start
				
2026-08-04 17:26:36 [http-nio-8495-exec-3] INFO  c.v.g.c.NotificationGeneralController -getNotificationDetails   method Start
				
2026-08-04 17:26:37 [http-nio-8495-exec-5] INFO  c.v.g.c.NotificationGeneralController -getNotificationDetails   method Start
				
2026-08-04 17:26:37 [http-nio-8495-exec-6] INFO  c.v.g.c.NotificationGeneralController -getNotificationDetails   method Start
				
2026-08-04 17:26:37 [http-nio-8495-exec-4] ERROR com.vmfg.task.dao.impl.DesignTaskDAO -getNextSeqandStatusByDoc Errororg.springframework.dao.IncorrectResultSizeDataAccessException: Incorrect result size: expected 1, actual 2
				
2026-08-04 17:26:37 [http-nio-8495-exec-4] ERROR com.vmfg.task.dao.impl.DesignTaskDAO -getNextSeqandStatusByDoc Errororg.springframework.dao.IncorrectResultSizeDataAccessException: Incorrect result size: expected 1, actual 2
				
2026-08-04 17:26:37 [http-nio-8495-exec-4] ERROR com.vmfg.task.dao.impl.DesignTaskDAO -getNextSeqandStatusByDoc Errororg.springframework.dao.IncorrectResultSizeDataAccessException: Incorrect result size: expected 1, actual 2
				
2026-08-04 17:26:37 [http-nio-8495-exec-4] ERROR com.vmfg.task.dao.impl.DesignTaskDAO -getNextSeqandStatusByDoc Errororg.springframework.dao.IncorrectResultSizeDataAccessException: Incorrect result size: expected 1, actual 2
				
2026-08-04 17:26:37 [http-nio-8495-exec-4] ERROR com.vmfg.task.dao.impl.DesignTaskDAO -getNextSeqandStatusByDoc Errororg.springframework.dao.IncorrectResultSizeDataAccessException: Incorrect result size: expected 1, actual 2
				
2026-08-04 17:26:37 [http-nio-8495-exec-4] ERROR com.vmfg.task.dao.impl.DesignTaskDAO -getNextSeqandStatusByDoc Errororg.springframework.dao.IncorrectResultSizeDataAccessException: Incorrect result size: expected 1, actual 2
				
2026-08-04 17:26:37 [http-nio-8495-exec-4] ERROR com.vmfg.task.dao.impl.DesignTaskDAO -getNextSeqandStatusByDoc Errororg.springframework.dao.IncorrectResultSizeDataAccessException: Incorrect result size: expected 1, actual 2
				
2026-08-04 17:26:37 [http-nio-8495-exec-4] ERROR com.vmfg.task.dao.impl.DesignTaskDAO -getNextSeqandStatusByDoc Errororg.springframework.dao.IncorrectResultSizeDataAccessException: Incorrect result size: expected 1, actual 2
				
2026-08-04 17:26:37 [http-nio-8495-exec-4] ERROR com.vmfg.task.dao.impl.DesignTaskDAO -getNextSeqandStatusByDoc Errororg.springframework.dao.IncorrectResultSizeDataAccessException: Incorrect result size: expected 1, actual 2
				
2026-08-04 17:26:37 [http-nio-8495-exec-4] ERROR com.vmfg.task.dao.impl.DesignTaskDAO -getNextSeqandStatusByDoc Errororg.springframework.dao.IncorrectResultSizeDataAccessException: Incorrect result size: expected 1, actual 2
				
2026-08-04 17:26:37 [http-nio-8495-exec-4] ERROR com.vmfg.task.dao.impl.DesignTaskDAO -getNextSeqandStatusByDoc Errororg.springframework.dao.IncorrectResultSizeDataAccessException: Incorrect result size: expected 1, actual 2
				
2026-08-04 17:26:38 [http-nio-8495-exec-4] ERROR com.vmfg.task.dao.impl.DesignTaskDAO -getNextSeqandStatusByDoc Errororg.springframework.dao.IncorrectResultSizeDataAccessException: Incorrect result size: expected 1, actual 2
				
2026-08-04 17:26:38 [http-nio-8495-exec-4] ERROR com.vmfg.task.dao.impl.DesignTaskDAO -getNextSeqandStatusByDoc Errororg.springframework.dao.IncorrectResultSizeDataAccessException: Incorrect result size: expected 1, actual 2
				
2026-08-04 17:26:39 [http-nio-8495-exec-7] INFO  c.v.g.c.NotificationGeneralController -getNotificationDetails   method Start
				
2026-08-04 17:27:55 [Thread-6] INFO  com.zaxxer.hikari.HikariDataSource -HikariPool-1 - Shutdown initiated...
				
2026-08-04 17:27:55 [Thread-6] INFO  com.zaxxer.hikari.HikariDataSource -HikariPool-1 - Shutdown completed.
				
2026-08-04 17:27:55 [restartedMain] INFO  com.vmfg.VMFGApplication -SmartRun Application Started
				
2026-08-04 17:27:56 [restartedMain] INFO  o.s.boot.SpringApplication -

                                ooooooo &&&&&&&&                              
                              oo     oo &.     &                              
                    ooooooo  oo      oo &:     &&                             
                 oo        oooo      oo &&       *&&&&  &&&&&&                
               oo            oo      oo &&                    &&&             
              oo                     oo &&&&&                  &o             
              oo                     oo &&     &&&&&           &              
              oo           ooo       oo &&           &&&       &&             
           ooooo           o:        oo &&              &        &&           
       ooo     *oo       oo          oo &&                        &&&&&&&     
     oo           ooooooo            oo &&                              &&    
    o&                                      &&&&*       &&               &&   
   oo                                            &&       &&              &&  
   o     ooooo                  @     @@    @@     &&:     &&           &&    
  oo ooo       ooo          @@@@@@@@@@@@@@@@@@@@@    &&     &&         &&     
  ooo            oo         @@ @@@ @@@@@@@@@@@  @     &&     &&         &     
  oo               o      @@@@ @@@ @@@@@@@@@@@  @@@    &&     &         &&    
  o&               oo       @@ @@@ @@@@@@@@@@@  @       &     &         &&    
  oo               oo       @@ @@ @ @@@@        @       &&                &&& 
  oo                      @@@@ @@@@@@@@@@@@@@@  @@@:    &&                  &&
  oo                        @@ @@@@@@@@@@@ @@@  @       &&        o&        &&
   o                        @@ @@@@@ @@@  @@@@  @       &         &&        &.
   oo                     @@@@ @@@ @@@@@@@@@@@  @@@@   &          &    .&&&&  
    o         oooo          @@                  @     &.         &&    &&     
    oo    ooo      &oo          @     @@    @@      &&          &&    &&      
     oo oo            oo        @     @     @@    &&           &&    &&       
      ooo              oo                      &&&           &&      &&       
         oooooooo       oo           oo &&&&&&              &&         &      
              oo        oo           oo &&         &      &&           &&     
              o        :o            oo &&  .&&&&&     &&.           &&       
              o       oo             oo &&                    &&&&&&&&        
              oo    ooo              oo &&                  &&                
                oo                   oo &&                &&                  
                  oo        oooo     oo &&                &                   
                     ooooooo  &o     oo &&      &&&       &                   
                                oo   oo && :&&&   .&& &&&*                    
                                   &ooo &&&                                   

==============================================
SmartRun Product by SmartRun Tech. All rights reserved.
==============================================
Application Version : 2.6.7
Application Title : SmartRun MES
Contact : support@smartruntech.com
==============================================

				
2026-08-04 17:27:56 [restartedMain] INFO  com.vmfg.VMFGApplication -Starting VMFGApplication using Java 1.8.0_482 on Peachs-Mac-mini.local with PID 9054 (/Users/peach/Spring_Boot_Projects/bgr/OneDrive_1_4-15-2026/BGR-SOURCE_CODE-sandbox/SmartRun_ProjectManagement_Java/SR_Management/target/classes started by peach in /Users/peach/Spring_Boot_Projects/bgr/OneDrive_1_4-15-2026/BGR-SOURCE_CODE-sandbox/SmartRun_ProjectManagement_Java/SR_Management)
				
2026-08-04 17:27:56 [restartedMain] INFO  com.vmfg.VMFGApplication -The following 1 profile is active: "dev"
				
2026-08-04 17:27:57 [restartedMain] INFO  o.s.d.r.c.RepositoryConfigurationDelegate -Bootstrapping Spring Data JDBC repositories in DEFAULT mode.
				
2026-08-04 17:27:57 [restartedMain] INFO  o.s.d.r.c.RepositoryConfigurationDelegate -Finished Spring Data repository scanning in 13 ms. Found 0 JDBC repository interfaces.
				
2026-08-04 17:27:57 [restartedMain] INFO  o.s.b.w.e.tomcat.TomcatWebServer -Tomcat initialized with port(s): 8495 (http)
				
2026-08-04 17:27:57 [restartedMain] INFO  o.a.coyote.http11.Http11NioProtocol -Initializing ProtocolHandler ["http-nio-8495"]
				
2026-08-04 17:27:57 [restartedMain] INFO  o.a.catalina.core.StandardService -Starting service [Tomcat]
				
2026-08-04 17:27:57 [restartedMain] INFO  o.a.catalina.core.StandardEngine -Starting Servlet engine: [Apache Tomcat/9.0.63]
				
2026-08-04 17:27:57 [restartedMain] INFO  o.a.c.c.C.[.[localhost].[/smartrun] -Initializing Spring embedded WebApplicationContext
				
2026-08-04 17:27:57 [restartedMain] INFO  o.s.b.w.s.c.ServletWebServerApplicationContext -Root WebApplicationContext: initialization completed in 1409 ms
				
2026-08-04 17:27:58 [restartedMain] INFO  s.d.s.w.PropertySourcedRequestMappingHandlerMapping -Mapped URL path [/v2/api-docs] onto method [springfox.documentation.swagger2.web.Swagger2Controller#getDocumentation(String, HttpServletRequest)]
				
2026-08-04 17:27:58 [restartedMain] INFO  o.s.b.d.a.OptionalLiveReloadServer -LiveReload server is running on port 35729
				
2026-08-04 17:27:58 [restartedMain] INFO  com.zaxxer.hikari.HikariDataSource -HikariPool-2 - Starting...
				
2026-08-04 17:27:58 [restartedMain] INFO  com.zaxxer.hikari.HikariDataSource -HikariPool-2 - Start completed.
				
2026-08-04 17:27:58 [restartedMain] WARN  o.s.b.a.s.s.UserDetailsServiceAutoConfiguration -

Using generated security password: 54ae7caa-67c4-422a-8356-0ae1f714369e

This generated password is for development use only. Your security configuration must be updated before running your application in production.

				
2026-08-04 17:27:58 [restartedMain] INFO  o.s.s.web.DefaultSecurityFilterChain -Will secure any request with [org.springframework.security.web.session.DisableEncodeUrlFilter@37971468, org.springframework.security.web.context.request.async.WebAsyncManagerIntegrationFilter@5305f22e, org.springframework.security.web.context.SecurityContextPersistenceFilter@39b28e75, org.springframework.security.web.header.HeaderWriterFilter@2a5a8e2f, org.springframework.security.web.csrf.CsrfFilter@30700179, org.springframework.security.web.authentication.logout.LogoutFilter@1a402ac3, org.springframework.security.web.authentication.UsernamePasswordAuthenticationFilter@3f59f521, org.springframework.security.web.authentication.ui.DefaultLoginPageGeneratingFilter@5bce9a8, org.springframework.security.web.authentication.ui.DefaultLogoutPageGeneratingFilter@242e113, org.springframework.security.web.authentication.www.BasicAuthenticationFilter@35ec9f52, org.springframework.security.web.savedrequest.RequestCacheAwareFilter@68a5ede6, org.springframework.security.web.servletapi.SecurityContextHolderAwareRequestFilter@16f03d2b, org.springframework.security.web.authentication.AnonymousAuthenticationFilter@2718292d, org.springframework.security.web.session.SessionManagementFilter@1a1129d4, org.springframework.security.web.access.ExceptionTranslationFilter@61960a17, org.springframework.security.web.access.intercept.FilterSecurityInterceptor@4d208106]
				
2026-08-04 17:27:58 [restartedMain] INFO  o.a.coyote.http11.Http11NioProtocol -Starting ProtocolHandler ["http-nio-8495"]
				
2026-08-04 17:27:58 [restartedMain] INFO  o.s.b.w.e.tomcat.TomcatWebServer -Tomcat started on port(s): 8495 (http) with context path '/smartrun'
				
2026-08-04 17:27:58 [restartedMain] INFO  s.d.s.w.p.DocumentationPluginsBootstrapper -Context refreshed
				
2026-08-04 17:27:58 [restartedMain] INFO  s.d.s.w.p.DocumentationPluginsBootstrapper -Found 1 custom documentation plugin(s)
				
2026-08-04 17:27:58 [restartedMain] INFO  s.d.s.w.s.ApiListingReferenceScanner -Scanning for api listing references
				
2026-08-04 17:27:58 [restartedMain] INFO  com.vmfg.VMFGApplication -Started VMFGApplication in 2.754 seconds (JVM running for 106.483)
				
2026-08-04 17:27:58 [restartedMain] INFO  o.s.b.d.a.ConditionEvaluationDeltaLoggingListener -Condition evaluation delta:


==========================
CONDITION EVALUATION DELTA
==========================


Positive matches:
-----------------

   SpringBootWebSecurityConfiguration.SecurityFilterChainConfiguration matched:
      - AllNestedConditions 2 matched 0 did not; NestedCondition on DefaultWebSecurityCondition.Beans @ConditionalOnMissingBean (types: org.springframework.security.config.annotation.web.configuration.WebSecurityConfigurerAdapter,org.springframework.security.web.SecurityFilterChain; SearchStrategy: all) did not find any beans; NestedCondition on DefaultWebSecurityCondition.Classes @ConditionalOnClass found required classes 'org.springframework.security.web.SecurityFilterChain', 'org.springframework.security.config.annotation.web.builders.HttpSecurity' (DefaultWebSecurityCondition)

   SpringBootWebSecurityConfiguration.WebSecurityEnablerConfiguration matched:
      - @ConditionalOnClass found required class 'org.springframework.security.config.annotation.web.configuration.EnableWebSecurity' (OnClassCondition)
      - @ConditionalOnMissingBean (names: springSecurityFilterChain; SearchStrategy: all) did not find any beans (OnBeanCondition)

   UserDetailsServiceAutoConfiguration matched:
      - @ConditionalOnClass found required class 'org.springframework.security.authentication.AuthenticationManager' (OnClassCondition)
      - @ConditionalOnBean (types: org.springframework.security.config.annotation.ObjectPostProcessor; SearchStrategy: all) found bean 'objectPostProcessor'; @ConditionalOnMissingBean (types: org.springframework.security.authentication.AuthenticationManager,org.springframework.security.authentication.AuthenticationProvider,org.springframework.security.core.userdetails.UserDetailsService,org.springframework.security.authentication.AuthenticationManagerResolver,org.springframework.security.oauth2.jwt.JwtDecoder,org.springframework.security.oauth2.server.resource.introspection.OpaqueTokenIntrospector,org.springframework.security.oauth2.client.registration.ClientRegistrationRepository,org.springframework.security.saml2.provider.service.registration.RelyingPartyRegistrationRepository; SearchStrategy: all) did not find any beans (OnBeanCondition)


Negative matches:
-----------------

    None


Exclusions:
-----------

    None


Unconditional classes:
----------------------

    None



				
2026-08-04 17:28:14 [Thread-9] INFO  com.zaxxer.hikari.HikariDataSource -HikariPool-2 - Shutdown initiated...
				
2026-08-04 17:28:14 [Thread-9] INFO  com.zaxxer.hikari.HikariDataSource -HikariPool-2 - Shutdown completed.
				
2026-08-04 17:28:15 [restartedMain] INFO  com.vmfg.VMFGApplication -SmartRun Application Started
				
2026-08-04 17:28:15 [restartedMain] INFO  o.s.boot.SpringApplication -

                                ooooooo &&&&&&&&                              
                              oo     oo &.     &                              
                    ooooooo  oo      oo &:     &&                             
                 oo        oooo      oo &&       *&&&&  &&&&&&                
               oo            oo      oo &&                    &&&             
              oo                     oo &&&&&                  &o             
              oo                     oo &&     &&&&&           &              
              oo           ooo       oo &&           &&&       &&             
           ooooo           o:        oo &&              &        &&           
       ooo     *oo       oo          oo &&                        &&&&&&&     
     oo           ooooooo            oo &&                              &&    
    o&                                      &&&&*       &&               &&   
   oo                                            &&       &&              &&  
   o     ooooo                  @     @@    @@     &&:     &&           &&    
  oo ooo       ooo          @@@@@@@@@@@@@@@@@@@@@    &&     &&         &&     
  ooo            oo         @@ @@@ @@@@@@@@@@@  @     &&     &&         &     
  oo               o      @@@@ @@@ @@@@@@@@@@@  @@@    &&     &         &&    
  o&               oo       @@ @@@ @@@@@@@@@@@  @       &     &         &&    
  oo               oo       @@ @@ @ @@@@        @       &&                &&& 
  oo                      @@@@ @@@@@@@@@@@@@@@  @@@:    &&                  &&
  oo                        @@ @@@@@@@@@@@ @@@  @       &&        o&        &&
   o                        @@ @@@@@ @@@  @@@@  @       &         &&        &.
   oo                     @@@@ @@@ @@@@@@@@@@@  @@@@   &          &    .&&&&  
    o         oooo          @@                  @     &.         &&    &&     
    oo    ooo      &oo          @     @@    @@      &&          &&    &&      
     oo oo            oo        @     @     @@    &&           &&    &&       
      ooo              oo                      &&&           &&      &&       
         oooooooo       oo           oo &&&&&&              &&         &      
              oo        oo           oo &&         &      &&           &&     
              o        :o            oo &&  .&&&&&     &&.           &&       
              o       oo             oo &&                    &&&&&&&&        
              oo    ooo              oo &&                  &&                
                oo                   oo &&                &&                  
                  oo        oooo     oo &&                &                   
                     ooooooo  &o     oo &&      &&&       &                   
                                oo   oo && :&&&   .&& &&&*                    
                                   &ooo &&&                                   

==============================================
SmartRun Product by SmartRun Tech. All rights reserved.
==============================================
Application Version : 2.6.7
Application Title : SmartRun MES
Contact : support@smartruntech.com
==============================================

				
2026-08-04 17:28:15 [restartedMain] INFO  com.vmfg.VMFGApplication -Starting VMFGApplication using Java 1.8.0_482 on Peachs-Mac-mini.local with PID 9054 (/Users/peach/Spring_Boot_Projects/bgr/OneDrive_1_4-15-2026/BGR-SOURCE_CODE-sandbox/SmartRun_ProjectManagement_Java/SR_Management/target/classes started by peach in /Users/peach/Spring_Boot_Projects/bgr/OneDrive_1_4-15-2026/BGR-SOURCE_CODE-sandbox/SmartRun_ProjectManagement_Java/SR_Management)
				
2026-08-04 17:28:15 [restartedMain] INFO  com.vmfg.VMFGApplication -The following 1 profile is active: "dev"
				
2026-08-04 17:28:16 [restartedMain] INFO  o.s.d.r.c.RepositoryConfigurationDelegate -Bootstrapping Spring Data JDBC repositories in DEFAULT mode.
				
2026-08-04 17:28:16 [restartedMain] INFO  o.s.d.r.c.RepositoryConfigurationDelegate -Finished Spring Data repository scanning in 44 ms. Found 0 JDBC repository interfaces.
				
2026-08-04 17:28:16 [restartedMain] INFO  o.s.b.w.e.tomcat.TomcatWebServer -Tomcat initialized with port(s): 8495 (http)
				
2026-08-04 17:28:16 [restartedMain] INFO  o.a.coyote.http11.Http11NioProtocol -Initializing ProtocolHandler ["http-nio-8495"]
				
2026-08-04 17:28:16 [restartedMain] INFO  o.a.catalina.core.StandardService -Starting service [Tomcat]
				
2026-08-04 17:28:16 [restartedMain] INFO  o.a.catalina.core.StandardEngine -Starting Servlet engine: [Apache Tomcat/9.0.63]
				
2026-08-04 17:28:16 [restartedMain] INFO  o.a.c.c.C.[.[localhost].[/smartrun] -Initializing Spring embedded WebApplicationContext
				
2026-08-04 17:28:16 [restartedMain] INFO  o.s.b.w.s.c.ServletWebServerApplicationContext -Root WebApplicationContext: initialization completed in 898 ms
				
2026-08-04 17:28:17 [restartedMain] INFO  s.d.s.w.PropertySourcedRequestMappingHandlerMapping -Mapped URL path [/v2/api-docs] onto method [springfox.documentation.swagger2.web.Swagger2Controller#getDocumentation(String, HttpServletRequest)]
				
2026-08-04 17:28:17 [restartedMain] INFO  o.s.s.web.DefaultSecurityFilterChain -Will secure any request with [org.springframework.security.web.session.DisableEncodeUrlFilter@26cffbaa, org.springframework.security.web.context.request.async.WebAsyncManagerIntegrationFilter@18c64ae3, org.springframework.security.web.context.SecurityContextPersistenceFilter@44671249, org.springframework.security.web.header.HeaderWriterFilter@300f87ff, org.springframework.web.filter.CorsFilter@39e08bbb, org.springframework.security.web.authentication.logout.LogoutFilter@4179eb5b, com.vmfg.security.config.JwtRequestFilter@2d85d5a6, org.springframework.security.web.savedrequest.RequestCacheAwareFilter@39a537b9, org.springframework.security.web.servletapi.SecurityContextHolderAwareRequestFilter@75d96f0d, org.springframework.security.web.authentication.AnonymousAuthenticationFilter@655088c3, org.springframework.security.web.session.SessionManagementFilter@22bd4b93, org.springframework.security.web.access.ExceptionTranslationFilter@1e2c626e, org.springframework.security.web.access.intercept.FilterSecurityInterceptor@142918bc]
				
2026-08-04 17:28:17 [restartedMain] INFO  o.s.b.d.a.OptionalLiveReloadServer -LiveReload server is running on port 35729
				
2026-08-04 17:28:17 [restartedMain] INFO  com.zaxxer.hikari.HikariDataSource -HikariPool-3 - Starting...
				
2026-08-04 17:28:17 [restartedMain] INFO  com.zaxxer.hikari.HikariDataSource -HikariPool-3 - Start completed.
				
2026-08-04 17:28:17 [restartedMain] INFO  o.a.coyote.http11.Http11NioProtocol -Starting ProtocolHandler ["http-nio-8495"]
				
2026-08-04 17:28:17 [restartedMain] INFO  o.s.b.w.e.tomcat.TomcatWebServer -Tomcat started on port(s): 8495 (http) with context path '/smartrun'
				
2026-08-04 17:28:17 [restartedMain] INFO  s.d.s.w.p.DocumentationPluginsBootstrapper -Context refreshed
				
2026-08-04 17:28:17 [restartedMain] INFO  s.d.s.w.p.DocumentationPluginsBootstrapper -Found 1 custom documentation plugin(s)
				
2026-08-04 17:28:17 [restartedMain] INFO  s.d.s.w.s.ApiListingReferenceScanner -Scanning for api listing references
				
2026-08-04 17:28:18 [restartedMain] INFO  s.d.s.w.r.o.CachingOperationNameGenerator -Generating unique operation named: insertOrUpdateSalesBudgetSheetHdrAndDtlUsingPOST_1
				
2026-08-04 17:28:18 [restartedMain] INFO  s.d.s.w.r.o.CachingOperationNameGenerator -Generating unique operation named: getVendorDetailHdrViewUsingPOST_1
				
2026-08-04 17:28:18 [restartedMain] INFO  s.d.s.w.r.o.CachingOperationNameGenerator -Generating unique operation named: updateUserRoleMappingUsingPOST_1
				
2026-08-04 17:28:18 [restartedMain] INFO  com.vmfg.VMFGApplication -Started VMFGApplication in 3.587 seconds (JVM running for 126.513)
				
2026-08-04 17:28:18 [restartedMain] INFO  c.v.config.DevFlywayMigrationRunner -Running Flyway migrations against sandbox datasource
				
2026-08-04 17:28:18 [restartedMain] INFO  org.flywaydb.core.FlywayExecutor -Database: jdbc:mysql://localhost:3306/smartrun_bgr_sandbox (MySQL 9.6)
				
2026-08-04 17:28:18 [restartedMain] WARN  o.f.c.i.database.base.Database -Flyway upgrade recommended: MySQL 9.6 is newer than this version of Flyway and support has not been tested. The latest supported version of MySQL is 8.0.
				
2026-08-04 17:28:18 [restartedMain] INFO  o.f.core.internal.command.DbValidate -Successfully validated 4 migrations (execution time 00:00.022s)
				
2026-08-04 17:28:18 [restartedMain] INFO  o.f.core.internal.command.DbMigrate -Current version of schema `smartrun_bgr_sandbox`: 3
				
2026-08-04 17:28:18 [restartedMain] INFO  o.f.core.internal.command.DbMigrate -Schema `smartrun_bgr_sandbox` is up to date. No migration necessary.
				
2026-08-04 17:28:18 [restartedMain] INFO  o.s.b.d.a.ConditionEvaluationDeltaLoggingListener -Condition evaluation delta:


==========================
CONDITION EVALUATION DELTA
==========================


Positive matches:
-----------------

    None


Negative matches:
-----------------

   SpringBootWebSecurityConfiguration.SecurityFilterChainConfiguration:
      Did not match:
         - AllNestedConditions 1 matched 1 did not; NestedCondition on DefaultWebSecurityCondition.Beans @ConditionalOnMissingBean (types: org.springframework.security.config.annotation.web.configuration.WebSecurityConfigurerAdapter,org.springframework.security.web.SecurityFilterChain; SearchStrategy: all) found beans of type 'org.springframework.security.web.SecurityFilterChain' filterChain; NestedCondition on DefaultWebSecurityCondition.Classes @ConditionalOnClass found required classes 'org.springframework.security.web.SecurityFilterChain', 'org.springframework.security.config.annotation.web.builders.HttpSecurity' (DefaultWebSecurityCondition)

   SpringBootWebSecurityConfiguration.WebSecurityEnablerConfiguration:
      Did not match:
         - @ConditionalOnMissingBean (names: springSecurityFilterChain; SearchStrategy: all) found beans named springSecurityFilterChain (OnBeanCondition)
      Matched:
         - @ConditionalOnClass found required class 'org.springframework.security.config.annotation.web.configuration.EnableWebSecurity' (OnClassCondition)

   UserDetailsServiceAutoConfiguration:
      Did not match:
         - @ConditionalOnMissingBean (types: org.springframework.security.authentication.AuthenticationManager,org.springframework.security.authentication.AuthenticationProvider,org.springframework.security.core.userdetails.UserDetailsService,org.springframework.security.authentication.AuthenticationManagerResolver,org.springframework.security.oauth2.jwt.JwtDecoder,org.springframework.security.oauth2.server.resource.introspection.OpaqueTokenIntrospector,org.springframework.security.oauth2.client.registration.ClientRegistrationRepository,org.springframework.security.saml2.provider.service.registration.RelyingPartyRegistrationRepository; SearchStrategy: all) found beans of type 'org.springframework.security.authentication.AuthenticationManager' authenticationManager and found beans of type 'org.springframework.security.core.userdetails.UserDetailsService' userLoginDAO (OnBeanCondition)
      Matched:
         - @ConditionalOnClass found required class 'org.springframework.security.authentication.AuthenticationManager' (OnClassCondition)


Exclusions:
-----------

    None


Unconditional classes:
----------------------

    None



				
2026-08-04 17:28:41 [http-nio-8495-exec-1] INFO  o.a.c.c.C.[.[localhost].[/smartrun] -Initializing Spring DispatcherServlet 'dispatcherServlet'
				
2026-08-04 17:28:41 [http-nio-8495-exec-1] INFO  o.s.web.servlet.DispatcherServlet -Initializing Servlet 'dispatcherServlet'
				
2026-08-04 17:28:41 [http-nio-8495-exec-1] INFO  o.s.web.servlet.DispatcherServlet -Completed initialization in 4 ms
				
2026-08-04 17:28:41 [http-nio-8495-exec-1] INFO  c.v.g.c.NotificationGeneralController -getApprovalDesigDtls   method Start
				
2026-08-04 17:28:41 [http-nio-8495-exec-1] ERROR com.vmfg.task.dao.impl.DesignTaskDAO -getNextSeqandStatusByDoc Errororg.springframework.dao.IncorrectResultSizeDataAccessException: Incorrect result size: expected 1, actual 2
				
2026-08-04 17:28:41 [http-nio-8495-exec-1] ERROR com.vmfg.task.dao.impl.DesignTaskDAO -getNextSeqandStatusByDoc Errororg.springframework.dao.IncorrectResultSizeDataAccessException: Incorrect result size: expected 1, actual 2
				
2026-08-04 17:28:41 [http-nio-8495-exec-1] ERROR com.vmfg.task.dao.impl.DesignTaskDAO -getNextSeqandStatusByDoc Errororg.springframework.dao.IncorrectResultSizeDataAccessException: Incorrect result size: expected 1, actual 2
				
2026-08-04 17:28:41 [http-nio-8495-exec-1] ERROR com.vmfg.task.dao.impl.DesignTaskDAO -getNextSeqandStatusByDoc Errororg.springframework.dao.IncorrectResultSizeDataAccessException: Incorrect result size: expected 1, actual 2
				
2026-08-04 17:28:41 [http-nio-8495-exec-1] ERROR com.vmfg.task.dao.impl.DesignTaskDAO -getNextSeqandStatusByDoc Errororg.springframework.dao.IncorrectResultSizeDataAccessException: Incorrect result size: expected 1, actual 2
				
2026-08-04 17:28:41 [http-nio-8495-exec-1] ERROR com.vmfg.task.dao.impl.DesignTaskDAO -getNextSeqandStatusByDoc Errororg.springframework.dao.IncorrectResultSizeDataAccessException: Incorrect result size: expected 1, actual 2
				
2026-08-04 17:28:41 [http-nio-8495-exec-1] ERROR com.vmfg.task.dao.impl.DesignTaskDAO -getNextSeqandStatusByDoc Errororg.springframework.dao.IncorrectResultSizeDataAccessException: Incorrect result size: expected 1, actual 2
				
2026-08-04 17:28:41 [http-nio-8495-exec-1] ERROR com.vmfg.task.dao.impl.DesignTaskDAO -getNextSeqandStatusByDoc Errororg.springframework.dao.IncorrectResultSizeDataAccessException: Incorrect result size: expected 1, actual 2
				
2026-08-04 17:28:41 [http-nio-8495-exec-1] ERROR com.vmfg.task.dao.impl.DesignTaskDAO -getNextSeqandStatusByDoc Errororg.springframework.dao.IncorrectResultSizeDataAccessException: Incorrect result size: expected 1, actual 2
				
2026-08-04 17:28:41 [http-nio-8495-exec-1] ERROR com.vmfg.task.dao.impl.DesignTaskDAO -getNextSeqandStatusByDoc Errororg.springframework.dao.IncorrectResultSizeDataAccessException: Incorrect result size: expected 1, actual 2
				
2026-08-04 17:28:41 [http-nio-8495-exec-1] ERROR com.vmfg.task.dao.impl.DesignTaskDAO -getNextSeqandStatusByDoc Errororg.springframework.dao.IncorrectResultSizeDataAccessException: Incorrect result size: expected 1, actual 2
				
2026-08-04 17:28:41 [http-nio-8495-exec-1] ERROR com.vmfg.task.dao.impl.DesignTaskDAO -getNextSeqandStatusByDoc Errororg.springframework.dao.IncorrectResultSizeDataAccessException: Incorrect result size: expected 1, actual 2
				
2026-08-04 17:28:42 [http-nio-8495-exec-1] ERROR com.vmfg.task.dao.impl.DesignTaskDAO -getNextSeqandStatusByDoc Errororg.springframework.dao.IncorrectResultSizeDataAccessException: Incorrect result size: expected 1, actual 2
				
2026-08-04 17:28:43 [http-nio-8495-exec-2] INFO  c.v.g.c.NotificationGeneralController -getNotificationDetails   method Start
				
2026-08-04 17:28:43 [http-nio-8495-exec-7] INFO  c.v.g.c.NotificationGeneralController -getApprovalDesigDtls   method Start
				
2026-08-04 17:28:43 [http-nio-8495-exec-8] INFO  c.v.g.c.NotificationGeneralController -getNotificationDetails   method Start
				
2026-08-04 17:28:43 [http-nio-8495-exec-10] INFO  c.v.g.c.NotificationGeneralController -getNotificationDetails   method Start
				
2026-08-04 17:28:43 [http-nio-8495-exec-1] INFO  c.v.g.c.NotificationGeneralController -getNotificationDetails   method Start
				
2026-08-04 17:28:44 [http-nio-8495-exec-7] ERROR com.vmfg.task.dao.impl.DesignTaskDAO -getNextSeqandStatusByDoc Errororg.springframework.dao.IncorrectResultSizeDataAccessException: Incorrect result size: expected 1, actual 2
				
2026-08-04 17:28:44 [http-nio-8495-exec-7] ERROR com.vmfg.task.dao.impl.DesignTaskDAO -getNextSeqandStatusByDoc Errororg.springframework.dao.IncorrectResultSizeDataAccessException: Incorrect result size: expected 1, actual 2
				
2026-08-04 17:28:44 [http-nio-8495-exec-7] ERROR com.vmfg.task.dao.impl.DesignTaskDAO -getNextSeqandStatusByDoc Errororg.springframework.dao.IncorrectResultSizeDataAccessException: Incorrect result size: expected 1, actual 2
				
2026-08-04 17:28:44 [http-nio-8495-exec-7] ERROR com.vmfg.task.dao.impl.DesignTaskDAO -getNextSeqandStatusByDoc Errororg.springframework.dao.IncorrectResultSizeDataAccessException: Incorrect result size: expected 1, actual 2
				
2026-08-04 17:28:44 [http-nio-8495-exec-7] ERROR com.vmfg.task.dao.impl.DesignTaskDAO -getNextSeqandStatusByDoc Errororg.springframework.dao.IncorrectResultSizeDataAccessException: Incorrect result size: expected 1, actual 2
				
2026-08-04 17:28:44 [http-nio-8495-exec-7] ERROR com.vmfg.task.dao.impl.DesignTaskDAO -getNextSeqandStatusByDoc Errororg.springframework.dao.IncorrectResultSizeDataAccessException: Incorrect result size: expected 1, actual 2
				
2026-08-04 17:28:44 [http-nio-8495-exec-7] ERROR com.vmfg.task.dao.impl.DesignTaskDAO -getNextSeqandStatusByDoc Errororg.springframework.dao.IncorrectResultSizeDataAccessException: Incorrect result size: expected 1, actual 2
				
2026-08-04 17:28:44 [http-nio-8495-exec-7] ERROR com.vmfg.task.dao.impl.DesignTaskDAO -getNextSeqandStatusByDoc Errororg.springframework.dao.IncorrectResultSizeDataAccessException: Incorrect result size: expected 1, actual 2
				
2026-08-04 17:28:44 [http-nio-8495-exec-7] ERROR com.vmfg.task.dao.impl.DesignTaskDAO -getNextSeqandStatusByDoc Errororg.springframework.dao.IncorrectResultSizeDataAccessException: Incorrect result size: expected 1, actual 2
				
2026-08-04 17:28:44 [http-nio-8495-exec-7] ERROR com.vmfg.task.dao.impl.DesignTaskDAO -getNextSeqandStatusByDoc Errororg.springframework.dao.IncorrectResultSizeDataAccessException: Incorrect result size: expected 1, actual 2
				
2026-08-04 17:28:44 [http-nio-8495-exec-7] ERROR com.vmfg.task.dao.impl.DesignTaskDAO -getNextSeqandStatusByDoc Errororg.springframework.dao.IncorrectResultSizeDataAccessException: Incorrect result size: expected 1, actual 2
				
2026-08-04 17:28:44 [http-nio-8495-exec-7] ERROR com.vmfg.task.dao.impl.DesignTaskDAO -getNextSeqandStatusByDoc Errororg.springframework.dao.IncorrectResultSizeDataAccessException: Incorrect result size: expected 1, actual 2
				
2026-08-04 17:28:44 [http-nio-8495-exec-7] ERROR com.vmfg.task.dao.impl.DesignTaskDAO -getNextSeqandStatusByDoc Errororg.springframework.dao.IncorrectResultSizeDataAccessException: Incorrect result size: expected 1, actual 2
				
2026-08-04 17:28:45 [http-nio-8495-exec-2] INFO  c.v.g.c.NotificationGeneralController -getNotificationDetails   method Start
				
2026-08-04 17:28:53 [http-nio-8495-exec-5] INFO  c.v.g.c.NotificationGeneralController -getApprovalDesigDtls   method Start
				
2026-08-04 17:28:53 [http-nio-8495-exec-5] ERROR com.vmfg.task.dao.impl.DesignTaskDAO -getNextSeqandStatusByDoc Errororg.springframework.dao.IncorrectResultSizeDataAccessException: Incorrect result size: expected 1, actual 2
				
2026-08-04 17:28:53 [http-nio-8495-exec-5] ERROR com.vmfg.task.dao.impl.DesignTaskDAO -getNextSeqandStatusByDoc Errororg.springframework.dao.IncorrectResultSizeDataAccessException: Incorrect result size: expected 1, actual 2
				
2026-08-04 17:28:53 [http-nio-8495-exec-5] ERROR com.vmfg.task.dao.impl.DesignTaskDAO -getNextSeqandStatusByDoc Errororg.springframework.dao.IncorrectResultSizeDataAccessException: Incorrect result size: expected 1, actual 2
				
2026-08-04 17:28:53 [http-nio-8495-exec-5] ERROR com.vmfg.task.dao.impl.DesignTaskDAO -getNextSeqandStatusByDoc Errororg.springframework.dao.IncorrectResultSizeDataAccessException: Incorrect result size: expected 1, actual 2
				
2026-08-04 17:28:53 [http-nio-8495-exec-5] ERROR com.vmfg.task.dao.impl.DesignTaskDAO -getNextSeqandStatusByDoc Errororg.springframework.dao.IncorrectResultSizeDataAccessException: Incorrect result size: expected 1, actual 2
				
2026-08-04 17:28:53 [http-nio-8495-exec-5] ERROR com.vmfg.task.dao.impl.DesignTaskDAO -getNextSeqandStatusByDoc Errororg.springframework.dao.IncorrectResultSizeDataAccessException: Incorrect result size: expected 1, actual 2
				
2026-08-04 17:28:53 [http-nio-8495-exec-5] ERROR com.vmfg.task.dao.impl.DesignTaskDAO -getNextSeqandStatusByDoc Errororg.springframework.dao.IncorrectResultSizeDataAccessException: Incorrect result size: expected 1, actual 2
				
2026-08-04 17:28:53 [http-nio-8495-exec-5] ERROR com.vmfg.task.dao.impl.DesignTaskDAO -getNextSeqandStatusByDoc Errororg.springframework.dao.IncorrectResultSizeDataAccessException: Incorrect result size: expected 1, actual 2
				
2026-08-04 17:28:53 [http-nio-8495-exec-5] ERROR com.vmfg.task.dao.impl.DesignTaskDAO -getNextSeqandStatusByDoc Errororg.springframework.dao.IncorrectResultSizeDataAccessException: Incorrect result size: expected 1, actual 2
				
2026-08-04 17:28:53 [http-nio-8495-exec-5] ERROR com.vmfg.task.dao.impl.DesignTaskDAO -getNextSeqandStatusByDoc Errororg.springframework.dao.IncorrectResultSizeDataAccessException: Incorrect result size: expected 1, actual 2
				
2026-08-04 17:28:53 [http-nio-8495-exec-5] ERROR com.vmfg.task.dao.impl.DesignTaskDAO -getNextSeqandStatusByDoc Errororg.springframework.dao.IncorrectResultSizeDataAccessException: Incorrect result size: expected 1, actual 2
				
2026-08-04 17:28:54 [http-nio-8495-exec-5] ERROR com.vmfg.task.dao.impl.DesignTaskDAO -getNextSeqandStatusByDoc Errororg.springframework.dao.IncorrectResultSizeDataAccessException: Incorrect result size: expected 1, actual 2
				
2026-08-04 17:28:54 [http-nio-8495-exec-5] ERROR com.vmfg.task.dao.impl.DesignTaskDAO -getNextSeqandStatusByDoc Errororg.springframework.dao.IncorrectResultSizeDataAccessException: Incorrect result size: expected 1, actual 2
				
2026-08-04 17:28:54 [http-nio-8495-exec-3] INFO  c.v.p.controller.ProjectController -getProjectDtl   method Start
				
2026-08-04 17:28:54 [http-nio-8495-exec-9] INFO  c.v.g.c.NotificationGeneralController -getNotificationDetails   method Start
				
2026-08-04 17:28:54 [http-nio-8495-exec-8] INFO  c.v.g.c.NotificationGeneralController -getNotificationDetails   method Start
				
2026-08-04 17:28:54 [http-nio-8495-exec-10] INFO  c.v.g.c.NotificationGeneralController -getNotificationDetails   method Start
				
2026-08-04 17:28:55 [http-nio-8495-exec-2] INFO  c.v.g.c.NotificationGeneralController -getNotificationDetails   method Start
				
2026-08-04 17:28:55 [http-nio-8495-exec-6] INFO  c.v.g.c.NotificationGeneralController -getNotificationDetails   method Start
				
2026-08-04 17:28:59 [http-nio-8495-exec-4] INFO  c.v.g.c.NotificationGeneralController -updateNotificationDtls   method Start
				
2026-08-04 17:28:59 [http-nio-8495-exec-3] INFO  c.v.g.c.NotificationGeneralController -getNotificationDetails   method Start
				
2026-08-04 17:28:59 [http-nio-8495-exec-4] INFO  c.v.g.s.i.NotificationGeneralService -updateNotificationDtls  method start
				
2026-08-04 17:28:59 [http-nio-8495-exec-4] INFO  c.v.g.c.NotificationGeneralController -updateNotificationDtls method End
				
2026-08-04 17:29:10 [http-nio-8495-exec-9] INFO  c.v.g.c.NotificationGeneralController -getNotificationDetails   method Start
				
2026-08-04 17:29:11 [http-nio-8495-exec-1] INFO  c.v.g.c.NotificationGeneralController -getApprovalDesigDtls   method Start
				
2026-08-04 17:29:11 [http-nio-8495-exec-8] INFO  c.v.g.c.NotificationGeneralController -getNotificationDetails   method Start
				
2026-08-04 17:29:11 [http-nio-8495-exec-1] ERROR com.vmfg.task.dao.impl.DesignTaskDAO -getNextSeqandStatusByDoc Errororg.springframework.dao.IncorrectResultSizeDataAccessException: Incorrect result size: expected 1, actual 2
				
2026-08-04 17:29:11 [http-nio-8495-exec-1] ERROR com.vmfg.task.dao.impl.DesignTaskDAO -getNextSeqandStatusByDoc Errororg.springframework.dao.IncorrectResultSizeDataAccessException: Incorrect result size: expected 1, actual 2
				
2026-08-04 17:29:11 [http-nio-8495-exec-1] ERROR com.vmfg.task.dao.impl.DesignTaskDAO -getNextSeqandStatusByDoc Errororg.springframework.dao.IncorrectResultSizeDataAccessException: Incorrect result size: expected 1, actual 2
				
2026-08-04 17:29:11 [http-nio-8495-exec-1] ERROR com.vmfg.task.dao.impl.DesignTaskDAO -getNextSeqandStatusByDoc Errororg.springframework.dao.IncorrectResultSizeDataAccessException: Incorrect result size: expected 1, actual 2
				
2026-08-04 17:29:11 [http-nio-8495-exec-1] ERROR com.vmfg.task.dao.impl.DesignTaskDAO -getNextSeqandStatusByDoc Errororg.springframework.dao.IncorrectResultSizeDataAccessException: Incorrect result size: expected 1, actual 2
				
2026-08-04 17:29:11 [http-nio-8495-exec-1] ERROR com.vmfg.task.dao.impl.DesignTaskDAO -getNextSeqandStatusByDoc Errororg.springframework.dao.IncorrectResultSizeDataAccessException: Incorrect result size: expected 1, actual 2
				
2026-08-04 17:29:11 [http-nio-8495-exec-1] ERROR com.vmfg.task.dao.impl.DesignTaskDAO -getNextSeqandStatusByDoc Errororg.springframework.dao.IncorrectResultSizeDataAccessException: Incorrect result size: expected 1, actual 2
				
2026-08-04 17:29:11 [http-nio-8495-exec-1] ERROR com.vmfg.task.dao.impl.DesignTaskDAO -getNextSeqandStatusByDoc Errororg.springframework.dao.IncorrectResultSizeDataAccessException: Incorrect result size: expected 1, actual 2
				
2026-08-04 17:29:11 [http-nio-8495-exec-1] ERROR com.vmfg.task.dao.impl.DesignTaskDAO -getNextSeqandStatusByDoc Errororg.springframework.dao.IncorrectResultSizeDataAccessException: Incorrect result size: expected 1, actual 2
				
2026-08-04 17:29:11 [http-nio-8495-exec-1] ERROR com.vmfg.task.dao.impl.DesignTaskDAO -getNextSeqandStatusByDoc Errororg.springframework.dao.IncorrectResultSizeDataAccessException: Incorrect result size: expected 1, actual 2
				
2026-08-04 17:29:11 [http-nio-8495-exec-1] ERROR com.vmfg.task.dao.impl.DesignTaskDAO -getNextSeqandStatusByDoc Errororg.springframework.dao.IncorrectResultSizeDataAccessException: Incorrect result size: expected 1, actual 2
				
2026-08-04 17:29:11 [http-nio-8495-exec-1] ERROR com.vmfg.task.dao.impl.DesignTaskDAO -getNextSeqandStatusByDoc Errororg.springframework.dao.IncorrectResultSizeDataAccessException: Incorrect result size: expected 1, actual 2
				
2026-08-04 17:29:11 [http-nio-8495-exec-1] ERROR com.vmfg.task.dao.impl.DesignTaskDAO -getNextSeqandStatusByDoc Errororg.springframework.dao.IncorrectResultSizeDataAccessException: Incorrect result size: expected 1, actual 2
				
2026-08-04 17:29:12 [http-nio-8495-exec-7] INFO  c.v.g.c.NotificationGeneralController -getNotificationDetails   method Start
				
2026-08-04 18:05:43 [HikariPool-3 housekeeper] WARN  com.zaxxer.hikari.pool.HikariPool -HikariPool-3 - Thread starvation or clock leap detected (housekeeper delta=16m25s798ms).
				
2026-08-04 18:09:57 [HikariPool-3 housekeeper] WARN  com.zaxxer.hikari.pool.HikariPool -HikariPool-3 - Thread starvation or clock leap detected (housekeeper delta=3m43s932ms).
				
2026-08-04 18:28:39 [HikariPool-3 housekeeper] WARN  com.zaxxer.hikari.pool.HikariPool -HikariPool-3 - Thread starvation or clock leap detected (housekeeper delta=17m12s227ms).
				
2026-08-04 18:45:04 [HikariPool-3 housekeeper] WARN  com.zaxxer.hikari.pool.HikariPool -HikariPool-3 - Thread starvation or clock leap detected (housekeeper delta=16m24s442ms).
				
2026-08-04 19:01:49 [HikariPool-3 housekeeper] WARN  com.zaxxer.hikari.pool.HikariPool -HikariPool-3 - Thread starvation or clock leap detected (housekeeper delta=16m15s489ms).
				
2026-08-04 19:18:28 [HikariPool-3 housekeeper] WARN  com.zaxxer.hikari.pool.HikariPool -HikariPool-3 - Thread starvation or clock leap detected (housekeeper delta=16m38s470ms).
				
2026-08-04 19:36:02 [HikariPool-3 housekeeper] WARN  com.zaxxer.hikari.pool.HikariPool -HikariPool-3 - Thread starvation or clock leap detected (housekeeper delta=17m3s778ms).
				
2026-08-04 19:41:40 [HikariPool-3 housekeeper] WARN  com.zaxxer.hikari.pool.HikariPool -HikariPool-3 - Thread starvation or clock leap detected (housekeeper delta=5m8s273ms).
				
2026-08-04 19:55:36 [SpringApplicationShutdownHook] INFO  com.zaxxer.hikari.HikariDataSource -HikariPool-3 - Shutdown initiated...
				
2026-08-04 19:55:36 [SpringApplicationShutdownHook] INFO  com.zaxxer.hikari.HikariDataSource -HikariPool-3 - Shutdown completed.
				
