2026-07-04 09:48:14 [background-preinit] INFO  o.h.validator.internal.util.Version -HV000001: Hibernate Validator 6.2.3.Final
				
2026-07-04 09:48:16 [restartedMain] INFO  o.s.boot.SpringApplication -

                                ooooooo &&&&&&&&                              
                              oo     oo &.     &                              
                    ooooooo  oo      oo &:     &&                             
                 oo        oooo      oo &&       *&&&&  &&&&&&                
               oo            oo      oo &&                    &&&             
              oo                     oo &&&&&                  &o             
              oo                     oo &&     &&&&&           &              
              oo           ooo       oo &&           &&&       &&             
           ooooo           o:        oo &&              &        &&           
       ooo     *oo       oo          oo &&                        &&&&&&&     
     oo           ooooooo            oo &&                              &&    
    o&                                      &&&&*       &&               &&   
   oo                                            &&       &&              &&  
   o     ooooo                  @     @@    @@     &&:     &&           &&    
  oo ooo       ooo          @@@@@@@@@@@@@@@@@@@@@    &&     &&         &&     
  ooo            oo         @@ @@@ @@@@@@@@@@@  @     &&     &&         &     
  oo               o      @@@@ @@@ @@@@@@@@@@@  @@@    &&     &         &&    
  o&               oo       @@ @@@ @@@@@@@@@@@  @       &     &         &&    
  oo               oo       @@ @@ @ @@@@        @       &&                &&& 
  oo                      @@@@ @@@@@@@@@@@@@@@  @@@:    &&                  &&
  oo                        @@ @@@@@@@@@@@ @@@  @       &&        o&        &&
   o                        @@ @@@@@ @@@  @@@@  @       &         &&        &.
   oo                     @@@@ @@@ @@@@@@@@@@@  @@@@   &          &    .&&&&  
    o         oooo          @@                  @     &.         &&    &&     
    oo    ooo      &oo          @     @@    @@      &&          &&    &&      
     oo oo            oo        @     @     @@    &&           &&    &&       
      ooo              oo                      &&&           &&      &&       
         oooooooo       oo           oo &&&&&&              &&         &      
              oo        oo           oo &&         &      &&           &&     
              o        :o            oo &&  .&&&&&     &&.           &&       
              o       oo             oo &&                    &&&&&&&&        
              oo    ooo              oo &&                  &&                
                oo                   oo &&                &&                  
                  oo        oooo     oo &&                &                   
                     ooooooo  &o     oo &&      &&&       &                   
                                oo   oo && :&&&   .&& &&&*                    
                                   &ooo &&&                                   

==============================================
SmartRun Product by SmartRun Tech. All rights reserved.
==============================================
Application Version : 2.6.7
Application Title : SmartRun MES
Contact : support@smartruntech.com
==============================================

				
2026-07-04 09:48:16 [restartedMain] INFO  com.vmfg.VMFGApplication -Starting VMFGApplication using Java 1.8.0_482 on Peachs-Mac-mini.local with PID 1872 (/Users/peach/Spring_Boot_Projects/bgr/OneDrive_1_4-15-2026/BGR-SOURCE_CODE/SmartRun_ProjectManagement_Java/SR_Management/target/classes started by peach in /Users/peach/Spring_Boot_Projects/bgr/OneDrive_1_4-15-2026/BGR-SOURCE_CODE/SmartRun_ProjectManagement_Java/SR_Management)
				
2026-07-04 09:48:16 [restartedMain] INFO  com.vmfg.VMFGApplication -The following 1 profile is active: "dev"
				
2026-07-04 09:48:16 [restartedMain] INFO  o.s.b.d.e.DevToolsPropertyDefaultsPostProcessor -Devtools property defaults active! Set 'spring.devtools.add-properties' to 'false' to disable
				
2026-07-04 09:48:16 [restartedMain] INFO  o.s.b.d.e.DevToolsPropertyDefaultsPostProcessor -For additional web related logging consider setting the 'logging.level.web' property to 'DEBUG'
				
2026-07-04 09:48:19 [restartedMain] INFO  o.s.d.r.c.RepositoryConfigurationDelegate -Bootstrapping Spring Data JDBC repositories in DEFAULT mode.
				
2026-07-04 09:48:19 [restartedMain] INFO  o.s.d.r.c.RepositoryConfigurationDelegate -Finished Spring Data repository scanning in 83 ms. Found 0 JDBC repository interfaces.
				
2026-07-04 09:48:20 [restartedMain] INFO  o.s.b.w.e.tomcat.TomcatWebServer -Tomcat initialized with port(s): 8495 (http)
				
2026-07-04 09:48:20 [restartedMain] INFO  o.a.coyote.http11.Http11NioProtocol -Initializing ProtocolHandler ["http-nio-8495"]
				
2026-07-04 09:48:20 [restartedMain] INFO  o.a.catalina.core.StandardService -Starting service [Tomcat]
				
2026-07-04 09:48:20 [restartedMain] INFO  o.a.catalina.core.StandardEngine -Starting Servlet engine: [Apache Tomcat/9.0.63]
				
2026-07-04 09:48:20 [restartedMain] INFO  o.a.c.c.C.[.[localhost].[/smartrun] -Initializing Spring embedded WebApplicationContext
				
2026-07-04 09:48:20 [restartedMain] INFO  o.s.b.w.s.c.ServletWebServerApplicationContext -Root WebApplicationContext: initialization completed in 3983 ms
				
2026-07-04 09:48:24 [restartedMain] INFO  s.d.s.w.PropertySourcedRequestMappingHandlerMapping -Mapped URL path [/v2/api-docs] onto method [springfox.documentation.swagger2.web.Swagger2Controller#getDocumentation(String, HttpServletRequest)]
				
2026-07-04 09:48:24 [restartedMain] INFO  o.s.s.web.DefaultSecurityFilterChain -Will secure any request with [org.springframework.security.web.session.DisableEncodeUrlFilter@70d2ca62, org.springframework.security.web.context.request.async.WebAsyncManagerIntegrationFilter@594f9318, org.springframework.security.web.context.SecurityContextPersistenceFilter@88de392, org.springframework.security.web.header.HeaderWriterFilter@71f12ecb, org.springframework.web.filter.CorsFilter@27844f9c, org.springframework.security.web.authentication.logout.LogoutFilter@6260998, com.vmfg.security.config.JwtRequestFilter@7834544a, org.springframework.security.web.savedrequest.RequestCacheAwareFilter@7062551c, org.springframework.security.web.servletapi.SecurityContextHolderAwareRequestFilter@62ec4439, org.springframework.security.web.authentication.AnonymousAuthenticationFilter@1a33660, org.springframework.security.web.session.SessionManagementFilter@772e4c6d, org.springframework.security.web.access.ExceptionTranslationFilter@21b10916, org.springframework.security.web.access.intercept.FilterSecurityInterceptor@5570c45f]
				
2026-07-04 09:48:24 [restartedMain] INFO  o.s.b.d.a.OptionalLiveReloadServer -LiveReload server is running on port 35729
				
2026-07-04 09:48:24 [restartedMain] INFO  com.zaxxer.hikari.HikariDataSource -HikariPool-1 - Starting...
				
2026-07-04 09:48:25 [restartedMain] INFO  com.zaxxer.hikari.HikariDataSource -HikariPool-1 - Start completed.
				
2026-07-04 09:48:25 [restartedMain] INFO  o.a.coyote.http11.Http11NioProtocol -Starting ProtocolHandler ["http-nio-8495"]
				
2026-07-04 09:48:25 [restartedMain] INFO  o.s.b.w.e.tomcat.TomcatWebServer -Tomcat started on port(s): 8495 (http) with context path '/smartrun'
				
2026-07-04 09:48:25 [restartedMain] INFO  s.d.s.w.p.DocumentationPluginsBootstrapper -Context refreshed
				
2026-07-04 09:48:25 [restartedMain] INFO  s.d.s.w.p.DocumentationPluginsBootstrapper -Found 1 custom documentation plugin(s)
				
2026-07-04 09:48:25 [restartedMain] INFO  s.d.s.w.s.ApiListingReferenceScanner -Scanning for api listing references
				
2026-07-04 09:48:27 [restartedMain] INFO  s.d.s.w.r.o.CachingOperationNameGenerator -Generating unique operation named: insertOrUpdateSalesBudgetSheetHdrAndDtlUsingPOST_1
				
2026-07-04 09:48:27 [restartedMain] INFO  s.d.s.w.r.o.CachingOperationNameGenerator -Generating unique operation named: getVendorDetailHdrViewUsingPOST_1
				
2026-07-04 09:48:27 [restartedMain] INFO  s.d.s.w.r.o.CachingOperationNameGenerator -Generating unique operation named: updateUserRoleMappingUsingPOST_1
				
2026-07-04 09:48:27 [restartedMain] INFO  com.vmfg.VMFGApplication -Started VMFGApplication in 13.637 seconds (JVM running for 15.315)
				
2026-07-04 09:48:27 [main] ERROR com.vmfg.VMFGApplication -SmartRun Application Start Exception--->org.springframework.boot.devtools.restart.SilentExitExceptionHandler$SilentExitException
				
2026-07-04 09:48:41 [http-nio-8495-exec-1] INFO  o.a.c.c.C.[.[localhost].[/smartrun] -Initializing Spring DispatcherServlet 'dispatcherServlet'
				
2026-07-04 09:48:41 [http-nio-8495-exec-1] INFO  o.s.web.servlet.DispatcherServlet -Initializing Servlet 'dispatcherServlet'
				
2026-07-04 09:48:41 [http-nio-8495-exec-1] INFO  o.s.web.servlet.DispatcherServlet -Completed initialization in 6 ms
				
2026-07-04 09:48:42 [http-nio-8495-exec-5] ERROR com.vmfg.util.GetPropertyValue -getTenantPropertyVal Method Exception|||org.springframework.dao.EmptyResultDataAccessException: Incorrect result size: expected 1, actual 0
				
2026-07-04 09:48:42 [http-nio-8495-exec-5] ERROR com.vmfg.util.GetPropertyValue -getTenantPropertyValByTenantId Method Exception|||org.springframework.dao.EmptyResultDataAccessException: Incorrect result size: expected 1, actual 0
				
2026-07-04 09:48:42 [http-nio-8495-exec-5] INFO  com.vmfg.util.CommonBase64Class -CommonBase64Class getBasesBinary method Start
				
2026-07-04 09:48:42 [http-nio-8495-exec-5] ERROR com.vmfg.util.CommonBase64Class -CommonBase64Class getBasesBinary Method FileNotFoundException---->java.io.FileNotFoundException:  (No such file or directory)
				
2026-07-04 09:48:42 [http-nio-8495-exec-5] ERROR c.v.authentication.UserLoginService -getImageUrl DAO Method Exceptionjava.lang.NullPointerException
				
2026-07-04 11:00:37 [HikariPool-1 housekeeper] WARN  com.zaxxer.hikari.pool.HikariPool -HikariPool-1 - Thread starvation or clock leap detected (housekeeper delta=17m1s182ms).
				
2026-07-04 11:21:27 [HikariPool-1 housekeeper] WARN  com.zaxxer.hikari.pool.HikariPool -HikariPool-1 - Thread starvation or clock leap detected (housekeeper delta=16m49s459ms).
				
2026-07-04 11:36:41 [HikariPool-1 housekeeper] WARN  com.zaxxer.hikari.pool.HikariPool -HikariPool-1 - Thread starvation or clock leap detected (housekeeper delta=14m14s316ms).
				
2026-07-04 11:37:32 [http-nio-8495-exec-10] INFO  com.vmfg.authentication.UserLoginDAO - getUserDtlForAuth DAO method Start
				
2026-07-04 11:37:32 [http-nio-8495-exec-10] INFO  com.vmfg.authentication.UserLoginDAO -getUserLoginInfo DAO method end
				
2026-07-04 11:37:32 [http-nio-8495-exec-6] INFO  c.v.g.c.NotificationGeneralController -getNotificationDetails   method Start
				
2026-07-04 11:37:32 [http-nio-8495-exec-7] INFO  c.v.g.c.NotificationGeneralController -getNotificationDetails   method Start
				
2026-07-04 11:37:32 [http-nio-8495-exec-8] INFO  c.v.g.c.NotificationGeneralController -getNotificationDetails   method Start
				
2026-07-04 11:37:32 [http-nio-8495-exec-2] INFO  c.v.s.c.IndentManagementController -getIndentProjectDtlsByDate Controller  method Start
				
2026-07-04 11:37:32 [http-nio-8495-exec-10] INFO  c.v.s.c.IndentManagementController -getScmHdrBasedDtl   method Start
				
2026-07-04 11:37:32 [http-nio-8495-exec-1] INFO  c.v.g.services.impl.TileViewService -getSaleTileView  method start
				
2026-07-04 11:37:33 [http-nio-8495-exec-2] INFO  c.v.s.c.IndentManagementController -getIndentProjectDtlsByDate Controller  method end
				
2026-07-04 11:37:33 [http-nio-8495-exec-5] INFO  c.v.g.c.NotificationGeneralController -getNotificationDetails   method Start
				
2026-07-04 11:37:34 [http-nio-8495-exec-10] INFO  c.v.s.c.IndentManagementController -getScmHdrBasedDtl  method end
				
2026-07-04 11:37:34 [http-nio-8495-exec-1] INFO  c.v.g.c.StageManagementController -getSCMTitleView   method end
				
2026-07-04 11:37:34 [http-nio-8495-exec-9] INFO  c.v.g.c.NotificationGeneralController -getNotificationDetails   method Start
				
2026-07-04 11:37:34 [http-nio-8495-exec-4] INFO  c.v.g.c.NotificationGeneralController -getNotificationDetails   method Start
				
2026-07-04 11:37:36 [http-nio-8495-exec-3] INFO  c.v.s.c.IndentManagementController -getIndentProjectDtlsByDate Controller  method Start
				
2026-07-04 11:37:36 [http-nio-8495-exec-2] INFO  c.v.m.controller.VendorController -getApprVendorDtls method Start
				
2026-07-04 11:37:36 [http-nio-8495-exec-3] INFO  c.v.s.c.IndentManagementController -getIndentProjectDtlsByDate Controller  method end
				
2026-07-04 11:37:36 [http-nio-8495-exec-8] INFO  c.v.g.c.NotificationGeneralController -getNotificationDetails   method Start
				
2026-07-04 11:37:36 [http-nio-8495-exec-6] INFO  c.v.g.c.NotificationGeneralController -getNotificationDetails   method Start
				
2026-07-04 11:37:45 [http-nio-8495-exec-5] INFO  com.vmfg.scm.services.impl.PoService -getPoDtlsByDateAndPoId Service start 
				
2026-07-04 11:37:45 [http-nio-8495-exec-5] INFO  com.vmfg.scm.services.impl.PoService -getPoDtlsByDateAndPoId Service end 
				
2026-07-04 11:37:45 [http-nio-8495-exec-10] INFO  c.v.g.c.NotificationGeneralController -getNotificationDetails   method Start
				
2026-07-04 11:37:47 [http-nio-8495-exec-9] INFO  c.vmfg.scm.controller.GrnController -getGrnHdrDetails Controller  method Start
				
2026-07-04 11:37:47 [http-nio-8495-exec-9] ERROR c.vmfg.scm.services.impl.GrnService -getGrnHdrDetails service error java.lang.NullPointerException
				
2026-07-04 11:37:47 [http-nio-8495-exec-9] INFO  c.vmfg.scm.controller.GrnController -getGrnHdrDetails  method end
				
2026-07-04 11:37:47 [http-nio-8495-exec-4] INFO  c.v.g.c.NotificationGeneralController -getNotificationDetails   method Start
				
2026-07-04 11:37:48 [http-nio-8495-exec-3] INFO  c.v.m.controller.VendorController -getApprVendorDtls method Start
				
2026-07-04 11:37:48 [http-nio-8495-exec-2] INFO  c.v.s.s.impl.MaterialInwardService -getMaterialInwardHdrDtls Service start 
				
2026-07-04 11:37:48 [http-nio-8495-exec-6] INFO  c.v.g.c.NotificationGeneralController -getNotificationDetails   method Start
				
2026-07-04 11:37:54 [http-nio-8495-exec-2] INFO  c.v.s.s.impl.MaterialInwardService -getMaterialInwardHdrDtls Service end 
				
2026-07-04 11:37:54 [http-nio-8495-exec-7] INFO  c.v.g.c.NotificationGeneralController -getNotificationDetails   method Start
				
2026-07-04 11:43:12 [SpringApplicationShutdownHook] INFO  com.zaxxer.hikari.HikariDataSource -HikariPool-1 - Shutdown initiated...
				
2026-07-04 11:43:12 [SpringApplicationShutdownHook] INFO  com.zaxxer.hikari.HikariDataSource -HikariPool-1 - Shutdown completed.
				
2026-07-04 11:43:26 [background-preinit] INFO  o.h.validator.internal.util.Version -HV000001: Hibernate Validator 6.2.3.Final
				
2026-07-04 11:43:26 [restartedMain] INFO  o.s.boot.SpringApplication -

                                ooooooo &&&&&&&&                              
                              oo     oo &.     &                              
                    ooooooo  oo      oo &:     &&                             
                 oo        oooo      oo &&       *&&&&  &&&&&&                
               oo            oo      oo &&                    &&&             
              oo                     oo &&&&&                  &o             
              oo                     oo &&     &&&&&           &              
              oo           ooo       oo &&           &&&       &&             
           ooooo           o:        oo &&              &        &&           
       ooo     *oo       oo          oo &&                        &&&&&&&     
     oo           ooooooo            oo &&                              &&    
    o&                                      &&&&*       &&               &&   
   oo                                            &&       &&              &&  
   o     ooooo                  @     @@    @@     &&:     &&           &&    
  oo ooo       ooo          @@@@@@@@@@@@@@@@@@@@@    &&     &&         &&     
  ooo            oo         @@ @@@ @@@@@@@@@@@  @     &&     &&         &     
  oo               o      @@@@ @@@ @@@@@@@@@@@  @@@    &&     &         &&    
  o&               oo       @@ @@@ @@@@@@@@@@@  @       &     &         &&    
  oo               oo       @@ @@ @ @@@@        @       &&                &&& 
  oo                      @@@@ @@@@@@@@@@@@@@@  @@@:    &&                  &&
  oo                        @@ @@@@@@@@@@@ @@@  @       &&        o&        &&
   o                        @@ @@@@@ @@@  @@@@  @       &         &&        &.
   oo                     @@@@ @@@ @@@@@@@@@@@  @@@@   &          &    .&&&&  
    o         oooo          @@                  @     &.         &&    &&     
    oo    ooo      &oo          @     @@    @@      &&          &&    &&      
     oo oo            oo        @     @     @@    &&           &&    &&       
      ooo              oo                      &&&           &&      &&       
         oooooooo       oo           oo &&&&&&              &&         &      
              oo        oo           oo &&         &      &&           &&     
              o        :o            oo &&  .&&&&&     &&.           &&       
              o       oo             oo &&                    &&&&&&&&        
              oo    ooo              oo &&                  &&                
                oo                   oo &&                &&                  
                  oo        oooo     oo &&                &                   
                     ooooooo  &o     oo &&      &&&       &                   
                                oo   oo && :&&&   .&& &&&*                    
                                   &ooo &&&                                   

==============================================
SmartRun Product by SmartRun Tech. All rights reserved.
==============================================
Application Version : 2.6.7
Application Title : SmartRun MES
Contact : support@smartruntech.com
==============================================

				
2026-07-04 11:43:26 [restartedMain] INFO  com.vmfg.VMFGApplication -Starting VMFGApplication using Java 1.8.0_482 on Peachs-Mac-mini.local with PID 2862 (/Users/peach/Spring_Boot_Projects/bgr/OneDrive_1_4-15-2026/BGR-SOURCE_CODE/SmartRun_ProjectManagement_Java/SR_Management/target/classes started by peach in /Users/peach/Spring_Boot_Projects/bgr/OneDrive_1_4-15-2026/BGR-SOURCE_CODE/SmartRun_ProjectManagement_Java/SR_Management)
				
2026-07-04 11:43:26 [restartedMain] INFO  com.vmfg.VMFGApplication -The following 1 profile is active: "dev"
				
2026-07-04 11:43:27 [restartedMain] INFO  o.s.b.d.e.DevToolsPropertyDefaultsPostProcessor -Devtools property defaults active! Set 'spring.devtools.add-properties' to 'false' to disable
				
2026-07-04 11:43:27 [restartedMain] INFO  o.s.b.d.e.DevToolsPropertyDefaultsPostProcessor -For additional web related logging consider setting the 'logging.level.web' property to 'DEBUG'
				
2026-07-04 11:43:29 [restartedMain] INFO  o.s.d.r.c.RepositoryConfigurationDelegate -Bootstrapping Spring Data JDBC repositories in DEFAULT mode.
				
2026-07-04 11:43:29 [restartedMain] INFO  o.s.d.r.c.RepositoryConfigurationDelegate -Finished Spring Data repository scanning in 103 ms. Found 0 JDBC repository interfaces.
				
2026-07-04 11:43:30 [restartedMain] INFO  o.s.b.w.e.tomcat.TomcatWebServer -Tomcat initialized with port(s): 8495 (http)
				
2026-07-04 11:43:30 [restartedMain] INFO  o.a.coyote.http11.Http11NioProtocol -Initializing ProtocolHandler ["http-nio-8495"]
				
2026-07-04 11:43:30 [restartedMain] INFO  o.a.catalina.core.StandardService -Starting service [Tomcat]
				
2026-07-04 11:43:30 [restartedMain] INFO  o.a.catalina.core.StandardEngine -Starting Servlet engine: [Apache Tomcat/9.0.63]
				
2026-07-04 11:43:30 [restartedMain] INFO  o.a.c.c.C.[.[localhost].[/smartrun] -Initializing Spring embedded WebApplicationContext
				
2026-07-04 11:43:30 [restartedMain] INFO  o.s.b.w.s.c.ServletWebServerApplicationContext -Root WebApplicationContext: initialization completed in 3709 ms
				
2026-07-04 11:43:34 [restartedMain] INFO  s.d.s.w.PropertySourcedRequestMappingHandlerMapping -Mapped URL path [/v2/api-docs] onto method [springfox.documentation.swagger2.web.Swagger2Controller#getDocumentation(String, HttpServletRequest)]
				
2026-07-04 11:43:34 [restartedMain] INFO  o.s.s.web.DefaultSecurityFilterChain -Will secure any request with [org.springframework.security.web.session.DisableEncodeUrlFilter@5f439495, org.springframework.security.web.context.request.async.WebAsyncManagerIntegrationFilter@1b2c398c, org.springframework.security.web.context.SecurityContextPersistenceFilter@1f53f5c6, org.springframework.security.web.header.HeaderWriterFilter@22df8ae3, org.springframework.web.filter.CorsFilter@6ec5bb3b, org.springframework.security.web.authentication.logout.LogoutFilter@36a8ff23, com.vmfg.security.config.JwtRequestFilter@4eed87f2, org.springframework.security.web.savedrequest.RequestCacheAwareFilter@34dbea61, org.springframework.security.web.servletapi.SecurityContextHolderAwareRequestFilter@33c9c279, org.springframework.security.web.authentication.AnonymousAuthenticationFilter@74c5d6b3, org.springframework.security.web.session.SessionManagementFilter@5fccead2, org.springframework.security.web.access.ExceptionTranslationFilter@110449bb, org.springframework.security.web.access.intercept.FilterSecurityInterceptor@27844f9c]
				
2026-07-04 11:43:34 [restartedMain] INFO  o.s.b.d.a.OptionalLiveReloadServer -LiveReload server is running on port 35729
				
2026-07-04 11:43:34 [restartedMain] INFO  com.zaxxer.hikari.HikariDataSource -HikariPool-1 - Starting...
				
2026-07-04 11:43:34 [restartedMain] INFO  com.zaxxer.hikari.HikariDataSource -HikariPool-1 - Start completed.
				
2026-07-04 11:43:35 [restartedMain] INFO  o.a.coyote.http11.Http11NioProtocol -Starting ProtocolHandler ["http-nio-8495"]
				
2026-07-04 11:43:35 [restartedMain] INFO  o.s.b.w.e.tomcat.TomcatWebServer -Tomcat started on port(s): 8495 (http) with context path '/smartrun'
				
2026-07-04 11:43:35 [restartedMain] INFO  s.d.s.w.p.DocumentationPluginsBootstrapper -Context refreshed
				
2026-07-04 11:43:35 [restartedMain] INFO  s.d.s.w.p.DocumentationPluginsBootstrapper -Found 1 custom documentation plugin(s)
				
2026-07-04 11:43:35 [restartedMain] INFO  s.d.s.w.s.ApiListingReferenceScanner -Scanning for api listing references
				
2026-07-04 11:43:37 [restartedMain] INFO  s.d.s.w.r.o.CachingOperationNameGenerator -Generating unique operation named: insertOrUpdateSalesBudgetSheetHdrAndDtlUsingPOST_1
				
2026-07-04 11:43:37 [restartedMain] INFO  s.d.s.w.r.o.CachingOperationNameGenerator -Generating unique operation named: getVendorDetailHdrViewUsingPOST_1
				
2026-07-04 11:43:37 [restartedMain] INFO  s.d.s.w.r.o.CachingOperationNameGenerator -Generating unique operation named: updateUserRoleMappingUsingPOST_1
				
2026-07-04 11:43:37 [restartedMain] INFO  com.vmfg.VMFGApplication -Started VMFGApplication in 11.651 seconds (JVM running for 12.47)
				
2026-07-04 11:43:37 [main] ERROR com.vmfg.VMFGApplication -SmartRun Application Start Exception--->org.springframework.boot.devtools.restart.SilentExitExceptionHandler$SilentExitException
				
2026-07-04 11:43:54 [http-nio-8495-exec-4] INFO  o.a.c.c.C.[.[localhost].[/smartrun] -Initializing Spring DispatcherServlet 'dispatcherServlet'
				
2026-07-04 11:43:54 [http-nio-8495-exec-4] INFO  o.s.web.servlet.DispatcherServlet -Initializing Servlet 'dispatcherServlet'
				
2026-07-04 11:43:54 [http-nio-8495-exec-4] INFO  o.s.web.servlet.DispatcherServlet -Completed initialization in 5 ms
				
2026-07-04 11:43:55 [http-nio-8495-exec-5] INFO  c.v.m.controller.VendorController -getApprVendorDtls method Start
				
2026-07-04 11:43:55 [http-nio-8495-exec-4] INFO  c.v.s.c.IndentManagementController -getIndentProjectDtlsByDate Controller  method Start
				
2026-07-04 11:43:55 [http-nio-8495-exec-4] INFO  c.v.s.c.IndentManagementController -getIndentProjectDtlsByDate Controller  method end
				
2026-07-04 11:43:55 [http-nio-8495-exec-2] INFO  c.v.g.c.NotificationGeneralController -getNotificationDetails   method Start
				
2026-07-04 11:43:55 [http-nio-8495-exec-7] INFO  c.v.g.c.NotificationGeneralController -getNotificationDetails   method Start
				
2026-07-04 11:43:55 [http-nio-8495-exec-6] INFO  c.v.g.c.NotificationGeneralController -getNotificationDetails   method Start
				
2026-07-04 11:43:55 [http-nio-8495-exec-8] INFO  c.v.g.c.NotificationGeneralController -getNotificationDetails   method Start
				
2026-07-04 11:44:01 [http-nio-8495-exec-9] INFO  com.vmfg.scm.services.impl.PoService -getPoDtlsByDateAndPoId Service start 
				
2026-07-04 11:44:01 [http-nio-8495-exec-9] INFO  com.vmfg.scm.services.impl.PoService -getPoDtlsByDateAndPoId Service end 
				
2026-07-04 11:44:01 [http-nio-8495-exec-10] INFO  c.v.g.c.NotificationGeneralController -getNotificationDetails   method Start
				
2026-07-04 11:44:04 [http-nio-8495-exec-3] INFO  c.vmfg.scm.controller.GrnController -getGrnHdrDetails Controller  method Start
				
2026-07-04 11:44:04 [http-nio-8495-exec-3] ERROR c.vmfg.scm.services.impl.GrnService -getGrnHdrDetails service error java.lang.NullPointerException
				
2026-07-04 11:44:04 [http-nio-8495-exec-3] INFO  c.vmfg.scm.controller.GrnController -getGrnHdrDetails  method end
				
2026-07-04 11:44:04 [http-nio-8495-exec-4] INFO  c.v.g.c.NotificationGeneralController -getNotificationDetails   method Start
				
2026-07-04 11:44:05 [http-nio-8495-exec-1] INFO  c.v.m.controller.VendorController -getApprVendorDtls method Start
				
2026-07-04 11:44:05 [http-nio-8495-exec-5] INFO  c.v.s.s.impl.MaterialInwardService -getMaterialInwardHdrDtls Service start 
				
2026-07-04 11:44:05 [http-nio-8495-exec-6] INFO  c.v.g.c.NotificationGeneralController -getNotificationDetails   method Start
				
2026-07-04 11:44:07 [http-nio-8495-exec-5] INFO  c.v.s.s.impl.MaterialInwardService -getMaterialInwardHdrDtls Service end 
				
2026-07-04 11:44:07 [http-nio-8495-exec-7] INFO  c.v.g.c.NotificationGeneralController -getNotificationDetails   method Start
				
2026-07-04 12:01:20 [http-nio-8495-exec-6] INFO  c.v.m.controller.VendorController -getApprVendorDtls method Start
				
2026-07-04 12:01:20 [http-nio-8495-exec-1] INFO  c.v.s.c.IndentManagementController -getIndentProjectDtlsByDate Controller  method Start
				
2026-07-04 12:01:20 [http-nio-8495-exec-1] INFO  c.v.s.c.IndentManagementController -getIndentProjectDtlsByDate Controller  method end
				
2026-07-04 12:01:20 [http-nio-8495-exec-5] INFO  c.v.g.c.NotificationGeneralController -getNotificationDetails   method Start
				
2026-07-04 12:01:20 [http-nio-8495-exec-7] INFO  c.v.g.c.NotificationGeneralController -getNotificationDetails   method Start
				
2026-07-04 12:01:20 [http-nio-8495-exec-4] INFO  c.v.g.c.NotificationGeneralController -getNotificationDetails   method Start
				
2026-07-04 12:01:20 [http-nio-8495-exec-2] INFO  c.v.g.c.NotificationGeneralController -getNotificationDetails   method Start
				
2026-07-04 12:01:27 [http-nio-8495-exec-10] INFO  c.v.s.c.IndentManagementController -getIndentProjectDtlsByDate Controller  method Start
				
2026-07-04 12:01:27 [http-nio-8495-exec-1] INFO  c.v.m.controller.VendorController -getApprVendorDtls method Start
				
2026-07-04 12:01:27 [http-nio-8495-exec-10] INFO  c.v.s.c.IndentManagementController -getIndentProjectDtlsByDate Controller  method end
				
2026-07-04 12:01:27 [http-nio-8495-exec-3] INFO  c.v.g.c.NotificationGeneralController -getNotificationDetails   method Start
				
2026-07-04 12:01:27 [http-nio-8495-exec-5] INFO  c.v.g.c.NotificationGeneralController -getNotificationDetails   method Start
				
2026-07-04 12:01:27 [http-nio-8495-exec-6] INFO  c.v.g.c.NotificationGeneralController -getNotificationDetails   method Start
				
2026-07-04 12:01:27 [http-nio-8495-exec-7] INFO  c.v.g.c.NotificationGeneralController -getNotificationDetails   method Start
				
2026-07-04 12:01:44 [http-nio-8495-exec-8] INFO  c.v.m.controller.VendorController -getApprVendorDtls method Start
				
2026-07-04 12:01:44 [http-nio-8495-exec-10] INFO  c.v.s.c.IndentManagementController -getIndentProjectDtlsByDate Controller  method Start
				
2026-07-04 12:01:44 [http-nio-8495-exec-10] INFO  c.v.s.c.IndentManagementController -getIndentProjectDtlsByDate Controller  method end
				
2026-07-04 12:01:44 [http-nio-8495-exec-9] INFO  c.v.g.c.NotificationGeneralController -getNotificationDetails   method Start
				
2026-07-04 12:01:44 [http-nio-8495-exec-1] INFO  c.v.g.c.NotificationGeneralController -getNotificationDetails   method Start
				
2026-07-04 12:01:44 [http-nio-8495-exec-3] INFO  c.v.g.c.NotificationGeneralController -getNotificationDetails   method Start
				
2026-07-04 12:01:44 [http-nio-8495-exec-6] INFO  c.v.g.c.NotificationGeneralController -getNotificationDetails   method Start
				
2026-07-04 12:28:34 [HikariPool-1 housekeeper] WARN  com.zaxxer.hikari.pool.HikariPool -HikariPool-1 - Thread starvation or clock leap detected (housekeeper delta=16m59s369ms).
				
2026-07-04 12:42:14 [HikariPool-1 housekeeper] WARN  com.zaxxer.hikari.pool.HikariPool -HikariPool-1 - Thread starvation or clock leap detected (housekeeper delta=13m9s453ms).
				
2026-07-04 12:42:19 [SpringApplicationShutdownHook] INFO  com.zaxxer.hikari.HikariDataSource -HikariPool-1 - Shutdown initiated...
				
2026-07-04 12:42:19 [SpringApplicationShutdownHook] INFO  com.zaxxer.hikari.HikariDataSource -HikariPool-1 - Shutdown completed.
				
2026-07-04 12:42:22 [background-preinit] INFO  o.h.validator.internal.util.Version -HV000001: Hibernate Validator 6.2.3.Final
				
2026-07-04 12:42:23 [restartedMain] INFO  o.s.boot.SpringApplication -

                                ooooooo &&&&&&&&                              
                              oo     oo &.     &                              
                    ooooooo  oo      oo &:     &&                             
                 oo        oooo      oo &&       *&&&&  &&&&&&                
               oo            oo      oo &&                    &&&             
              oo                     oo &&&&&                  &o             
              oo                     oo &&     &&&&&           &              
              oo           ooo       oo &&           &&&       &&             
           ooooo           o:        oo &&              &        &&           
       ooo     *oo       oo          oo &&                        &&&&&&&     
     oo           ooooooo            oo &&                              &&    
    o&                                      &&&&*       &&               &&   
   oo                                            &&       &&              &&  
   o     ooooo                  @     @@    @@     &&:     &&           &&    
  oo ooo       ooo          @@@@@@@@@@@@@@@@@@@@@    &&     &&         &&     
  ooo            oo         @@ @@@ @@@@@@@@@@@  @     &&     &&         &     
  oo               o      @@@@ @@@ @@@@@@@@@@@  @@@    &&     &         &&    
  o&               oo       @@ @@@ @@@@@@@@@@@  @       &     &         &&    
  oo               oo       @@ @@ @ @@@@        @       &&                &&& 
  oo                      @@@@ @@@@@@@@@@@@@@@  @@@:    &&                  &&
  oo                        @@ @@@@@@@@@@@ @@@  @       &&        o&        &&
   o                        @@ @@@@@ @@@  @@@@  @       &         &&        &.
   oo                     @@@@ @@@ @@@@@@@@@@@  @@@@   &          &    .&&&&  
    o         oooo          @@                  @     &.         &&    &&     
    oo    ooo      &oo          @     @@    @@      &&          &&    &&      
     oo oo            oo        @     @     @@    &&           &&    &&       
      ooo              oo                      &&&           &&      &&       
         oooooooo       oo           oo &&&&&&              &&         &      
              oo        oo           oo &&         &      &&           &&     
              o        :o            oo &&  .&&&&&     &&.           &&       
              o       oo             oo &&                    &&&&&&&&        
              oo    ooo              oo &&                  &&                
                oo                   oo &&                &&                  
                  oo        oooo     oo &&                &                   
                     ooooooo  &o     oo &&      &&&       &                   
                                oo   oo && :&&&   .&& &&&*                    
                                   &ooo &&&                                   

==============================================
SmartRun Product by SmartRun Tech. All rights reserved.
==============================================
Application Version : 2.6.7
Application Title : SmartRun MES
Contact : support@smartruntech.com
==============================================

				
2026-07-04 12:42:23 [restartedMain] INFO  com.vmfg.VMFGApplication -Starting VMFGApplication using Java 1.8.0_482 on Peachs-Mac-mini.local with PID 3217 (/Users/peach/Spring_Boot_Projects/bgr/OneDrive_1_4-15-2026/BGR-SOURCE_CODE/SmartRun_ProjectManagement_Java/SR_Management/target/classes started by peach in /Users/peach/Spring_Boot_Projects/bgr/OneDrive_1_4-15-2026/BGR-SOURCE_CODE/SmartRun_ProjectManagement_Java/SR_Management)
				
2026-07-04 12:42:23 [restartedMain] INFO  com.vmfg.VMFGApplication -The following 1 profile is active: "dev"
				
2026-07-04 12:42:23 [restartedMain] INFO  o.s.b.d.e.DevToolsPropertyDefaultsPostProcessor -Devtools property defaults active! Set 'spring.devtools.add-properties' to 'false' to disable
				
2026-07-04 12:42:23 [restartedMain] INFO  o.s.b.d.e.DevToolsPropertyDefaultsPostProcessor -For additional web related logging consider setting the 'logging.level.web' property to 'DEBUG'
				
2026-07-04 12:42:25 [restartedMain] INFO  o.s.d.r.c.RepositoryConfigurationDelegate -Bootstrapping Spring Data JDBC repositories in DEFAULT mode.
				
2026-07-04 12:42:25 [restartedMain] INFO  o.s.d.r.c.RepositoryConfigurationDelegate -Finished Spring Data repository scanning in 105 ms. Found 0 JDBC repository interfaces.
				
2026-07-04 12:42:27 [restartedMain] INFO  o.s.b.w.e.tomcat.TomcatWebServer -Tomcat initialized with port(s): 8495 (http)
				
2026-07-04 12:42:27 [restartedMain] INFO  o.a.coyote.http11.Http11NioProtocol -Initializing ProtocolHandler ["http-nio-8495"]
				
2026-07-04 12:42:27 [restartedMain] INFO  o.a.catalina.core.StandardService -Starting service [Tomcat]
				
2026-07-04 12:42:27 [restartedMain] INFO  o.a.catalina.core.StandardEngine -Starting Servlet engine: [Apache Tomcat/9.0.63]
				
2026-07-04 12:42:27 [restartedMain] INFO  o.a.c.c.C.[.[localhost].[/smartrun] -Initializing Spring embedded WebApplicationContext
				
2026-07-04 12:42:27 [restartedMain] INFO  o.s.b.w.s.c.ServletWebServerApplicationContext -Root WebApplicationContext: initialization completed in 3722 ms
				
2026-07-04 12:42:30 [restartedMain] INFO  s.d.s.w.PropertySourcedRequestMappingHandlerMapping -Mapped URL path [/v2/api-docs] onto method [springfox.documentation.swagger2.web.Swagger2Controller#getDocumentation(String, HttpServletRequest)]
				
2026-07-04 12:42:30 [restartedMain] INFO  o.s.s.web.DefaultSecurityFilterChain -Will secure any request with [org.springframework.security.web.session.DisableEncodeUrlFilter@15667cf0, org.springframework.security.web.context.request.async.WebAsyncManagerIntegrationFilter@70d2ca62, org.springframework.security.web.context.SecurityContextPersistenceFilter@5fccead2, org.springframework.security.web.header.HeaderWriterFilter@110449bb, org.springframework.web.filter.CorsFilter@594f9318, org.springframework.security.web.authentication.logout.LogoutFilter@46c9afd7, com.vmfg.security.config.JwtRequestFilter@4eed87f2, org.springframework.security.web.savedrequest.RequestCacheAwareFilter@1f53f5c6, org.springframework.security.web.servletapi.SecurityContextHolderAwareRequestFilter@34dbea61, org.springframework.security.web.authentication.AnonymousAuthenticationFilter@27844f9c, org.springframework.security.web.session.SessionManagementFilter@71f12ecb, org.springframework.security.web.access.ExceptionTranslationFilter@672de65, org.springframework.security.web.access.intercept.FilterSecurityInterceptor@41ddbfde]
				
2026-07-04 12:42:30 [restartedMain] INFO  o.s.b.d.a.OptionalLiveReloadServer -LiveReload server is running on port 35729
				
2026-07-04 12:42:31 [restartedMain] INFO  com.zaxxer.hikari.HikariDataSource -HikariPool-1 - Starting...
				
2026-07-04 12:42:31 [restartedMain] INFO  com.zaxxer.hikari.HikariDataSource -HikariPool-1 - Start completed.
				
2026-07-04 12:42:32 [restartedMain] INFO  o.a.coyote.http11.Http11NioProtocol -Starting ProtocolHandler ["http-nio-8495"]
				
2026-07-04 12:42:32 [restartedMain] INFO  o.s.b.w.e.tomcat.TomcatWebServer -Tomcat started on port(s): 8495 (http) with context path '/smartrun'
				
2026-07-04 12:42:32 [restartedMain] INFO  s.d.s.w.p.DocumentationPluginsBootstrapper -Context refreshed
				
2026-07-04 12:42:32 [restartedMain] INFO  s.d.s.w.p.DocumentationPluginsBootstrapper -Found 1 custom documentation plugin(s)
				
2026-07-04 12:42:32 [restartedMain] INFO  s.d.s.w.s.ApiListingReferenceScanner -Scanning for api listing references
				
2026-07-04 12:42:33 [restartedMain] INFO  s.d.s.w.r.o.CachingOperationNameGenerator -Generating unique operation named: insertOrUpdateSalesBudgetSheetHdrAndDtlUsingPOST_1
				
2026-07-04 12:42:33 [restartedMain] INFO  s.d.s.w.r.o.CachingOperationNameGenerator -Generating unique operation named: getVendorDetailHdrViewUsingPOST_1
				
2026-07-04 12:42:33 [restartedMain] INFO  s.d.s.w.r.o.CachingOperationNameGenerator -Generating unique operation named: updateUserRoleMappingUsingPOST_1
				
2026-07-04 12:42:33 [restartedMain] INFO  com.vmfg.VMFGApplication -Started VMFGApplication in 11.832 seconds (JVM running for 12.62)
				
2026-07-04 12:42:33 [main] ERROR com.vmfg.VMFGApplication -SmartRun Application Start Exception--->org.springframework.boot.devtools.restart.SilentExitExceptionHandler$SilentExitException
				
2026-07-04 12:42:53 [http-nio-8495-exec-3] INFO  o.a.c.c.C.[.[localhost].[/smartrun] -Initializing Spring DispatcherServlet 'dispatcherServlet'
				
2026-07-04 12:42:53 [http-nio-8495-exec-3] INFO  o.s.web.servlet.DispatcherServlet -Initializing Servlet 'dispatcherServlet'
				
2026-07-04 12:42:53 [http-nio-8495-exec-3] INFO  o.s.web.servlet.DispatcherServlet -Completed initialization in 8 ms
				
2026-07-04 12:42:54 [http-nio-8495-exec-6] INFO  c.v.g.c.NotificationGeneralController -getNotificationDetails   method Start
				
2026-07-04 12:42:54 [http-nio-8495-exec-4] INFO  c.v.g.c.NotificationGeneralController -getNotificationDetails   method Start
				
2026-07-04 12:42:54 [http-nio-8495-exec-5] INFO  c.v.g.c.NotificationGeneralController -getNotificationDetails   method Start
				
2026-07-04 12:42:54 [http-nio-8495-exec-7] INFO  c.v.s.c.IndentManagementController -getScmHdrBasedDtl   method Start
				
2026-07-04 12:42:54 [http-nio-8495-exec-8] INFO  c.v.g.services.impl.TileViewService -getSaleTileView  method start
				
2026-07-04 12:42:54 [http-nio-8495-exec-9] INFO  c.v.s.c.IndentManagementController -getIndentProjectDtlsByDate Controller  method Start
				
2026-07-04 12:42:54 [http-nio-8495-exec-9] INFO  c.v.s.c.IndentManagementController -getIndentProjectDtlsByDate Controller  method end
				
2026-07-04 12:42:54 [http-nio-8495-exec-10] INFO  c.v.g.c.NotificationGeneralController -getNotificationDetails   method Start
				
2026-07-04 12:42:55 [http-nio-8495-exec-7] INFO  c.v.s.c.IndentManagementController -getScmHdrBasedDtl  method end
				
2026-07-04 12:42:55 [http-nio-8495-exec-8] INFO  c.v.g.c.StageManagementController -getSCMTitleView   method end
				
2026-07-04 12:42:55 [http-nio-8495-exec-1] INFO  c.v.g.c.NotificationGeneralController -getNotificationDetails   method Start
				
2026-07-04 12:42:55 [http-nio-8495-exec-2] INFO  c.v.g.c.NotificationGeneralController -getNotificationDetails   method Start
				
2026-07-04 12:43:08 [http-nio-8495-exec-3] INFO  c.v.s.c.IndentManagementController -getIndentProjectDtlsByDate Controller  method Start
				
2026-07-04 12:43:08 [http-nio-8495-exec-9] INFO  c.v.m.controller.VendorController -getApprVendorDtls method Start
				
2026-07-04 12:43:08 [http-nio-8495-exec-3] INFO  c.v.s.c.IndentManagementController -getIndentProjectDtlsByDate Controller  method end
				
2026-07-04 12:43:08 [http-nio-8495-exec-5] INFO  c.v.g.c.NotificationGeneralController -getNotificationDetails   method Start
				
2026-07-04 12:43:08 [http-nio-8495-exec-4] INFO  c.v.g.c.NotificationGeneralController -getNotificationDetails   method Start
				
2026-07-04 12:43:10 [http-nio-8495-exec-6] INFO  c.v.s.c.IndentManagementController -getIndentProjectDtlsByDate Controller  method Start
				
2026-07-04 12:43:10 [http-nio-8495-exec-6] INFO  c.v.s.c.IndentManagementController -getIndentProjectDtlsByDate Controller  method end
				
2026-07-04 12:43:10 [http-nio-8495-exec-10] INFO  c.v.g.c.NotificationGeneralController -getNotificationDetails   method Start
				
2026-07-04 12:43:24 [http-nio-8495-exec-7] INFO  com.vmfg.scm.services.impl.PoService -getPoDtlsByDateAndPoId Service start 
				
2026-07-04 12:43:24 [http-nio-8495-exec-7] INFO  com.vmfg.scm.services.impl.PoService -getPoDtlsByDateAndPoId Service end 
				
2026-07-04 12:43:24 [http-nio-8495-exec-8] INFO  c.v.g.c.NotificationGeneralController -getNotificationDetails   method Start
				
2026-07-04 12:43:30 [http-nio-8495-exec-1] INFO  c.vmfg.scm.controller.GrnController -getGrnHdrDetails Controller  method Start
				
2026-07-04 12:43:30 [http-nio-8495-exec-1] ERROR c.vmfg.scm.services.impl.GrnService -getGrnHdrDetails service error java.lang.NullPointerException
				
2026-07-04 12:43:30 [http-nio-8495-exec-1] INFO  c.vmfg.scm.controller.GrnController -getGrnHdrDetails  method end
				
2026-07-04 12:43:30 [http-nio-8495-exec-2] INFO  c.v.g.c.NotificationGeneralController -getNotificationDetails   method Start
				
2026-07-04 12:43:31 [http-nio-8495-exec-4] INFO  c.v.s.s.impl.MaterialInwardService -getPoDtlsForMaterialInward Service start 
				
2026-07-04 12:43:31 [http-nio-8495-exec-5] INFO  c.v.i.c.InventoryJournalController -getInvLocationForInward Controller  method Start
				
2026-07-04 12:43:31 [http-nio-8495-exec-6] INFO  c.v.g.c.NotificationGeneralController -getNotificationDetails   method Start
				
2026-07-04 12:43:31 [http-nio-8495-exec-4] INFO  c.v.s.s.impl.MaterialInwardService -getPoDtlsForMaterialInward Service end 
				
2026-07-04 12:43:31 [http-nio-8495-exec-10] INFO  c.v.g.c.NotificationGeneralController -getNotificationDetails   method Start
				
2026-07-04 12:44:04 [http-nio-8495-exec-3] INFO  c.vmfg.scm.controller.GrnController -getGrnHdrDetails Controller  method Start
				
2026-07-04 12:44:04 [http-nio-8495-exec-3] ERROR c.vmfg.scm.services.impl.GrnService -getGrnHdrDetails service error java.lang.NullPointerException
				
2026-07-04 12:44:04 [http-nio-8495-exec-3] INFO  c.vmfg.scm.controller.GrnController -getGrnHdrDetails  method end
				
2026-07-04 12:44:04 [http-nio-8495-exec-9] INFO  c.v.g.c.NotificationGeneralController -getNotificationDetails   method Start
				
2026-07-04 12:44:05 [http-nio-8495-exec-5] INFO  c.v.i.c.InventoryJournalController -getInvLocationForInward Controller  method Start
				
2026-07-04 12:44:05 [http-nio-8495-exec-4] INFO  c.v.s.s.impl.MaterialInwardService -getPoDtlsForMaterialInward Service start 
				
2026-07-04 12:44:05 [http-nio-8495-exec-6] INFO  c.v.g.c.NotificationGeneralController -getNotificationDetails   method Start
				
2026-07-04 12:44:05 [http-nio-8495-exec-4] INFO  c.v.s.s.impl.MaterialInwardService -getPoDtlsForMaterialInward Service end 
				
2026-07-04 12:44:05 [http-nio-8495-exec-10] INFO  c.v.g.c.NotificationGeneralController -getNotificationDetails   method Start
				
2026-07-04 12:44:09 [http-nio-8495-exec-8] INFO  c.vmfg.scm.controller.GrnController -getGrnHdrDetails Controller  method Start
				
2026-07-04 12:44:09 [http-nio-8495-exec-8] ERROR c.vmfg.scm.services.impl.GrnService -getGrnHdrDetails service error java.lang.NullPointerException
				
2026-07-04 12:44:09 [http-nio-8495-exec-8] INFO  c.vmfg.scm.controller.GrnController -getGrnHdrDetails  method end
				
2026-07-04 12:44:09 [http-nio-8495-exec-1] INFO  c.v.g.c.NotificationGeneralController -getNotificationDetails   method Start
				
2026-07-04 12:44:10 [http-nio-8495-exec-7] INFO  c.v.i.c.InventoryJournalController -getInvLocationForInward Controller  method Start
				
2026-07-04 12:44:10 [http-nio-8495-exec-2] INFO  c.v.s.s.impl.MaterialInwardService -getPoDtlsForMaterialInward Service start 
				
2026-07-04 12:44:10 [http-nio-8495-exec-3] INFO  c.v.g.c.NotificationGeneralController -getNotificationDetails   method Start
				
2026-07-04 12:44:10 [http-nio-8495-exec-2] INFO  c.v.s.s.impl.MaterialInwardService -getPoDtlsForMaterialInward Service end 
				
2026-07-04 12:44:10 [http-nio-8495-exec-9] INFO  c.v.g.c.NotificationGeneralController -getNotificationDetails   method Start
				
2026-07-04 12:44:12 [http-nio-8495-exec-5] INFO  c.vmfg.scm.controller.GrnController -getGrnHdrDetails Controller  method Start
				
2026-07-04 12:44:12 [http-nio-8495-exec-5] ERROR c.vmfg.scm.services.impl.GrnService -getGrnHdrDetails service error java.lang.NullPointerException
				
2026-07-04 12:44:12 [http-nio-8495-exec-5] INFO  c.vmfg.scm.controller.GrnController -getGrnHdrDetails  method end
				
2026-07-04 12:44:12 [http-nio-8495-exec-4] INFO  c.v.g.c.NotificationGeneralController -getNotificationDetails   method Start
				
2026-07-04 12:44:13 [http-nio-8495-exec-6] INFO  c.v.i.c.InventoryJournalController -getInvLocationForInward Controller  method Start
				
2026-07-04 12:44:13 [http-nio-8495-exec-10] INFO  c.v.s.s.impl.MaterialInwardService -getPoDtlsForMaterialInward Service start 
				
2026-07-04 12:44:13 [http-nio-8495-exec-8] INFO  c.v.g.c.NotificationGeneralController -getNotificationDetails   method Start
				
2026-07-04 12:44:13 [http-nio-8495-exec-10] INFO  c.v.s.s.impl.MaterialInwardService -getPoDtlsForMaterialInward Service end 
				
2026-07-04 12:44:13 [http-nio-8495-exec-1] INFO  c.v.g.c.NotificationGeneralController -getNotificationDetails   method Start
				
2026-07-04 12:44:15 [http-nio-8495-exec-7] INFO  c.vmfg.scm.controller.GrnController -getGrnHdrDetails Controller  method Start
				
2026-07-04 12:44:15 [http-nio-8495-exec-7] ERROR c.vmfg.scm.services.impl.GrnService -getGrnHdrDetails service error java.lang.NullPointerException
				
2026-07-04 12:44:15 [http-nio-8495-exec-7] INFO  c.vmfg.scm.controller.GrnController -getGrnHdrDetails  method end
				
2026-07-04 12:44:15 [http-nio-8495-exec-2] INFO  c.v.g.c.NotificationGeneralController -getNotificationDetails   method Start
				
2026-07-04 12:44:16 [http-nio-8495-exec-3] INFO  c.v.i.c.InventoryJournalController -getInvLocationForInward Controller  method Start
				
2026-07-04 12:44:16 [http-nio-8495-exec-9] INFO  c.v.s.s.impl.MaterialInwardService -getPoDtlsForMaterialInward Service start 
				
2026-07-04 12:44:16 [http-nio-8495-exec-5] INFO  c.v.g.c.NotificationGeneralController -getNotificationDetails   method Start
				
2026-07-04 12:44:16 [http-nio-8495-exec-9] INFO  c.v.s.s.impl.MaterialInwardService -getPoDtlsForMaterialInward Service end 
				
2026-07-04 12:44:16 [http-nio-8495-exec-4] INFO  c.v.g.c.NotificationGeneralController -getNotificationDetails   method Start
				
2026-07-04 12:44:19 [http-nio-8495-exec-6] INFO  c.vmfg.scm.controller.GrnController -getGrnHdrDetails Controller  method Start
				
2026-07-04 12:44:19 [http-nio-8495-exec-6] ERROR c.vmfg.scm.services.impl.GrnService -getGrnHdrDetails service error java.lang.NullPointerException
				
2026-07-04 12:44:19 [http-nio-8495-exec-6] INFO  c.vmfg.scm.controller.GrnController -getGrnHdrDetails  method end
				
2026-07-04 12:44:19 [http-nio-8495-exec-10] INFO  c.v.g.c.NotificationGeneralController -getNotificationDetails   method Start
				
2026-07-04 12:44:19 [http-nio-8495-exec-1] INFO  c.v.s.s.impl.MaterialInwardService -getPoDtlsForMaterialInward Service start 
				
2026-07-04 12:44:19 [http-nio-8495-exec-8] INFO  c.v.i.c.InventoryJournalController -getInvLocationForInward Controller  method Start
				
2026-07-04 12:44:20 [http-nio-8495-exec-7] INFO  c.v.g.c.NotificationGeneralController -getNotificationDetails   method Start
				
2026-07-04 12:44:20 [http-nio-8495-exec-1] INFO  c.v.s.s.impl.MaterialInwardService -getPoDtlsForMaterialInward Service end 
				
2026-07-04 12:44:20 [http-nio-8495-exec-2] INFO  c.v.g.c.NotificationGeneralController -getNotificationDetails   method Start
				
2026-07-04 12:44:22 [http-nio-8495-exec-3] INFO  c.vmfg.scm.controller.GrnController -getGrnHdrDetails Controller  method Start
				
2026-07-04 12:44:22 [http-nio-8495-exec-3] ERROR c.vmfg.scm.services.impl.GrnService -getGrnHdrDetails service error java.lang.NullPointerException
				
2026-07-04 12:44:22 [http-nio-8495-exec-3] INFO  c.vmfg.scm.controller.GrnController -getGrnHdrDetails  method end
				
2026-07-04 12:44:22 [http-nio-8495-exec-9] INFO  c.v.g.c.NotificationGeneralController -getNotificationDetails   method Start
				
2026-07-04 12:44:23 [http-nio-8495-exec-4] INFO  c.v.i.c.InventoryJournalController -getInvLocationForInward Controller  method Start
				
2026-07-04 12:44:23 [http-nio-8495-exec-5] INFO  c.v.s.s.impl.MaterialInwardService -getPoDtlsForMaterialInward Service start 
				
2026-07-04 12:44:23 [http-nio-8495-exec-6] INFO  c.v.g.c.NotificationGeneralController -getNotificationDetails   method Start
				
2026-07-04 12:44:23 [http-nio-8495-exec-5] INFO  c.v.s.s.impl.MaterialInwardService -getPoDtlsForMaterialInward Service end 
				
2026-07-04 12:44:23 [http-nio-8495-exec-10] INFO  c.v.g.c.NotificationGeneralController -getNotificationDetails   method Start
				
2026-07-04 12:44:27 [http-nio-8495-exec-8] INFO  c.vmfg.scm.controller.GrnController -getGrnHdrDetails Controller  method Start
				
2026-07-04 12:44:27 [http-nio-8495-exec-8] ERROR c.vmfg.scm.services.impl.GrnService -getGrnHdrDetails service error java.lang.NullPointerException
				
2026-07-04 12:44:27 [http-nio-8495-exec-8] INFO  c.vmfg.scm.controller.GrnController -getGrnHdrDetails  method end
				
2026-07-04 12:44:27 [http-nio-8495-exec-1] INFO  c.v.g.c.NotificationGeneralController -getNotificationDetails   method Start
				
2026-07-04 12:44:28 [http-nio-8495-exec-2] INFO  c.v.s.s.impl.MaterialInwardService -getPoDtlsForMaterialInward Service start 
				
2026-07-04 12:44:28 [http-nio-8495-exec-7] INFO  c.v.i.c.InventoryJournalController -getInvLocationForInward Controller  method Start
				
2026-07-04 12:44:28 [http-nio-8495-exec-3] INFO  c.v.g.c.NotificationGeneralController -getNotificationDetails   method Start
				
2026-07-04 12:44:28 [http-nio-8495-exec-2] INFO  c.v.s.s.impl.MaterialInwardService -getPoDtlsForMaterialInward Service end 
				
2026-07-04 12:44:28 [http-nio-8495-exec-9] INFO  c.v.g.c.NotificationGeneralController -getNotificationDetails   method Start
				
2026-07-04 12:44:31 [http-nio-8495-exec-4] INFO  c.vmfg.scm.controller.GrnController -getGrnHdrDetails Controller  method Start
				
2026-07-04 12:44:31 [http-nio-8495-exec-4] ERROR c.vmfg.scm.services.impl.GrnService -getGrnHdrDetails service error java.lang.NullPointerException
				
2026-07-04 12:44:31 [http-nio-8495-exec-4] INFO  c.vmfg.scm.controller.GrnController -getGrnHdrDetails  method end
				
2026-07-04 12:44:31 [http-nio-8495-exec-5] INFO  c.v.g.c.NotificationGeneralController -getNotificationDetails   method Start
				
2026-07-04 12:44:32 [http-nio-8495-exec-6] INFO  c.v.i.c.InventoryJournalController -getInvLocationForInward Controller  method Start
				
2026-07-04 12:44:32 [http-nio-8495-exec-10] INFO  c.v.s.s.impl.MaterialInwardService -getPoDtlsForMaterialInward Service start 
				
2026-07-04 12:44:32 [http-nio-8495-exec-8] INFO  c.v.g.c.NotificationGeneralController -getNotificationDetails   method Start
				
2026-07-04 12:44:32 [http-nio-8495-exec-10] INFO  c.v.s.s.impl.MaterialInwardService -getPoDtlsForMaterialInward Service end 
				
2026-07-04 12:44:32 [http-nio-8495-exec-1] INFO  c.v.g.c.NotificationGeneralController -getNotificationDetails   method Start
				
2026-07-04 12:50:44 [http-nio-8495-exec-3] INFO  com.vmfg.scm.services.impl.PoService -getPoDtlsByDateAndPoId Service start 
				
2026-07-04 12:50:44 [http-nio-8495-exec-3] INFO  com.vmfg.scm.services.impl.PoService -getPoDtlsByDateAndPoId Service end 
				
2026-07-04 12:50:44 [http-nio-8495-exec-9] INFO  c.v.g.c.NotificationGeneralController -getNotificationDetails   method Start
				
2026-07-04 12:51:10 [http-nio-8495-exec-4] INFO  c.vmfg.scm.controller.GrnController -getGrnHdrDetails Controller  method Start
				
2026-07-04 12:51:10 [http-nio-8495-exec-4] ERROR c.vmfg.scm.services.impl.GrnService -getGrnHdrDetails service error java.lang.NullPointerException
				
2026-07-04 12:51:10 [http-nio-8495-exec-4] INFO  c.vmfg.scm.controller.GrnController -getGrnHdrDetails  method end
				
2026-07-04 12:51:10 [http-nio-8495-exec-5] INFO  c.v.g.c.NotificationGeneralController -getNotificationDetails   method Start
				
2026-07-04 12:51:11 [http-nio-8495-exec-6] INFO  c.v.m.controller.VendorController -getApprVendorDtls method Start
				
2026-07-04 12:51:11 [http-nio-8495-exec-10] INFO  c.v.s.s.impl.MaterialInwardService -getMaterialInwardHdrDtls Service start 
				
2026-07-04 12:51:11 [http-nio-8495-exec-10] INFO  c.v.s.s.impl.MaterialInwardService -getMaterialInwardHdrDtls Service end 
				
2026-07-04 12:51:11 [http-nio-8495-exec-8] INFO  c.v.g.c.NotificationGeneralController -getNotificationDetails   method Start
				
2026-07-04 12:51:11 [http-nio-8495-exec-1] INFO  c.v.g.c.NotificationGeneralController -getNotificationDetails   method Start
				
2026-07-04 12:51:21 [http-nio-8495-exec-2] INFO  com.vmfg.scm.services.impl.PoService -getPoDtlsByDateAndPoId Service start 
				
2026-07-04 12:51:21 [http-nio-8495-exec-2] INFO  com.vmfg.scm.services.impl.PoService -getPoDtlsByDateAndPoId Service end 
				
2026-07-04 12:51:21 [http-nio-8495-exec-7] INFO  c.v.g.c.NotificationGeneralController -getNotificationDetails   method Start
				
2026-07-04 12:51:26 [http-nio-8495-exec-3] INFO  c.vmfg.scm.controller.GrnController -getGrnHdrDetails Controller  method Start
				
2026-07-04 12:51:26 [http-nio-8495-exec-3] ERROR c.vmfg.scm.services.impl.GrnService -getGrnHdrDetails service error java.lang.NullPointerException
				
2026-07-04 12:51:26 [http-nio-8495-exec-3] INFO  c.vmfg.scm.controller.GrnController -getGrnHdrDetails  method end
				
2026-07-04 12:51:26 [http-nio-8495-exec-9] INFO  c.v.g.c.NotificationGeneralController -getNotificationDetails   method Start
				
2026-07-04 12:51:27 [http-nio-8495-exec-4] INFO  c.v.s.s.impl.MaterialInwardService -getPoDtlsForMaterialInward Service start 
				
2026-07-04 12:51:27 [http-nio-8495-exec-5] INFO  c.v.i.c.InventoryJournalController -getInvLocationForInward Controller  method Start
				
2026-07-04 12:51:27 [http-nio-8495-exec-10] INFO  c.v.g.c.NotificationGeneralController -getNotificationDetails   method Start
				
2026-07-04 12:51:28 [http-nio-8495-exec-4] INFO  c.v.s.s.impl.MaterialInwardService -getPoDtlsForMaterialInward Service end 
				
2026-07-04 12:51:28 [http-nio-8495-exec-6] INFO  c.v.g.c.NotificationGeneralController -getNotificationDetails   method Start
				
2026-07-04 12:52:15 [http-nio-8495-exec-1] INFO  c.v.s.s.impl.MaterialInwardService -insertMaterialInwardDtls service start
				
2026-07-04 12:52:15 [http-nio-8495-exec-1] INFO  com.vmfg.util.CommonMethod -updateProductInvDtl in Store Inventory Balance for Transaction Type - ITTC0015 - Transaction Ref Id - MI/2026/699 - Transaction DateTime - 2026-07-04 12:52:15
				
2026-07-04 12:52:15 [http-nio-8495-exec-1] INFO  com.vmfg.util.CommonMethod -updateInvjournal for Transaction Type - ITTC0015 - Transaction Ref Id - MI/2026/699 - Transaction DateTime - 2026-07-04 12:52:15
				
2026-07-04 12:52:15 [http-nio-8495-exec-1] INFO  com.vmfg.util.CommonMethod -updateProductInvDtl in Store Inventory Balance for Transaction Type - ITTC0015 - Transaction Ref Id - MI/2026/699 - Transaction DateTime - 2026-07-04 12:52:15
				
2026-07-04 12:52:15 [http-nio-8495-exec-1] INFO  com.vmfg.util.CommonMethod -updateInvjournal for Transaction Type - ITTC0015 - Transaction Ref Id - MI/2026/699 - Transaction DateTime - 2026-07-04 12:52:15
				
2026-07-04 12:52:15 [http-nio-8495-exec-1] INFO  com.vmfg.util.CommonMethod -updateProductInvDtl in Store Inventory Balance for Transaction Type - ITTC0015 - Transaction Ref Id - MI/2026/699 - Transaction DateTime - 2026-07-04 12:52:15
				
2026-07-04 12:52:15 [http-nio-8495-exec-1] INFO  com.vmfg.util.CommonMethod -updateInvjournal for Transaction Type - ITTC0015 - Transaction Ref Id - MI/2026/699 - Transaction DateTime - 2026-07-04 12:52:15
				
2026-07-04 12:52:15 [http-nio-8495-exec-1] INFO  com.vmfg.util.CommonNotifyMethod -InvokeNotificationMethod: 1 24  bgrn [BGRN/2026/1096/430, 1096] [E0011, E0021, E0027, E0039, E0029] 1 5 52 null
				
2026-07-04 12:52:15 [http-nio-8495-exec-1] INFO  com.vmfg.util.NotificationRequest -notificationreq start
				
2026-07-04 12:52:15 [http-nio-8495-exec-1] INFO  com.vmfg.util.NotificationRequest -Actionparams
				
2026-07-04 12:52:16 [http-nio-8495-exec-1] INFO  com.vmfg.util.NotificationRequest -Actionparams
				
2026-07-04 12:52:16 [http-nio-8495-exec-1] INFO  com.vmfg.util.NotificationRequest -Actionparams
				
2026-07-04 12:52:16 [http-nio-8495-exec-1] INFO  com.vmfg.util.NotificationRequest -Actionparams
				
2026-07-04 12:52:16 [http-nio-8495-exec-1] INFO  com.vmfg.util.NotificationRequest -Actionparams
				
2026-07-04 12:52:16 [http-nio-8495-exec-1] INFO  com.vmfg.util.NotificationRequest -Actionparams
				
2026-07-04 12:52:16 [http-nio-8495-exec-1] INFO  com.vmfg.util.NotificationRequest -Actionparams
				
2026-07-04 12:52:16 [http-nio-8495-exec-1] INFO  com.vmfg.util.NotificationRequest -Actionparams
				
2026-07-04 12:52:16 [http-nio-8495-exec-1] INFO  com.vmfg.util.NotificationRequest -Actionparams
				
2026-07-04 12:52:17 [http-nio-8495-exec-1] INFO  com.vmfg.util.NotificationRequest -Actionparams
				
2026-07-04 12:52:17 [http-nio-8495-exec-1] INFO  com.vmfg.util.NotificationRequest -Actionparams
				
2026-07-04 12:52:17 [http-nio-8495-exec-1] INFO  com.vmfg.util.NotificationRequest -Actionparams
				
2026-07-04 12:52:17 [http-nio-8495-exec-1] INFO  com.vmfg.util.NotificationRequest -Actionparams
				
2026-07-04 12:52:17 [http-nio-8495-exec-1] INFO  com.vmfg.util.NotificationRequest -Actionparams
				
2026-07-04 12:52:17 [http-nio-8495-exec-1] INFO  com.vmfg.util.NotificationRequest -Actionparams
				
2026-07-04 12:52:17 [http-nio-8495-exec-1] INFO  com.vmfg.util.NotificationRequest -Actionparams
				
2026-07-04 12:52:17 [http-nio-8495-exec-1] INFO  com.vmfg.util.NotificationRequest -Actionparams
				
2026-07-04 12:52:17 [http-nio-8495-exec-1] INFO  com.vmfg.util.NotificationRequest -Actionparams
				
2026-07-04 12:52:18 [http-nio-8495-exec-1] INFO  com.vmfg.util.NotificationRequest -Actionparams
				
2026-07-04 12:52:18 [http-nio-8495-exec-1] INFO  com.vmfg.util.NotificationRequest -Actionparams
				
2026-07-04 12:52:18 [http-nio-8495-exec-1] INFO  com.vmfg.util.NotificationRequest -Actionparams
				
2026-07-04 12:52:18 [http-nio-8495-exec-1] INFO  com.vmfg.util.NotificationRequest -Actionparams
				
2026-07-04 12:52:18 [http-nio-8495-exec-1] INFO  com.vmfg.util.NotificationRequest -Actionparams
				
2026-07-04 12:52:18 [http-nio-8495-exec-1] INFO  com.vmfg.util.NotificationRequest -Actionparams
				
2026-07-04 12:52:18 [http-nio-8495-exec-1] INFO  com.vmfg.util.NotificationRequest -Actionparams
				
2026-07-04 12:52:18 [http-nio-8495-exec-1] INFO  com.vmfg.util.NotificationRequest -Actionparams
				
2026-07-04 12:52:19 [http-nio-8495-exec-1] INFO  com.vmfg.util.NotificationRequest -notificationreq end
				
2026-07-04 12:52:19 [http-nio-8495-exec-2] INFO  c.v.g.c.NotificationGeneralController -getNotificationDetails   method Start
				
2026-07-04 12:52:19 [http-nio-8495-exec-7] INFO  c.v.s.s.impl.MaterialInwardService -getMaterialInwardHdrDtls Service start 
				
2026-07-04 12:52:19 [http-nio-8495-exec-7] INFO  c.v.s.s.impl.MaterialInwardService -getMaterialInwardHdrDtls Service end 
				
2026-07-04 12:52:19 [http-nio-8495-exec-3] INFO  c.v.g.c.NotificationGeneralController -getNotificationDetails   method Start
				
2026-07-04 12:52:39 [http-nio-8495-exec-5] INFO  c.v.s.s.impl.MaterialInwardService -getMaterialInwardDtlList Service start 
				
2026-07-04 12:52:39 [http-nio-8495-exec-5] INFO  c.v.s.s.impl.MaterialInwardService -getMaterialInwardDtlList Service end 
				
2026-07-04 12:52:39 [http-nio-8495-exec-10] INFO  c.v.g.c.NotificationGeneralController -getNotificationDetails   method Start
				
2026-07-04 12:56:12 [http-nio-8495-exec-8] INFO  com.vmfg.scm.services.impl.PoService -getPoDtlsByDateAndPoId Service start 
				
2026-07-04 12:56:12 [http-nio-8495-exec-8] INFO  com.vmfg.scm.services.impl.PoService -getPoDtlsByDateAndPoId Service end 
				
2026-07-04 12:56:12 [http-nio-8495-exec-1] INFO  c.v.g.c.NotificationGeneralController -getNotificationDetails   method Start
				
2026-07-04 12:56:18 [http-nio-8495-exec-7] INFO  c.vmfg.scm.controller.GrnController -getGrnHdrDetails Controller  method Start
				
2026-07-04 12:56:18 [http-nio-8495-exec-7] ERROR c.vmfg.scm.services.impl.GrnService -getGrnHdrDetails service error java.lang.NullPointerException
				
2026-07-04 12:56:18 [http-nio-8495-exec-7] INFO  c.vmfg.scm.controller.GrnController -getGrnHdrDetails  method end
				
2026-07-04 12:56:18 [http-nio-8495-exec-2] INFO  c.v.g.c.NotificationGeneralController -getNotificationDetails   method Start
				
2026-07-04 12:56:18 [http-nio-8495-exec-3] INFO  c.v.i.c.InventoryJournalController -getInvLocationForInward Controller  method Start
				
2026-07-04 12:56:18 [http-nio-8495-exec-9] INFO  c.v.s.s.impl.MaterialInwardService -getPoDtlsForMaterialInward Service start 
				
2026-07-04 12:56:18 [http-nio-8495-exec-5] INFO  c.v.g.c.NotificationGeneralController -getNotificationDetails   method Start
				
2026-07-04 12:56:19 [http-nio-8495-exec-9] INFO  c.v.s.s.impl.MaterialInwardService -getPoDtlsForMaterialInward Service end 
				
2026-07-04 12:56:19 [http-nio-8495-exec-10] INFO  c.v.g.c.NotificationGeneralController -getNotificationDetails   method Start
				
2026-07-04 12:59:27 [http-nio-8495-exec-8] INFO  c.vmfg.scm.controller.GrnController -getGrnHdrDetails Controller  method Start
				
2026-07-04 12:59:27 [http-nio-8495-exec-8] ERROR c.vmfg.scm.services.impl.GrnService -getGrnHdrDetails service error java.lang.NullPointerException
				
2026-07-04 12:59:27 [http-nio-8495-exec-8] INFO  c.vmfg.scm.controller.GrnController -getGrnHdrDetails  method end
				
2026-07-04 12:59:27 [http-nio-8495-exec-1] INFO  c.v.g.c.NotificationGeneralController -getNotificationDetails   method Start
				
2026-07-04 12:59:28 [http-nio-8495-exec-2] INFO  c.v.s.s.impl.MaterialInwardService -getPoDtlsForMaterialInward Service start 
				
2026-07-04 12:59:28 [http-nio-8495-exec-7] INFO  c.v.i.c.InventoryJournalController -getInvLocationForInward Controller  method Start
				
2026-07-04 12:59:28 [http-nio-8495-exec-3] INFO  c.v.g.c.NotificationGeneralController -getNotificationDetails   method Start
				
2026-07-04 12:59:28 [http-nio-8495-exec-2] INFO  c.v.s.s.impl.MaterialInwardService -getPoDtlsForMaterialInward Service end 
				
2026-07-04 12:59:28 [http-nio-8495-exec-9] INFO  c.v.g.c.NotificationGeneralController -getNotificationDetails   method Start
				
2026-07-04 13:02:14 [http-nio-8495-exec-6] INFO  com.vmfg.scm.services.impl.PoService -getPoDtlsByDateAndPoId Service start 
				
2026-07-04 13:02:14 [http-nio-8495-exec-6] INFO  com.vmfg.scm.services.impl.PoService -getPoDtlsByDateAndPoId Service end 
				
2026-07-04 13:02:14 [http-nio-8495-exec-4] INFO  c.v.g.c.NotificationGeneralController -getNotificationDetails   method Start
				
2026-07-04 13:02:35 [http-nio-8495-exec-8] INFO  c.vmfg.scm.controller.GrnController -getGrnHdrDetails Controller  method Start
				
2026-07-04 13:02:35 [http-nio-8495-exec-8] ERROR c.vmfg.scm.services.impl.GrnService -getGrnHdrDetails service error java.lang.NullPointerException
				
2026-07-04 13:02:35 [http-nio-8495-exec-8] INFO  c.vmfg.scm.controller.GrnController -getGrnHdrDetails  method end
				
2026-07-04 13:02:35 [http-nio-8495-exec-1] INFO  c.v.g.c.NotificationGeneralController -getNotificationDetails   method Start
				
2026-07-04 13:02:36 [http-nio-8495-exec-2] INFO  c.v.s.s.impl.MaterialInwardService -getPoDtlsForMaterialInward Service start 
				
2026-07-04 13:02:36 [http-nio-8495-exec-7] INFO  c.v.i.c.InventoryJournalController -getInvLocationForInward Controller  method Start
				
2026-07-04 13:02:36 [http-nio-8495-exec-3] INFO  c.v.g.c.NotificationGeneralController -getNotificationDetails   method Start
				
2026-07-04 13:02:36 [http-nio-8495-exec-2] INFO  c.v.s.s.impl.MaterialInwardService -getPoDtlsForMaterialInward Service end 
				
2026-07-04 13:02:36 [http-nio-8495-exec-9] INFO  c.v.g.c.NotificationGeneralController -getNotificationDetails   method Start
				
2026-07-04 13:03:02 [http-nio-8495-exec-5] INFO  c.v.s.s.impl.MaterialInwardService -insertMaterialInwardDtls service start
				
2026-07-04 13:03:02 [http-nio-8495-exec-5] INFO  com.vmfg.util.CommonMethod -updateProductInvDtl in Store Inventory Balance for Transaction Type - ITTC0014 - Transaction Ref Id - GRN/2026/672 - Transaction DateTime - 2026-07-04 13:03:02
				
2026-07-04 13:03:02 [http-nio-8495-exec-5] INFO  com.vmfg.util.CommonMethod -updateInvjournal for Transaction Type - ITTC0014 - Transaction Ref Id - GRN/2026/672 - Transaction DateTime - 2026-07-04 13:03:02
				
2026-07-04 13:03:02 [http-nio-8495-exec-5] INFO  com.vmfg.util.CommonNotifyMethod -InvokeNotificationMethod: 1 24  bgrn [BGRN/2025/1091/46, 1091] [E0011, E0021, E0027, E0039, E0029] 1 5 34 null
				
2026-07-04 13:03:02 [http-nio-8495-exec-5] INFO  com.vmfg.util.NotificationRequest -notificationreq start
				
2026-07-04 13:03:02 [http-nio-8495-exec-5] INFO  com.vmfg.util.NotificationRequest -Actionparams
				
2026-07-04 13:03:02 [http-nio-8495-exec-5] INFO  com.vmfg.util.NotificationRequest -Actionparams
				
2026-07-04 13:03:02 [http-nio-8495-exec-5] INFO  com.vmfg.util.NotificationRequest -Actionparams
				
2026-07-04 13:03:02 [http-nio-8495-exec-5] INFO  com.vmfg.util.NotificationRequest -Actionparams
				
2026-07-04 13:03:03 [http-nio-8495-exec-5] INFO  com.vmfg.util.NotificationRequest -Actionparams
				
2026-07-04 13:03:03 [http-nio-8495-exec-5] INFO  com.vmfg.util.NotificationRequest -Actionparams
				
2026-07-04 13:03:03 [http-nio-8495-exec-5] INFO  com.vmfg.util.NotificationRequest -Actionparams
				
2026-07-04 13:03:03 [http-nio-8495-exec-5] INFO  com.vmfg.util.NotificationRequest -Actionparams
				
2026-07-04 13:03:03 [http-nio-8495-exec-5] INFO  com.vmfg.util.NotificationRequest -Actionparams
				
2026-07-04 13:03:03 [http-nio-8495-exec-5] INFO  com.vmfg.util.NotificationRequest -Actionparams
				
2026-07-04 13:03:03 [http-nio-8495-exec-5] INFO  com.vmfg.util.NotificationRequest -Actionparams
				
2026-07-04 13:03:03 [http-nio-8495-exec-5] INFO  com.vmfg.util.NotificationRequest -Actionparams
				
2026-07-04 13:03:03 [http-nio-8495-exec-5] INFO  com.vmfg.util.NotificationRequest -Actionparams
				
2026-07-04 13:03:04 [http-nio-8495-exec-5] INFO  com.vmfg.util.NotificationRequest -Actionparams
				
2026-07-04 13:03:04 [http-nio-8495-exec-5] INFO  com.vmfg.util.NotificationRequest -Actionparams
				
2026-07-04 13:03:04 [http-nio-8495-exec-5] INFO  com.vmfg.util.NotificationRequest -Actionparams
				
2026-07-04 13:03:04 [http-nio-8495-exec-5] INFO  com.vmfg.util.NotificationRequest -Actionparams
				
2026-07-04 13:03:04 [http-nio-8495-exec-5] INFO  com.vmfg.util.NotificationRequest -Actionparams
				
2026-07-04 13:03:04 [http-nio-8495-exec-5] INFO  com.vmfg.util.NotificationRequest -Actionparams
				
2026-07-04 13:03:04 [http-nio-8495-exec-5] INFO  com.vmfg.util.NotificationRequest -Actionparams
				
2026-07-04 13:03:04 [http-nio-8495-exec-5] INFO  com.vmfg.util.NotificationRequest -Actionparams
				
2026-07-04 13:03:05 [http-nio-8495-exec-5] INFO  com.vmfg.util.NotificationRequest -Actionparams
				
2026-07-04 13:03:05 [http-nio-8495-exec-5] INFO  com.vmfg.util.NotificationRequest -Actionparams
				
2026-07-04 13:03:05 [http-nio-8495-exec-5] INFO  com.vmfg.util.NotificationRequest -Actionparams
				
2026-07-04 13:03:05 [http-nio-8495-exec-5] INFO  com.vmfg.util.NotificationRequest -Actionparams
				
2026-07-04 13:03:05 [http-nio-8495-exec-5] INFO  com.vmfg.util.NotificationRequest -Actionparams
				
2026-07-04 13:03:05 [http-nio-8495-exec-5] INFO  com.vmfg.util.NotificationRequest -Actionparams
				
2026-07-04 13:03:05 [http-nio-8495-exec-5] INFO  com.vmfg.util.NotificationRequest -notificationreq end
				
2026-07-04 13:03:05 [http-nio-8495-exec-10] INFO  c.v.g.c.NotificationGeneralController -getNotificationDetails   method Start
				
2026-07-04 13:03:05 [http-nio-8495-exec-6] INFO  c.v.s.s.impl.MaterialInwardService -getMaterialInwardHdrDtls Service start 
				
2026-07-04 13:03:05 [http-nio-8495-exec-6] INFO  c.v.s.s.impl.MaterialInwardService -getMaterialInwardHdrDtls Service end 
				
2026-07-04 13:03:05 [http-nio-8495-exec-4] INFO  c.v.g.c.NotificationGeneralController -getNotificationDetails   method Start
				
2026-07-04 13:07:08 [http-nio-8495-exec-9] INFO  c.v.s.c.IndentManagementController -getIndentProjectDtlsByDate Controller  method Start
				
2026-07-04 13:07:08 [http-nio-8495-exec-3] INFO  c.v.m.controller.VendorController -getApprVendorDtls method Start
				
2026-07-04 13:07:08 [http-nio-8495-exec-9] INFO  c.v.s.c.IndentManagementController -getIndentProjectDtlsByDate Controller  method end
				
2026-07-04 13:07:08 [http-nio-8495-exec-5] INFO  c.v.g.c.NotificationGeneralController -getNotificationDetails   method Start
				
2026-07-04 13:07:08 [http-nio-8495-exec-10] INFO  c.v.g.c.NotificationGeneralController -getNotificationDetails   method Start
				
2026-07-04 13:07:08 [http-nio-8495-exec-6] INFO  c.v.g.c.NotificationGeneralController -getNotificationDetails   method Start
				
2026-07-04 13:07:08 [http-nio-8495-exec-4] INFO  c.v.g.c.NotificationGeneralController -getNotificationDetails   method Start
				
2026-07-04 13:09:24 [http-nio-8495-exec-10] INFO  c.v.m.controller.VendorController -getApprVendorDtls method Start
				
2026-07-04 13:09:24 [http-nio-8495-exec-5] INFO  c.v.s.c.IndentManagementController -getIndentProjectDtlsByDate Controller  method Start
				
2026-07-04 13:09:24 [http-nio-8495-exec-5] INFO  c.v.s.c.IndentManagementController -getIndentProjectDtlsByDate Controller  method end
				
2026-07-04 13:09:24 [http-nio-8495-exec-6] INFO  c.v.g.c.NotificationGeneralController -getNotificationDetails   method Start
				
2026-07-04 13:09:24 [http-nio-8495-exec-4] INFO  c.v.g.c.NotificationGeneralController -getNotificationDetails   method Start
				
2026-07-04 13:09:24 [http-nio-8495-exec-9] INFO  c.v.g.c.NotificationGeneralController -getNotificationDetails   method Start
				
2026-07-04 13:09:24 [http-nio-8495-exec-8] INFO  c.v.g.c.NotificationGeneralController -getNotificationDetails   method Start
				
2026-07-04 13:24:56 [HikariPool-1 housekeeper] WARN  com.zaxxer.hikari.pool.HikariPool -HikariPool-1 - Thread starvation or clock leap detected (housekeeper delta=54s823ms).
				
2026-07-04 13:43:31 [HikariPool-1 housekeeper] WARN  com.zaxxer.hikari.pool.HikariPool -HikariPool-1 - Thread starvation or clock leap detected (housekeeper delta=18m5s125ms).
				
2026-07-04 14:00:12 [HikariPool-1 housekeeper] WARN  com.zaxxer.hikari.pool.HikariPool -HikariPool-1 - Thread starvation or clock leap detected (housekeeper delta=16m40s372ms).
				
2026-07-04 14:18:03 [HikariPool-1 housekeeper] WARN  com.zaxxer.hikari.pool.HikariPool -HikariPool-1 - Thread starvation or clock leap detected (housekeeper delta=17m21s451ms).
				
2026-07-04 14:20:32 [HikariPool-1 housekeeper] WARN  com.zaxxer.hikari.pool.HikariPool -HikariPool-1 - Thread starvation or clock leap detected (housekeeper delta=1m58s271ms).
				
2026-07-04 14:23:07 [SpringApplicationShutdownHook] INFO  com.zaxxer.hikari.HikariDataSource -HikariPool-1 - Shutdown initiated...
				
2026-07-04 14:23:07 [SpringApplicationShutdownHook] INFO  com.zaxxer.hikari.HikariDataSource -HikariPool-1 - Shutdown completed.
				
2026-07-04 15:19:01 [background-preinit] INFO  o.h.validator.internal.util.Version -HV000001: Hibernate Validator 6.2.3.Final
				
2026-07-04 15:19:03 [restartedMain] INFO  o.s.boot.SpringApplication -

                                ooooooo &&&&&&&&                              
                              oo     oo &.     &                              
                    ooooooo  oo      oo &:     &&                             
                 oo        oooo      oo &&       *&&&&  &&&&&&                
               oo            oo      oo &&                    &&&             
              oo                     oo &&&&&                  &o             
              oo                     oo &&     &&&&&           &              
              oo           ooo       oo &&           &&&       &&             
           ooooo           o:        oo &&              &        &&           
       ooo     *oo       oo          oo &&                        &&&&&&&     
     oo           ooooooo            oo &&                              &&    
    o&                                      &&&&*       &&               &&   
   oo                                            &&       &&              &&  
   o     ooooo                  @     @@    @@     &&:     &&           &&    
  oo ooo       ooo          @@@@@@@@@@@@@@@@@@@@@    &&     &&         &&     
  ooo            oo         @@ @@@ @@@@@@@@@@@  @     &&     &&         &     
  oo               o      @@@@ @@@ @@@@@@@@@@@  @@@    &&     &         &&    
  o&               oo       @@ @@@ @@@@@@@@@@@  @       &     &         &&    
  oo               oo       @@ @@ @ @@@@        @       &&                &&& 
  oo                      @@@@ @@@@@@@@@@@@@@@  @@@:    &&                  &&
  oo                        @@ @@@@@@@@@@@ @@@  @       &&        o&        &&
   o                        @@ @@@@@ @@@  @@@@  @       &         &&        &.
   oo                     @@@@ @@@ @@@@@@@@@@@  @@@@   &          &    .&&&&  
    o         oooo          @@                  @     &.         &&    &&     
    oo    ooo      &oo          @     @@    @@      &&          &&    &&      
     oo oo            oo        @     @     @@    &&           &&    &&       
      ooo              oo                      &&&           &&      &&       
         oooooooo       oo           oo &&&&&&              &&         &      
              oo        oo           oo &&         &      &&           &&     
              o        :o            oo &&  .&&&&&     &&.           &&       
              o       oo             oo &&                    &&&&&&&&        
              oo    ooo              oo &&                  &&                
                oo                   oo &&                &&                  
                  oo        oooo     oo &&                &                   
                     ooooooo  &o     oo &&      &&&       &                   
                                oo   oo && :&&&   .&& &&&*                    
                                   &ooo &&&                                   

==============================================
SmartRun Product by SmartRun Tech. All rights reserved.
==============================================
Application Version : 2.6.7
Application Title : SmartRun MES
Contact : support@smartruntech.com
==============================================

				
2026-07-04 15:19:03 [restartedMain] INFO  com.vmfg.VMFGApplication -Starting VMFGApplication using Java 1.8.0_482 on Peachs-Mac-mini.local with PID 4899 (/Users/peach/Spring_Boot_Projects/bgr/OneDrive_1_4-15-2026/BGR-SOURCE_CODE/SmartRun_ProjectManagement_Java/SR_Management/target/classes started by peach in /Users/peach/Spring_Boot_Projects/bgr/OneDrive_1_4-15-2026/BGR-SOURCE_CODE/SmartRun_ProjectManagement_Java/SR_Management)
				
2026-07-04 15:19:03 [restartedMain] INFO  com.vmfg.VMFGApplication -The following 1 profile is active: "dev"
				
2026-07-04 15:19:03 [restartedMain] INFO  o.s.b.d.e.DevToolsPropertyDefaultsPostProcessor -Devtools property defaults active! Set 'spring.devtools.add-properties' to 'false' to disable
				
2026-07-04 15:19:03 [restartedMain] INFO  o.s.b.d.e.DevToolsPropertyDefaultsPostProcessor -For additional web related logging consider setting the 'logging.level.web' property to 'DEBUG'
				
2026-07-04 15:19:05 [restartedMain] INFO  o.s.d.r.c.RepositoryConfigurationDelegate -Bootstrapping Spring Data JDBC repositories in DEFAULT mode.
				
2026-07-04 15:19:06 [restartedMain] INFO  o.s.d.r.c.RepositoryConfigurationDelegate -Finished Spring Data repository scanning in 81 ms. Found 0 JDBC repository interfaces.
				
2026-07-04 15:19:07 [restartedMain] INFO  o.s.b.w.e.tomcat.TomcatWebServer -Tomcat initialized with port(s): 8495 (http)
				
2026-07-04 15:19:07 [restartedMain] INFO  o.a.coyote.http11.Http11NioProtocol -Initializing ProtocolHandler ["http-nio-8495"]
				
2026-07-04 15:19:07 [restartedMain] INFO  o.a.catalina.core.StandardService -Starting service [Tomcat]
				
2026-07-04 15:19:07 [restartedMain] INFO  o.a.catalina.core.StandardEngine -Starting Servlet engine: [Apache Tomcat/9.0.63]
				
2026-07-04 15:19:07 [restartedMain] INFO  o.a.c.c.C.[.[localhost].[/smartrun] -Initializing Spring embedded WebApplicationContext
				
2026-07-04 15:19:07 [restartedMain] INFO  o.s.b.w.s.c.ServletWebServerApplicationContext -Root WebApplicationContext: initialization completed in 3966 ms
				
2026-07-04 15:19:10 [restartedMain] INFO  s.d.s.w.PropertySourcedRequestMappingHandlerMapping -Mapped URL path [/v2/api-docs] onto method [springfox.documentation.swagger2.web.Swagger2Controller#getDocumentation(String, HttpServletRequest)]
				
2026-07-04 15:19:11 [restartedMain] INFO  o.s.s.web.DefaultSecurityFilterChain -Will secure any request with [org.springframework.security.web.session.DisableEncodeUrlFilter@4017fdac, org.springframework.security.web.context.request.async.WebAsyncManagerIntegrationFilter@53d0e6d5, org.springframework.security.web.context.SecurityContextPersistenceFilter@390ec3de, org.springframework.security.web.header.HeaderWriterFilter@71ca551d, org.springframework.web.filter.CorsFilter@554ee24c, org.springframework.security.web.authentication.logout.LogoutFilter@10d5572c, com.vmfg.security.config.JwtRequestFilter@498fb209, org.springframework.security.web.savedrequest.RequestCacheAwareFilter@3e5d5bc2, org.springframework.security.web.servletapi.SecurityContextHolderAwareRequestFilter@3c4142af, org.springframework.security.web.authentication.AnonymousAuthenticationFilter@3e07e649, org.springframework.security.web.session.SessionManagementFilter@91b1f1b, org.springframework.security.web.access.ExceptionTranslationFilter@50cb21a6, org.springframework.security.web.access.intercept.FilterSecurityInterceptor@2e65f939]
				
2026-07-04 15:19:11 [restartedMain] INFO  o.s.b.d.a.OptionalLiveReloadServer -LiveReload server is running on port 35729
				
2026-07-04 15:19:11 [restartedMain] INFO  com.zaxxer.hikari.HikariDataSource -HikariPool-1 - Starting...
				
2026-07-04 15:19:11 [restartedMain] INFO  com.zaxxer.hikari.HikariDataSource -HikariPool-1 - Start completed.
				
2026-07-04 15:19:12 [restartedMain] INFO  o.a.coyote.http11.Http11NioProtocol -Starting ProtocolHandler ["http-nio-8495"]
				
2026-07-04 15:19:12 [restartedMain] INFO  o.s.b.w.e.tomcat.TomcatWebServer -Tomcat started on port(s): 8495 (http) with context path '/smartrun'
				
2026-07-04 15:19:12 [restartedMain] INFO  s.d.s.w.p.DocumentationPluginsBootstrapper -Context refreshed
				
2026-07-04 15:19:12 [restartedMain] INFO  s.d.s.w.p.DocumentationPluginsBootstrapper -Found 1 custom documentation plugin(s)
				
2026-07-04 15:19:12 [restartedMain] INFO  s.d.s.w.s.ApiListingReferenceScanner -Scanning for api listing references
				
2026-07-04 15:19:14 [restartedMain] INFO  s.d.s.w.r.o.CachingOperationNameGenerator -Generating unique operation named: insertOrUpdateSalesBudgetSheetHdrAndDtlUsingPOST_1
				
2026-07-04 15:19:14 [restartedMain] INFO  s.d.s.w.r.o.CachingOperationNameGenerator -Generating unique operation named: getVendorDetailHdrViewUsingPOST_1
				
2026-07-04 15:19:14 [restartedMain] INFO  s.d.s.w.r.o.CachingOperationNameGenerator -Generating unique operation named: updateUserRoleMappingUsingPOST_1
				
2026-07-04 15:19:14 [restartedMain] INFO  com.vmfg.VMFGApplication -Started VMFGApplication in 13.192 seconds (JVM running for 14.667)
				
2026-07-04 15:19:14 [main] ERROR com.vmfg.VMFGApplication -SmartRun Application Start Exception--->org.springframework.boot.devtools.restart.SilentExitExceptionHandler$SilentExitException
				
2026-07-04 15:19:29 [http-nio-8495-exec-3] INFO  o.a.c.c.C.[.[localhost].[/smartrun] -Initializing Spring DispatcherServlet 'dispatcherServlet'
				
2026-07-04 15:19:29 [http-nio-8495-exec-3] INFO  o.s.web.servlet.DispatcherServlet -Initializing Servlet 'dispatcherServlet'
				
2026-07-04 15:19:29 [http-nio-8495-exec-3] INFO  o.s.web.servlet.DispatcherServlet -Completed initialization in 7 ms
				
2026-07-04 15:19:30 [http-nio-8495-exec-6] INFO  c.v.m.controller.VendorController -getApprVendorDtls method Start
				
2026-07-04 15:19:30 [http-nio-8495-exec-5] INFO  c.v.s.c.IndentManagementController -getIndentProjectDtlsByDate Controller  method Start
				
2026-07-04 15:19:30 [http-nio-8495-exec-5] INFO  c.v.s.c.IndentManagementController -getIndentProjectDtlsByDate Controller  method end
				
2026-07-04 15:19:30 [http-nio-8495-exec-9] INFO  c.v.g.c.NotificationGeneralController -getNotificationDetails   method Start
				
2026-07-04 15:19:30 [http-nio-8495-exec-3] INFO  c.v.g.c.NotificationGeneralController -getNotificationDetails   method Start
				
2026-07-04 15:19:30 [http-nio-8495-exec-10] INFO  c.v.g.c.NotificationGeneralController -getNotificationDetails   method Start
				
2026-07-04 15:19:30 [http-nio-8495-exec-2] INFO  c.v.g.c.NotificationGeneralController -getNotificationDetails   method Start
				
2026-07-04 15:19:55 [http-nio-8495-exec-5] INFO  c.v.i.c.InventoryMaterialTransferController -retrieveInvntoryMaterial Controller  method Start
				
2026-07-04 15:19:55 [http-nio-8495-exec-7] INFO  c.v.g.c.NotificationGeneralController -getNotificationDetails   method Start
				
2026-07-04 15:19:59 [http-nio-8495-exec-8] INFO  c.v.i.c.InventoryMaterialTransferController -getProjectdropdown Controller  method Start
				
2026-07-04 15:19:59 [http-nio-8495-exec-8] INFO  c.v.i.c.InventoryMaterialTransferController -getProjectdropdown Controller  method End
				
2026-07-04 15:19:59 [http-nio-8495-exec-6] INFO  c.v.g.c.NotificationGeneralController -getNotificationDetails   method Start
				
2026-07-04 15:20:03 [http-nio-8495-exec-10] INFO  c.v.i.c.InventoryMaterialTransferController -getProductdropdown Controller  method Start
				
2026-07-04 15:20:03 [http-nio-8495-exec-10] ERROR c.v.d.r.productMstDropDownRowMapper -productMstDropDownRowMapper  Method Exceptionjava.sql.SQLSyntaxErrorException: Column 'PKA_ID' not found.
				
2026-07-04 15:20:03 [http-nio-8495-exec-10] ERROR c.v.d.r.productMstDropDownRowMapper -productMstDropDownRowMapper  Method Exceptionjava.sql.SQLSyntaxErrorException: Column 'PKA_ID' not found.
				
2026-07-04 15:20:03 [http-nio-8495-exec-10] ERROR c.v.d.r.productMstDropDownRowMapper -productMstDropDownRowMapper  Method Exceptionjava.sql.SQLSyntaxErrorException: Column 'PKA_ID' not found.
				
2026-07-04 15:20:03 [http-nio-8495-exec-10] ERROR c.v.d.r.productMstDropDownRowMapper -productMstDropDownRowMapper  Method Exceptionjava.sql.SQLSyntaxErrorException: Column 'PKA_ID' not found.
				
2026-07-04 15:20:03 [http-nio-8495-exec-10] ERROR c.v.d.r.productMstDropDownRowMapper -productMstDropDownRowMapper  Method Exceptionjava.sql.SQLSyntaxErrorException: Column 'PKA_ID' not found.
				
2026-07-04 15:20:03 [http-nio-8495-exec-10] ERROR c.v.d.r.productMstDropDownRowMapper -productMstDropDownRowMapper  Method Exceptionjava.sql.SQLSyntaxErrorException: Column 'PKA_ID' not found.
				
2026-07-04 15:20:03 [http-nio-8495-exec-10] ERROR c.v.d.r.productMstDropDownRowMapper -productMstDropDownRowMapper  Method Exceptionjava.sql.SQLSyntaxErrorException: Column 'PKA_ID' not found.
				
2026-07-04 15:20:03 [http-nio-8495-exec-10] ERROR c.v.d.r.productMstDropDownRowMapper -productMstDropDownRowMapper  Method Exceptionjava.sql.SQLSyntaxErrorException: Column 'PKA_ID' not found.
				
2026-07-04 15:20:03 [http-nio-8495-exec-10] ERROR c.v.d.r.productMstDropDownRowMapper -productMstDropDownRowMapper  Method Exceptionjava.sql.SQLSyntaxErrorException: Column 'PKA_ID' not found.
				
2026-07-04 15:20:03 [http-nio-8495-exec-10] ERROR c.v.d.r.productMstDropDownRowMapper -productMstDropDownRowMapper  Method Exceptionjava.sql.SQLSyntaxErrorException: Column 'PKA_ID' not found.
				
2026-07-04 15:20:03 [http-nio-8495-exec-10] ERROR c.v.d.r.productMstDropDownRowMapper -productMstDropDownRowMapper  Method Exceptionjava.sql.SQLSyntaxErrorException: Column 'PKA_ID' not found.
				
2026-07-04 15:20:03 [http-nio-8495-exec-10] ERROR c.v.d.r.productMstDropDownRowMapper -productMstDropDownRowMapper  Method Exceptionjava.sql.SQLSyntaxErrorException: Column 'PKA_ID' not found.
				
2026-07-04 15:20:03 [http-nio-8495-exec-10] ERROR c.v.d.r.productMstDropDownRowMapper -productMstDropDownRowMapper  Method Exceptionjava.sql.SQLSyntaxErrorException: Column 'PKA_ID' not found.
				
2026-07-04 15:20:03 [http-nio-8495-exec-10] ERROR c.v.d.r.productMstDropDownRowMapper -productMstDropDownRowMapper  Method Exceptionjava.sql.SQLSyntaxErrorException: Column 'PKA_ID' not found.
				
2026-07-04 15:20:03 [http-nio-8495-exec-10] ERROR c.v.d.r.productMstDropDownRowMapper -productMstDropDownRowMapper  Method Exceptionjava.sql.SQLSyntaxErrorException: Column 'PKA_ID' not found.
				
2026-07-04 15:20:03 [http-nio-8495-exec-10] ERROR c.v.d.r.productMstDropDownRowMapper -productMstDropDownRowMapper  Method Exceptionjava.sql.SQLSyntaxErrorException: Column 'PKA_ID' not found.
				
2026-07-04 15:20:03 [http-nio-8495-exec-10] ERROR c.v.d.r.productMstDropDownRowMapper -productMstDropDownRowMapper  Method Exceptionjava.sql.SQLSyntaxErrorException: Column 'PKA_ID' not found.
				
2026-07-04 15:20:03 [http-nio-8495-exec-10] ERROR c.v.d.r.productMstDropDownRowMapper -productMstDropDownRowMapper  Method Exceptionjava.sql.SQLSyntaxErrorException: Column 'PKA_ID' not found.
				
2026-07-04 15:20:03 [http-nio-8495-exec-10] ERROR c.v.d.r.productMstDropDownRowMapper -productMstDropDownRowMapper  Method Exceptionjava.sql.SQLSyntaxErrorException: Column 'PKA_ID' not found.
				
2026-07-04 15:20:03 [http-nio-8495-exec-10] ERROR c.v.d.r.productMstDropDownRowMapper -productMstDropDownRowMapper  Method Exceptionjava.sql.SQLSyntaxErrorException: Column 'PKA_ID' not found.
				
2026-07-04 15:20:03 [http-nio-8495-exec-10] ERROR c.v.d.r.productMstDropDownRowMapper -productMstDropDownRowMapper  Method Exceptionjava.sql.SQLSyntaxErrorException: Column 'PKA_ID' not found.
				
2026-07-04 15:20:03 [http-nio-8495-exec-10] ERROR c.v.d.r.productMstDropDownRowMapper -productMstDropDownRowMapper  Method Exceptionjava.sql.SQLSyntaxErrorException: Column 'PKA_ID' not found.
				
2026-07-04 15:20:03 [http-nio-8495-exec-10] ERROR c.v.d.r.productMstDropDownRowMapper -productMstDropDownRowMapper  Method Exceptionjava.sql.SQLSyntaxErrorException: Column 'PKA_ID' not found.
				
2026-07-04 15:20:03 [http-nio-8495-exec-10] ERROR c.v.d.r.productMstDropDownRowMapper -productMstDropDownRowMapper  Method Exceptionjava.sql.SQLSyntaxErrorException: Column 'PKA_ID' not found.
				
2026-07-04 15:20:03 [http-nio-8495-exec-10] ERROR c.v.d.r.productMstDropDownRowMapper -productMstDropDownRowMapper  Method Exceptionjava.sql.SQLSyntaxErrorException: Column 'PKA_ID' not found.
				
2026-07-04 15:20:03 [http-nio-8495-exec-10] ERROR c.v.d.r.productMstDropDownRowMapper -productMstDropDownRowMapper  Method Exceptionjava.sql.SQLSyntaxErrorException: Column 'PKA_ID' not found.
				
2026-07-04 15:20:03 [http-nio-8495-exec-10] ERROR c.v.d.r.productMstDropDownRowMapper -productMstDropDownRowMapper  Method Exceptionjava.sql.SQLSyntaxErrorException: Column 'PKA_ID' not found.
				
2026-07-04 15:20:03 [http-nio-8495-exec-10] ERROR c.v.d.r.productMstDropDownRowMapper -productMstDropDownRowMapper  Method Exceptionjava.sql.SQLSyntaxErrorException: Column 'PKA_ID' not found.
				
2026-07-04 15:20:03 [http-nio-8495-exec-10] ERROR c.v.d.r.productMstDropDownRowMapper -productMstDropDownRowMapper  Method Exceptionjava.sql.SQLSyntaxErrorException: Column 'PKA_ID' not found.
				
2026-07-04 15:20:03 [http-nio-8495-exec-10] ERROR c.v.d.r.productMstDropDownRowMapper -productMstDropDownRowMapper  Method Exceptionjava.sql.SQLSyntaxErrorException: Column 'PKA_ID' not found.
				
2026-07-04 15:20:03 [http-nio-8495-exec-10] ERROR c.v.d.r.productMstDropDownRowMapper -productMstDropDownRowMapper  Method Exceptionjava.sql.SQLSyntaxErrorException: Column 'PKA_ID' not found.
				
2026-07-04 15:20:03 [http-nio-8495-exec-10] ERROR c.v.d.r.productMstDropDownRowMapper -productMstDropDownRowMapper  Method Exceptionjava.sql.SQLSyntaxErrorException: Column 'PKA_ID' not found.
				
2026-07-04 15:20:03 [http-nio-8495-exec-10] ERROR c.v.d.r.productMstDropDownRowMapper -productMstDropDownRowMapper  Method Exceptionjava.sql.SQLSyntaxErrorException: Column 'PKA_ID' not found.
				
2026-07-04 15:20:03 [http-nio-8495-exec-10] ERROR c.v.d.r.productMstDropDownRowMapper -productMstDropDownRowMapper  Method Exceptionjava.sql.SQLSyntaxErrorException: Column 'PKA_ID' not found.
				
2026-07-04 15:20:03 [http-nio-8495-exec-10] ERROR c.v.d.r.productMstDropDownRowMapper -productMstDropDownRowMapper  Method Exceptionjava.sql.SQLSyntaxErrorException: Column 'PKA_ID' not found.
				
2026-07-04 15:20:03 [http-nio-8495-exec-10] ERROR c.v.d.r.productMstDropDownRowMapper -productMstDropDownRowMapper  Method Exceptionjava.sql.SQLSyntaxErrorException: Column 'PKA_ID' not found.
				
2026-07-04 15:20:03 [http-nio-8495-exec-10] ERROR c.v.d.r.productMstDropDownRowMapper -productMstDropDownRowMapper  Method Exceptionjava.sql.SQLSyntaxErrorException: Column 'PKA_ID' not found.
				
2026-07-04 15:20:03 [http-nio-8495-exec-10] ERROR c.v.d.r.productMstDropDownRowMapper -productMstDropDownRowMapper  Method Exceptionjava.sql.SQLSyntaxErrorException: Column 'PKA_ID' not found.
				
2026-07-04 15:20:03 [http-nio-8495-exec-10] ERROR c.v.d.r.productMstDropDownRowMapper -productMstDropDownRowMapper  Method Exceptionjava.sql.SQLSyntaxErrorException: Column 'PKA_ID' not found.
				
2026-07-04 15:20:03 [http-nio-8495-exec-10] ERROR c.v.d.r.productMstDropDownRowMapper -productMstDropDownRowMapper  Method Exceptionjava.sql.SQLSyntaxErrorException: Column 'PKA_ID' not found.
				
2026-07-04 15:20:03 [http-nio-8495-exec-10] ERROR c.v.d.r.productMstDropDownRowMapper -productMstDropDownRowMapper  Method Exceptionjava.sql.SQLSyntaxErrorException: Column 'PKA_ID' not found.
				
2026-07-04 15:20:03 [http-nio-8495-exec-10] ERROR c.v.d.r.productMstDropDownRowMapper -productMstDropDownRowMapper  Method Exceptionjava.sql.SQLSyntaxErrorException: Column 'PKA_ID' not found.
				
2026-07-04 15:20:03 [http-nio-8495-exec-10] ERROR c.v.d.r.productMstDropDownRowMapper -productMstDropDownRowMapper  Method Exceptionjava.sql.SQLSyntaxErrorException: Column 'PKA_ID' not found.
				
2026-07-04 15:20:03 [http-nio-8495-exec-10] ERROR c.v.d.r.productMstDropDownRowMapper -productMstDropDownRowMapper  Method Exceptionjava.sql.SQLSyntaxErrorException: Column 'PKA_ID' not found.
				
2026-07-04 15:20:03 [http-nio-8495-exec-10] ERROR c.v.d.r.productMstDropDownRowMapper -productMstDropDownRowMapper  Method Exceptionjava.sql.SQLSyntaxErrorException: Column 'PKA_ID' not found.
				
2026-07-04 15:20:03 [http-nio-8495-exec-10] ERROR c.v.d.r.productMstDropDownRowMapper -productMstDropDownRowMapper  Method Exceptionjava.sql.SQLSyntaxErrorException: Column 'PKA_ID' not found.
				
2026-07-04 15:20:03 [http-nio-8495-exec-10] ERROR c.v.d.r.productMstDropDownRowMapper -productMstDropDownRowMapper  Method Exceptionjava.sql.SQLSyntaxErrorException: Column 'PKA_ID' not found.
				
2026-07-04 15:20:03 [http-nio-8495-exec-10] ERROR c.v.d.r.productMstDropDownRowMapper -productMstDropDownRowMapper  Method Exceptionjava.sql.SQLSyntaxErrorException: Column 'PKA_ID' not found.
				
2026-07-04 15:20:03 [http-nio-8495-exec-10] ERROR c.v.d.r.productMstDropDownRowMapper -productMstDropDownRowMapper  Method Exceptionjava.sql.SQLSyntaxErrorException: Column 'PKA_ID' not found.
				
2026-07-04 15:20:03 [http-nio-8495-exec-10] ERROR c.v.d.r.productMstDropDownRowMapper -productMstDropDownRowMapper  Method Exceptionjava.sql.SQLSyntaxErrorException: Column 'PKA_ID' not found.
				
2026-07-04 15:20:03 [http-nio-8495-exec-10] ERROR c.v.d.r.productMstDropDownRowMapper -productMstDropDownRowMapper  Method Exceptionjava.sql.SQLSyntaxErrorException: Column 'PKA_ID' not found.
				
2026-07-04 15:20:03 [http-nio-8495-exec-10] ERROR c.v.d.r.productMstDropDownRowMapper -productMstDropDownRowMapper  Method Exceptionjava.sql.SQLSyntaxErrorException: Column 'PKA_ID' not found.
				
2026-07-04 15:20:03 [http-nio-8495-exec-10] ERROR c.v.d.r.productMstDropDownRowMapper -productMstDropDownRowMapper  Method Exceptionjava.sql.SQLSyntaxErrorException: Column 'PKA_ID' not found.
				
2026-07-04 15:20:03 [http-nio-8495-exec-10] ERROR c.v.d.r.productMstDropDownRowMapper -productMstDropDownRowMapper  Method Exceptionjava.sql.SQLSyntaxErrorException: Column 'PKA_ID' not found.
				
2026-07-04 15:20:03 [http-nio-8495-exec-10] ERROR c.v.d.r.productMstDropDownRowMapper -productMstDropDownRowMapper  Method Exceptionjava.sql.SQLSyntaxErrorException: Column 'PKA_ID' not found.
				
2026-07-04 15:20:03 [http-nio-8495-exec-10] ERROR c.v.d.r.productMstDropDownRowMapper -productMstDropDownRowMapper  Method Exceptionjava.sql.SQLSyntaxErrorException: Column 'PKA_ID' not found.
				
2026-07-04 15:20:03 [http-nio-8495-exec-10] ERROR c.v.d.r.productMstDropDownRowMapper -productMstDropDownRowMapper  Method Exceptionjava.sql.SQLSyntaxErrorException: Column 'PKA_ID' not found.
				
2026-07-04 15:20:03 [http-nio-8495-exec-10] ERROR c.v.d.r.productMstDropDownRowMapper -productMstDropDownRowMapper  Method Exceptionjava.sql.SQLSyntaxErrorException: Column 'PKA_ID' not found.
				
2026-07-04 15:20:03 [http-nio-8495-exec-10] ERROR c.v.d.r.productMstDropDownRowMapper -productMstDropDownRowMapper  Method Exceptionjava.sql.SQLSyntaxErrorException: Column 'PKA_ID' not found.
				
2026-07-04 15:20:03 [http-nio-8495-exec-10] ERROR c.v.d.r.productMstDropDownRowMapper -productMstDropDownRowMapper  Method Exceptionjava.sql.SQLSyntaxErrorException: Column 'PKA_ID' not found.
				
2026-07-04 15:20:03 [http-nio-8495-exec-10] ERROR c.v.d.r.productMstDropDownRowMapper -productMstDropDownRowMapper  Method Exceptionjava.sql.SQLSyntaxErrorException: Column 'PKA_ID' not found.
				
2026-07-04 15:20:03 [http-nio-8495-exec-10] ERROR c.v.d.r.productMstDropDownRowMapper -productMstDropDownRowMapper  Method Exceptionjava.sql.SQLSyntaxErrorException: Column 'PKA_ID' not found.
				
2026-07-04 15:20:03 [http-nio-8495-exec-10] ERROR c.v.d.r.productMstDropDownRowMapper -productMstDropDownRowMapper  Method Exceptionjava.sql.SQLSyntaxErrorException: Column 'PKA_ID' not found.
				
2026-07-04 15:20:03 [http-nio-8495-exec-10] ERROR c.v.d.r.productMstDropDownRowMapper -productMstDropDownRowMapper  Method Exceptionjava.sql.SQLSyntaxErrorException: Column 'PKA_ID' not found.
				
2026-07-04 15:20:03 [http-nio-8495-exec-10] ERROR c.v.d.r.productMstDropDownRowMapper -productMstDropDownRowMapper  Method Exceptionjava.sql.SQLSyntaxErrorException: Column 'PKA_ID' not found.
				
2026-07-04 15:20:03 [http-nio-8495-exec-10] ERROR c.v.d.r.productMstDropDownRowMapper -productMstDropDownRowMapper  Method Exceptionjava.sql.SQLSyntaxErrorException: Column 'PKA_ID' not found.
				
2026-07-04 15:20:03 [http-nio-8495-exec-10] ERROR c.v.d.r.productMstDropDownRowMapper -productMstDropDownRowMapper  Method Exceptionjava.sql.SQLSyntaxErrorException: Column 'PKA_ID' not found.
				
2026-07-04 15:20:03 [http-nio-8495-exec-10] ERROR c.v.d.r.productMstDropDownRowMapper -productMstDropDownRowMapper  Method Exceptionjava.sql.SQLSyntaxErrorException: Column 'PKA_ID' not found.
				
2026-07-04 15:20:03 [http-nio-8495-exec-10] ERROR c.v.d.r.productMstDropDownRowMapper -productMstDropDownRowMapper  Method Exceptionjava.sql.SQLSyntaxErrorException: Column 'PKA_ID' not found.
				
2026-07-04 15:20:03 [http-nio-8495-exec-10] ERROR c.v.d.r.productMstDropDownRowMapper -productMstDropDownRowMapper  Method Exceptionjava.sql.SQLSyntaxErrorException: Column 'PKA_ID' not found.
				
2026-07-04 15:20:03 [http-nio-8495-exec-10] ERROR c.v.d.r.productMstDropDownRowMapper -productMstDropDownRowMapper  Method Exceptionjava.sql.SQLSyntaxErrorException: Column 'PKA_ID' not found.
				
2026-07-04 15:20:03 [http-nio-8495-exec-10] ERROR c.v.d.r.productMstDropDownRowMapper -productMstDropDownRowMapper  Method Exceptionjava.sql.SQLSyntaxErrorException: Column 'PKA_ID' not found.
				
2026-07-04 15:20:03 [http-nio-8495-exec-10] ERROR c.v.d.r.productMstDropDownRowMapper -productMstDropDownRowMapper  Method Exceptionjava.sql.SQLSyntaxErrorException: Column 'PKA_ID' not found.
				
2026-07-04 15:20:03 [http-nio-8495-exec-10] ERROR c.v.d.r.productMstDropDownRowMapper -productMstDropDownRowMapper  Method Exceptionjava.sql.SQLSyntaxErrorException: Column 'PKA_ID' not found.
				
2026-07-04 15:20:03 [http-nio-8495-exec-10] ERROR c.v.d.r.productMstDropDownRowMapper -productMstDropDownRowMapper  Method Exceptionjava.sql.SQLSyntaxErrorException: Column 'PKA_ID' not found.
				
2026-07-04 15:20:03 [http-nio-8495-exec-10] ERROR c.v.d.r.productMstDropDownRowMapper -productMstDropDownRowMapper  Method Exceptionjava.sql.SQLSyntaxErrorException: Column 'PKA_ID' not found.
				
2026-07-04 15:20:03 [http-nio-8495-exec-10] ERROR c.v.d.r.productMstDropDownRowMapper -productMstDropDownRowMapper  Method Exceptionjava.sql.SQLSyntaxErrorException: Column 'PKA_ID' not found.
				
2026-07-04 15:20:03 [http-nio-8495-exec-10] ERROR c.v.d.r.productMstDropDownRowMapper -productMstDropDownRowMapper  Method Exceptionjava.sql.SQLSyntaxErrorException: Column 'PKA_ID' not found.
				
2026-07-04 15:20:03 [http-nio-8495-exec-10] ERROR c.v.d.r.productMstDropDownRowMapper -productMstDropDownRowMapper  Method Exceptionjava.sql.SQLSyntaxErrorException: Column 'PKA_ID' not found.
				
2026-07-04 15:20:03 [http-nio-8495-exec-10] ERROR c.v.d.r.productMstDropDownRowMapper -productMstDropDownRowMapper  Method Exceptionjava.sql.SQLSyntaxErrorException: Column 'PKA_ID' not found.
				
2026-07-04 15:20:03 [http-nio-8495-exec-10] ERROR c.v.d.r.productMstDropDownRowMapper -productMstDropDownRowMapper  Method Exceptionjava.sql.SQLSyntaxErrorException: Column 'PKA_ID' not found.
				
2026-07-04 15:20:03 [http-nio-8495-exec-10] ERROR c.v.d.r.productMstDropDownRowMapper -productMstDropDownRowMapper  Method Exceptionjava.sql.SQLSyntaxErrorException: Column 'PKA_ID' not found.
				
2026-07-04 15:20:03 [http-nio-8495-exec-10] ERROR c.v.d.r.productMstDropDownRowMapper -productMstDropDownRowMapper  Method Exceptionjava.sql.SQLSyntaxErrorException: Column 'PKA_ID' not found.
				
2026-07-04 15:20:03 [http-nio-8495-exec-10] ERROR c.v.d.r.productMstDropDownRowMapper -productMstDropDownRowMapper  Method Exceptionjava.sql.SQLSyntaxErrorException: Column 'PKA_ID' not found.
				
2026-07-04 15:20:03 [http-nio-8495-exec-10] ERROR c.v.d.r.productMstDropDownRowMapper -productMstDropDownRowMapper  Method Exceptionjava.sql.SQLSyntaxErrorException: Column 'PKA_ID' not found.
				
2026-07-04 15:20:03 [http-nio-8495-exec-10] ERROR c.v.d.r.productMstDropDownRowMapper -productMstDropDownRowMapper  Method Exceptionjava.sql.SQLSyntaxErrorException: Column 'PKA_ID' not found.
				
2026-07-04 15:20:03 [http-nio-8495-exec-10] ERROR c.v.d.r.productMstDropDownRowMapper -productMstDropDownRowMapper  Method Exceptionjava.sql.SQLSyntaxErrorException: Column 'PKA_ID' not found.
				
2026-07-04 15:20:03 [http-nio-8495-exec-10] ERROR c.v.d.r.productMstDropDownRowMapper -productMstDropDownRowMapper  Method Exceptionjava.sql.SQLSyntaxErrorException: Column 'PKA_ID' not found.
				
2026-07-04 15:20:03 [http-nio-8495-exec-10] ERROR c.v.d.r.productMstDropDownRowMapper -productMstDropDownRowMapper  Method Exceptionjava.sql.SQLSyntaxErrorException: Column 'PKA_ID' not found.
				
2026-07-04 15:20:03 [http-nio-8495-exec-10] ERROR c.v.d.r.productMstDropDownRowMapper -productMstDropDownRowMapper  Method Exceptionjava.sql.SQLSyntaxErrorException: Column 'PKA_ID' not found.
				
2026-07-04 15:20:03 [http-nio-8495-exec-10] ERROR c.v.d.r.productMstDropDownRowMapper -productMstDropDownRowMapper  Method Exceptionjava.sql.SQLSyntaxErrorException: Column 'PKA_ID' not found.
				
2026-07-04 15:20:03 [http-nio-8495-exec-10] ERROR c.v.d.r.productMstDropDownRowMapper -productMstDropDownRowMapper  Method Exceptionjava.sql.SQLSyntaxErrorException: Column 'PKA_ID' not found.
				
2026-07-04 15:20:03 [http-nio-8495-exec-10] ERROR c.v.d.r.productMstDropDownRowMapper -productMstDropDownRowMapper  Method Exceptionjava.sql.SQLSyntaxErrorException: Column 'PKA_ID' not found.
				
2026-07-04 15:20:03 [http-nio-8495-exec-10] ERROR c.v.d.r.productMstDropDownRowMapper -productMstDropDownRowMapper  Method Exceptionjava.sql.SQLSyntaxErrorException: Column 'PKA_ID' not found.
				
2026-07-04 15:20:03 [http-nio-8495-exec-10] ERROR c.v.d.r.productMstDropDownRowMapper -productMstDropDownRowMapper  Method Exceptionjava.sql.SQLSyntaxErrorException: Column 'PKA_ID' not found.
				
2026-07-04 15:20:03 [http-nio-8495-exec-10] ERROR c.v.d.r.productMstDropDownRowMapper -productMstDropDownRowMapper  Method Exceptionjava.sql.SQLSyntaxErrorException: Column 'PKA_ID' not found.
				
2026-07-04 15:20:03 [http-nio-8495-exec-10] ERROR c.v.d.r.productMstDropDownRowMapper -productMstDropDownRowMapper  Method Exceptionjava.sql.SQLSyntaxErrorException: Column 'PKA_ID' not found.
				
2026-07-04 15:20:03 [http-nio-8495-exec-10] ERROR c.v.d.r.productMstDropDownRowMapper -productMstDropDownRowMapper  Method Exceptionjava.sql.SQLSyntaxErrorException: Column 'PKA_ID' not found.
				
2026-07-04 15:20:03 [http-nio-8495-exec-10] ERROR c.v.d.r.productMstDropDownRowMapper -productMstDropDownRowMapper  Method Exceptionjava.sql.SQLSyntaxErrorException: Column 'PKA_ID' not found.
				
2026-07-04 15:20:03 [http-nio-8495-exec-10] ERROR c.v.d.r.productMstDropDownRowMapper -productMstDropDownRowMapper  Method Exceptionjava.sql.SQLSyntaxErrorException: Column 'PKA_ID' not found.
				
2026-07-04 15:20:03 [http-nio-8495-exec-10] ERROR c.v.d.r.productMstDropDownRowMapper -productMstDropDownRowMapper  Method Exceptionjava.sql.SQLSyntaxErrorException: Column 'PKA_ID' not found.
				
2026-07-04 15:20:03 [http-nio-8495-exec-10] ERROR c.v.d.r.productMstDropDownRowMapper -productMstDropDownRowMapper  Method Exceptionjava.sql.SQLSyntaxErrorException: Column 'PKA_ID' not found.
				
2026-07-04 15:20:03 [http-nio-8495-exec-10] ERROR c.v.d.r.productMstDropDownRowMapper -productMstDropDownRowMapper  Method Exceptionjava.sql.SQLSyntaxErrorException: Column 'PKA_ID' not found.
				
2026-07-04 15:20:03 [http-nio-8495-exec-10] ERROR c.v.d.r.productMstDropDownRowMapper -productMstDropDownRowMapper  Method Exceptionjava.sql.SQLSyntaxErrorException: Column 'PKA_ID' not found.
				
2026-07-04 15:20:03 [http-nio-8495-exec-10] ERROR c.v.d.r.productMstDropDownRowMapper -productMstDropDownRowMapper  Method Exceptionjava.sql.SQLSyntaxErrorException: Column 'PKA_ID' not found.
				
2026-07-04 15:20:03 [http-nio-8495-exec-10] ERROR c.v.d.r.productMstDropDownRowMapper -productMstDropDownRowMapper  Method Exceptionjava.sql.SQLSyntaxErrorException: Column 'PKA_ID' not found.
				
2026-07-04 15:20:03 [http-nio-8495-exec-10] ERROR c.v.d.r.productMstDropDownRowMapper -productMstDropDownRowMapper  Method Exceptionjava.sql.SQLSyntaxErrorException: Column 'PKA_ID' not found.
				
2026-07-04 15:20:03 [http-nio-8495-exec-10] ERROR c.v.d.r.productMstDropDownRowMapper -productMstDropDownRowMapper  Method Exceptionjava.sql.SQLSyntaxErrorException: Column 'PKA_ID' not found.
				
2026-07-04 15:20:03 [http-nio-8495-exec-10] ERROR c.v.d.r.productMstDropDownRowMapper -productMstDropDownRowMapper  Method Exceptionjava.sql.SQLSyntaxErrorException: Column 'PKA_ID' not found.
				
2026-07-04 15:20:03 [http-nio-8495-exec-10] ERROR c.v.d.r.productMstDropDownRowMapper -productMstDropDownRowMapper  Method Exceptionjava.sql.SQLSyntaxErrorException: Column 'PKA_ID' not found.
				
2026-07-04 15:20:03 [http-nio-8495-exec-10] ERROR c.v.d.r.productMstDropDownRowMapper -productMstDropDownRowMapper  Method Exceptionjava.sql.SQLSyntaxErrorException: Column 'PKA_ID' not found.
				
2026-07-04 15:20:03 [http-nio-8495-exec-10] ERROR c.v.d.r.productMstDropDownRowMapper -productMstDropDownRowMapper  Method Exceptionjava.sql.SQLSyntaxErrorException: Column 'PKA_ID' not found.
				
2026-07-04 15:20:03 [http-nio-8495-exec-10] ERROR c.v.d.r.productMstDropDownRowMapper -productMstDropDownRowMapper  Method Exceptionjava.sql.SQLSyntaxErrorException: Column 'PKA_ID' not found.
				
2026-07-04 15:20:03 [http-nio-8495-exec-10] ERROR c.v.d.r.productMstDropDownRowMapper -productMstDropDownRowMapper  Method Exceptionjava.sql.SQLSyntaxErrorException: Column 'PKA_ID' not found.
				
2026-07-04 15:20:03 [http-nio-8495-exec-10] ERROR c.v.d.r.productMstDropDownRowMapper -productMstDropDownRowMapper  Method Exceptionjava.sql.SQLSyntaxErrorException: Column 'PKA_ID' not found.
				
2026-07-04 15:20:03 [http-nio-8495-exec-10] ERROR c.v.d.r.productMstDropDownRowMapper -productMstDropDownRowMapper  Method Exceptionjava.sql.SQLSyntaxErrorException: Column 'PKA_ID' not found.
				
2026-07-04 15:20:03 [http-nio-8495-exec-10] ERROR c.v.d.r.productMstDropDownRowMapper -productMstDropDownRowMapper  Method Exceptionjava.sql.SQLSyntaxErrorException: Column 'PKA_ID' not found.
				
2026-07-04 15:20:03 [http-nio-8495-exec-10] ERROR c.v.d.r.productMstDropDownRowMapper -productMstDropDownRowMapper  Method Exceptionjava.sql.SQLSyntaxErrorException: Column 'PKA_ID' not found.
				
2026-07-04 15:20:03 [http-nio-8495-exec-10] ERROR c.v.d.r.productMstDropDownRowMapper -productMstDropDownRowMapper  Method Exceptionjava.sql.SQLSyntaxErrorException: Column 'PKA_ID' not found.
				
2026-07-04 15:20:03 [http-nio-8495-exec-10] ERROR c.v.d.r.productMstDropDownRowMapper -productMstDropDownRowMapper  Method Exceptionjava.sql.SQLSyntaxErrorException: Column 'PKA_ID' not found.
				
2026-07-04 15:20:03 [http-nio-8495-exec-10] ERROR c.v.d.r.productMstDropDownRowMapper -productMstDropDownRowMapper  Method Exceptionjava.sql.SQLSyntaxErrorException: Column 'PKA_ID' not found.
				
2026-07-04 15:20:03 [http-nio-8495-exec-10] ERROR c.v.d.r.productMstDropDownRowMapper -productMstDropDownRowMapper  Method Exceptionjava.sql.SQLSyntaxErrorException: Column 'PKA_ID' not found.
				
2026-07-04 15:20:03 [http-nio-8495-exec-10] ERROR c.v.d.r.productMstDropDownRowMapper -productMstDropDownRowMapper  Method Exceptionjava.sql.SQLSyntaxErrorException: Column 'PKA_ID' not found.
				
2026-07-04 15:20:03 [http-nio-8495-exec-10] ERROR c.v.d.r.productMstDropDownRowMapper -productMstDropDownRowMapper  Method Exceptionjava.sql.SQLSyntaxErrorException: Column 'PKA_ID' not found.
				
2026-07-04 15:20:03 [http-nio-8495-exec-10] ERROR c.v.d.r.productMstDropDownRowMapper -productMstDropDownRowMapper  Method Exceptionjava.sql.SQLSyntaxErrorException: Column 'PKA_ID' not found.
				
2026-07-04 15:20:03 [http-nio-8495-exec-10] ERROR c.v.d.r.productMstDropDownRowMapper -productMstDropDownRowMapper  Method Exceptionjava.sql.SQLSyntaxErrorException: Column 'PKA_ID' not found.
				
2026-07-04 15:20:03 [http-nio-8495-exec-10] ERROR c.v.d.r.productMstDropDownRowMapper -productMstDropDownRowMapper  Method Exceptionjava.sql.SQLSyntaxErrorException: Column 'PKA_ID' not found.
				
2026-07-04 15:20:03 [http-nio-8495-exec-10] ERROR c.v.d.r.productMstDropDownRowMapper -productMstDropDownRowMapper  Method Exceptionjava.sql.SQLSyntaxErrorException: Column 'PKA_ID' not found.
				
2026-07-04 15:20:03 [http-nio-8495-exec-10] ERROR c.v.d.r.productMstDropDownRowMapper -productMstDropDownRowMapper  Method Exceptionjava.sql.SQLSyntaxErrorException: Column 'PKA_ID' not found.
				
2026-07-04 15:20:03 [http-nio-8495-exec-10] ERROR c.v.d.r.productMstDropDownRowMapper -productMstDropDownRowMapper  Method Exceptionjava.sql.SQLSyntaxErrorException: Column 'PKA_ID' not found.
				
2026-07-04 15:20:03 [http-nio-8495-exec-10] ERROR c.v.d.r.productMstDropDownRowMapper -productMstDropDownRowMapper  Method Exceptionjava.sql.SQLSyntaxErrorException: Column 'PKA_ID' not found.
				
2026-07-04 15:20:03 [http-nio-8495-exec-10] ERROR c.v.d.r.productMstDropDownRowMapper -productMstDropDownRowMapper  Method Exceptionjava.sql.SQLSyntaxErrorException: Column 'PKA_ID' not found.
				
2026-07-04 15:20:03 [http-nio-8495-exec-10] ERROR c.v.d.r.productMstDropDownRowMapper -productMstDropDownRowMapper  Method Exceptionjava.sql.SQLSyntaxErrorException: Column 'PKA_ID' not found.
				
2026-07-04 15:20:03 [http-nio-8495-exec-10] ERROR c.v.d.r.productMstDropDownRowMapper -productMstDropDownRowMapper  Method Exceptionjava.sql.SQLSyntaxErrorException: Column 'PKA_ID' not found.
				
2026-07-04 15:20:03 [http-nio-8495-exec-10] ERROR c.v.d.r.productMstDropDownRowMapper -productMstDropDownRowMapper  Method Exceptionjava.sql.SQLSyntaxErrorException: Column 'PKA_ID' not found.
				
2026-07-04 15:20:03 [http-nio-8495-exec-10] ERROR c.v.d.r.productMstDropDownRowMapper -productMstDropDownRowMapper  Method Exceptionjava.sql.SQLSyntaxErrorException: Column 'PKA_ID' not found.
				
2026-07-04 15:20:03 [http-nio-8495-exec-10] ERROR c.v.d.r.productMstDropDownRowMapper -productMstDropDownRowMapper  Method Exceptionjava.sql.SQLSyntaxErrorException: Column 'PKA_ID' not found.
				
2026-07-04 15:20:03 [http-nio-8495-exec-10] ERROR c.v.d.r.productMstDropDownRowMapper -productMstDropDownRowMapper  Method Exceptionjava.sql.SQLSyntaxErrorException: Column 'PKA_ID' not found.
				
2026-07-04 15:20:03 [http-nio-8495-exec-10] ERROR c.v.d.r.productMstDropDownRowMapper -productMstDropDownRowMapper  Method Exceptionjava.sql.SQLSyntaxErrorException: Column 'PKA_ID' not found.
				
2026-07-04 15:20:03 [http-nio-8495-exec-10] ERROR c.v.d.r.productMstDropDownRowMapper -productMstDropDownRowMapper  Method Exceptionjava.sql.SQLSyntaxErrorException: Column 'PKA_ID' not found.
				
2026-07-04 15:20:03 [http-nio-8495-exec-10] ERROR c.v.d.r.productMstDropDownRowMapper -productMstDropDownRowMapper  Method Exceptionjava.sql.SQLSyntaxErrorException: Column 'PKA_ID' not found.
				
2026-07-04 15:20:03 [http-nio-8495-exec-10] ERROR c.v.d.r.productMstDropDownRowMapper -productMstDropDownRowMapper  Method Exceptionjava.sql.SQLSyntaxErrorException: Column 'PKA_ID' not found.
				
2026-07-04 15:20:03 [http-nio-8495-exec-10] ERROR c.v.d.r.productMstDropDownRowMapper -productMstDropDownRowMapper  Method Exceptionjava.sql.SQLSyntaxErrorException: Column 'PKA_ID' not found.
				
2026-07-04 15:20:03 [http-nio-8495-exec-10] ERROR c.v.d.r.productMstDropDownRowMapper -productMstDropDownRowMapper  Method Exceptionjava.sql.SQLSyntaxErrorException: Column 'PKA_ID' not found.
				
2026-07-04 15:20:03 [http-nio-8495-exec-10] ERROR c.v.d.r.productMstDropDownRowMapper -productMstDropDownRowMapper  Method Exceptionjava.sql.SQLSyntaxErrorException: Column 'PKA_ID' not found.
				
2026-07-04 15:20:03 [http-nio-8495-exec-10] ERROR c.v.d.r.productMstDropDownRowMapper -productMstDropDownRowMapper  Method Exceptionjava.sql.SQLSyntaxErrorException: Column 'PKA_ID' not found.
				
2026-07-04 15:20:03 [http-nio-8495-exec-10] ERROR c.v.d.r.productMstDropDownRowMapper -productMstDropDownRowMapper  Method Exceptionjava.sql.SQLSyntaxErrorException: Column 'PKA_ID' not found.
				
2026-07-04 15:20:03 [http-nio-8495-exec-10] ERROR c.v.d.r.productMstDropDownRowMapper -productMstDropDownRowMapper  Method Exceptionjava.sql.SQLSyntaxErrorException: Column 'PKA_ID' not found.
				
2026-07-04 15:20:03 [http-nio-8495-exec-10] ERROR c.v.d.r.productMstDropDownRowMapper -productMstDropDownRowMapper  Method Exceptionjava.sql.SQLSyntaxErrorException: Column 'PKA_ID' not found.
				
2026-07-04 15:20:03 [http-nio-8495-exec-10] ERROR c.v.d.r.productMstDropDownRowMapper -productMstDropDownRowMapper  Method Exceptionjava.sql.SQLSyntaxErrorException: Column 'PKA_ID' not found.
				
2026-07-04 15:20:03 [http-nio-8495-exec-10] ERROR c.v.d.r.productMstDropDownRowMapper -productMstDropDownRowMapper  Method Exceptionjava.sql.SQLSyntaxErrorException: Column 'PKA_ID' not found.
				
2026-07-04 15:20:03 [http-nio-8495-exec-10] ERROR c.v.d.r.productMstDropDownRowMapper -productMstDropDownRowMapper  Method Exceptionjava.sql.SQLSyntaxErrorException: Column 'PKA_ID' not found.
				
2026-07-04 15:20:03 [http-nio-8495-exec-10] ERROR c.v.d.r.productMstDropDownRowMapper -productMstDropDownRowMapper  Method Exceptionjava.sql.SQLSyntaxErrorException: Column 'PKA_ID' not found.
				
2026-07-04 15:20:03 [http-nio-8495-exec-10] ERROR c.v.d.r.productMstDropDownRowMapper -productMstDropDownRowMapper  Method Exceptionjava.sql.SQLSyntaxErrorException: Column 'PKA_ID' not found.
				
2026-07-04 15:20:03 [http-nio-8495-exec-10] ERROR c.v.d.r.productMstDropDownRowMapper -productMstDropDownRowMapper  Method Exceptionjava.sql.SQLSyntaxErrorException: Column 'PKA_ID' not found.
				
2026-07-04 15:20:03 [http-nio-8495-exec-10] ERROR c.v.d.r.productMstDropDownRowMapper -productMstDropDownRowMapper  Method Exceptionjava.sql.SQLSyntaxErrorException: Column 'PKA_ID' not found.
				
2026-07-04 15:20:03 [http-nio-8495-exec-10] ERROR c.v.d.r.productMstDropDownRowMapper -productMstDropDownRowMapper  Method Exceptionjava.sql.SQLSyntaxErrorException: Column 'PKA_ID' not found.
				
2026-07-04 15:20:03 [http-nio-8495-exec-10] ERROR c.v.d.r.productMstDropDownRowMapper -productMstDropDownRowMapper  Method Exceptionjava.sql.SQLSyntaxErrorException: Column 'PKA_ID' not found.
				
2026-07-04 15:20:03 [http-nio-8495-exec-10] ERROR c.v.d.r.productMstDropDownRowMapper -productMstDropDownRowMapper  Method Exceptionjava.sql.SQLSyntaxErrorException: Column 'PKA_ID' not found.
				
2026-07-04 15:20:03 [http-nio-8495-exec-10] ERROR c.v.d.r.productMstDropDownRowMapper -productMstDropDownRowMapper  Method Exceptionjava.sql.SQLSyntaxErrorException: Column 'PKA_ID' not found.
				
2026-07-04 15:20:03 [http-nio-8495-exec-10] ERROR c.v.d.r.productMstDropDownRowMapper -productMstDropDownRowMapper  Method Exceptionjava.sql.SQLSyntaxErrorException: Column 'PKA_ID' not found.
				
2026-07-04 15:20:03 [http-nio-8495-exec-10] ERROR c.v.d.r.productMstDropDownRowMapper -productMstDropDownRowMapper  Method Exceptionjava.sql.SQLSyntaxErrorException: Column 'PKA_ID' not found.
				
2026-07-04 15:20:03 [http-nio-8495-exec-10] ERROR c.v.d.r.productMstDropDownRowMapper -productMstDropDownRowMapper  Method Exceptionjava.sql.SQLSyntaxErrorException: Column 'PKA_ID' not found.
				
2026-07-04 15:20:03 [http-nio-8495-exec-10] ERROR c.v.d.r.productMstDropDownRowMapper -productMstDropDownRowMapper  Method Exceptionjava.sql.SQLSyntaxErrorException: Column 'PKA_ID' not found.
				
2026-07-04 15:20:03 [http-nio-8495-exec-10] ERROR c.v.d.r.productMstDropDownRowMapper -productMstDropDownRowMapper  Method Exceptionjava.sql.SQLSyntaxErrorException: Column 'PKA_ID' not found.
				
2026-07-04 15:20:03 [http-nio-8495-exec-10] ERROR c.v.d.r.productMstDropDownRowMapper -productMstDropDownRowMapper  Method Exceptionjava.sql.SQLSyntaxErrorException: Column 'PKA_ID' not found.
				
2026-07-04 15:20:03 [http-nio-8495-exec-10] ERROR c.v.d.r.productMstDropDownRowMapper -productMstDropDownRowMapper  Method Exceptionjava.sql.SQLSyntaxErrorException: Column 'PKA_ID' not found.
				
2026-07-04 15:20:03 [http-nio-8495-exec-10] ERROR c.v.d.r.productMstDropDownRowMapper -productMstDropDownRowMapper  Method Exceptionjava.sql.SQLSyntaxErrorException: Column 'PKA_ID' not found.
				
2026-07-04 15:20:03 [http-nio-8495-exec-10] ERROR c.v.d.r.productMstDropDownRowMapper -productMstDropDownRowMapper  Method Exceptionjava.sql.SQLSyntaxErrorException: Column 'PKA_ID' not found.
				
2026-07-04 15:20:03 [http-nio-8495-exec-10] ERROR c.v.d.r.productMstDropDownRowMapper -productMstDropDownRowMapper  Method Exceptionjava.sql.SQLSyntaxErrorException: Column 'PKA_ID' not found.
				
2026-07-04 15:20:03 [http-nio-8495-exec-10] ERROR c.v.d.r.productMstDropDownRowMapper -productMstDropDownRowMapper  Method Exceptionjava.sql.SQLSyntaxErrorException: Column 'PKA_ID' not found.
				
2026-07-04 15:20:03 [http-nio-8495-exec-10] ERROR c.v.d.r.productMstDropDownRowMapper -productMstDropDownRowMapper  Method Exceptionjava.sql.SQLSyntaxErrorException: Column 'PKA_ID' not found.
				
2026-07-04 15:20:03 [http-nio-8495-exec-10] ERROR c.v.d.r.productMstDropDownRowMapper -productMstDropDownRowMapper  Method Exceptionjava.sql.SQLSyntaxErrorException: Column 'PKA_ID' not found.
				
2026-07-04 15:20:03 [http-nio-8495-exec-10] ERROR c.v.d.r.productMstDropDownRowMapper -productMstDropDownRowMapper  Method Exceptionjava.sql.SQLSyntaxErrorException: Column 'PKA_ID' not found.
				
2026-07-04 15:20:03 [http-nio-8495-exec-10] ERROR c.v.d.r.productMstDropDownRowMapper -productMstDropDownRowMapper  Method Exceptionjava.sql.SQLSyntaxErrorException: Column 'PKA_ID' not found.
				
2026-07-04 15:20:03 [http-nio-8495-exec-10] ERROR c.v.d.r.productMstDropDownRowMapper -productMstDropDownRowMapper  Method Exceptionjava.sql.SQLSyntaxErrorException: Column 'PKA_ID' not found.
				
2026-07-04 15:20:03 [http-nio-8495-exec-10] ERROR c.v.d.r.productMstDropDownRowMapper -productMstDropDownRowMapper  Method Exceptionjava.sql.SQLSyntaxErrorException: Column 'PKA_ID' not found.
				
2026-07-04 15:20:03 [http-nio-8495-exec-10] ERROR c.v.d.r.productMstDropDownRowMapper -productMstDropDownRowMapper  Method Exceptionjava.sql.SQLSyntaxErrorException: Column 'PKA_ID' not found.
				
2026-07-04 15:20:03 [http-nio-8495-exec-10] ERROR c.v.d.r.productMstDropDownRowMapper -productMstDropDownRowMapper  Method Exceptionjava.sql.SQLSyntaxErrorException: Column 'PKA_ID' not found.
				
2026-07-04 15:20:03 [http-nio-8495-exec-10] ERROR c.v.d.r.productMstDropDownRowMapper -productMstDropDownRowMapper  Method Exceptionjava.sql.SQLSyntaxErrorException: Column 'PKA_ID' not found.
				
2026-07-04 15:20:03 [http-nio-8495-exec-10] ERROR c.v.d.r.productMstDropDownRowMapper -productMstDropDownRowMapper  Method Exceptionjava.sql.SQLSyntaxErrorException: Column 'PKA_ID' not found.
				
2026-07-04 15:20:03 [http-nio-8495-exec-10] ERROR c.v.d.r.productMstDropDownRowMapper -productMstDropDownRowMapper  Method Exceptionjava.sql.SQLSyntaxErrorException: Column 'PKA_ID' not found.
				
2026-07-04 15:20:03 [http-nio-8495-exec-10] ERROR c.v.d.r.productMstDropDownRowMapper -productMstDropDownRowMapper  Method Exceptionjava.sql.SQLSyntaxErrorException: Column 'PKA_ID' not found.
				
2026-07-04 15:20:03 [http-nio-8495-exec-10] ERROR c.v.d.r.productMstDropDownRowMapper -productMstDropDownRowMapper  Method Exceptionjava.sql.SQLSyntaxErrorException: Column 'PKA_ID' not found.
				
2026-07-04 15:20:03 [http-nio-8495-exec-10] ERROR c.v.d.r.productMstDropDownRowMapper -productMstDropDownRowMapper  Method Exceptionjava.sql.SQLSyntaxErrorException: Column 'PKA_ID' not found.
				
2026-07-04 15:20:03 [http-nio-8495-exec-10] ERROR c.v.d.r.productMstDropDownRowMapper -productMstDropDownRowMapper  Method Exceptionjava.sql.SQLSyntaxErrorException: Column 'PKA_ID' not found.
				
2026-07-04 15:20:03 [http-nio-8495-exec-10] ERROR c.v.d.r.productMstDropDownRowMapper -productMstDropDownRowMapper  Method Exceptionjava.sql.SQLSyntaxErrorException: Column 'PKA_ID' not found.
				
2026-07-04 15:20:03 [http-nio-8495-exec-10] ERROR c.v.d.r.productMstDropDownRowMapper -productMstDropDownRowMapper  Method Exceptionjava.sql.SQLSyntaxErrorException: Column 'PKA_ID' not found.
				
2026-07-04 15:20:03 [http-nio-8495-exec-10] ERROR c.v.d.r.productMstDropDownRowMapper -productMstDropDownRowMapper  Method Exceptionjava.sql.SQLSyntaxErrorException: Column 'PKA_ID' not found.
				
2026-07-04 15:20:03 [http-nio-8495-exec-10] ERROR c.v.d.r.productMstDropDownRowMapper -productMstDropDownRowMapper  Method Exceptionjava.sql.SQLSyntaxErrorException: Column 'PKA_ID' not found.
				
2026-07-04 15:20:03 [http-nio-8495-exec-10] ERROR c.v.d.r.productMstDropDownRowMapper -productMstDropDownRowMapper  Method Exceptionjava.sql.SQLSyntaxErrorException: Column 'PKA_ID' not found.
				
2026-07-04 15:20:03 [http-nio-8495-exec-10] ERROR c.v.d.r.productMstDropDownRowMapper -productMstDropDownRowMapper  Method Exceptionjava.sql.SQLSyntaxErrorException: Column 'PKA_ID' not found.
				
2026-07-04 15:20:03 [http-nio-8495-exec-10] ERROR c.v.d.r.productMstDropDownRowMapper -productMstDropDownRowMapper  Method Exceptionjava.sql.SQLSyntaxErrorException: Column 'PKA_ID' not found.
				
2026-07-04 15:20:03 [http-nio-8495-exec-10] ERROR c.v.d.r.productMstDropDownRowMapper -productMstDropDownRowMapper  Method Exceptionjava.sql.SQLSyntaxErrorException: Column 'PKA_ID' not found.
				
2026-07-04 15:20:03 [http-nio-8495-exec-10] ERROR c.v.d.r.productMstDropDownRowMapper -productMstDropDownRowMapper  Method Exceptionjava.sql.SQLSyntaxErrorException: Column 'PKA_ID' not found.
				
2026-07-04 15:20:03 [http-nio-8495-exec-10] ERROR c.v.d.r.productMstDropDownRowMapper -productMstDropDownRowMapper  Method Exceptionjava.sql.SQLSyntaxErrorException: Column 'PKA_ID' not found.
				
2026-07-04 15:20:03 [http-nio-8495-exec-10] ERROR c.v.d.r.productMstDropDownRowMapper -productMstDropDownRowMapper  Method Exceptionjava.sql.SQLSyntaxErrorException: Column 'PKA_ID' not found.
				
2026-07-04 15:20:03 [http-nio-8495-exec-10] ERROR c.v.d.r.productMstDropDownRowMapper -productMstDropDownRowMapper  Method Exceptionjava.sql.SQLSyntaxErrorException: Column 'PKA_ID' not found.
				
2026-07-04 15:20:03 [http-nio-8495-exec-10] ERROR c.v.d.r.productMstDropDownRowMapper -productMstDropDownRowMapper  Method Exceptionjava.sql.SQLSyntaxErrorException: Column 'PKA_ID' not found.
				
2026-07-04 15:20:03 [http-nio-8495-exec-10] ERROR c.v.d.r.productMstDropDownRowMapper -productMstDropDownRowMapper  Method Exceptionjava.sql.SQLSyntaxErrorException: Column 'PKA_ID' not found.
				
2026-07-04 15:20:03 [http-nio-8495-exec-10] ERROR c.v.d.r.productMstDropDownRowMapper -productMstDropDownRowMapper  Method Exceptionjava.sql.SQLSyntaxErrorException: Column 'PKA_ID' not found.
				
2026-07-04 15:20:03 [http-nio-8495-exec-10] ERROR c.v.d.r.productMstDropDownRowMapper -productMstDropDownRowMapper  Method Exceptionjava.sql.SQLSyntaxErrorException: Column 'PKA_ID' not found.
				
2026-07-04 15:20:03 [http-nio-8495-exec-10] ERROR c.v.d.r.productMstDropDownRowMapper -productMstDropDownRowMapper  Method Exceptionjava.sql.SQLSyntaxErrorException: Column 'PKA_ID' not found.
				
2026-07-04 15:20:03 [http-nio-8495-exec-10] ERROR c.v.d.r.productMstDropDownRowMapper -productMstDropDownRowMapper  Method Exceptionjava.sql.SQLSyntaxErrorException: Column 'PKA_ID' not found.
				
2026-07-04 15:20:03 [http-nio-8495-exec-10] ERROR c.v.d.r.productMstDropDownRowMapper -productMstDropDownRowMapper  Method Exceptionjava.sql.SQLSyntaxErrorException: Column 'PKA_ID' not found.
				
2026-07-04 15:20:03 [http-nio-8495-exec-10] ERROR c.v.d.r.productMstDropDownRowMapper -productMstDropDownRowMapper  Method Exceptionjava.sql.SQLSyntaxErrorException: Column 'PKA_ID' not found.
				
2026-07-04 15:20:03 [http-nio-8495-exec-10] ERROR c.v.d.r.productMstDropDownRowMapper -productMstDropDownRowMapper  Method Exceptionjava.sql.SQLSyntaxErrorException: Column 'PKA_ID' not found.
				
2026-07-04 15:20:03 [http-nio-8495-exec-10] ERROR c.v.d.r.productMstDropDownRowMapper -productMstDropDownRowMapper  Method Exceptionjava.sql.SQLSyntaxErrorException: Column 'PKA_ID' not found.
				
2026-07-04 15:20:03 [http-nio-8495-exec-10] ERROR c.v.d.r.productMstDropDownRowMapper -productMstDropDownRowMapper  Method Exceptionjava.sql.SQLSyntaxErrorException: Column 'PKA_ID' not found.
				
2026-07-04 15:20:03 [http-nio-8495-exec-10] ERROR c.v.d.r.productMstDropDownRowMapper -productMstDropDownRowMapper  Method Exceptionjava.sql.SQLSyntaxErrorException: Column 'PKA_ID' not found.
				
2026-07-04 15:20:03 [http-nio-8495-exec-10] ERROR c.v.d.r.productMstDropDownRowMapper -productMstDropDownRowMapper  Method Exceptionjava.sql.SQLSyntaxErrorException: Column 'PKA_ID' not found.
				
2026-07-04 15:20:03 [http-nio-8495-exec-10] ERROR c.v.d.r.productMstDropDownRowMapper -productMstDropDownRowMapper  Method Exceptionjava.sql.SQLSyntaxErrorException: Column 'PKA_ID' not found.
				
2026-07-04 15:20:03 [http-nio-8495-exec-10] ERROR c.v.d.r.productMstDropDownRowMapper -productMstDropDownRowMapper  Method Exceptionjava.sql.SQLSyntaxErrorException: Column 'PKA_ID' not found.
				
2026-07-04 15:20:03 [http-nio-8495-exec-10] ERROR c.v.d.r.productMstDropDownRowMapper -productMstDropDownRowMapper  Method Exceptionjava.sql.SQLSyntaxErrorException: Column 'PKA_ID' not found.
				
2026-07-04 15:20:03 [http-nio-8495-exec-10] ERROR c.v.d.r.productMstDropDownRowMapper -productMstDropDownRowMapper  Method Exceptionjava.sql.SQLSyntaxErrorException: Column 'PKA_ID' not found.
				
2026-07-04 15:20:03 [http-nio-8495-exec-10] ERROR c.v.d.r.productMstDropDownRowMapper -productMstDropDownRowMapper  Method Exceptionjava.sql.SQLSyntaxErrorException: Column 'PKA_ID' not found.
				
2026-07-04 15:20:03 [http-nio-8495-exec-10] ERROR c.v.d.r.productMstDropDownRowMapper -productMstDropDownRowMapper  Method Exceptionjava.sql.SQLSyntaxErrorException: Column 'PKA_ID' not found.
				
2026-07-04 15:20:03 [http-nio-8495-exec-10] ERROR c.v.d.r.productMstDropDownRowMapper -productMstDropDownRowMapper  Method Exceptionjava.sql.SQLSyntaxErrorException: Column 'PKA_ID' not found.
				
2026-07-04 15:20:03 [http-nio-8495-exec-10] ERROR c.v.d.r.productMstDropDownRowMapper -productMstDropDownRowMapper  Method Exceptionjava.sql.SQLSyntaxErrorException: Column 'PKA_ID' not found.
				
2026-07-04 15:20:03 [http-nio-8495-exec-10] ERROR c.v.d.r.productMstDropDownRowMapper -productMstDropDownRowMapper  Method Exceptionjava.sql.SQLSyntaxErrorException: Column 'PKA_ID' not found.
				
2026-07-04 15:20:03 [http-nio-8495-exec-10] ERROR c.v.d.r.productMstDropDownRowMapper -productMstDropDownRowMapper  Method Exceptionjava.sql.SQLSyntaxErrorException: Column 'PKA_ID' not found.
				
2026-07-04 15:20:03 [http-nio-8495-exec-10] ERROR c.v.d.r.productMstDropDownRowMapper -productMstDropDownRowMapper  Method Exceptionjava.sql.SQLSyntaxErrorException: Column 'PKA_ID' not found.
				
2026-07-04 15:20:03 [http-nio-8495-exec-10] ERROR c.v.d.r.productMstDropDownRowMapper -productMstDropDownRowMapper  Method Exceptionjava.sql.SQLSyntaxErrorException: Column 'PKA_ID' not found.
				
2026-07-04 15:20:03 [http-nio-8495-exec-10] ERROR c.v.d.r.productMstDropDownRowMapper -productMstDropDownRowMapper  Method Exceptionjava.sql.SQLSyntaxErrorException: Column 'PKA_ID' not found.
				
2026-07-04 15:20:03 [http-nio-8495-exec-10] ERROR c.v.d.r.productMstDropDownRowMapper -productMstDropDownRowMapper  Method Exceptionjava.sql.SQLSyntaxErrorException: Column 'PKA_ID' not found.
				
2026-07-04 15:20:03 [http-nio-8495-exec-10] ERROR c.v.d.r.productMstDropDownRowMapper -productMstDropDownRowMapper  Method Exceptionjava.sql.SQLSyntaxErrorException: Column 'PKA_ID' not found.
				
2026-07-04 15:20:03 [http-nio-8495-exec-10] ERROR c.v.d.r.productMstDropDownRowMapper -productMstDropDownRowMapper  Method Exceptionjava.sql.SQLSyntaxErrorException: Column 'PKA_ID' not found.
				
2026-07-04 15:20:03 [http-nio-8495-exec-10] ERROR c.v.d.r.productMstDropDownRowMapper -productMstDropDownRowMapper  Method Exceptionjava.sql.SQLSyntaxErrorException: Column 'PKA_ID' not found.
				
2026-07-04 15:20:03 [http-nio-8495-exec-10] ERROR c.v.d.r.productMstDropDownRowMapper -productMstDropDownRowMapper  Method Exceptionjava.sql.SQLSyntaxErrorException: Column 'PKA_ID' not found.
				
2026-07-04 15:20:03 [http-nio-8495-exec-10] ERROR c.v.d.r.productMstDropDownRowMapper -productMstDropDownRowMapper  Method Exceptionjava.sql.SQLSyntaxErrorException: Column 'PKA_ID' not found.
				
2026-07-04 15:20:03 [http-nio-8495-exec-10] ERROR c.v.d.r.productMstDropDownRowMapper -productMstDropDownRowMapper  Method Exceptionjava.sql.SQLSyntaxErrorException: Column 'PKA_ID' not found.
				
2026-07-04 15:20:03 [http-nio-8495-exec-10] ERROR c.v.d.r.productMstDropDownRowMapper -productMstDropDownRowMapper  Method Exceptionjava.sql.SQLSyntaxErrorException: Column 'PKA_ID' not found.
				
2026-07-04 15:20:03 [http-nio-8495-exec-10] ERROR c.v.d.r.productMstDropDownRowMapper -productMstDropDownRowMapper  Method Exceptionjava.sql.SQLSyntaxErrorException: Column 'PKA_ID' not found.
				
2026-07-04 15:20:03 [http-nio-8495-exec-10] ERROR c.v.d.r.productMstDropDownRowMapper -productMstDropDownRowMapper  Method Exceptionjava.sql.SQLSyntaxErrorException: Column 'PKA_ID' not found.
				
2026-07-04 15:20:03 [http-nio-8495-exec-10] ERROR c.v.d.r.productMstDropDownRowMapper -productMstDropDownRowMapper  Method Exceptionjava.sql.SQLSyntaxErrorException: Column 'PKA_ID' not found.
				
2026-07-04 15:20:03 [http-nio-8495-exec-10] ERROR c.v.d.r.productMstDropDownRowMapper -productMstDropDownRowMapper  Method Exceptionjava.sql.SQLSyntaxErrorException: Column 'PKA_ID' not found.
				
2026-07-04 15:20:03 [http-nio-8495-exec-10] ERROR c.v.d.r.productMstDropDownRowMapper -productMstDropDownRowMapper  Method Exceptionjava.sql.SQLSyntaxErrorException: Column 'PKA_ID' not found.
				
2026-07-04 15:20:03 [http-nio-8495-exec-10] ERROR c.v.d.r.productMstDropDownRowMapper -productMstDropDownRowMapper  Method Exceptionjava.sql.SQLSyntaxErrorException: Column 'PKA_ID' not found.
				
2026-07-04 15:20:03 [http-nio-8495-exec-10] ERROR c.v.d.r.productMstDropDownRowMapper -productMstDropDownRowMapper  Method Exceptionjava.sql.SQLSyntaxErrorException: Column 'PKA_ID' not found.
				
2026-07-04 15:20:03 [http-nio-8495-exec-10] ERROR c.v.d.r.productMstDropDownRowMapper -productMstDropDownRowMapper  Method Exceptionjava.sql.SQLSyntaxErrorException: Column 'PKA_ID' not found.
				
2026-07-04 15:20:03 [http-nio-8495-exec-10] ERROR c.v.d.r.productMstDropDownRowMapper -productMstDropDownRowMapper  Method Exceptionjava.sql.SQLSyntaxErrorException: Column 'PKA_ID' not found.
				
2026-07-04 15:20:03 [http-nio-8495-exec-10] ERROR c.v.d.r.productMstDropDownRowMapper -productMstDropDownRowMapper  Method Exceptionjava.sql.SQLSyntaxErrorException: Column 'PKA_ID' not found.
				
2026-07-04 15:20:03 [http-nio-8495-exec-10] ERROR c.v.d.r.productMstDropDownRowMapper -productMstDropDownRowMapper  Method Exceptionjava.sql.SQLSyntaxErrorException: Column 'PKA_ID' not found.
				
2026-07-04 15:20:03 [http-nio-8495-exec-10] ERROR c.v.d.r.productMstDropDownRowMapper -productMstDropDownRowMapper  Method Exceptionjava.sql.SQLSyntaxErrorException: Column 'PKA_ID' not found.
				
2026-07-04 15:20:03 [http-nio-8495-exec-10] ERROR c.v.d.r.productMstDropDownRowMapper -productMstDropDownRowMapper  Method Exceptionjava.sql.SQLSyntaxErrorException: Column 'PKA_ID' not found.
				
2026-07-04 15:20:03 [http-nio-8495-exec-10] ERROR c.v.d.r.productMstDropDownRowMapper -productMstDropDownRowMapper  Method Exceptionjava.sql.SQLSyntaxErrorException: Column 'PKA_ID' not found.
				
2026-07-04 15:20:03 [http-nio-8495-exec-10] ERROR c.v.d.r.productMstDropDownRowMapper -productMstDropDownRowMapper  Method Exceptionjava.sql.SQLSyntaxErrorException: Column 'PKA_ID' not found.
				
2026-07-04 15:20:03 [http-nio-8495-exec-10] ERROR c.v.d.r.productMstDropDownRowMapper -productMstDropDownRowMapper  Method Exceptionjava.sql.SQLSyntaxErrorException: Column 'PKA_ID' not found.
				
2026-07-04 15:20:03 [http-nio-8495-exec-10] ERROR c.v.d.r.productMstDropDownRowMapper -productMstDropDownRowMapper  Method Exceptionjava.sql.SQLSyntaxErrorException: Column 'PKA_ID' not found.
				
2026-07-04 15:20:03 [http-nio-8495-exec-10] ERROR c.v.d.r.productMstDropDownRowMapper -productMstDropDownRowMapper  Method Exceptionjava.sql.SQLSyntaxErrorException: Column 'PKA_ID' not found.
				
2026-07-04 15:20:03 [http-nio-8495-exec-10] ERROR c.v.d.r.productMstDropDownRowMapper -productMstDropDownRowMapper  Method Exceptionjava.sql.SQLSyntaxErrorException: Column 'PKA_ID' not found.
				
2026-07-04 15:20:03 [http-nio-8495-exec-10] ERROR c.v.d.r.productMstDropDownRowMapper -productMstDropDownRowMapper  Method Exceptionjava.sql.SQLSyntaxErrorException: Column 'PKA_ID' not found.
				
2026-07-04 15:20:03 [http-nio-8495-exec-10] ERROR c.v.d.r.productMstDropDownRowMapper -productMstDropDownRowMapper  Method Exceptionjava.sql.SQLSyntaxErrorException: Column 'PKA_ID' not found.
				
2026-07-04 15:20:03 [http-nio-8495-exec-10] ERROR c.v.d.r.productMstDropDownRowMapper -productMstDropDownRowMapper  Method Exceptionjava.sql.SQLSyntaxErrorException: Column 'PKA_ID' not found.
				
2026-07-04 15:20:03 [http-nio-8495-exec-10] ERROR c.v.d.r.productMstDropDownRowMapper -productMstDropDownRowMapper  Method Exceptionjava.sql.SQLSyntaxErrorException: Column 'PKA_ID' not found.
				
2026-07-04 15:20:03 [http-nio-8495-exec-10] ERROR c.v.d.r.productMstDropDownRowMapper -productMstDropDownRowMapper  Method Exceptionjava.sql.SQLSyntaxErrorException: Column 'PKA_ID' not found.
				
2026-07-04 15:20:03 [http-nio-8495-exec-10] ERROR c.v.d.r.productMstDropDownRowMapper -productMstDropDownRowMapper  Method Exceptionjava.sql.SQLSyntaxErrorException: Column 'PKA_ID' not found.
				
2026-07-04 15:20:03 [http-nio-8495-exec-10] ERROR c.v.d.r.productMstDropDownRowMapper -productMstDropDownRowMapper  Method Exceptionjava.sql.SQLSyntaxErrorException: Column 'PKA_ID' not found.
				
2026-07-04 15:20:03 [http-nio-8495-exec-10] ERROR c.v.d.r.productMstDropDownRowMapper -productMstDropDownRowMapper  Method Exceptionjava.sql.SQLSyntaxErrorException: Column 'PKA_ID' not found.
				
2026-07-04 15:20:03 [http-nio-8495-exec-10] ERROR c.v.d.r.productMstDropDownRowMapper -productMstDropDownRowMapper  Method Exceptionjava.sql.SQLSyntaxErrorException: Column 'PKA_ID' not found.
				
2026-07-04 15:20:03 [http-nio-8495-exec-10] ERROR c.v.d.r.productMstDropDownRowMapper -productMstDropDownRowMapper  Method Exceptionjava.sql.SQLSyntaxErrorException: Column 'PKA_ID' not found.
				
2026-07-04 15:20:03 [http-nio-8495-exec-10] ERROR c.v.d.r.productMstDropDownRowMapper -productMstDropDownRowMapper  Method Exceptionjava.sql.SQLSyntaxErrorException: Column 'PKA_ID' not found.
				
2026-07-04 15:20:03 [http-nio-8495-exec-10] ERROR c.v.d.r.productMstDropDownRowMapper -productMstDropDownRowMapper  Method Exceptionjava.sql.SQLSyntaxErrorException: Column 'PKA_ID' not found.
				
2026-07-04 15:20:03 [http-nio-8495-exec-10] ERROR c.v.d.r.productMstDropDownRowMapper -productMstDropDownRowMapper  Method Exceptionjava.sql.SQLSyntaxErrorException: Column 'PKA_ID' not found.
				
2026-07-04 15:20:03 [http-nio-8495-exec-10] ERROR c.v.d.r.productMstDropDownRowMapper -productMstDropDownRowMapper  Method Exceptionjava.sql.SQLSyntaxErrorException: Column 'PKA_ID' not found.
				
2026-07-04 15:20:03 [http-nio-8495-exec-10] ERROR c.v.d.r.productMstDropDownRowMapper -productMstDropDownRowMapper  Method Exceptionjava.sql.SQLSyntaxErrorException: Column 'PKA_ID' not found.
				
2026-07-04 15:20:03 [http-nio-8495-exec-10] ERROR c.v.d.r.productMstDropDownRowMapper -productMstDropDownRowMapper  Method Exceptionjava.sql.SQLSyntaxErrorException: Column 'PKA_ID' not found.
				
2026-07-04 15:20:03 [http-nio-8495-exec-10] ERROR c.v.d.r.productMstDropDownRowMapper -productMstDropDownRowMapper  Method Exceptionjava.sql.SQLSyntaxErrorException: Column 'PKA_ID' not found.
				
2026-07-04 15:20:03 [http-nio-8495-exec-10] ERROR c.v.d.r.productMstDropDownRowMapper -productMstDropDownRowMapper  Method Exceptionjava.sql.SQLSyntaxErrorException: Column 'PKA_ID' not found.
				
2026-07-04 15:20:03 [http-nio-8495-exec-10] ERROR c.v.d.r.productMstDropDownRowMapper -productMstDropDownRowMapper  Method Exceptionjava.sql.SQLSyntaxErrorException: Column 'PKA_ID' not found.
				
2026-07-04 15:20:03 [http-nio-8495-exec-10] ERROR c.v.d.r.productMstDropDownRowMapper -productMstDropDownRowMapper  Method Exceptionjava.sql.SQLSyntaxErrorException: Column 'PKA_ID' not found.
				
2026-07-04 15:20:03 [http-nio-8495-exec-10] ERROR c.v.d.r.productMstDropDownRowMapper -productMstDropDownRowMapper  Method Exceptionjava.sql.SQLSyntaxErrorException: Column 'PKA_ID' not found.
				
2026-07-04 15:20:03 [http-nio-8495-exec-10] ERROR c.v.d.r.productMstDropDownRowMapper -productMstDropDownRowMapper  Method Exceptionjava.sql.SQLSyntaxErrorException: Column 'PKA_ID' not found.
				
2026-07-04 15:20:03 [http-nio-8495-exec-10] ERROR c.v.d.r.productMstDropDownRowMapper -productMstDropDownRowMapper  Method Exceptionjava.sql.SQLSyntaxErrorException: Column 'PKA_ID' not found.
				
2026-07-04 15:20:03 [http-nio-8495-exec-10] ERROR c.v.d.r.productMstDropDownRowMapper -productMstDropDownRowMapper  Method Exceptionjava.sql.SQLSyntaxErrorException: Column 'PKA_ID' not found.
				
2026-07-04 15:20:03 [http-nio-8495-exec-10] ERROR c.v.d.r.productMstDropDownRowMapper -productMstDropDownRowMapper  Method Exceptionjava.sql.SQLSyntaxErrorException: Column 'PKA_ID' not found.
				
2026-07-04 15:20:03 [http-nio-8495-exec-10] ERROR c.v.d.r.productMstDropDownRowMapper -productMstDropDownRowMapper  Method Exceptionjava.sql.SQLSyntaxErrorException: Column 'PKA_ID' not found.
				
2026-07-04 15:20:03 [http-nio-8495-exec-10] ERROR c.v.d.r.productMstDropDownRowMapper -productMstDropDownRowMapper  Method Exceptionjava.sql.SQLSyntaxErrorException: Column 'PKA_ID' not found.
				
2026-07-04 15:20:03 [http-nio-8495-exec-10] ERROR c.v.d.r.productMstDropDownRowMapper -productMstDropDownRowMapper  Method Exceptionjava.sql.SQLSyntaxErrorException: Column 'PKA_ID' not found.
				
2026-07-04 15:20:03 [http-nio-8495-exec-10] ERROR c.v.d.r.productMstDropDownRowMapper -productMstDropDownRowMapper  Method Exceptionjava.sql.SQLSyntaxErrorException: Column 'PKA_ID' not found.
				
2026-07-04 15:20:03 [http-nio-8495-exec-10] ERROR c.v.d.r.productMstDropDownRowMapper -productMstDropDownRowMapper  Method Exceptionjava.sql.SQLSyntaxErrorException: Column 'PKA_ID' not found.
				
2026-07-04 15:20:03 [http-nio-8495-exec-10] ERROR c.v.d.r.productMstDropDownRowMapper -productMstDropDownRowMapper  Method Exceptionjava.sql.SQLSyntaxErrorException: Column 'PKA_ID' not found.
				
2026-07-04 15:20:03 [http-nio-8495-exec-10] ERROR c.v.d.r.productMstDropDownRowMapper -productMstDropDownRowMapper  Method Exceptionjava.sql.SQLSyntaxErrorException: Column 'PKA_ID' not found.
				
2026-07-04 15:20:03 [http-nio-8495-exec-10] ERROR c.v.d.r.productMstDropDownRowMapper -productMstDropDownRowMapper  Method Exceptionjava.sql.SQLSyntaxErrorException: Column 'PKA_ID' not found.
				
2026-07-04 15:20:03 [http-nio-8495-exec-10] ERROR c.v.d.r.productMstDropDownRowMapper -productMstDropDownRowMapper  Method Exceptionjava.sql.SQLSyntaxErrorException: Column 'PKA_ID' not found.
				
2026-07-04 15:20:03 [http-nio-8495-exec-10] ERROR c.v.d.r.productMstDropDownRowMapper -productMstDropDownRowMapper  Method Exceptionjava.sql.SQLSyntaxErrorException: Column 'PKA_ID' not found.
				
2026-07-04 15:20:03 [http-nio-8495-exec-10] ERROR c.v.d.r.productMstDropDownRowMapper -productMstDropDownRowMapper  Method Exceptionjava.sql.SQLSyntaxErrorException: Column 'PKA_ID' not found.
				
2026-07-04 15:20:03 [http-nio-8495-exec-10] ERROR c.v.d.r.productMstDropDownRowMapper -productMstDropDownRowMapper  Method Exceptionjava.sql.SQLSyntaxErrorException: Column 'PKA_ID' not found.
				
2026-07-04 15:20:03 [http-nio-8495-exec-10] ERROR c.v.d.r.productMstDropDownRowMapper -productMstDropDownRowMapper  Method Exceptionjava.sql.SQLSyntaxErrorException: Column 'PKA_ID' not found.
				
2026-07-04 15:20:03 [http-nio-8495-exec-10] ERROR c.v.d.r.productMstDropDownRowMapper -productMstDropDownRowMapper  Method Exceptionjava.sql.SQLSyntaxErrorException: Column 'PKA_ID' not found.
				
2026-07-04 15:20:03 [http-nio-8495-exec-10] ERROR c.v.d.r.productMstDropDownRowMapper -productMstDropDownRowMapper  Method Exceptionjava.sql.SQLSyntaxErrorException: Column 'PKA_ID' not found.
				
2026-07-04 15:20:03 [http-nio-8495-exec-10] ERROR c.v.d.r.productMstDropDownRowMapper -productMstDropDownRowMapper  Method Exceptionjava.sql.SQLSyntaxErrorException: Column 'PKA_ID' not found.
				
2026-07-04 15:20:03 [http-nio-8495-exec-10] ERROR c.v.d.r.productMstDropDownRowMapper -productMstDropDownRowMapper  Method Exceptionjava.sql.SQLSyntaxErrorException: Column 'PKA_ID' not found.
				
2026-07-04 15:20:03 [http-nio-8495-exec-10] ERROR c.v.d.r.productMstDropDownRowMapper -productMstDropDownRowMapper  Method Exceptionjava.sql.SQLSyntaxErrorException: Column 'PKA_ID' not found.
				
2026-07-04 15:20:03 [http-nio-8495-exec-10] ERROR c.v.d.r.productMstDropDownRowMapper -productMstDropDownRowMapper  Method Exceptionjava.sql.SQLSyntaxErrorException: Column 'PKA_ID' not found.
				
2026-07-04 15:20:03 [http-nio-8495-exec-10] ERROR c.v.d.r.productMstDropDownRowMapper -productMstDropDownRowMapper  Method Exceptionjava.sql.SQLSyntaxErrorException: Column 'PKA_ID' not found.
				
2026-07-04 15:20:03 [http-nio-8495-exec-10] ERROR c.v.d.r.productMstDropDownRowMapper -productMstDropDownRowMapper  Method Exceptionjava.sql.SQLSyntaxErrorException: Column 'PKA_ID' not found.
				
2026-07-04 15:20:03 [http-nio-8495-exec-10] ERROR c.v.d.r.productMstDropDownRowMapper -productMstDropDownRowMapper  Method Exceptionjava.sql.SQLSyntaxErrorException: Column 'PKA_ID' not found.
				
2026-07-04 15:20:03 [http-nio-8495-exec-10] ERROR c.v.d.r.productMstDropDownRowMapper -productMstDropDownRowMapper  Method Exceptionjava.sql.SQLSyntaxErrorException: Column 'PKA_ID' not found.
				
2026-07-04 15:20:03 [http-nio-8495-exec-10] ERROR c.v.d.r.productMstDropDownRowMapper -productMstDropDownRowMapper  Method Exceptionjava.sql.SQLSyntaxErrorException: Column 'PKA_ID' not found.
				
2026-07-04 15:20:03 [http-nio-8495-exec-10] ERROR c.v.d.r.productMstDropDownRowMapper -productMstDropDownRowMapper  Method Exceptionjava.sql.SQLSyntaxErrorException: Column 'PKA_ID' not found.
				
2026-07-04 15:20:03 [http-nio-8495-exec-10] ERROR c.v.d.r.productMstDropDownRowMapper -productMstDropDownRowMapper  Method Exceptionjava.sql.SQLSyntaxErrorException: Column 'PKA_ID' not found.
				
2026-07-04 15:20:03 [http-nio-8495-exec-10] ERROR c.v.d.r.productMstDropDownRowMapper -productMstDropDownRowMapper  Method Exceptionjava.sql.SQLSyntaxErrorException: Column 'PKA_ID' not found.
				
2026-07-04 15:20:03 [http-nio-8495-exec-10] ERROR c.v.d.r.productMstDropDownRowMapper -productMstDropDownRowMapper  Method Exceptionjava.sql.SQLSyntaxErrorException: Column 'PKA_ID' not found.
				
2026-07-04 15:20:03 [http-nio-8495-exec-10] ERROR c.v.d.r.productMstDropDownRowMapper -productMstDropDownRowMapper  Method Exceptionjava.sql.SQLSyntaxErrorException: Column 'PKA_ID' not found.
				
2026-07-04 15:20:03 [http-nio-8495-exec-10] ERROR c.v.d.r.productMstDropDownRowMapper -productMstDropDownRowMapper  Method Exceptionjava.sql.SQLSyntaxErrorException: Column 'PKA_ID' not found.
				
2026-07-04 15:20:03 [http-nio-8495-exec-10] ERROR c.v.d.r.productMstDropDownRowMapper -productMstDropDownRowMapper  Method Exceptionjava.sql.SQLSyntaxErrorException: Column 'PKA_ID' not found.
				
2026-07-04 15:20:03 [http-nio-8495-exec-10] ERROR c.v.d.r.productMstDropDownRowMapper -productMstDropDownRowMapper  Method Exceptionjava.sql.SQLSyntaxErrorException: Column 'PKA_ID' not found.
				
2026-07-04 15:20:03 [http-nio-8495-exec-10] ERROR c.v.d.r.productMstDropDownRowMapper -productMstDropDownRowMapper  Method Exceptionjava.sql.SQLSyntaxErrorException: Column 'PKA_ID' not found.
				
2026-07-04 15:20:03 [http-nio-8495-exec-10] ERROR c.v.d.r.productMstDropDownRowMapper -productMstDropDownRowMapper  Method Exceptionjava.sql.SQLSyntaxErrorException: Column 'PKA_ID' not found.
				
2026-07-04 15:20:03 [http-nio-8495-exec-10] ERROR c.v.d.r.productMstDropDownRowMapper -productMstDropDownRowMapper  Method Exceptionjava.sql.SQLSyntaxErrorException: Column 'PKA_ID' not found.
				
2026-07-04 15:20:03 [http-nio-8495-exec-10] ERROR c.v.d.r.productMstDropDownRowMapper -productMstDropDownRowMapper  Method Exceptionjava.sql.SQLSyntaxErrorException: Column 'PKA_ID' not found.
				
2026-07-04 15:20:03 [http-nio-8495-exec-10] ERROR c.v.d.r.productMstDropDownRowMapper -productMstDropDownRowMapper  Method Exceptionjava.sql.SQLSyntaxErrorException: Column 'PKA_ID' not found.
				
2026-07-04 15:20:03 [http-nio-8495-exec-10] ERROR c.v.d.r.productMstDropDownRowMapper -productMstDropDownRowMapper  Method Exceptionjava.sql.SQLSyntaxErrorException: Column 'PKA_ID' not found.
				
2026-07-04 15:20:03 [http-nio-8495-exec-10] ERROR c.v.d.r.productMstDropDownRowMapper -productMstDropDownRowMapper  Method Exceptionjava.sql.SQLSyntaxErrorException: Column 'PKA_ID' not found.
				
2026-07-04 15:20:03 [http-nio-8495-exec-10] ERROR c.v.d.r.productMstDropDownRowMapper -productMstDropDownRowMapper  Method Exceptionjava.sql.SQLSyntaxErrorException: Column 'PKA_ID' not found.
				
2026-07-04 15:20:03 [http-nio-8495-exec-10] ERROR c.v.d.r.productMstDropDownRowMapper -productMstDropDownRowMapper  Method Exceptionjava.sql.SQLSyntaxErrorException: Column 'PKA_ID' not found.
				
2026-07-04 15:20:03 [http-nio-8495-exec-10] ERROR c.v.d.r.productMstDropDownRowMapper -productMstDropDownRowMapper  Method Exceptionjava.sql.SQLSyntaxErrorException: Column 'PKA_ID' not found.
				
2026-07-04 15:20:03 [http-nio-8495-exec-10] ERROR c.v.d.r.productMstDropDownRowMapper -productMstDropDownRowMapper  Method Exceptionjava.sql.SQLSyntaxErrorException: Column 'PKA_ID' not found.
				
2026-07-04 15:20:03 [http-nio-8495-exec-10] ERROR c.v.d.r.productMstDropDownRowMapper -productMstDropDownRowMapper  Method Exceptionjava.sql.SQLSyntaxErrorException: Column 'PKA_ID' not found.
				
2026-07-04 15:20:03 [http-nio-8495-exec-10] ERROR c.v.d.r.productMstDropDownRowMapper -productMstDropDownRowMapper  Method Exceptionjava.sql.SQLSyntaxErrorException: Column 'PKA_ID' not found.
				
2026-07-04 15:20:03 [http-nio-8495-exec-10] ERROR c.v.d.r.productMstDropDownRowMapper -productMstDropDownRowMapper  Method Exceptionjava.sql.SQLSyntaxErrorException: Column 'PKA_ID' not found.
				
2026-07-04 15:20:03 [http-nio-8495-exec-10] ERROR c.v.d.r.productMstDropDownRowMapper -productMstDropDownRowMapper  Method Exceptionjava.sql.SQLSyntaxErrorException: Column 'PKA_ID' not found.
				
2026-07-04 15:20:03 [http-nio-8495-exec-10] ERROR c.v.d.r.productMstDropDownRowMapper -productMstDropDownRowMapper  Method Exceptionjava.sql.SQLSyntaxErrorException: Column 'PKA_ID' not found.
				
2026-07-04 15:20:03 [http-nio-8495-exec-10] ERROR c.v.d.r.productMstDropDownRowMapper -productMstDropDownRowMapper  Method Exceptionjava.sql.SQLSyntaxErrorException: Column 'PKA_ID' not found.
				
2026-07-04 15:20:03 [http-nio-8495-exec-10] ERROR c.v.d.r.productMstDropDownRowMapper -productMstDropDownRowMapper  Method Exceptionjava.sql.SQLSyntaxErrorException: Column 'PKA_ID' not found.
				
2026-07-04 15:20:03 [http-nio-8495-exec-10] ERROR c.v.d.r.productMstDropDownRowMapper -productMstDropDownRowMapper  Method Exceptionjava.sql.SQLSyntaxErrorException: Column 'PKA_ID' not found.
				
2026-07-04 15:20:03 [http-nio-8495-exec-10] ERROR c.v.d.r.productMstDropDownRowMapper -productMstDropDownRowMapper  Method Exceptionjava.sql.SQLSyntaxErrorException: Column 'PKA_ID' not found.
				
2026-07-04 15:20:03 [http-nio-8495-exec-10] ERROR c.v.d.r.productMstDropDownRowMapper -productMstDropDownRowMapper  Method Exceptionjava.sql.SQLSyntaxErrorException: Column 'PKA_ID' not found.
				
2026-07-04 15:20:03 [http-nio-8495-exec-10] ERROR c.v.d.r.productMstDropDownRowMapper -productMstDropDownRowMapper  Method Exceptionjava.sql.SQLSyntaxErrorException: Column 'PKA_ID' not found.
				
2026-07-04 15:20:03 [http-nio-8495-exec-10] ERROR c.v.d.r.productMstDropDownRowMapper -productMstDropDownRowMapper  Method Exceptionjava.sql.SQLSyntaxErrorException: Column 'PKA_ID' not found.
				
2026-07-04 15:20:03 [http-nio-8495-exec-10] ERROR c.v.d.r.productMstDropDownRowMapper -productMstDropDownRowMapper  Method Exceptionjava.sql.SQLSyntaxErrorException: Column 'PKA_ID' not found.
				
2026-07-04 15:20:03 [http-nio-8495-exec-10] ERROR c.v.d.r.productMstDropDownRowMapper -productMstDropDownRowMapper  Method Exceptionjava.sql.SQLSyntaxErrorException: Column 'PKA_ID' not found.
				
2026-07-04 15:20:03 [http-nio-8495-exec-10] ERROR c.v.d.r.productMstDropDownRowMapper -productMstDropDownRowMapper  Method Exceptionjava.sql.SQLSyntaxErrorException: Column 'PKA_ID' not found.
				
2026-07-04 15:20:03 [http-nio-8495-exec-10] ERROR c.v.d.r.productMstDropDownRowMapper -productMstDropDownRowMapper  Method Exceptionjava.sql.SQLSyntaxErrorException: Column 'PKA_ID' not found.
				
2026-07-04 15:20:03 [http-nio-8495-exec-10] ERROR c.v.d.r.productMstDropDownRowMapper -productMstDropDownRowMapper  Method Exceptionjava.sql.SQLSyntaxErrorException: Column 'PKA_ID' not found.
				
2026-07-04 15:20:03 [http-nio-8495-exec-10] ERROR c.v.d.r.productMstDropDownRowMapper -productMstDropDownRowMapper  Method Exceptionjava.sql.SQLSyntaxErrorException: Column 'PKA_ID' not found.
				
2026-07-04 15:20:03 [http-nio-8495-exec-10] ERROR c.v.d.r.productMstDropDownRowMapper -productMstDropDownRowMapper  Method Exceptionjava.sql.SQLSyntaxErrorException: Column 'PKA_ID' not found.
				
2026-07-04 15:20:03 [http-nio-8495-exec-10] ERROR c.v.d.r.productMstDropDownRowMapper -productMstDropDownRowMapper  Method Exceptionjava.sql.SQLSyntaxErrorException: Column 'PKA_ID' not found.
				
2026-07-04 15:20:03 [http-nio-8495-exec-10] ERROR c.v.d.r.productMstDropDownRowMapper -productMstDropDownRowMapper  Method Exceptionjava.sql.SQLSyntaxErrorException: Column 'PKA_ID' not found.
				
2026-07-04 15:20:03 [http-nio-8495-exec-10] ERROR c.v.d.r.productMstDropDownRowMapper -productMstDropDownRowMapper  Method Exceptionjava.sql.SQLSyntaxErrorException: Column 'PKA_ID' not found.
				
2026-07-04 15:20:03 [http-nio-8495-exec-10] ERROR c.v.d.r.productMstDropDownRowMapper -productMstDropDownRowMapper  Method Exceptionjava.sql.SQLSyntaxErrorException: Column 'PKA_ID' not found.
				
2026-07-04 15:20:03 [http-nio-8495-exec-10] ERROR c.v.d.r.productMstDropDownRowMapper -productMstDropDownRowMapper  Method Exceptionjava.sql.SQLSyntaxErrorException: Column 'PKA_ID' not found.
				
2026-07-04 15:20:03 [http-nio-8495-exec-10] ERROR c.v.d.r.productMstDropDownRowMapper -productMstDropDownRowMapper  Method Exceptionjava.sql.SQLSyntaxErrorException: Column 'PKA_ID' not found.
				
2026-07-04 15:20:03 [http-nio-8495-exec-10] ERROR c.v.d.r.productMstDropDownRowMapper -productMstDropDownRowMapper  Method Exceptionjava.sql.SQLSyntaxErrorException: Column 'PKA_ID' not found.
				
2026-07-04 15:20:03 [http-nio-8495-exec-10] ERROR c.v.d.r.productMstDropDownRowMapper -productMstDropDownRowMapper  Method Exceptionjava.sql.SQLSyntaxErrorException: Column 'PKA_ID' not found.
				
2026-07-04 15:20:03 [http-nio-8495-exec-10] ERROR c.v.d.r.productMstDropDownRowMapper -productMstDropDownRowMapper  Method Exceptionjava.sql.SQLSyntaxErrorException: Column 'PKA_ID' not found.
				
2026-07-04 15:20:03 [http-nio-8495-exec-10] ERROR c.v.d.r.productMstDropDownRowMapper -productMstDropDownRowMapper  Method Exceptionjava.sql.SQLSyntaxErrorException: Column 'PKA_ID' not found.
				
2026-07-04 15:20:03 [http-nio-8495-exec-10] ERROR c.v.d.r.productMstDropDownRowMapper -productMstDropDownRowMapper  Method Exceptionjava.sql.SQLSyntaxErrorException: Column 'PKA_ID' not found.
				
2026-07-04 15:20:03 [http-nio-8495-exec-10] ERROR c.v.d.r.productMstDropDownRowMapper -productMstDropDownRowMapper  Method Exceptionjava.sql.SQLSyntaxErrorException: Column 'PKA_ID' not found.
				
2026-07-04 15:20:03 [http-nio-8495-exec-10] ERROR c.v.d.r.productMstDropDownRowMapper -productMstDropDownRowMapper  Method Exceptionjava.sql.SQLSyntaxErrorException: Column 'PKA_ID' not found.
				
2026-07-04 15:20:03 [http-nio-8495-exec-10] ERROR c.v.d.r.productMstDropDownRowMapper -productMstDropDownRowMapper  Method Exceptionjava.sql.SQLSyntaxErrorException: Column 'PKA_ID' not found.
				
2026-07-04 15:20:03 [http-nio-8495-exec-10] ERROR c.v.d.r.productMstDropDownRowMapper -productMstDropDownRowMapper  Method Exceptionjava.sql.SQLSyntaxErrorException: Column 'PKA_ID' not found.
				
2026-07-04 15:20:03 [http-nio-8495-exec-10] ERROR c.v.d.r.productMstDropDownRowMapper -productMstDropDownRowMapper  Method Exceptionjava.sql.SQLSyntaxErrorException: Column 'PKA_ID' not found.
				
2026-07-04 15:20:03 [http-nio-8495-exec-10] ERROR c.v.d.r.productMstDropDownRowMapper -productMstDropDownRowMapper  Method Exceptionjava.sql.SQLSyntaxErrorException: Column 'PKA_ID' not found.
				
2026-07-04 15:20:03 [http-nio-8495-exec-10] ERROR c.v.d.r.productMstDropDownRowMapper -productMstDropDownRowMapper  Method Exceptionjava.sql.SQLSyntaxErrorException: Column 'PKA_ID' not found.
				
2026-07-04 15:20:03 [http-nio-8495-exec-10] ERROR c.v.d.r.productMstDropDownRowMapper -productMstDropDownRowMapper  Method Exceptionjava.sql.SQLSyntaxErrorException: Column 'PKA_ID' not found.
				
2026-07-04 15:20:03 [http-nio-8495-exec-10] ERROR c.v.d.r.productMstDropDownRowMapper -productMstDropDownRowMapper  Method Exceptionjava.sql.SQLSyntaxErrorException: Column 'PKA_ID' not found.
				
2026-07-04 15:20:03 [http-nio-8495-exec-10] ERROR c.v.d.r.productMstDropDownRowMapper -productMstDropDownRowMapper  Method Exceptionjava.sql.SQLSyntaxErrorException: Column 'PKA_ID' not found.
				
2026-07-04 15:20:03 [http-nio-8495-exec-10] ERROR c.v.d.r.productMstDropDownRowMapper -productMstDropDownRowMapper  Method Exceptionjava.sql.SQLSyntaxErrorException: Column 'PKA_ID' not found.
				
2026-07-04 15:20:03 [http-nio-8495-exec-10] ERROR c.v.d.r.productMstDropDownRowMapper -productMstDropDownRowMapper  Method Exceptionjava.sql.SQLSyntaxErrorException: Column 'PKA_ID' not found.
				
2026-07-04 15:20:03 [http-nio-8495-exec-10] ERROR c.v.d.r.productMstDropDownRowMapper -productMstDropDownRowMapper  Method Exceptionjava.sql.SQLSyntaxErrorException: Column 'PKA_ID' not found.
				
2026-07-04 15:20:03 [http-nio-8495-exec-10] ERROR c.v.d.r.productMstDropDownRowMapper -productMstDropDownRowMapper  Method Exceptionjava.sql.SQLSyntaxErrorException: Column 'PKA_ID' not found.
				
2026-07-04 15:20:03 [http-nio-8495-exec-10] ERROR c.v.d.r.productMstDropDownRowMapper -productMstDropDownRowMapper  Method Exceptionjava.sql.SQLSyntaxErrorException: Column 'PKA_ID' not found.
				
2026-07-04 15:20:03 [http-nio-8495-exec-10] ERROR c.v.d.r.productMstDropDownRowMapper -productMstDropDownRowMapper  Method Exceptionjava.sql.SQLSyntaxErrorException: Column 'PKA_ID' not found.
				
2026-07-04 15:20:03 [http-nio-8495-exec-10] ERROR c.v.d.r.productMstDropDownRowMapper -productMstDropDownRowMapper  Method Exceptionjava.sql.SQLSyntaxErrorException: Column 'PKA_ID' not found.
				
2026-07-04 15:20:03 [http-nio-8495-exec-10] ERROR c.v.d.r.productMstDropDownRowMapper -productMstDropDownRowMapper  Method Exceptionjava.sql.SQLSyntaxErrorException: Column 'PKA_ID' not found.
				
2026-07-04 15:20:03 [http-nio-8495-exec-10] ERROR c.v.d.r.productMstDropDownRowMapper -productMstDropDownRowMapper  Method Exceptionjava.sql.SQLSyntaxErrorException: Column 'PKA_ID' not found.
				
2026-07-04 15:20:03 [http-nio-8495-exec-10] ERROR c.v.d.r.productMstDropDownRowMapper -productMstDropDownRowMapper  Method Exceptionjava.sql.SQLSyntaxErrorException: Column 'PKA_ID' not found.
				
2026-07-04 15:20:03 [http-nio-8495-exec-10] ERROR c.v.d.r.productMstDropDownRowMapper -productMstDropDownRowMapper  Method Exceptionjava.sql.SQLSyntaxErrorException: Column 'PKA_ID' not found.
				
2026-07-04 15:20:03 [http-nio-8495-exec-10] ERROR c.v.d.r.productMstDropDownRowMapper -productMstDropDownRowMapper  Method Exceptionjava.sql.SQLSyntaxErrorException: Column 'PKA_ID' not found.
				
2026-07-04 15:20:03 [http-nio-8495-exec-10] ERROR c.v.d.r.productMstDropDownRowMapper -productMstDropDownRowMapper  Method Exceptionjava.sql.SQLSyntaxErrorException: Column 'PKA_ID' not found.
				
2026-07-04 15:20:03 [http-nio-8495-exec-10] ERROR c.v.d.r.productMstDropDownRowMapper -productMstDropDownRowMapper  Method Exceptionjava.sql.SQLSyntaxErrorException: Column 'PKA_ID' not found.
				
2026-07-04 15:20:03 [http-nio-8495-exec-10] ERROR c.v.d.r.productMstDropDownRowMapper -productMstDropDownRowMapper  Method Exceptionjava.sql.SQLSyntaxErrorException: Column 'PKA_ID' not found.
				
2026-07-04 15:20:03 [http-nio-8495-exec-10] ERROR c.v.d.r.productMstDropDownRowMapper -productMstDropDownRowMapper  Method Exceptionjava.sql.SQLSyntaxErrorException: Column 'PKA_ID' not found.
				
2026-07-04 15:20:03 [http-nio-8495-exec-10] ERROR c.v.d.r.productMstDropDownRowMapper -productMstDropDownRowMapper  Method Exceptionjava.sql.SQLSyntaxErrorException: Column 'PKA_ID' not found.
				
2026-07-04 15:20:03 [http-nio-8495-exec-10] ERROR c.v.d.r.productMstDropDownRowMapper -productMstDropDownRowMapper  Method Exceptionjava.sql.SQLSyntaxErrorException: Column 'PKA_ID' not found.
				
2026-07-04 15:20:03 [http-nio-8495-exec-10] ERROR c.v.d.r.productMstDropDownRowMapper -productMstDropDownRowMapper  Method Exceptionjava.sql.SQLSyntaxErrorException: Column 'PKA_ID' not found.
				
2026-07-04 15:20:03 [http-nio-8495-exec-10] ERROR c.v.d.r.productMstDropDownRowMapper -productMstDropDownRowMapper  Method Exceptionjava.sql.SQLSyntaxErrorException: Column 'PKA_ID' not found.
				
2026-07-04 15:20:03 [http-nio-8495-exec-10] ERROR c.v.d.r.productMstDropDownRowMapper -productMstDropDownRowMapper  Method Exceptionjava.sql.SQLSyntaxErrorException: Column 'PKA_ID' not found.
				
2026-07-04 15:20:03 [http-nio-8495-exec-10] ERROR c.v.d.r.productMstDropDownRowMapper -productMstDropDownRowMapper  Method Exceptionjava.sql.SQLSyntaxErrorException: Column 'PKA_ID' not found.
				
2026-07-04 15:20:03 [http-nio-8495-exec-10] ERROR c.v.d.r.productMstDropDownRowMapper -productMstDropDownRowMapper  Method Exceptionjava.sql.SQLSyntaxErrorException: Column 'PKA_ID' not found.
				
2026-07-04 15:20:03 [http-nio-8495-exec-10] ERROR c.v.d.r.productMstDropDownRowMapper -productMstDropDownRowMapper  Method Exceptionjava.sql.SQLSyntaxErrorException: Column 'PKA_ID' not found.
				
2026-07-04 15:20:03 [http-nio-8495-exec-10] ERROR c.v.d.r.productMstDropDownRowMapper -productMstDropDownRowMapper  Method Exceptionjava.sql.SQLSyntaxErrorException: Column 'PKA_ID' not found.
				
2026-07-04 15:20:03 [http-nio-8495-exec-10] ERROR c.v.d.r.productMstDropDownRowMapper -productMstDropDownRowMapper  Method Exceptionjava.sql.SQLSyntaxErrorException: Column 'PKA_ID' not found.
				
2026-07-04 15:20:03 [http-nio-8495-exec-10] ERROR c.v.d.r.productMstDropDownRowMapper -productMstDropDownRowMapper  Method Exceptionjava.sql.SQLSyntaxErrorException: Column 'PKA_ID' not found.
				
2026-07-04 15:20:03 [http-nio-8495-exec-10] ERROR c.v.d.r.productMstDropDownRowMapper -productMstDropDownRowMapper  Method Exceptionjava.sql.SQLSyntaxErrorException: Column 'PKA_ID' not found.
				
2026-07-04 15:20:03 [http-nio-8495-exec-10] ERROR c.v.d.r.productMstDropDownRowMapper -productMstDropDownRowMapper  Method Exceptionjava.sql.SQLSyntaxErrorException: Column 'PKA_ID' not found.
				
2026-07-04 15:20:03 [http-nio-8495-exec-10] ERROR c.v.d.r.productMstDropDownRowMapper -productMstDropDownRowMapper  Method Exceptionjava.sql.SQLSyntaxErrorException: Column 'PKA_ID' not found.
				
2026-07-04 15:20:03 [http-nio-8495-exec-10] ERROR c.v.d.r.productMstDropDownRowMapper -productMstDropDownRowMapper  Method Exceptionjava.sql.SQLSyntaxErrorException: Column 'PKA_ID' not found.
				
2026-07-04 15:20:03 [http-nio-8495-exec-10] ERROR c.v.d.r.productMstDropDownRowMapper -productMstDropDownRowMapper  Method Exceptionjava.sql.SQLSyntaxErrorException: Column 'PKA_ID' not found.
				
2026-07-04 15:20:03 [http-nio-8495-exec-10] ERROR c.v.d.r.productMstDropDownRowMapper -productMstDropDownRowMapper  Method Exceptionjava.sql.SQLSyntaxErrorException: Column 'PKA_ID' not found.
				
2026-07-04 15:20:03 [http-nio-8495-exec-10] ERROR c.v.d.r.productMstDropDownRowMapper -productMstDropDownRowMapper  Method Exceptionjava.sql.SQLSyntaxErrorException: Column 'PKA_ID' not found.
				
2026-07-04 15:20:03 [http-nio-8495-exec-10] ERROR c.v.d.r.productMstDropDownRowMapper -productMstDropDownRowMapper  Method Exceptionjava.sql.SQLSyntaxErrorException: Column 'PKA_ID' not found.
				
2026-07-04 15:20:03 [http-nio-8495-exec-10] ERROR c.v.d.r.productMstDropDownRowMapper -productMstDropDownRowMapper  Method Exceptionjava.sql.SQLSyntaxErrorException: Column 'PKA_ID' not found.
				
2026-07-04 15:20:03 [http-nio-8495-exec-10] ERROR c.v.d.r.productMstDropDownRowMapper -productMstDropDownRowMapper  Method Exceptionjava.sql.SQLSyntaxErrorException: Column 'PKA_ID' not found.
				
2026-07-04 15:20:03 [http-nio-8495-exec-10] ERROR c.v.d.r.productMstDropDownRowMapper -productMstDropDownRowMapper  Method Exceptionjava.sql.SQLSyntaxErrorException: Column 'PKA_ID' not found.
				
2026-07-04 15:20:03 [http-nio-8495-exec-10] ERROR c.v.d.r.productMstDropDownRowMapper -productMstDropDownRowMapper  Method Exceptionjava.sql.SQLSyntaxErrorException: Column 'PKA_ID' not found.
				
2026-07-04 15:20:03 [http-nio-8495-exec-10] ERROR c.v.d.r.productMstDropDownRowMapper -productMstDropDownRowMapper  Method Exceptionjava.sql.SQLSyntaxErrorException: Column 'PKA_ID' not found.
				
2026-07-04 15:20:03 [http-nio-8495-exec-10] ERROR c.v.d.r.productMstDropDownRowMapper -productMstDropDownRowMapper  Method Exceptionjava.sql.SQLSyntaxErrorException: Column 'PKA_ID' not found.
				
2026-07-04 15:20:03 [http-nio-8495-exec-10] ERROR c.v.d.r.productMstDropDownRowMapper -productMstDropDownRowMapper  Method Exceptionjava.sql.SQLSyntaxErrorException: Column 'PKA_ID' not found.
				
2026-07-04 15:20:03 [http-nio-8495-exec-10] ERROR c.v.d.r.productMstDropDownRowMapper -productMstDropDownRowMapper  Method Exceptionjava.sql.SQLSyntaxErrorException: Column 'PKA_ID' not found.
				
2026-07-04 15:20:03 [http-nio-8495-exec-10] ERROR c.v.d.r.productMstDropDownRowMapper -productMstDropDownRowMapper  Method Exceptionjava.sql.SQLSyntaxErrorException: Column 'PKA_ID' not found.
				
2026-07-04 15:20:03 [http-nio-8495-exec-10] ERROR c.v.d.r.productMstDropDownRowMapper -productMstDropDownRowMapper  Method Exceptionjava.sql.SQLSyntaxErrorException: Column 'PKA_ID' not found.
				
2026-07-04 15:20:03 [http-nio-8495-exec-10] ERROR c.v.d.r.productMstDropDownRowMapper -productMstDropDownRowMapper  Method Exceptionjava.sql.SQLSyntaxErrorException: Column 'PKA_ID' not found.
				
2026-07-04 15:20:03 [http-nio-8495-exec-10] ERROR c.v.d.r.productMstDropDownRowMapper -productMstDropDownRowMapper  Method Exceptionjava.sql.SQLSyntaxErrorException: Column 'PKA_ID' not found.
				
2026-07-04 15:20:03 [http-nio-8495-exec-10] ERROR c.v.d.r.productMstDropDownRowMapper -productMstDropDownRowMapper  Method Exceptionjava.sql.SQLSyntaxErrorException: Column 'PKA_ID' not found.
				
2026-07-04 15:20:03 [http-nio-8495-exec-10] ERROR c.v.d.r.productMstDropDownRowMapper -productMstDropDownRowMapper  Method Exceptionjava.sql.SQLSyntaxErrorException: Column 'PKA_ID' not found.
				
2026-07-04 15:20:03 [http-nio-8495-exec-10] ERROR c.v.d.r.productMstDropDownRowMapper -productMstDropDownRowMapper  Method Exceptionjava.sql.SQLSyntaxErrorException: Column 'PKA_ID' not found.
				
2026-07-04 15:20:03 [http-nio-8495-exec-10] ERROR c.v.d.r.productMstDropDownRowMapper -productMstDropDownRowMapper  Method Exceptionjava.sql.SQLSyntaxErrorException: Column 'PKA_ID' not found.
				
2026-07-04 15:20:03 [http-nio-8495-exec-10] ERROR c.v.d.r.productMstDropDownRowMapper -productMstDropDownRowMapper  Method Exceptionjava.sql.SQLSyntaxErrorException: Column 'PKA_ID' not found.
				
2026-07-04 15:20:03 [http-nio-8495-exec-10] ERROR c.v.d.r.productMstDropDownRowMapper -productMstDropDownRowMapper  Method Exceptionjava.sql.SQLSyntaxErrorException: Column 'PKA_ID' not found.
				
2026-07-04 15:20:03 [http-nio-8495-exec-10] ERROR c.v.d.r.productMstDropDownRowMapper -productMstDropDownRowMapper  Method Exceptionjava.sql.SQLSyntaxErrorException: Column 'PKA_ID' not found.
				
2026-07-04 15:20:03 [http-nio-8495-exec-10] ERROR c.v.d.r.productMstDropDownRowMapper -productMstDropDownRowMapper  Method Exceptionjava.sql.SQLSyntaxErrorException: Column 'PKA_ID' not found.
				
2026-07-04 15:20:03 [http-nio-8495-exec-10] ERROR c.v.d.r.productMstDropDownRowMapper -productMstDropDownRowMapper  Method Exceptionjava.sql.SQLSyntaxErrorException: Column 'PKA_ID' not found.
				
2026-07-04 15:20:03 [http-nio-8495-exec-10] ERROR c.v.d.r.productMstDropDownRowMapper -productMstDropDownRowMapper  Method Exceptionjava.sql.SQLSyntaxErrorException: Column 'PKA_ID' not found.
				
2026-07-04 15:20:03 [http-nio-8495-exec-10] ERROR c.v.d.r.productMstDropDownRowMapper -productMstDropDownRowMapper  Method Exceptionjava.sql.SQLSyntaxErrorException: Column 'PKA_ID' not found.
				
2026-07-04 15:20:03 [http-nio-8495-exec-10] ERROR c.v.d.r.productMstDropDownRowMapper -productMstDropDownRowMapper  Method Exceptionjava.sql.SQLSyntaxErrorException: Column 'PKA_ID' not found.
				
2026-07-04 15:20:03 [http-nio-8495-exec-10] ERROR c.v.d.r.productMstDropDownRowMapper -productMstDropDownRowMapper  Method Exceptionjava.sql.SQLSyntaxErrorException: Column 'PKA_ID' not found.
				
2026-07-04 15:20:03 [http-nio-8495-exec-10] ERROR c.v.d.r.productMstDropDownRowMapper -productMstDropDownRowMapper  Method Exceptionjava.sql.SQLSyntaxErrorException: Column 'PKA_ID' not found.
				
2026-07-04 15:20:03 [http-nio-8495-exec-10] ERROR c.v.d.r.productMstDropDownRowMapper -productMstDropDownRowMapper  Method Exceptionjava.sql.SQLSyntaxErrorException: Column 'PKA_ID' not found.
				
2026-07-04 15:20:03 [http-nio-8495-exec-10] ERROR c.v.d.r.productMstDropDownRowMapper -productMstDropDownRowMapper  Method Exceptionjava.sql.SQLSyntaxErrorException: Column 'PKA_ID' not found.
				
2026-07-04 15:20:03 [http-nio-8495-exec-10] ERROR c.v.d.r.productMstDropDownRowMapper -productMstDropDownRowMapper  Method Exceptionjava.sql.SQLSyntaxErrorException: Column 'PKA_ID' not found.
				
2026-07-04 15:20:03 [http-nio-8495-exec-10] ERROR c.v.d.r.productMstDropDownRowMapper -productMstDropDownRowMapper  Method Exceptionjava.sql.SQLSyntaxErrorException: Column 'PKA_ID' not found.
				
2026-07-04 15:20:03 [http-nio-8495-exec-10] ERROR c.v.d.r.productMstDropDownRowMapper -productMstDropDownRowMapper  Method Exceptionjava.sql.SQLSyntaxErrorException: Column 'PKA_ID' not found.
				
2026-07-04 15:20:03 [http-nio-8495-exec-10] ERROR c.v.d.r.productMstDropDownRowMapper -productMstDropDownRowMapper  Method Exceptionjava.sql.SQLSyntaxErrorException: Column 'PKA_ID' not found.
				
2026-07-04 15:20:03 [http-nio-8495-exec-10] ERROR c.v.d.r.productMstDropDownRowMapper -productMstDropDownRowMapper  Method Exceptionjava.sql.SQLSyntaxErrorException: Column 'PKA_ID' not found.
				
2026-07-04 15:20:03 [http-nio-8495-exec-10] ERROR c.v.d.r.productMstDropDownRowMapper -productMstDropDownRowMapper  Method Exceptionjava.sql.SQLSyntaxErrorException: Column 'PKA_ID' not found.
				
2026-07-04 15:20:03 [http-nio-8495-exec-10] ERROR c.v.d.r.productMstDropDownRowMapper -productMstDropDownRowMapper  Method Exceptionjava.sql.SQLSyntaxErrorException: Column 'PKA_ID' not found.
				
2026-07-04 15:20:03 [http-nio-8495-exec-10] ERROR c.v.d.r.productMstDropDownRowMapper -productMstDropDownRowMapper  Method Exceptionjava.sql.SQLSyntaxErrorException: Column 'PKA_ID' not found.
				
2026-07-04 15:20:03 [http-nio-8495-exec-10] ERROR c.v.d.r.productMstDropDownRowMapper -productMstDropDownRowMapper  Method Exceptionjava.sql.SQLSyntaxErrorException: Column 'PKA_ID' not found.
				
2026-07-04 15:20:03 [http-nio-8495-exec-10] ERROR c.v.d.r.productMstDropDownRowMapper -productMstDropDownRowMapper  Method Exceptionjava.sql.SQLSyntaxErrorException: Column 'PKA_ID' not found.
				
2026-07-04 15:20:03 [http-nio-8495-exec-10] ERROR c.v.d.r.productMstDropDownRowMapper -productMstDropDownRowMapper  Method Exceptionjava.sql.SQLSyntaxErrorException: Column 'PKA_ID' not found.
				
2026-07-04 15:20:03 [http-nio-8495-exec-10] ERROR c.v.d.r.productMstDropDownRowMapper -productMstDropDownRowMapper  Method Exceptionjava.sql.SQLSyntaxErrorException: Column 'PKA_ID' not found.
				
2026-07-04 15:20:03 [http-nio-8495-exec-10] ERROR c.v.d.r.productMstDropDownRowMapper -productMstDropDownRowMapper  Method Exceptionjava.sql.SQLSyntaxErrorException: Column 'PKA_ID' not found.
				
2026-07-04 15:20:03 [http-nio-8495-exec-10] ERROR c.v.d.r.productMstDropDownRowMapper -productMstDropDownRowMapper  Method Exceptionjava.sql.SQLSyntaxErrorException: Column 'PKA_ID' not found.
				
2026-07-04 15:20:03 [http-nio-8495-exec-10] ERROR c.v.d.r.productMstDropDownRowMapper -productMstDropDownRowMapper  Method Exceptionjava.sql.SQLSyntaxErrorException: Column 'PKA_ID' not found.
				
2026-07-04 15:20:03 [http-nio-8495-exec-10] ERROR c.v.d.r.productMstDropDownRowMapper -productMstDropDownRowMapper  Method Exceptionjava.sql.SQLSyntaxErrorException: Column 'PKA_ID' not found.
				
2026-07-04 15:20:03 [http-nio-8495-exec-10] ERROR c.v.d.r.productMstDropDownRowMapper -productMstDropDownRowMapper  Method Exceptionjava.sql.SQLSyntaxErrorException: Column 'PKA_ID' not found.
				
2026-07-04 15:20:03 [http-nio-8495-exec-10] ERROR c.v.d.r.productMstDropDownRowMapper -productMstDropDownRowMapper  Method Exceptionjava.sql.SQLSyntaxErrorException: Column 'PKA_ID' not found.
				
2026-07-04 15:20:03 [http-nio-8495-exec-10] ERROR c.v.d.r.productMstDropDownRowMapper -productMstDropDownRowMapper  Method Exceptionjava.sql.SQLSyntaxErrorException: Column 'PKA_ID' not found.
				
2026-07-04 15:20:03 [http-nio-8495-exec-10] ERROR c.v.d.r.productMstDropDownRowMapper -productMstDropDownRowMapper  Method Exceptionjava.sql.SQLSyntaxErrorException: Column 'PKA_ID' not found.
				
2026-07-04 15:20:03 [http-nio-8495-exec-10] ERROR c.v.d.r.productMstDropDownRowMapper -productMstDropDownRowMapper  Method Exceptionjava.sql.SQLSyntaxErrorException: Column 'PKA_ID' not found.
				
2026-07-04 15:20:03 [http-nio-8495-exec-10] ERROR c.v.d.r.productMstDropDownRowMapper -productMstDropDownRowMapper  Method Exceptionjava.sql.SQLSyntaxErrorException: Column 'PKA_ID' not found.
				
2026-07-04 15:20:03 [http-nio-8495-exec-10] ERROR c.v.d.r.productMstDropDownRowMapper -productMstDropDownRowMapper  Method Exceptionjava.sql.SQLSyntaxErrorException: Column 'PKA_ID' not found.
				
2026-07-04 15:20:03 [http-nio-8495-exec-10] ERROR c.v.d.r.productMstDropDownRowMapper -productMstDropDownRowMapper  Method Exceptionjava.sql.SQLSyntaxErrorException: Column 'PKA_ID' not found.
				
2026-07-04 15:20:03 [http-nio-8495-exec-10] ERROR c.v.d.r.productMstDropDownRowMapper -productMstDropDownRowMapper  Method Exceptionjava.sql.SQLSyntaxErrorException: Column 'PKA_ID' not found.
				
2026-07-04 15:20:03 [http-nio-8495-exec-10] ERROR c.v.d.r.productMstDropDownRowMapper -productMstDropDownRowMapper  Method Exceptionjava.sql.SQLSyntaxErrorException: Column 'PKA_ID' not found.
				
2026-07-04 15:20:03 [http-nio-8495-exec-10] ERROR c.v.d.r.productMstDropDownRowMapper -productMstDropDownRowMapper  Method Exceptionjava.sql.SQLSyntaxErrorException: Column 'PKA_ID' not found.
				
2026-07-04 15:20:03 [http-nio-8495-exec-10] ERROR c.v.d.r.productMstDropDownRowMapper -productMstDropDownRowMapper  Method Exceptionjava.sql.SQLSyntaxErrorException: Column 'PKA_ID' not found.
				
2026-07-04 15:20:03 [http-nio-8495-exec-10] ERROR c.v.d.r.productMstDropDownRowMapper -productMstDropDownRowMapper  Method Exceptionjava.sql.SQLSyntaxErrorException: Column 'PKA_ID' not found.
				
2026-07-04 15:20:03 [http-nio-8495-exec-10] ERROR c.v.d.r.productMstDropDownRowMapper -productMstDropDownRowMapper  Method Exceptionjava.sql.SQLSyntaxErrorException: Column 'PKA_ID' not found.
				
2026-07-04 15:20:03 [http-nio-8495-exec-10] ERROR c.v.d.r.productMstDropDownRowMapper -productMstDropDownRowMapper  Method Exceptionjava.sql.SQLSyntaxErrorException: Column 'PKA_ID' not found.
				
2026-07-04 15:20:03 [http-nio-8495-exec-10] ERROR c.v.d.r.productMstDropDownRowMapper -productMstDropDownRowMapper  Method Exceptionjava.sql.SQLSyntaxErrorException: Column 'PKA_ID' not found.
				
2026-07-04 15:20:03 [http-nio-8495-exec-10] ERROR c.v.d.r.productMstDropDownRowMapper -productMstDropDownRowMapper  Method Exceptionjava.sql.SQLSyntaxErrorException: Column 'PKA_ID' not found.
				
2026-07-04 15:20:03 [http-nio-8495-exec-10] ERROR c.v.d.r.productMstDropDownRowMapper -productMstDropDownRowMapper  Method Exceptionjava.sql.SQLSyntaxErrorException: Column 'PKA_ID' not found.
				
2026-07-04 15:20:03 [http-nio-8495-exec-10] ERROR c.v.d.r.productMstDropDownRowMapper -productMstDropDownRowMapper  Method Exceptionjava.sql.SQLSyntaxErrorException: Column 'PKA_ID' not found.
				
2026-07-04 15:20:03 [http-nio-8495-exec-10] ERROR c.v.d.r.productMstDropDownRowMapper -productMstDropDownRowMapper  Method Exceptionjava.sql.SQLSyntaxErrorException: Column 'PKA_ID' not found.
				
2026-07-04 15:20:03 [http-nio-8495-exec-10] ERROR c.v.d.r.productMstDropDownRowMapper -productMstDropDownRowMapper  Method Exceptionjava.sql.SQLSyntaxErrorException: Column 'PKA_ID' not found.
				
2026-07-04 15:20:03 [http-nio-8495-exec-10] ERROR c.v.d.r.productMstDropDownRowMapper -productMstDropDownRowMapper  Method Exceptionjava.sql.SQLSyntaxErrorException: Column 'PKA_ID' not found.
				
2026-07-04 15:20:03 [http-nio-8495-exec-10] ERROR c.v.d.r.productMstDropDownRowMapper -productMstDropDownRowMapper  Method Exceptionjava.sql.SQLSyntaxErrorException: Column 'PKA_ID' not found.
				
2026-07-04 15:20:03 [http-nio-8495-exec-10] ERROR c.v.d.r.productMstDropDownRowMapper -productMstDropDownRowMapper  Method Exceptionjava.sql.SQLSyntaxErrorException: Column 'PKA_ID' not found.
				
2026-07-04 15:20:03 [http-nio-8495-exec-10] ERROR c.v.d.r.productMstDropDownRowMapper -productMstDropDownRowMapper  Method Exceptionjava.sql.SQLSyntaxErrorException: Column 'PKA_ID' not found.
				
2026-07-04 15:20:03 [http-nio-8495-exec-10] ERROR c.v.d.r.productMstDropDownRowMapper -productMstDropDownRowMapper  Method Exceptionjava.sql.SQLSyntaxErrorException: Column 'PKA_ID' not found.
				
2026-07-04 15:20:03 [http-nio-8495-exec-10] ERROR c.v.d.r.productMstDropDownRowMapper -productMstDropDownRowMapper  Method Exceptionjava.sql.SQLSyntaxErrorException: Column 'PKA_ID' not found.
				
2026-07-04 15:20:03 [http-nio-8495-exec-10] ERROR c.v.d.r.productMstDropDownRowMapper -productMstDropDownRowMapper  Method Exceptionjava.sql.SQLSyntaxErrorException: Column 'PKA_ID' not found.
				
2026-07-04 15:20:03 [http-nio-8495-exec-10] ERROR c.v.d.r.productMstDropDownRowMapper -productMstDropDownRowMapper  Method Exceptionjava.sql.SQLSyntaxErrorException: Column 'PKA_ID' not found.
				
2026-07-04 15:20:03 [http-nio-8495-exec-10] ERROR c.v.d.r.productMstDropDownRowMapper -productMstDropDownRowMapper  Method Exceptionjava.sql.SQLSyntaxErrorException: Column 'PKA_ID' not found.
				
2026-07-04 15:20:03 [http-nio-8495-exec-10] ERROR c.v.d.r.productMstDropDownRowMapper -productMstDropDownRowMapper  Method Exceptionjava.sql.SQLSyntaxErrorException: Column 'PKA_ID' not found.
				
2026-07-04 15:20:03 [http-nio-8495-exec-10] ERROR c.v.d.r.productMstDropDownRowMapper -productMstDropDownRowMapper  Method Exceptionjava.sql.SQLSyntaxErrorException: Column 'PKA_ID' not found.
				
2026-07-04 15:20:03 [http-nio-8495-exec-10] ERROR c.v.d.r.productMstDropDownRowMapper -productMstDropDownRowMapper  Method Exceptionjava.sql.SQLSyntaxErrorException: Column 'PKA_ID' not found.
				
2026-07-04 15:20:03 [http-nio-8495-exec-10] ERROR c.v.d.r.productMstDropDownRowMapper -productMstDropDownRowMapper  Method Exceptionjava.sql.SQLSyntaxErrorException: Column 'PKA_ID' not found.
				
2026-07-04 15:20:03 [http-nio-8495-exec-10] ERROR c.v.d.r.productMstDropDownRowMapper -productMstDropDownRowMapper  Method Exceptionjava.sql.SQLSyntaxErrorException: Column 'PKA_ID' not found.
				
2026-07-04 15:20:03 [http-nio-8495-exec-10] ERROR c.v.d.r.productMstDropDownRowMapper -productMstDropDownRowMapper  Method Exceptionjava.sql.SQLSyntaxErrorException: Column 'PKA_ID' not found.
				
2026-07-04 15:20:03 [http-nio-8495-exec-10] ERROR c.v.d.r.productMstDropDownRowMapper -productMstDropDownRowMapper  Method Exceptionjava.sql.SQLSyntaxErrorException: Column 'PKA_ID' not found.
				
2026-07-04 15:20:03 [http-nio-8495-exec-10] ERROR c.v.d.r.productMstDropDownRowMapper -productMstDropDownRowMapper  Method Exceptionjava.sql.SQLSyntaxErrorException: Column 'PKA_ID' not found.
				
2026-07-04 15:20:03 [http-nio-8495-exec-10] ERROR c.v.d.r.productMstDropDownRowMapper -productMstDropDownRowMapper  Method Exceptionjava.sql.SQLSyntaxErrorException: Column 'PKA_ID' not found.
				
2026-07-04 15:20:03 [http-nio-8495-exec-10] ERROR c.v.d.r.productMstDropDownRowMapper -productMstDropDownRowMapper  Method Exceptionjava.sql.SQLSyntaxErrorException: Column 'PKA_ID' not found.
				
2026-07-04 15:20:03 [http-nio-8495-exec-10] ERROR c.v.d.r.productMstDropDownRowMapper -productMstDropDownRowMapper  Method Exceptionjava.sql.SQLSyntaxErrorException: Column 'PKA_ID' not found.
				
2026-07-04 15:20:03 [http-nio-8495-exec-10] ERROR c.v.d.r.productMstDropDownRowMapper -productMstDropDownRowMapper  Method Exceptionjava.sql.SQLSyntaxErrorException: Column 'PKA_ID' not found.
				
2026-07-04 15:20:03 [http-nio-8495-exec-10] ERROR c.v.d.r.productMstDropDownRowMapper -productMstDropDownRowMapper  Method Exceptionjava.sql.SQLSyntaxErrorException: Column 'PKA_ID' not found.
				
2026-07-04 15:20:03 [http-nio-8495-exec-10] ERROR c.v.d.r.productMstDropDownRowMapper -productMstDropDownRowMapper  Method Exceptionjava.sql.SQLSyntaxErrorException: Column 'PKA_ID' not found.
				
2026-07-04 15:20:03 [http-nio-8495-exec-10] ERROR c.v.d.r.productMstDropDownRowMapper -productMstDropDownRowMapper  Method Exceptionjava.sql.SQLSyntaxErrorException: Column 'PKA_ID' not found.
				
2026-07-04 15:20:03 [http-nio-8495-exec-10] ERROR c.v.d.r.productMstDropDownRowMapper -productMstDropDownRowMapper  Method Exceptionjava.sql.SQLSyntaxErrorException: Column 'PKA_ID' not found.
				
2026-07-04 15:20:03 [http-nio-8495-exec-10] ERROR c.v.d.r.productMstDropDownRowMapper -productMstDropDownRowMapper  Method Exceptionjava.sql.SQLSyntaxErrorException: Column 'PKA_ID' not found.
				
2026-07-04 15:20:03 [http-nio-8495-exec-10] ERROR c.v.d.r.productMstDropDownRowMapper -productMstDropDownRowMapper  Method Exceptionjava.sql.SQLSyntaxErrorException: Column 'PKA_ID' not found.
				
2026-07-04 15:20:03 [http-nio-8495-exec-10] ERROR c.v.d.r.productMstDropDownRowMapper -productMstDropDownRowMapper  Method Exceptionjava.sql.SQLSyntaxErrorException: Column 'PKA_ID' not found.
				
2026-07-04 15:20:03 [http-nio-8495-exec-10] ERROR c.v.d.r.productMstDropDownRowMapper -productMstDropDownRowMapper  Method Exceptionjava.sql.SQLSyntaxErrorException: Column 'PKA_ID' not found.
				
2026-07-04 15:20:03 [http-nio-8495-exec-10] ERROR c.v.d.r.productMstDropDownRowMapper -productMstDropDownRowMapper  Method Exceptionjava.sql.SQLSyntaxErrorException: Column 'PKA_ID' not found.
				
2026-07-04 15:20:03 [http-nio-8495-exec-10] ERROR c.v.d.r.productMstDropDownRowMapper -productMstDropDownRowMapper  Method Exceptionjava.sql.SQLSyntaxErrorException: Column 'PKA_ID' not found.
				
2026-07-04 15:20:03 [http-nio-8495-exec-10] ERROR c.v.d.r.productMstDropDownRowMapper -productMstDropDownRowMapper  Method Exceptionjava.sql.SQLSyntaxErrorException: Column 'PKA_ID' not found.
				
2026-07-04 15:20:03 [http-nio-8495-exec-10] ERROR c.v.d.r.productMstDropDownRowMapper -productMstDropDownRowMapper  Method Exceptionjava.sql.SQLSyntaxErrorException: Column 'PKA_ID' not found.
				
2026-07-04 15:20:03 [http-nio-8495-exec-10] ERROR c.v.d.r.productMstDropDownRowMapper -productMstDropDownRowMapper  Method Exceptionjava.sql.SQLSyntaxErrorException: Column 'PKA_ID' not found.
				
2026-07-04 15:20:03 [http-nio-8495-exec-10] ERROR c.v.d.r.productMstDropDownRowMapper -productMstDropDownRowMapper  Method Exceptionjava.sql.SQLSyntaxErrorException: Column 'PKA_ID' not found.
				
2026-07-04 15:20:03 [http-nio-8495-exec-10] ERROR c.v.d.r.productMstDropDownRowMapper -productMstDropDownRowMapper  Method Exceptionjava.sql.SQLSyntaxErrorException: Column 'PKA_ID' not found.
				
2026-07-04 15:20:03 [http-nio-8495-exec-10] ERROR c.v.d.r.productMstDropDownRowMapper -productMstDropDownRowMapper  Method Exceptionjava.sql.SQLSyntaxErrorException: Column 'PKA_ID' not found.
				
2026-07-04 15:20:03 [http-nio-8495-exec-10] ERROR c.v.d.r.productMstDropDownRowMapper -productMstDropDownRowMapper  Method Exceptionjava.sql.SQLSyntaxErrorException: Column 'PKA_ID' not found.
				
2026-07-04 15:20:03 [http-nio-8495-exec-10] ERROR c.v.d.r.productMstDropDownRowMapper -productMstDropDownRowMapper  Method Exceptionjava.sql.SQLSyntaxErrorException: Column 'PKA_ID' not found.
				
2026-07-04 15:20:03 [http-nio-8495-exec-10] ERROR c.v.d.r.productMstDropDownRowMapper -productMstDropDownRowMapper  Method Exceptionjava.sql.SQLSyntaxErrorException: Column 'PKA_ID' not found.
				
2026-07-04 15:20:03 [http-nio-8495-exec-10] ERROR c.v.d.r.productMstDropDownRowMapper -productMstDropDownRowMapper  Method Exceptionjava.sql.SQLSyntaxErrorException: Column 'PKA_ID' not found.
				
2026-07-04 15:20:03 [http-nio-8495-exec-10] ERROR c.v.d.r.productMstDropDownRowMapper -productMstDropDownRowMapper  Method Exceptionjava.sql.SQLSyntaxErrorException: Column 'PKA_ID' not found.
				
2026-07-04 15:20:03 [http-nio-8495-exec-10] ERROR c.v.d.r.productMstDropDownRowMapper -productMstDropDownRowMapper  Method Exceptionjava.sql.SQLSyntaxErrorException: Column 'PKA_ID' not found.
				
2026-07-04 15:20:03 [http-nio-8495-exec-10] ERROR c.v.d.r.productMstDropDownRowMapper -productMstDropDownRowMapper  Method Exceptionjava.sql.SQLSyntaxErrorException: Column 'PKA_ID' not found.
				
2026-07-04 15:20:03 [http-nio-8495-exec-10] ERROR c.v.d.r.productMstDropDownRowMapper -productMstDropDownRowMapper  Method Exceptionjava.sql.SQLSyntaxErrorException: Column 'PKA_ID' not found.
				
2026-07-04 15:20:03 [http-nio-8495-exec-10] ERROR c.v.d.r.productMstDropDownRowMapper -productMstDropDownRowMapper  Method Exceptionjava.sql.SQLSyntaxErrorException: Column 'PKA_ID' not found.
				
2026-07-04 15:20:03 [http-nio-8495-exec-10] ERROR c.v.d.r.productMstDropDownRowMapper -productMstDropDownRowMapper  Method Exceptionjava.sql.SQLSyntaxErrorException: Column 'PKA_ID' not found.
				
2026-07-04 15:20:03 [http-nio-8495-exec-10] ERROR c.v.d.r.productMstDropDownRowMapper -productMstDropDownRowMapper  Method Exceptionjava.sql.SQLSyntaxErrorException: Column 'PKA_ID' not found.
				
2026-07-04 15:20:03 [http-nio-8495-exec-10] ERROR c.v.d.r.productMstDropDownRowMapper -productMstDropDownRowMapper  Method Exceptionjava.sql.SQLSyntaxErrorException: Column 'PKA_ID' not found.
				
2026-07-04 15:20:03 [http-nio-8495-exec-10] ERROR c.v.d.r.productMstDropDownRowMapper -productMstDropDownRowMapper  Method Exceptionjava.sql.SQLSyntaxErrorException: Column 'PKA_ID' not found.
				
2026-07-04 15:20:03 [http-nio-8495-exec-10] ERROR c.v.d.r.productMstDropDownRowMapper -productMstDropDownRowMapper  Method Exceptionjava.sql.SQLSyntaxErrorException: Column 'PKA_ID' not found.
				
2026-07-04 15:20:03 [http-nio-8495-exec-10] ERROR c.v.d.r.productMstDropDownRowMapper -productMstDropDownRowMapper  Method Exceptionjava.sql.SQLSyntaxErrorException: Column 'PKA_ID' not found.
				
2026-07-04 15:20:03 [http-nio-8495-exec-10] ERROR c.v.d.r.productMstDropDownRowMapper -productMstDropDownRowMapper  Method Exceptionjava.sql.SQLSyntaxErrorException: Column 'PKA_ID' not found.
				
2026-07-04 15:20:03 [http-nio-8495-exec-10] ERROR c.v.d.r.productMstDropDownRowMapper -productMstDropDownRowMapper  Method Exceptionjava.sql.SQLSyntaxErrorException: Column 'PKA_ID' not found.
				
2026-07-04 15:20:03 [http-nio-8495-exec-10] ERROR c.v.d.r.productMstDropDownRowMapper -productMstDropDownRowMapper  Method Exceptionjava.sql.SQLSyntaxErrorException: Column 'PKA_ID' not found.
				
2026-07-04 15:20:03 [http-nio-8495-exec-10] ERROR c.v.d.r.productMstDropDownRowMapper -productMstDropDownRowMapper  Method Exceptionjava.sql.SQLSyntaxErrorException: Column 'PKA_ID' not found.
				
2026-07-04 15:20:03 [http-nio-8495-exec-10] ERROR c.v.d.r.productMstDropDownRowMapper -productMstDropDownRowMapper  Method Exceptionjava.sql.SQLSyntaxErrorException: Column 'PKA_ID' not found.
				
2026-07-04 15:20:03 [http-nio-8495-exec-10] ERROR c.v.d.r.productMstDropDownRowMapper -productMstDropDownRowMapper  Method Exceptionjava.sql.SQLSyntaxErrorException: Column 'PKA_ID' not found.
				
2026-07-04 15:20:03 [http-nio-8495-exec-10] ERROR c.v.d.r.productMstDropDownRowMapper -productMstDropDownRowMapper  Method Exceptionjava.sql.SQLSyntaxErrorException: Column 'PKA_ID' not found.
				
2026-07-04 15:20:03 [http-nio-8495-exec-10] ERROR c.v.d.r.productMstDropDownRowMapper -productMstDropDownRowMapper  Method Exceptionjava.sql.SQLSyntaxErrorException: Column 'PKA_ID' not found.
				
2026-07-04 15:20:03 [http-nio-8495-exec-10] ERROR c.v.d.r.productMstDropDownRowMapper -productMstDropDownRowMapper  Method Exceptionjava.sql.SQLSyntaxErrorException: Column 'PKA_ID' not found.
				
2026-07-04 15:20:03 [http-nio-8495-exec-10] ERROR c.v.d.r.productMstDropDownRowMapper -productMstDropDownRowMapper  Method Exceptionjava.sql.SQLSyntaxErrorException: Column 'PKA_ID' not found.
				
2026-07-04 15:20:03 [http-nio-8495-exec-10] ERROR c.v.d.r.productMstDropDownRowMapper -productMstDropDownRowMapper  Method Exceptionjava.sql.SQLSyntaxErrorException: Column 'PKA_ID' not found.
				
2026-07-04 15:20:03 [http-nio-8495-exec-10] ERROR c.v.d.r.productMstDropDownRowMapper -productMstDropDownRowMapper  Method Exceptionjava.sql.SQLSyntaxErrorException: Column 'PKA_ID' not found.
				
2026-07-04 15:20:03 [http-nio-8495-exec-10] ERROR c.v.d.r.productMstDropDownRowMapper -productMstDropDownRowMapper  Method Exceptionjava.sql.SQLSyntaxErrorException: Column 'PKA_ID' not found.
				
2026-07-04 15:20:03 [http-nio-8495-exec-10] ERROR c.v.d.r.productMstDropDownRowMapper -productMstDropDownRowMapper  Method Exceptionjava.sql.SQLSyntaxErrorException: Column 'PKA_ID' not found.
				
2026-07-04 15:20:03 [http-nio-8495-exec-10] ERROR c.v.d.r.productMstDropDownRowMapper -productMstDropDownRowMapper  Method Exceptionjava.sql.SQLSyntaxErrorException: Column 'PKA_ID' not found.
				
2026-07-04 15:20:03 [http-nio-8495-exec-10] ERROR c.v.d.r.productMstDropDownRowMapper -productMstDropDownRowMapper  Method Exceptionjava.sql.SQLSyntaxErrorException: Column 'PKA_ID' not found.
				
2026-07-04 15:20:03 [http-nio-8495-exec-10] ERROR c.v.d.r.productMstDropDownRowMapper -productMstDropDownRowMapper  Method Exceptionjava.sql.SQLSyntaxErrorException: Column 'PKA_ID' not found.
				
2026-07-04 15:20:03 [http-nio-8495-exec-10] ERROR c.v.d.r.productMstDropDownRowMapper -productMstDropDownRowMapper  Method Exceptionjava.sql.SQLSyntaxErrorException: Column 'PKA_ID' not found.
				
2026-07-04 15:20:03 [http-nio-8495-exec-10] ERROR c.v.d.r.productMstDropDownRowMapper -productMstDropDownRowMapper  Method Exceptionjava.sql.SQLSyntaxErrorException: Column 'PKA_ID' not found.
				
2026-07-04 15:20:03 [http-nio-8495-exec-10] ERROR c.v.d.r.productMstDropDownRowMapper -productMstDropDownRowMapper  Method Exceptionjava.sql.SQLSyntaxErrorException: Column 'PKA_ID' not found.
				
2026-07-04 15:20:03 [http-nio-8495-exec-10] ERROR c.v.d.r.productMstDropDownRowMapper -productMstDropDownRowMapper  Method Exceptionjava.sql.SQLSyntaxErrorException: Column 'PKA_ID' not found.
				
2026-07-04 15:20:03 [http-nio-8495-exec-10] ERROR c.v.d.r.productMstDropDownRowMapper -productMstDropDownRowMapper  Method Exceptionjava.sql.SQLSyntaxErrorException: Column 'PKA_ID' not found.
				
2026-07-04 15:20:03 [http-nio-8495-exec-10] ERROR c.v.d.r.productMstDropDownRowMapper -productMstDropDownRowMapper  Method Exceptionjava.sql.SQLSyntaxErrorException: Column 'PKA_ID' not found.
				
2026-07-04 15:20:03 [http-nio-8495-exec-10] ERROR c.v.d.r.productMstDropDownRowMapper -productMstDropDownRowMapper  Method Exceptionjava.sql.SQLSyntaxErrorException: Column 'PKA_ID' not found.
				
2026-07-04 15:20:03 [http-nio-8495-exec-10] ERROR c.v.d.r.productMstDropDownRowMapper -productMstDropDownRowMapper  Method Exceptionjava.sql.SQLSyntaxErrorException: Column 'PKA_ID' not found.
				
2026-07-04 15:20:03 [http-nio-8495-exec-10] ERROR c.v.d.r.productMstDropDownRowMapper -productMstDropDownRowMapper  Method Exceptionjava.sql.SQLSyntaxErrorException: Column 'PKA_ID' not found.
				
2026-07-04 15:20:03 [http-nio-8495-exec-10] ERROR c.v.d.r.productMstDropDownRowMapper -productMstDropDownRowMapper  Method Exceptionjava.sql.SQLSyntaxErrorException: Column 'PKA_ID' not found.
				
2026-07-04 15:20:03 [http-nio-8495-exec-10] ERROR c.v.d.r.productMstDropDownRowMapper -productMstDropDownRowMapper  Method Exceptionjava.sql.SQLSyntaxErrorException: Column 'PKA_ID' not found.
				
2026-07-04 15:20:03 [http-nio-8495-exec-10] ERROR c.v.d.r.productMstDropDownRowMapper -productMstDropDownRowMapper  Method Exceptionjava.sql.SQLSyntaxErrorException: Column 'PKA_ID' not found.
				
2026-07-04 15:20:03 [http-nio-8495-exec-10] ERROR c.v.d.r.productMstDropDownRowMapper -productMstDropDownRowMapper  Method Exceptionjava.sql.SQLSyntaxErrorException: Column 'PKA_ID' not found.
				
2026-07-04 15:20:03 [http-nio-8495-exec-10] ERROR c.v.d.r.productMstDropDownRowMapper -productMstDropDownRowMapper  Method Exceptionjava.sql.SQLSyntaxErrorException: Column 'PKA_ID' not found.
				
2026-07-04 15:20:03 [http-nio-8495-exec-10] ERROR c.v.d.r.productMstDropDownRowMapper -productMstDropDownRowMapper  Method Exceptionjava.sql.SQLSyntaxErrorException: Column 'PKA_ID' not found.
				
2026-07-04 15:20:03 [http-nio-8495-exec-10] ERROR c.v.d.r.productMstDropDownRowMapper -productMstDropDownRowMapper  Method Exceptionjava.sql.SQLSyntaxErrorException: Column 'PKA_ID' not found.
				
2026-07-04 15:20:03 [http-nio-8495-exec-10] ERROR c.v.d.r.productMstDropDownRowMapper -productMstDropDownRowMapper  Method Exceptionjava.sql.SQLSyntaxErrorException: Column 'PKA_ID' not found.
				
2026-07-04 15:20:03 [http-nio-8495-exec-10] ERROR c.v.d.r.productMstDropDownRowMapper -productMstDropDownRowMapper  Method Exceptionjava.sql.SQLSyntaxErrorException: Column 'PKA_ID' not found.
				
2026-07-04 15:20:03 [http-nio-8495-exec-10] ERROR c.v.d.r.productMstDropDownRowMapper -productMstDropDownRowMapper  Method Exceptionjava.sql.SQLSyntaxErrorException: Column 'PKA_ID' not found.
				
2026-07-04 15:20:03 [http-nio-8495-exec-10] ERROR c.v.d.r.productMstDropDownRowMapper -productMstDropDownRowMapper  Method Exceptionjava.sql.SQLSyntaxErrorException: Column 'PKA_ID' not found.
				
2026-07-04 15:20:03 [http-nio-8495-exec-10] ERROR c.v.d.r.productMstDropDownRowMapper -productMstDropDownRowMapper  Method Exceptionjava.sql.SQLSyntaxErrorException: Column 'PKA_ID' not found.
				
2026-07-04 15:20:03 [http-nio-8495-exec-10] ERROR c.v.d.r.productMstDropDownRowMapper -productMstDropDownRowMapper  Method Exceptionjava.sql.SQLSyntaxErrorException: Column 'PKA_ID' not found.
				
2026-07-04 15:20:03 [http-nio-8495-exec-10] ERROR c.v.d.r.productMstDropDownRowMapper -productMstDropDownRowMapper  Method Exceptionjava.sql.SQLSyntaxErrorException: Column 'PKA_ID' not found.
				
2026-07-04 15:20:03 [http-nio-8495-exec-10] ERROR c.v.d.r.productMstDropDownRowMapper -productMstDropDownRowMapper  Method Exceptionjava.sql.SQLSyntaxErrorException: Column 'PKA_ID' not found.
				
2026-07-04 15:20:03 [http-nio-8495-exec-10] ERROR c.v.d.r.productMstDropDownRowMapper -productMstDropDownRowMapper  Method Exceptionjava.sql.SQLSyntaxErrorException: Column 'PKA_ID' not found.
				
2026-07-04 15:20:03 [http-nio-8495-exec-10] ERROR c.v.d.r.productMstDropDownRowMapper -productMstDropDownRowMapper  Method Exceptionjava.sql.SQLSyntaxErrorException: Column 'PKA_ID' not found.
				
2026-07-04 15:20:03 [http-nio-8495-exec-10] ERROR c.v.d.r.productMstDropDownRowMapper -productMstDropDownRowMapper  Method Exceptionjava.sql.SQLSyntaxErrorException: Column 'PKA_ID' not found.
				
2026-07-04 15:20:03 [http-nio-8495-exec-10] ERROR c.v.d.r.productMstDropDownRowMapper -productMstDropDownRowMapper  Method Exceptionjava.sql.SQLSyntaxErrorException: Column 'PKA_ID' not found.
				
2026-07-04 15:20:03 [http-nio-8495-exec-10] ERROR c.v.d.r.productMstDropDownRowMapper -productMstDropDownRowMapper  Method Exceptionjava.sql.SQLSyntaxErrorException: Column 'PKA_ID' not found.
				
2026-07-04 15:20:03 [http-nio-8495-exec-10] ERROR c.v.d.r.productMstDropDownRowMapper -productMstDropDownRowMapper  Method Exceptionjava.sql.SQLSyntaxErrorException: Column 'PKA_ID' not found.
				
2026-07-04 15:20:03 [http-nio-8495-exec-10] ERROR c.v.d.r.productMstDropDownRowMapper -productMstDropDownRowMapper  Method Exceptionjava.sql.SQLSyntaxErrorException: Column 'PKA_ID' not found.
				
2026-07-04 15:20:03 [http-nio-8495-exec-10] ERROR c.v.d.r.productMstDropDownRowMapper -productMstDropDownRowMapper  Method Exceptionjava.sql.SQLSyntaxErrorException: Column 'PKA_ID' not found.
				
2026-07-04 15:20:03 [http-nio-8495-exec-10] ERROR c.v.d.r.productMstDropDownRowMapper -productMstDropDownRowMapper  Method Exceptionjava.sql.SQLSyntaxErrorException: Column 'PKA_ID' not found.
				
2026-07-04 15:20:03 [http-nio-8495-exec-10] ERROR c.v.d.r.productMstDropDownRowMapper -productMstDropDownRowMapper  Method Exceptionjava.sql.SQLSyntaxErrorException: Column 'PKA_ID' not found.
				
2026-07-04 15:20:03 [http-nio-8495-exec-10] ERROR c.v.d.r.productMstDropDownRowMapper -productMstDropDownRowMapper  Method Exceptionjava.sql.SQLSyntaxErrorException: Column 'PKA_ID' not found.
				
2026-07-04 15:20:03 [http-nio-8495-exec-10] ERROR c.v.d.r.productMstDropDownRowMapper -productMstDropDownRowMapper  Method Exceptionjava.sql.SQLSyntaxErrorException: Column 'PKA_ID' not found.
				
2026-07-04 15:20:03 [http-nio-8495-exec-10] ERROR c.v.d.r.productMstDropDownRowMapper -productMstDropDownRowMapper  Method Exceptionjava.sql.SQLSyntaxErrorException: Column 'PKA_ID' not found.
				
2026-07-04 15:20:03 [http-nio-8495-exec-10] ERROR c.v.d.r.productMstDropDownRowMapper -productMstDropDownRowMapper  Method Exceptionjava.sql.SQLSyntaxErrorException: Column 'PKA_ID' not found.
				
2026-07-04 15:20:03 [http-nio-8495-exec-10] ERROR c.v.d.r.productMstDropDownRowMapper -productMstDropDownRowMapper  Method Exceptionjava.sql.SQLSyntaxErrorException: Column 'PKA_ID' not found.
				
2026-07-04 15:20:03 [http-nio-8495-exec-10] ERROR c.v.d.r.productMstDropDownRowMapper -productMstDropDownRowMapper  Method Exceptionjava.sql.SQLSyntaxErrorException: Column 'PKA_ID' not found.
				
2026-07-04 15:20:03 [http-nio-8495-exec-10] ERROR c.v.d.r.productMstDropDownRowMapper -productMstDropDownRowMapper  Method Exceptionjava.sql.SQLSyntaxErrorException: Column 'PKA_ID' not found.
				
2026-07-04 15:20:03 [http-nio-8495-exec-10] ERROR c.v.d.r.productMstDropDownRowMapper -productMstDropDownRowMapper  Method Exceptionjava.sql.SQLSyntaxErrorException: Column 'PKA_ID' not found.
				
2026-07-04 15:20:03 [http-nio-8495-exec-10] ERROR c.v.d.r.productMstDropDownRowMapper -productMstDropDownRowMapper  Method Exceptionjava.sql.SQLSyntaxErrorException: Column 'PKA_ID' not found.
				
2026-07-04 15:20:03 [http-nio-8495-exec-10] ERROR c.v.d.r.productMstDropDownRowMapper -productMstDropDownRowMapper  Method Exceptionjava.sql.SQLSyntaxErrorException: Column 'PKA_ID' not found.
				
2026-07-04 15:20:03 [http-nio-8495-exec-10] ERROR c.v.d.r.productMstDropDownRowMapper -productMstDropDownRowMapper  Method Exceptionjava.sql.SQLSyntaxErrorException: Column 'PKA_ID' not found.
				
2026-07-04 15:20:03 [http-nio-8495-exec-10] ERROR c.v.d.r.productMstDropDownRowMapper -productMstDropDownRowMapper  Method Exceptionjava.sql.SQLSyntaxErrorException: Column 'PKA_ID' not found.
				
2026-07-04 15:20:03 [http-nio-8495-exec-10] ERROR c.v.d.r.productMstDropDownRowMapper -productMstDropDownRowMapper  Method Exceptionjava.sql.SQLSyntaxErrorException: Column 'PKA_ID' not found.
				
2026-07-04 15:20:03 [http-nio-8495-exec-10] ERROR c.v.d.r.productMstDropDownRowMapper -productMstDropDownRowMapper  Method Exceptionjava.sql.SQLSyntaxErrorException: Column 'PKA_ID' not found.
				
2026-07-04 15:20:03 [http-nio-8495-exec-10] ERROR c.v.d.r.productMstDropDownRowMapper -productMstDropDownRowMapper  Method Exceptionjava.sql.SQLSyntaxErrorException: Column 'PKA_ID' not found.
				
2026-07-04 15:20:03 [http-nio-8495-exec-10] ERROR c.v.d.r.productMstDropDownRowMapper -productMstDropDownRowMapper  Method Exceptionjava.sql.SQLSyntaxErrorException: Column 'PKA_ID' not found.
				
2026-07-04 15:20:03 [http-nio-8495-exec-10] ERROR c.v.d.r.productMstDropDownRowMapper -productMstDropDownRowMapper  Method Exceptionjava.sql.SQLSyntaxErrorException: Column 'PKA_ID' not found.
				
2026-07-04 15:20:03 [http-nio-8495-exec-10] ERROR c.v.d.r.productMstDropDownRowMapper -productMstDropDownRowMapper  Method Exceptionjava.sql.SQLSyntaxErrorException: Column 'PKA_ID' not found.
				
2026-07-04 15:20:03 [http-nio-8495-exec-10] ERROR c.v.d.r.productMstDropDownRowMapper -productMstDropDownRowMapper  Method Exceptionjava.sql.SQLSyntaxErrorException: Column 'PKA_ID' not found.
				
2026-07-04 15:20:03 [http-nio-8495-exec-10] ERROR c.v.d.r.productMstDropDownRowMapper -productMstDropDownRowMapper  Method Exceptionjava.sql.SQLSyntaxErrorException: Column 'PKA_ID' not found.
				
2026-07-04 15:20:03 [http-nio-8495-exec-10] ERROR c.v.d.r.productMstDropDownRowMapper -productMstDropDownRowMapper  Method Exceptionjava.sql.SQLSyntaxErrorException: Column 'PKA_ID' not found.
				
2026-07-04 15:20:03 [http-nio-8495-exec-10] ERROR c.v.d.r.productMstDropDownRowMapper -productMstDropDownRowMapper  Method Exceptionjava.sql.SQLSyntaxErrorException: Column 'PKA_ID' not found.
				
2026-07-04 15:20:03 [http-nio-8495-exec-10] ERROR c.v.d.r.productMstDropDownRowMapper -productMstDropDownRowMapper  Method Exceptionjava.sql.SQLSyntaxErrorException: Column 'PKA_ID' not found.
				
2026-07-04 15:20:03 [http-nio-8495-exec-10] ERROR c.v.d.r.productMstDropDownRowMapper -productMstDropDownRowMapper  Method Exceptionjava.sql.SQLSyntaxErrorException: Column 'PKA_ID' not found.
				
2026-07-04 15:20:03 [http-nio-8495-exec-10] ERROR c.v.d.r.productMstDropDownRowMapper -productMstDropDownRowMapper  Method Exceptionjava.sql.SQLSyntaxErrorException: Column 'PKA_ID' not found.
				
2026-07-04 15:20:03 [http-nio-8495-exec-10] ERROR c.v.d.r.productMstDropDownRowMapper -productMstDropDownRowMapper  Method Exceptionjava.sql.SQLSyntaxErrorException: Column 'PKA_ID' not found.
				
2026-07-04 15:20:03 [http-nio-8495-exec-10] ERROR c.v.d.r.productMstDropDownRowMapper -productMstDropDownRowMapper  Method Exceptionjava.sql.SQLSyntaxErrorException: Column 'PKA_ID' not found.
				
2026-07-04 15:20:03 [http-nio-8495-exec-10] ERROR c.v.d.r.productMstDropDownRowMapper -productMstDropDownRowMapper  Method Exceptionjava.sql.SQLSyntaxErrorException: Column 'PKA_ID' not found.
				
2026-07-04 15:20:03 [http-nio-8495-exec-10] ERROR c.v.d.r.productMstDropDownRowMapper -productMstDropDownRowMapper  Method Exceptionjava.sql.SQLSyntaxErrorException: Column 'PKA_ID' not found.
				
2026-07-04 15:20:03 [http-nio-8495-exec-10] ERROR c.v.d.r.productMstDropDownRowMapper -productMstDropDownRowMapper  Method Exceptionjava.sql.SQLSyntaxErrorException: Column 'PKA_ID' not found.
				
2026-07-04 15:20:03 [http-nio-8495-exec-10] ERROR c.v.d.r.productMstDropDownRowMapper -productMstDropDownRowMapper  Method Exceptionjava.sql.SQLSyntaxErrorException: Column 'PKA_ID' not found.
				
2026-07-04 15:20:03 [http-nio-8495-exec-10] ERROR c.v.d.r.productMstDropDownRowMapper -productMstDropDownRowMapper  Method Exceptionjava.sql.SQLSyntaxErrorException: Column 'PKA_ID' not found.
				
2026-07-04 15:20:03 [http-nio-8495-exec-10] ERROR c.v.d.r.productMstDropDownRowMapper -productMstDropDownRowMapper  Method Exceptionjava.sql.SQLSyntaxErrorException: Column 'PKA_ID' not found.
				
2026-07-04 15:20:03 [http-nio-8495-exec-10] ERROR c.v.d.r.productMstDropDownRowMapper -productMstDropDownRowMapper  Method Exceptionjava.sql.SQLSyntaxErrorException: Column 'PKA_ID' not found.
				
2026-07-04 15:20:03 [http-nio-8495-exec-10] ERROR c.v.d.r.productMstDropDownRowMapper -productMstDropDownRowMapper  Method Exceptionjava.sql.SQLSyntaxErrorException: Column 'PKA_ID' not found.
				
2026-07-04 15:20:03 [http-nio-8495-exec-10] ERROR c.v.d.r.productMstDropDownRowMapper -productMstDropDownRowMapper  Method Exceptionjava.sql.SQLSyntaxErrorException: Column 'PKA_ID' not found.
				
2026-07-04 15:20:03 [http-nio-8495-exec-10] ERROR c.v.d.r.productMstDropDownRowMapper -productMstDropDownRowMapper  Method Exceptionjava.sql.SQLSyntaxErrorException: Column 'PKA_ID' not found.
				
2026-07-04 15:20:03 [http-nio-8495-exec-10] ERROR c.v.d.r.productMstDropDownRowMapper -productMstDropDownRowMapper  Method Exceptionjava.sql.SQLSyntaxErrorException: Column 'PKA_ID' not found.
				
2026-07-04 15:20:03 [http-nio-8495-exec-10] ERROR c.v.d.r.productMstDropDownRowMapper -productMstDropDownRowMapper  Method Exceptionjava.sql.SQLSyntaxErrorException: Column 'PKA_ID' not found.
				
2026-07-04 15:20:03 [http-nio-8495-exec-10] ERROR c.v.d.r.productMstDropDownRowMapper -productMstDropDownRowMapper  Method Exceptionjava.sql.SQLSyntaxErrorException: Column 'PKA_ID' not found.
				
2026-07-04 15:20:03 [http-nio-8495-exec-10] ERROR c.v.d.r.productMstDropDownRowMapper -productMstDropDownRowMapper  Method Exceptionjava.sql.SQLSyntaxErrorException: Column 'PKA_ID' not found.
				
2026-07-04 15:20:03 [http-nio-8495-exec-10] ERROR c.v.d.r.productMstDropDownRowMapper -productMstDropDownRowMapper  Method Exceptionjava.sql.SQLSyntaxErrorException: Column 'PKA_ID' not found.
				
2026-07-04 15:20:03 [http-nio-8495-exec-10] ERROR c.v.d.r.productMstDropDownRowMapper -productMstDropDownRowMapper  Method Exceptionjava.sql.SQLSyntaxErrorException: Column 'PKA_ID' not found.
				
2026-07-04 15:20:03 [http-nio-8495-exec-10] ERROR c.v.d.r.productMstDropDownRowMapper -productMstDropDownRowMapper  Method Exceptionjava.sql.SQLSyntaxErrorException: Column 'PKA_ID' not found.
				
2026-07-04 15:20:03 [http-nio-8495-exec-10] ERROR c.v.d.r.productMstDropDownRowMapper -productMstDropDownRowMapper  Method Exceptionjava.sql.SQLSyntaxErrorException: Column 'PKA_ID' not found.
				
2026-07-04 15:20:03 [http-nio-8495-exec-10] ERROR c.v.d.r.productMstDropDownRowMapper -productMstDropDownRowMapper  Method Exceptionjava.sql.SQLSyntaxErrorException: Column 'PKA_ID' not found.
				
2026-07-04 15:20:03 [http-nio-8495-exec-10] ERROR c.v.d.r.productMstDropDownRowMapper -productMstDropDownRowMapper  Method Exceptionjava.sql.SQLSyntaxErrorException: Column 'PKA_ID' not found.
				
2026-07-04 15:20:03 [http-nio-8495-exec-10] ERROR c.v.d.r.productMstDropDownRowMapper -productMstDropDownRowMapper  Method Exceptionjava.sql.SQLSyntaxErrorException: Column 'PKA_ID' not found.
				
2026-07-04 15:20:03 [http-nio-8495-exec-10] ERROR c.v.d.r.productMstDropDownRowMapper -productMstDropDownRowMapper  Method Exceptionjava.sql.SQLSyntaxErrorException: Column 'PKA_ID' not found.
				
2026-07-04 15:20:03 [http-nio-8495-exec-10] ERROR c.v.d.r.productMstDropDownRowMapper -productMstDropDownRowMapper  Method Exceptionjava.sql.SQLSyntaxErrorException: Column 'PKA_ID' not found.
				
2026-07-04 15:20:03 [http-nio-8495-exec-10] ERROR c.v.d.r.productMstDropDownRowMapper -productMstDropDownRowMapper  Method Exceptionjava.sql.SQLSyntaxErrorException: Column 'PKA_ID' not found.
				
2026-07-04 15:20:03 [http-nio-8495-exec-10] ERROR c.v.d.r.productMstDropDownRowMapper -productMstDropDownRowMapper  Method Exceptionjava.sql.SQLSyntaxErrorException: Column 'PKA_ID' not found.
				
2026-07-04 15:20:03 [http-nio-8495-exec-10] ERROR c.v.d.r.productMstDropDownRowMapper -productMstDropDownRowMapper  Method Exceptionjava.sql.SQLSyntaxErrorException: Column 'PKA_ID' not found.
				
2026-07-04 15:20:03 [http-nio-8495-exec-10] ERROR c.v.d.r.productMstDropDownRowMapper -productMstDropDownRowMapper  Method Exceptionjava.sql.SQLSyntaxErrorException: Column 'PKA_ID' not found.
				
2026-07-04 15:20:03 [http-nio-8495-exec-10] ERROR c.v.d.r.productMstDropDownRowMapper -productMstDropDownRowMapper  Method Exceptionjava.sql.SQLSyntaxErrorException: Column 'PKA_ID' not found.
				
2026-07-04 15:20:03 [http-nio-8495-exec-10] ERROR c.v.d.r.productMstDropDownRowMapper -productMstDropDownRowMapper  Method Exceptionjava.sql.SQLSyntaxErrorException: Column 'PKA_ID' not found.
				
2026-07-04 15:20:03 [http-nio-8495-exec-10] ERROR c.v.d.r.productMstDropDownRowMapper -productMstDropDownRowMapper  Method Exceptionjava.sql.SQLSyntaxErrorException: Column 'PKA_ID' not found.
				
2026-07-04 15:20:03 [http-nio-8495-exec-10] ERROR c.v.d.r.productMstDropDownRowMapper -productMstDropDownRowMapper  Method Exceptionjava.sql.SQLSyntaxErrorException: Column 'PKA_ID' not found.
				
2026-07-04 15:20:03 [http-nio-8495-exec-10] ERROR c.v.d.r.productMstDropDownRowMapper -productMstDropDownRowMapper  Method Exceptionjava.sql.SQLSyntaxErrorException: Column 'PKA_ID' not found.
				
2026-07-04 15:20:03 [http-nio-8495-exec-10] ERROR c.v.d.r.productMstDropDownRowMapper -productMstDropDownRowMapper  Method Exceptionjava.sql.SQLSyntaxErrorException: Column 'PKA_ID' not found.
				
2026-07-04 15:20:03 [http-nio-8495-exec-10] ERROR c.v.d.r.productMstDropDownRowMapper -productMstDropDownRowMapper  Method Exceptionjava.sql.SQLSyntaxErrorException: Column 'PKA_ID' not found.
				
2026-07-04 15:20:03 [http-nio-8495-exec-10] ERROR c.v.d.r.productMstDropDownRowMapper -productMstDropDownRowMapper  Method Exceptionjava.sql.SQLSyntaxErrorException: Column 'PKA_ID' not found.
				
2026-07-04 15:20:03 [http-nio-8495-exec-10] ERROR c.v.d.r.productMstDropDownRowMapper -productMstDropDownRowMapper  Method Exceptionjava.sql.SQLSyntaxErrorException: Column 'PKA_ID' not found.
				
2026-07-04 15:20:03 [http-nio-8495-exec-10] ERROR c.v.d.r.productMstDropDownRowMapper -productMstDropDownRowMapper  Method Exceptionjava.sql.SQLSyntaxErrorException: Column 'PKA_ID' not found.
				
2026-07-04 15:20:03 [http-nio-8495-exec-10] ERROR c.v.d.r.productMstDropDownRowMapper -productMstDropDownRowMapper  Method Exceptionjava.sql.SQLSyntaxErrorException: Column 'PKA_ID' not found.
				
2026-07-04 15:20:03 [http-nio-8495-exec-10] ERROR c.v.d.r.productMstDropDownRowMapper -productMstDropDownRowMapper  Method Exceptionjava.sql.SQLSyntaxErrorException: Column 'PKA_ID' not found.
				
2026-07-04 15:20:03 [http-nio-8495-exec-10] ERROR c.v.d.r.productMstDropDownRowMapper -productMstDropDownRowMapper  Method Exceptionjava.sql.SQLSyntaxErrorException: Column 'PKA_ID' not found.
				
2026-07-04 15:20:03 [http-nio-8495-exec-10] ERROR c.v.d.r.productMstDropDownRowMapper -productMstDropDownRowMapper  Method Exceptionjava.sql.SQLSyntaxErrorException: Column 'PKA_ID' not found.
				
2026-07-04 15:20:03 [http-nio-8495-exec-10] ERROR c.v.d.r.productMstDropDownRowMapper -productMstDropDownRowMapper  Method Exceptionjava.sql.SQLSyntaxErrorException: Column 'PKA_ID' not found.
				
2026-07-04 15:20:03 [http-nio-8495-exec-10] ERROR c.v.d.r.productMstDropDownRowMapper -productMstDropDownRowMapper  Method Exceptionjava.sql.SQLSyntaxErrorException: Column 'PKA_ID' not found.
				
2026-07-04 15:20:03 [http-nio-8495-exec-10] ERROR c.v.d.r.productMstDropDownRowMapper -productMstDropDownRowMapper  Method Exceptionjava.sql.SQLSyntaxErrorException: Column 'PKA_ID' not found.
				
2026-07-04 15:20:03 [http-nio-8495-exec-10] ERROR c.v.d.r.productMstDropDownRowMapper -productMstDropDownRowMapper  Method Exceptionjava.sql.SQLSyntaxErrorException: Column 'PKA_ID' not found.
				
2026-07-04 15:20:03 [http-nio-8495-exec-10] ERROR c.v.d.r.productMstDropDownRowMapper -productMstDropDownRowMapper  Method Exceptionjava.sql.SQLSyntaxErrorException: Column 'PKA_ID' not found.
				
2026-07-04 15:20:03 [http-nio-8495-exec-10] ERROR c.v.d.r.productMstDropDownRowMapper -productMstDropDownRowMapper  Method Exceptionjava.sql.SQLSyntaxErrorException: Column 'PKA_ID' not found.
				
2026-07-04 15:20:03 [http-nio-8495-exec-10] ERROR c.v.d.r.productMstDropDownRowMapper -productMstDropDownRowMapper  Method Exceptionjava.sql.SQLSyntaxErrorException: Column 'PKA_ID' not found.
				
2026-07-04 15:20:03 [http-nio-8495-exec-10] ERROR c.v.d.r.productMstDropDownRowMapper -productMstDropDownRowMapper  Method Exceptionjava.sql.SQLSyntaxErrorException: Column 'PKA_ID' not found.
				
2026-07-04 15:20:03 [http-nio-8495-exec-10] ERROR c.v.d.r.productMstDropDownRowMapper -productMstDropDownRowMapper  Method Exceptionjava.sql.SQLSyntaxErrorException: Column 'PKA_ID' not found.
				
2026-07-04 15:20:03 [http-nio-8495-exec-10] ERROR c.v.d.r.productMstDropDownRowMapper -productMstDropDownRowMapper  Method Exceptionjava.sql.SQLSyntaxErrorException: Column 'PKA_ID' not found.
				
2026-07-04 15:20:03 [http-nio-8495-exec-10] ERROR c.v.d.r.productMstDropDownRowMapper -productMstDropDownRowMapper  Method Exceptionjava.sql.SQLSyntaxErrorException: Column 'PKA_ID' not found.
				
2026-07-04 15:20:03 [http-nio-8495-exec-10] ERROR c.v.d.r.productMstDropDownRowMapper -productMstDropDownRowMapper  Method Exceptionjava.sql.SQLSyntaxErrorException: Column 'PKA_ID' not found.
				
2026-07-04 15:20:03 [http-nio-8495-exec-10] ERROR c.v.d.r.productMstDropDownRowMapper -productMstDropDownRowMapper  Method Exceptionjava.sql.SQLSyntaxErrorException: Column 'PKA_ID' not found.
				
2026-07-04 15:20:03 [http-nio-8495-exec-10] ERROR c.v.d.r.productMstDropDownRowMapper -productMstDropDownRowMapper  Method Exceptionjava.sql.SQLSyntaxErrorException: Column 'PKA_ID' not found.
				
2026-07-04 15:20:03 [http-nio-8495-exec-10] ERROR c.v.d.r.productMstDropDownRowMapper -productMstDropDownRowMapper  Method Exceptionjava.sql.SQLSyntaxErrorException: Column 'PKA_ID' not found.
				
2026-07-04 15:20:03 [http-nio-8495-exec-10] ERROR c.v.d.r.productMstDropDownRowMapper -productMstDropDownRowMapper  Method Exceptionjava.sql.SQLSyntaxErrorException: Column 'PKA_ID' not found.
				
2026-07-04 15:20:03 [http-nio-8495-exec-10] ERROR c.v.d.r.productMstDropDownRowMapper -productMstDropDownRowMapper  Method Exceptionjava.sql.SQLSyntaxErrorException: Column 'PKA_ID' not found.
				
2026-07-04 15:20:03 [http-nio-8495-exec-10] ERROR c.v.d.r.productMstDropDownRowMapper -productMstDropDownRowMapper  Method Exceptionjava.sql.SQLSyntaxErrorException: Column 'PKA_ID' not found.
				
2026-07-04 15:20:03 [http-nio-8495-exec-10] ERROR c.v.d.r.productMstDropDownRowMapper -productMstDropDownRowMapper  Method Exceptionjava.sql.SQLSyntaxErrorException: Column 'PKA_ID' not found.
				
2026-07-04 15:20:03 [http-nio-8495-exec-10] ERROR c.v.d.r.productMstDropDownRowMapper -productMstDropDownRowMapper  Method Exceptionjava.sql.SQLSyntaxErrorException: Column 'PKA_ID' not found.
				
2026-07-04 15:20:03 [http-nio-8495-exec-10] ERROR c.v.d.r.productMstDropDownRowMapper -productMstDropDownRowMapper  Method Exceptionjava.sql.SQLSyntaxErrorException: Column 'PKA_ID' not found.
				
2026-07-04 15:20:03 [http-nio-8495-exec-10] ERROR c.v.d.r.productMstDropDownRowMapper -productMstDropDownRowMapper  Method Exceptionjava.sql.SQLSyntaxErrorException: Column 'PKA_ID' not found.
				
2026-07-04 15:20:03 [http-nio-8495-exec-10] ERROR c.v.d.r.productMstDropDownRowMapper -productMstDropDownRowMapper  Method Exceptionjava.sql.SQLSyntaxErrorException: Column 'PKA_ID' not found.
				
2026-07-04 15:20:03 [http-nio-8495-exec-10] ERROR c.v.d.r.productMstDropDownRowMapper -productMstDropDownRowMapper  Method Exceptionjava.sql.SQLSyntaxErrorException: Column 'PKA_ID' not found.
				
2026-07-04 15:20:03 [http-nio-8495-exec-10] ERROR c.v.d.r.productMstDropDownRowMapper -productMstDropDownRowMapper  Method Exceptionjava.sql.SQLSyntaxErrorException: Column 'PKA_ID' not found.
				
2026-07-04 15:20:03 [http-nio-8495-exec-10] ERROR c.v.d.r.productMstDropDownRowMapper -productMstDropDownRowMapper  Method Exceptionjava.sql.SQLSyntaxErrorException: Column 'PKA_ID' not found.
				
2026-07-04 15:20:03 [http-nio-8495-exec-10] ERROR c.v.d.r.productMstDropDownRowMapper -productMstDropDownRowMapper  Method Exceptionjava.sql.SQLSyntaxErrorException: Column 'PKA_ID' not found.
				
2026-07-04 15:20:03 [http-nio-8495-exec-10] ERROR c.v.d.r.productMstDropDownRowMapper -productMstDropDownRowMapper  Method Exceptionjava.sql.SQLSyntaxErrorException: Column 'PKA_ID' not found.
				
2026-07-04 15:20:03 [http-nio-8495-exec-10] ERROR c.v.d.r.productMstDropDownRowMapper -productMstDropDownRowMapper  Method Exceptionjava.sql.SQLSyntaxErrorException: Column 'PKA_ID' not found.
				
2026-07-04 15:20:03 [http-nio-8495-exec-10] ERROR c.v.d.r.productMstDropDownRowMapper -productMstDropDownRowMapper  Method Exceptionjava.sql.SQLSyntaxErrorException: Column 'PKA_ID' not found.
				
2026-07-04 15:20:03 [http-nio-8495-exec-10] ERROR c.v.d.r.productMstDropDownRowMapper -productMstDropDownRowMapper  Method Exceptionjava.sql.SQLSyntaxErrorException: Column 'PKA_ID' not found.
				
2026-07-04 15:20:03 [http-nio-8495-exec-10] ERROR c.v.d.r.productMstDropDownRowMapper -productMstDropDownRowMapper  Method Exceptionjava.sql.SQLSyntaxErrorException: Column 'PKA_ID' not found.
				
2026-07-04 15:20:03 [http-nio-8495-exec-10] ERROR c.v.d.r.productMstDropDownRowMapper -productMstDropDownRowMapper  Method Exceptionjava.sql.SQLSyntaxErrorException: Column 'PKA_ID' not found.
				
2026-07-04 15:20:03 [http-nio-8495-exec-10] ERROR c.v.d.r.productMstDropDownRowMapper -productMstDropDownRowMapper  Method Exceptionjava.sql.SQLSyntaxErrorException: Column 'PKA_ID' not found.
				
2026-07-04 15:20:03 [http-nio-8495-exec-10] ERROR c.v.d.r.productMstDropDownRowMapper -productMstDropDownRowMapper  Method Exceptionjava.sql.SQLSyntaxErrorException: Column 'PKA_ID' not found.
				
2026-07-04 15:20:03 [http-nio-8495-exec-10] ERROR c.v.d.r.productMstDropDownRowMapper -productMstDropDownRowMapper  Method Exceptionjava.sql.SQLSyntaxErrorException: Column 'PKA_ID' not found.
				
2026-07-04 15:20:03 [http-nio-8495-exec-10] ERROR c.v.d.r.productMstDropDownRowMapper -productMstDropDownRowMapper  Method Exceptionjava.sql.SQLSyntaxErrorException: Column 'PKA_ID' not found.
				
2026-07-04 15:20:03 [http-nio-8495-exec-10] ERROR c.v.d.r.productMstDropDownRowMapper -productMstDropDownRowMapper  Method Exceptionjava.sql.SQLSyntaxErrorException: Column 'PKA_ID' not found.
				
2026-07-04 15:20:03 [http-nio-8495-exec-10] ERROR c.v.d.r.productMstDropDownRowMapper -productMstDropDownRowMapper  Method Exceptionjava.sql.SQLSyntaxErrorException: Column 'PKA_ID' not found.
				
2026-07-04 15:20:03 [http-nio-8495-exec-10] ERROR c.v.d.r.productMstDropDownRowMapper -productMstDropDownRowMapper  Method Exceptionjava.sql.SQLSyntaxErrorException: Column 'PKA_ID' not found.
				
2026-07-04 15:20:03 [http-nio-8495-exec-10] ERROR c.v.d.r.productMstDropDownRowMapper -productMstDropDownRowMapper  Method Exceptionjava.sql.SQLSyntaxErrorException: Column 'PKA_ID' not found.
				
2026-07-04 15:20:03 [http-nio-8495-exec-10] ERROR c.v.d.r.productMstDropDownRowMapper -productMstDropDownRowMapper  Method Exceptionjava.sql.SQLSyntaxErrorException: Column 'PKA_ID' not found.
				
2026-07-04 15:20:03 [http-nio-8495-exec-10] ERROR c.v.d.r.productMstDropDownRowMapper -productMstDropDownRowMapper  Method Exceptionjava.sql.SQLSyntaxErrorException: Column 'PKA_ID' not found.
				
2026-07-04 15:20:03 [http-nio-8495-exec-10] ERROR c.v.d.r.productMstDropDownRowMapper -productMstDropDownRowMapper  Method Exceptionjava.sql.SQLSyntaxErrorException: Column 'PKA_ID' not found.
				
2026-07-04 15:20:03 [http-nio-8495-exec-10] ERROR c.v.d.r.productMstDropDownRowMapper -productMstDropDownRowMapper  Method Exceptionjava.sql.SQLSyntaxErrorException: Column 'PKA_ID' not found.
				
2026-07-04 15:20:03 [http-nio-8495-exec-10] ERROR c.v.d.r.productMstDropDownRowMapper -productMstDropDownRowMapper  Method Exceptionjava.sql.SQLSyntaxErrorException: Column 'PKA_ID' not found.
				
2026-07-04 15:20:03 [http-nio-8495-exec-10] ERROR c.v.d.r.productMstDropDownRowMapper -productMstDropDownRowMapper  Method Exceptionjava.sql.SQLSyntaxErrorException: Column 'PKA_ID' not found.
				
2026-07-04 15:20:03 [http-nio-8495-exec-10] ERROR c.v.d.r.productMstDropDownRowMapper -productMstDropDownRowMapper  Method Exceptionjava.sql.SQLSyntaxErrorException: Column 'PKA_ID' not found.
				
2026-07-04 15:20:03 [http-nio-8495-exec-10] ERROR c.v.d.r.productMstDropDownRowMapper -productMstDropDownRowMapper  Method Exceptionjava.sql.SQLSyntaxErrorException: Column 'PKA_ID' not found.
				
2026-07-04 15:20:03 [http-nio-8495-exec-10] ERROR c.v.d.r.productMstDropDownRowMapper -productMstDropDownRowMapper  Method Exceptionjava.sql.SQLSyntaxErrorException: Column 'PKA_ID' not found.
				
2026-07-04 15:20:03 [http-nio-8495-exec-10] ERROR c.v.d.r.productMstDropDownRowMapper -productMstDropDownRowMapper  Method Exceptionjava.sql.SQLSyntaxErrorException: Column 'PKA_ID' not found.
				
2026-07-04 15:20:03 [http-nio-8495-exec-10] ERROR c.v.d.r.productMstDropDownRowMapper -productMstDropDownRowMapper  Method Exceptionjava.sql.SQLSyntaxErrorException: Column 'PKA_ID' not found.
				
2026-07-04 15:20:03 [http-nio-8495-exec-10] ERROR c.v.d.r.productMstDropDownRowMapper -productMstDropDownRowMapper  Method Exceptionjava.sql.SQLSyntaxErrorException: Column 'PKA_ID' not found.
				
2026-07-04 15:20:03 [http-nio-8495-exec-10] ERROR c.v.d.r.productMstDropDownRowMapper -productMstDropDownRowMapper  Method Exceptionjava.sql.SQLSyntaxErrorException: Column 'PKA_ID' not found.
				
2026-07-04 15:20:03 [http-nio-8495-exec-10] ERROR c.v.d.r.productMstDropDownRowMapper -productMstDropDownRowMapper  Method Exceptionjava.sql.SQLSyntaxErrorException: Column 'PKA_ID' not found.
				
2026-07-04 15:20:03 [http-nio-8495-exec-10] ERROR c.v.d.r.productMstDropDownRowMapper -productMstDropDownRowMapper  Method Exceptionjava.sql.SQLSyntaxErrorException: Column 'PKA_ID' not found.
				
2026-07-04 15:20:03 [http-nio-8495-exec-10] ERROR c.v.d.r.productMstDropDownRowMapper -productMstDropDownRowMapper  Method Exceptionjava.sql.SQLSyntaxErrorException: Column 'PKA_ID' not found.
				
2026-07-04 15:20:03 [http-nio-8495-exec-10] ERROR c.v.d.r.productMstDropDownRowMapper -productMstDropDownRowMapper  Method Exceptionjava.sql.SQLSyntaxErrorException: Column 'PKA_ID' not found.
				
2026-07-04 15:20:03 [http-nio-8495-exec-10] ERROR c.v.d.r.productMstDropDownRowMapper -productMstDropDownRowMapper  Method Exceptionjava.sql.SQLSyntaxErrorException: Column 'PKA_ID' not found.
				
2026-07-04 15:20:03 [http-nio-8495-exec-10] ERROR c.v.d.r.productMstDropDownRowMapper -productMstDropDownRowMapper  Method Exceptionjava.sql.SQLSyntaxErrorException: Column 'PKA_ID' not found.
				
2026-07-04 15:20:03 [http-nio-8495-exec-10] ERROR c.v.d.r.productMstDropDownRowMapper -productMstDropDownRowMapper  Method Exceptionjava.sql.SQLSyntaxErrorException: Column 'PKA_ID' not found.
				
2026-07-04 15:20:03 [http-nio-8495-exec-10] ERROR c.v.d.r.productMstDropDownRowMapper -productMstDropDownRowMapper  Method Exceptionjava.sql.SQLSyntaxErrorException: Column 'PKA_ID' not found.
				
2026-07-04 15:20:03 [http-nio-8495-exec-10] ERROR c.v.d.r.productMstDropDownRowMapper -productMstDropDownRowMapper  Method Exceptionjava.sql.SQLSyntaxErrorException: Column 'PKA_ID' not found.
				
2026-07-04 15:20:03 [http-nio-8495-exec-10] ERROR c.v.d.r.productMstDropDownRowMapper -productMstDropDownRowMapper  Method Exceptionjava.sql.SQLSyntaxErrorException: Column 'PKA_ID' not found.
				
2026-07-04 15:20:03 [http-nio-8495-exec-10] ERROR c.v.d.r.productMstDropDownRowMapper -productMstDropDownRowMapper  Method Exceptionjava.sql.SQLSyntaxErrorException: Column 'PKA_ID' not found.
				
2026-07-04 15:20:03 [http-nio-8495-exec-10] ERROR c.v.d.r.productMstDropDownRowMapper -productMstDropDownRowMapper  Method Exceptionjava.sql.SQLSyntaxErrorException: Column 'PKA_ID' not found.
				
2026-07-04 15:20:03 [http-nio-8495-exec-10] ERROR c.v.d.r.productMstDropDownRowMapper -productMstDropDownRowMapper  Method Exceptionjava.sql.SQLSyntaxErrorException: Column 'PKA_ID' not found.
				
2026-07-04 15:20:03 [http-nio-8495-exec-10] ERROR c.v.d.r.productMstDropDownRowMapper -productMstDropDownRowMapper  Method Exceptionjava.sql.SQLSyntaxErrorException: Column 'PKA_ID' not found.
				
2026-07-04 15:20:03 [http-nio-8495-exec-10] ERROR c.v.d.r.productMstDropDownRowMapper -productMstDropDownRowMapper  Method Exceptionjava.sql.SQLSyntaxErrorException: Column 'PKA_ID' not found.
				
2026-07-04 15:20:03 [http-nio-8495-exec-10] ERROR c.v.d.r.productMstDropDownRowMapper -productMstDropDownRowMapper  Method Exceptionjava.sql.SQLSyntaxErrorException: Column 'PKA_ID' not found.
				
2026-07-04 15:20:03 [http-nio-8495-exec-10] ERROR c.v.d.r.productMstDropDownRowMapper -productMstDropDownRowMapper  Method Exceptionjava.sql.SQLSyntaxErrorException: Column 'PKA_ID' not found.
				
2026-07-04 15:20:03 [http-nio-8495-exec-10] ERROR c.v.d.r.productMstDropDownRowMapper -productMstDropDownRowMapper  Method Exceptionjava.sql.SQLSyntaxErrorException: Column 'PKA_ID' not found.
				
2026-07-04 15:20:03 [http-nio-8495-exec-10] ERROR c.v.d.r.productMstDropDownRowMapper -productMstDropDownRowMapper  Method Exceptionjava.sql.SQLSyntaxErrorException: Column 'PKA_ID' not found.
				
2026-07-04 15:20:03 [http-nio-8495-exec-10] ERROR c.v.d.r.productMstDropDownRowMapper -productMstDropDownRowMapper  Method Exceptionjava.sql.SQLSyntaxErrorException: Column 'PKA_ID' not found.
				
2026-07-04 15:20:03 [http-nio-8495-exec-10] ERROR c.v.d.r.productMstDropDownRowMapper -productMstDropDownRowMapper  Method Exceptionjava.sql.SQLSyntaxErrorException: Column 'PKA_ID' not found.
				
2026-07-04 15:20:03 [http-nio-8495-exec-10] ERROR c.v.d.r.productMstDropDownRowMapper -productMstDropDownRowMapper  Method Exceptionjava.sql.SQLSyntaxErrorException: Column 'PKA_ID' not found.
				
2026-07-04 15:20:03 [http-nio-8495-exec-10] ERROR c.v.d.r.productMstDropDownRowMapper -productMstDropDownRowMapper  Method Exceptionjava.sql.SQLSyntaxErrorException: Column 'PKA_ID' not found.
				
2026-07-04 15:20:03 [http-nio-8495-exec-10] ERROR c.v.d.r.productMstDropDownRowMapper -productMstDropDownRowMapper  Method Exceptionjava.sql.SQLSyntaxErrorException: Column 'PKA_ID' not found.
				
2026-07-04 15:20:03 [http-nio-8495-exec-10] ERROR c.v.d.r.productMstDropDownRowMapper -productMstDropDownRowMapper  Method Exceptionjava.sql.SQLSyntaxErrorException: Column 'PKA_ID' not found.
				
2026-07-04 15:20:03 [http-nio-8495-exec-10] ERROR c.v.d.r.productMstDropDownRowMapper -productMstDropDownRowMapper  Method Exceptionjava.sql.SQLSyntaxErrorException: Column 'PKA_ID' not found.
				
2026-07-04 15:20:03 [http-nio-8495-exec-10] ERROR c.v.d.r.productMstDropDownRowMapper -productMstDropDownRowMapper  Method Exceptionjava.sql.SQLSyntaxErrorException: Column 'PKA_ID' not found.
				
2026-07-04 15:20:03 [http-nio-8495-exec-10] ERROR c.v.d.r.productMstDropDownRowMapper -productMstDropDownRowMapper  Method Exceptionjava.sql.SQLSyntaxErrorException: Column 'PKA_ID' not found.
				
2026-07-04 15:20:03 [http-nio-8495-exec-10] ERROR c.v.d.r.productMstDropDownRowMapper -productMstDropDownRowMapper  Method Exceptionjava.sql.SQLSyntaxErrorException: Column 'PKA_ID' not found.
				
2026-07-04 15:20:03 [http-nio-8495-exec-10] ERROR c.v.d.r.productMstDropDownRowMapper -productMstDropDownRowMapper  Method Exceptionjava.sql.SQLSyntaxErrorException: Column 'PKA_ID' not found.
				
2026-07-04 15:20:03 [http-nio-8495-exec-10] ERROR c.v.d.r.productMstDropDownRowMapper -productMstDropDownRowMapper  Method Exceptionjava.sql.SQLSyntaxErrorException: Column 'PKA_ID' not found.
				
2026-07-04 15:20:03 [http-nio-8495-exec-10] ERROR c.v.d.r.productMstDropDownRowMapper -productMstDropDownRowMapper  Method Exceptionjava.sql.SQLSyntaxErrorException: Column 'PKA_ID' not found.
				
2026-07-04 15:20:03 [http-nio-8495-exec-10] ERROR c.v.d.r.productMstDropDownRowMapper -productMstDropDownRowMapper  Method Exceptionjava.sql.SQLSyntaxErrorException: Column 'PKA_ID' not found.
				
2026-07-04 15:20:03 [http-nio-8495-exec-10] ERROR c.v.d.r.productMstDropDownRowMapper -productMstDropDownRowMapper  Method Exceptionjava.sql.SQLSyntaxErrorException: Column 'PKA_ID' not found.
				
2026-07-04 15:20:03 [http-nio-8495-exec-10] ERROR c.v.d.r.productMstDropDownRowMapper -productMstDropDownRowMapper  Method Exceptionjava.sql.SQLSyntaxErrorException: Column 'PKA_ID' not found.
				
2026-07-04 15:20:03 [http-nio-8495-exec-10] ERROR c.v.d.r.productMstDropDownRowMapper -productMstDropDownRowMapper  Method Exceptionjava.sql.SQLSyntaxErrorException: Column 'PKA_ID' not found.
				
2026-07-04 15:20:03 [http-nio-8495-exec-10] ERROR c.v.d.r.productMstDropDownRowMapper -productMstDropDownRowMapper  Method Exceptionjava.sql.SQLSyntaxErrorException: Column 'PKA_ID' not found.
				
2026-07-04 15:20:03 [http-nio-8495-exec-10] ERROR c.v.d.r.productMstDropDownRowMapper -productMstDropDownRowMapper  Method Exceptionjava.sql.SQLSyntaxErrorException: Column 'PKA_ID' not found.
				
2026-07-04 15:20:03 [http-nio-8495-exec-10] ERROR c.v.d.r.productMstDropDownRowMapper -productMstDropDownRowMapper  Method Exceptionjava.sql.SQLSyntaxErrorException: Column 'PKA_ID' not found.
				
2026-07-04 15:20:03 [http-nio-8495-exec-10] ERROR c.v.d.r.productMstDropDownRowMapper -productMstDropDownRowMapper  Method Exceptionjava.sql.SQLSyntaxErrorException: Column 'PKA_ID' not found.
				
2026-07-04 15:20:03 [http-nio-8495-exec-10] ERROR c.v.d.r.productMstDropDownRowMapper -productMstDropDownRowMapper  Method Exceptionjava.sql.SQLSyntaxErrorException: Column 'PKA_ID' not found.
				
2026-07-04 15:20:03 [http-nio-8495-exec-10] ERROR c.v.d.r.productMstDropDownRowMapper -productMstDropDownRowMapper  Method Exceptionjava.sql.SQLSyntaxErrorException: Column 'PKA_ID' not found.
				
2026-07-04 15:20:03 [http-nio-8495-exec-10] ERROR c.v.d.r.productMstDropDownRowMapper -productMstDropDownRowMapper  Method Exceptionjava.sql.SQLSyntaxErrorException: Column 'PKA_ID' not found.
				
2026-07-04 15:20:03 [http-nio-8495-exec-10] ERROR c.v.d.r.productMstDropDownRowMapper -productMstDropDownRowMapper  Method Exceptionjava.sql.SQLSyntaxErrorException: Column 'PKA_ID' not found.
				
2026-07-04 15:20:03 [http-nio-8495-exec-10] ERROR c.v.d.r.productMstDropDownRowMapper -productMstDropDownRowMapper  Method Exceptionjava.sql.SQLSyntaxErrorException: Column 'PKA_ID' not found.
				
2026-07-04 15:20:03 [http-nio-8495-exec-10] ERROR c.v.d.r.productMstDropDownRowMapper -productMstDropDownRowMapper  Method Exceptionjava.sql.SQLSyntaxErrorException: Column 'PKA_ID' not found.
				
2026-07-04 15:20:03 [http-nio-8495-exec-10] ERROR c.v.d.r.productMstDropDownRowMapper -productMstDropDownRowMapper  Method Exceptionjava.sql.SQLSyntaxErrorException: Column 'PKA_ID' not found.
				
2026-07-04 15:20:03 [http-nio-8495-exec-10] ERROR c.v.d.r.productMstDropDownRowMapper -productMstDropDownRowMapper  Method Exceptionjava.sql.SQLSyntaxErrorException: Column 'PKA_ID' not found.
				
2026-07-04 15:20:03 [http-nio-8495-exec-10] ERROR c.v.d.r.productMstDropDownRowMapper -productMstDropDownRowMapper  Method Exceptionjava.sql.SQLSyntaxErrorException: Column 'PKA_ID' not found.
				
2026-07-04 15:20:03 [http-nio-8495-exec-10] ERROR c.v.d.r.productMstDropDownRowMapper -productMstDropDownRowMapper  Method Exceptionjava.sql.SQLSyntaxErrorException: Column 'PKA_ID' not found.
				
2026-07-04 15:20:03 [http-nio-8495-exec-10] ERROR c.v.d.r.productMstDropDownRowMapper -productMstDropDownRowMapper  Method Exceptionjava.sql.SQLSyntaxErrorException: Column 'PKA_ID' not found.
				
2026-07-04 15:20:03 [http-nio-8495-exec-10] ERROR c.v.d.r.productMstDropDownRowMapper -productMstDropDownRowMapper  Method Exceptionjava.sql.SQLSyntaxErrorException: Column 'PKA_ID' not found.
				
2026-07-04 15:20:03 [http-nio-8495-exec-10] ERROR c.v.d.r.productMstDropDownRowMapper -productMstDropDownRowMapper  Method Exceptionjava.sql.SQLSyntaxErrorException: Column 'PKA_ID' not found.
				
2026-07-04 15:20:03 [http-nio-8495-exec-10] ERROR c.v.d.r.productMstDropDownRowMapper -productMstDropDownRowMapper  Method Exceptionjava.sql.SQLSyntaxErrorException: Column 'PKA_ID' not found.
				
2026-07-04 15:20:03 [http-nio-8495-exec-10] ERROR c.v.d.r.productMstDropDownRowMapper -productMstDropDownRowMapper  Method Exceptionjava.sql.SQLSyntaxErrorException: Column 'PKA_ID' not found.
				
2026-07-04 15:20:03 [http-nio-8495-exec-10] ERROR c.v.d.r.productMstDropDownRowMapper -productMstDropDownRowMapper  Method Exceptionjava.sql.SQLSyntaxErrorException: Column 'PKA_ID' not found.
				
2026-07-04 15:20:03 [http-nio-8495-exec-10] ERROR c.v.d.r.productMstDropDownRowMapper -productMstDropDownRowMapper  Method Exceptionjava.sql.SQLSyntaxErrorException: Column 'PKA_ID' not found.
				
2026-07-04 15:20:03 [http-nio-8495-exec-10] ERROR c.v.d.r.productMstDropDownRowMapper -productMstDropDownRowMapper  Method Exceptionjava.sql.SQLSyntaxErrorException: Column 'PKA_ID' not found.
				
2026-07-04 15:20:03 [http-nio-8495-exec-10] ERROR c.v.d.r.productMstDropDownRowMapper -productMstDropDownRowMapper  Method Exceptionjava.sql.SQLSyntaxErrorException: Column 'PKA_ID' not found.
				
2026-07-04 15:20:03 [http-nio-8495-exec-10] ERROR c.v.d.r.productMstDropDownRowMapper -productMstDropDownRowMapper  Method Exceptionjava.sql.SQLSyntaxErrorException: Column 'PKA_ID' not found.
				
2026-07-04 15:20:03 [http-nio-8495-exec-10] ERROR c.v.d.r.productMstDropDownRowMapper -productMstDropDownRowMapper  Method Exceptionjava.sql.SQLSyntaxErrorException: Column 'PKA_ID' not found.
				
2026-07-04 15:20:03 [http-nio-8495-exec-10] ERROR c.v.d.r.productMstDropDownRowMapper -productMstDropDownRowMapper  Method Exceptionjava.sql.SQLSyntaxErrorException: Column 'PKA_ID' not found.
				
2026-07-04 15:20:03 [http-nio-8495-exec-10] ERROR c.v.d.r.productMstDropDownRowMapper -productMstDropDownRowMapper  Method Exceptionjava.sql.SQLSyntaxErrorException: Column 'PKA_ID' not found.
				
2026-07-04 15:20:03 [http-nio-8495-exec-10] ERROR c.v.d.r.productMstDropDownRowMapper -productMstDropDownRowMapper  Method Exceptionjava.sql.SQLSyntaxErrorException: Column 'PKA_ID' not found.
				
2026-07-04 15:20:03 [http-nio-8495-exec-10] ERROR c.v.d.r.productMstDropDownRowMapper -productMstDropDownRowMapper  Method Exceptionjava.sql.SQLSyntaxErrorException: Column 'PKA_ID' not found.
				
2026-07-04 15:20:03 [http-nio-8495-exec-10] ERROR c.v.d.r.productMstDropDownRowMapper -productMstDropDownRowMapper  Method Exceptionjava.sql.SQLSyntaxErrorException: Column 'PKA_ID' not found.
				
2026-07-04 15:20:03 [http-nio-8495-exec-10] ERROR c.v.d.r.productMstDropDownRowMapper -productMstDropDownRowMapper  Method Exceptionjava.sql.SQLSyntaxErrorException: Column 'PKA_ID' not found.
				
2026-07-04 15:20:03 [http-nio-8495-exec-10] ERROR c.v.d.r.productMstDropDownRowMapper -productMstDropDownRowMapper  Method Exceptionjava.sql.SQLSyntaxErrorException: Column 'PKA_ID' not found.
				
2026-07-04 15:20:03 [http-nio-8495-exec-10] ERROR c.v.d.r.productMstDropDownRowMapper -productMstDropDownRowMapper  Method Exceptionjava.sql.SQLSyntaxErrorException: Column 'PKA_ID' not found.
				
2026-07-04 15:20:03 [http-nio-8495-exec-10] ERROR c.v.d.r.productMstDropDownRowMapper -productMstDropDownRowMapper  Method Exceptionjava.sql.SQLSyntaxErrorException: Column 'PKA_ID' not found.
				
2026-07-04 15:20:03 [http-nio-8495-exec-10] ERROR c.v.d.r.productMstDropDownRowMapper -productMstDropDownRowMapper  Method Exceptionjava.sql.SQLSyntaxErrorException: Column 'PKA_ID' not found.
				
2026-07-04 15:20:03 [http-nio-8495-exec-10] ERROR c.v.d.r.productMstDropDownRowMapper -productMstDropDownRowMapper  Method Exceptionjava.sql.SQLSyntaxErrorException: Column 'PKA_ID' not found.
				
2026-07-04 15:20:03 [http-nio-8495-exec-10] ERROR c.v.d.r.productMstDropDownRowMapper -productMstDropDownRowMapper  Method Exceptionjava.sql.SQLSyntaxErrorException: Column 'PKA_ID' not found.
				
2026-07-04 15:20:03 [http-nio-8495-exec-10] ERROR c.v.d.r.productMstDropDownRowMapper -productMstDropDownRowMapper  Method Exceptionjava.sql.SQLSyntaxErrorException: Column 'PKA_ID' not found.
				
2026-07-04 15:20:03 [http-nio-8495-exec-10] ERROR c.v.d.r.productMstDropDownRowMapper -productMstDropDownRowMapper  Method Exceptionjava.sql.SQLSyntaxErrorException: Column 'PKA_ID' not found.
				
2026-07-04 15:20:03 [http-nio-8495-exec-10] ERROR c.v.d.r.productMstDropDownRowMapper -productMstDropDownRowMapper  Method Exceptionjava.sql.SQLSyntaxErrorException: Column 'PKA_ID' not found.
				
2026-07-04 15:20:03 [http-nio-8495-exec-10] ERROR c.v.d.r.productMstDropDownRowMapper -productMstDropDownRowMapper  Method Exceptionjava.sql.SQLSyntaxErrorException: Column 'PKA_ID' not found.
				
2026-07-04 15:20:03 [http-nio-8495-exec-10] ERROR c.v.d.r.productMstDropDownRowMapper -productMstDropDownRowMapper  Method Exceptionjava.sql.SQLSyntaxErrorException: Column 'PKA_ID' not found.
				
2026-07-04 15:20:03 [http-nio-8495-exec-10] ERROR c.v.d.r.productMstDropDownRowMapper -productMstDropDownRowMapper  Method Exceptionjava.sql.SQLSyntaxErrorException: Column 'PKA_ID' not found.
				
2026-07-04 15:20:03 [http-nio-8495-exec-10] ERROR c.v.d.r.productMstDropDownRowMapper -productMstDropDownRowMapper  Method Exceptionjava.sql.SQLSyntaxErrorException: Column 'PKA_ID' not found.
				
2026-07-04 15:20:03 [http-nio-8495-exec-10] ERROR c.v.d.r.productMstDropDownRowMapper -productMstDropDownRowMapper  Method Exceptionjava.sql.SQLSyntaxErrorException: Column 'PKA_ID' not found.
				
2026-07-04 15:20:03 [http-nio-8495-exec-10] ERROR c.v.d.r.productMstDropDownRowMapper -productMstDropDownRowMapper  Method Exceptionjava.sql.SQLSyntaxErrorException: Column 'PKA_ID' not found.
				
2026-07-04 15:20:03 [http-nio-8495-exec-10] ERROR c.v.d.r.productMstDropDownRowMapper -productMstDropDownRowMapper  Method Exceptionjava.sql.SQLSyntaxErrorException: Column 'PKA_ID' not found.
				
2026-07-04 15:20:03 [http-nio-8495-exec-10] ERROR c.v.d.r.productMstDropDownRowMapper -productMstDropDownRowMapper  Method Exceptionjava.sql.SQLSyntaxErrorException: Column 'PKA_ID' not found.
				
2026-07-04 15:20:03 [http-nio-8495-exec-10] ERROR c.v.d.r.productMstDropDownRowMapper -productMstDropDownRowMapper  Method Exceptionjava.sql.SQLSyntaxErrorException: Column 'PKA_ID' not found.
				
2026-07-04 15:20:03 [http-nio-8495-exec-10] ERROR c.v.d.r.productMstDropDownRowMapper -productMstDropDownRowMapper  Method Exceptionjava.sql.SQLSyntaxErrorException: Column 'PKA_ID' not found.
				
2026-07-04 15:20:03 [http-nio-8495-exec-10] ERROR c.v.d.r.productMstDropDownRowMapper -productMstDropDownRowMapper  Method Exceptionjava.sql.SQLSyntaxErrorException: Column 'PKA_ID' not found.
				
2026-07-04 15:20:03 [http-nio-8495-exec-10] ERROR c.v.d.r.productMstDropDownRowMapper -productMstDropDownRowMapper  Method Exceptionjava.sql.SQLSyntaxErrorException: Column 'PKA_ID' not found.
				
2026-07-04 15:20:03 [http-nio-8495-exec-10] ERROR c.v.d.r.productMstDropDownRowMapper -productMstDropDownRowMapper  Method Exceptionjava.sql.SQLSyntaxErrorException: Column 'PKA_ID' not found.
				
2026-07-04 15:20:03 [http-nio-8495-exec-10] ERROR c.v.d.r.productMstDropDownRowMapper -productMstDropDownRowMapper  Method Exceptionjava.sql.SQLSyntaxErrorException: Column 'PKA_ID' not found.
				
2026-07-04 15:20:03 [http-nio-8495-exec-10] ERROR c.v.d.r.productMstDropDownRowMapper -productMstDropDownRowMapper  Method Exceptionjava.sql.SQLSyntaxErrorException: Column 'PKA_ID' not found.
				
2026-07-04 15:20:03 [http-nio-8495-exec-10] ERROR c.v.d.r.productMstDropDownRowMapper -productMstDropDownRowMapper  Method Exceptionjava.sql.SQLSyntaxErrorException: Column 'PKA_ID' not found.
				
2026-07-04 15:20:03 [http-nio-8495-exec-10] ERROR c.v.d.r.productMstDropDownRowMapper -productMstDropDownRowMapper  Method Exceptionjava.sql.SQLSyntaxErrorException: Column 'PKA_ID' not found.
				
2026-07-04 15:20:03 [http-nio-8495-exec-10] ERROR c.v.d.r.productMstDropDownRowMapper -productMstDropDownRowMapper  Method Exceptionjava.sql.SQLSyntaxErrorException: Column 'PKA_ID' not found.
				
2026-07-04 15:20:03 [http-nio-8495-exec-10] ERROR c.v.d.r.productMstDropDownRowMapper -productMstDropDownRowMapper  Method Exceptionjava.sql.SQLSyntaxErrorException: Column 'PKA_ID' not found.
				
2026-07-04 15:20:03 [http-nio-8495-exec-10] ERROR c.v.d.r.productMstDropDownRowMapper -productMstDropDownRowMapper  Method Exceptionjava.sql.SQLSyntaxErrorException: Column 'PKA_ID' not found.
				
2026-07-04 15:20:03 [http-nio-8495-exec-10] ERROR c.v.d.r.productMstDropDownRowMapper -productMstDropDownRowMapper  Method Exceptionjava.sql.SQLSyntaxErrorException: Column 'PKA_ID' not found.
				
2026-07-04 15:20:03 [http-nio-8495-exec-10] ERROR c.v.d.r.productMstDropDownRowMapper -productMstDropDownRowMapper  Method Exceptionjava.sql.SQLSyntaxErrorException: Column 'PKA_ID' not found.
				
2026-07-04 15:20:03 [http-nio-8495-exec-10] ERROR c.v.d.r.productMstDropDownRowMapper -productMstDropDownRowMapper  Method Exceptionjava.sql.SQLSyntaxErrorException: Column 'PKA_ID' not found.
				
2026-07-04 15:20:03 [http-nio-8495-exec-10] ERROR c.v.d.r.productMstDropDownRowMapper -productMstDropDownRowMapper  Method Exceptionjava.sql.SQLSyntaxErrorException: Column 'PKA_ID' not found.
				
2026-07-04 15:20:03 [http-nio-8495-exec-10] ERROR c.v.d.r.productMstDropDownRowMapper -productMstDropDownRowMapper  Method Exceptionjava.sql.SQLSyntaxErrorException: Column 'PKA_ID' not found.
				
2026-07-04 15:20:03 [http-nio-8495-exec-10] ERROR c.v.d.r.productMstDropDownRowMapper -productMstDropDownRowMapper  Method Exceptionjava.sql.SQLSyntaxErrorException: Column 'PKA_ID' not found.
				
2026-07-04 15:20:03 [http-nio-8495-exec-10] ERROR c.v.d.r.productMstDropDownRowMapper -productMstDropDownRowMapper  Method Exceptionjava.sql.SQLSyntaxErrorException: Column 'PKA_ID' not found.
				
2026-07-04 15:20:03 [http-nio-8495-exec-10] ERROR c.v.d.r.productMstDropDownRowMapper -productMstDropDownRowMapper  Method Exceptionjava.sql.SQLSyntaxErrorException: Column 'PKA_ID' not found.
				
2026-07-04 15:20:03 [http-nio-8495-exec-10] ERROR c.v.d.r.productMstDropDownRowMapper -productMstDropDownRowMapper  Method Exceptionjava.sql.SQLSyntaxErrorException: Column 'PKA_ID' not found.
				
2026-07-04 15:20:03 [http-nio-8495-exec-10] ERROR c.v.d.r.productMstDropDownRowMapper -productMstDropDownRowMapper  Method Exceptionjava.sql.SQLSyntaxErrorException: Column 'PKA_ID' not found.
				
2026-07-04 15:20:03 [http-nio-8495-exec-10] ERROR c.v.d.r.productMstDropDownRowMapper -productMstDropDownRowMapper  Method Exceptionjava.sql.SQLSyntaxErrorException: Column 'PKA_ID' not found.
				
2026-07-04 15:20:03 [http-nio-8495-exec-10] ERROR c.v.d.r.productMstDropDownRowMapper -productMstDropDownRowMapper  Method Exceptionjava.sql.SQLSyntaxErrorException: Column 'PKA_ID' not found.
				
2026-07-04 15:20:03 [http-nio-8495-exec-10] ERROR c.v.d.r.productMstDropDownRowMapper -productMstDropDownRowMapper  Method Exceptionjava.sql.SQLSyntaxErrorException: Column 'PKA_ID' not found.
				
2026-07-04 15:20:03 [http-nio-8495-exec-10] ERROR c.v.d.r.productMstDropDownRowMapper -productMstDropDownRowMapper  Method Exceptionjava.sql.SQLSyntaxErrorException: Column 'PKA_ID' not found.
				
2026-07-04 15:20:03 [http-nio-8495-exec-10] ERROR c.v.d.r.productMstDropDownRowMapper -productMstDropDownRowMapper  Method Exceptionjava.sql.SQLSyntaxErrorException: Column 'PKA_ID' not found.
				
2026-07-04 15:20:03 [http-nio-8495-exec-10] ERROR c.v.d.r.productMstDropDownRowMapper -productMstDropDownRowMapper  Method Exceptionjava.sql.SQLSyntaxErrorException: Column 'PKA_ID' not found.
				
2026-07-04 15:20:03 [http-nio-8495-exec-10] ERROR c.v.d.r.productMstDropDownRowMapper -productMstDropDownRowMapper  Method Exceptionjava.sql.SQLSyntaxErrorException: Column 'PKA_ID' not found.
				
2026-07-04 15:20:03 [http-nio-8495-exec-10] ERROR c.v.d.r.productMstDropDownRowMapper -productMstDropDownRowMapper  Method Exceptionjava.sql.SQLSyntaxErrorException: Column 'PKA_ID' not found.
				
2026-07-04 15:20:03 [http-nio-8495-exec-10] ERROR c.v.d.r.productMstDropDownRowMapper -productMstDropDownRowMapper  Method Exceptionjava.sql.SQLSyntaxErrorException: Column 'PKA_ID' not found.
				
2026-07-04 15:20:03 [http-nio-8495-exec-10] ERROR c.v.d.r.productMstDropDownRowMapper -productMstDropDownRowMapper  Method Exceptionjava.sql.SQLSyntaxErrorException: Column 'PKA_ID' not found.
				
2026-07-04 15:20:03 [http-nio-8495-exec-10] ERROR c.v.d.r.productMstDropDownRowMapper -productMstDropDownRowMapper  Method Exceptionjava.sql.SQLSyntaxErrorException: Column 'PKA_ID' not found.
				
2026-07-04 15:20:03 [http-nio-8495-exec-10] ERROR c.v.d.r.productMstDropDownRowMapper -productMstDropDownRowMapper  Method Exceptionjava.sql.SQLSyntaxErrorException: Column 'PKA_ID' not found.
				
2026-07-04 15:20:03 [http-nio-8495-exec-10] ERROR c.v.d.r.productMstDropDownRowMapper -productMstDropDownRowMapper  Method Exceptionjava.sql.SQLSyntaxErrorException: Column 'PKA_ID' not found.
				
2026-07-04 15:20:03 [http-nio-8495-exec-10] ERROR c.v.d.r.productMstDropDownRowMapper -productMstDropDownRowMapper  Method Exceptionjava.sql.SQLSyntaxErrorException: Column 'PKA_ID' not found.
				
2026-07-04 15:20:03 [http-nio-8495-exec-10] ERROR c.v.d.r.productMstDropDownRowMapper -productMstDropDownRowMapper  Method Exceptionjava.sql.SQLSyntaxErrorException: Column 'PKA_ID' not found.
				
2026-07-04 15:20:03 [http-nio-8495-exec-10] ERROR c.v.d.r.productMstDropDownRowMapper -productMstDropDownRowMapper  Method Exceptionjava.sql.SQLSyntaxErrorException: Column 'PKA_ID' not found.
				
2026-07-04 15:20:03 [http-nio-8495-exec-10] ERROR c.v.d.r.productMstDropDownRowMapper -productMstDropDownRowMapper  Method Exceptionjava.sql.SQLSyntaxErrorException: Column 'PKA_ID' not found.
				
2026-07-04 15:20:03 [http-nio-8495-exec-10] ERROR c.v.d.r.productMstDropDownRowMapper -productMstDropDownRowMapper  Method Exceptionjava.sql.SQLSyntaxErrorException: Column 'PKA_ID' not found.
				
2026-07-04 15:20:03 [http-nio-8495-exec-10] ERROR c.v.d.r.productMstDropDownRowMapper -productMstDropDownRowMapper  Method Exceptionjava.sql.SQLSyntaxErrorException: Column 'PKA_ID' not found.
				
2026-07-04 15:20:03 [http-nio-8495-exec-10] ERROR c.v.d.r.productMstDropDownRowMapper -productMstDropDownRowMapper  Method Exceptionjava.sql.SQLSyntaxErrorException: Column 'PKA_ID' not found.
				
2026-07-04 15:20:03 [http-nio-8495-exec-10] ERROR c.v.d.r.productMstDropDownRowMapper -productMstDropDownRowMapper  Method Exceptionjava.sql.SQLSyntaxErrorException: Column 'PKA_ID' not found.
				
2026-07-04 15:20:03 [http-nio-8495-exec-10] ERROR c.v.d.r.productMstDropDownRowMapper -productMstDropDownRowMapper  Method Exceptionjava.sql.SQLSyntaxErrorException: Column 'PKA_ID' not found.
				
2026-07-04 15:20:03 [http-nio-8495-exec-10] ERROR c.v.d.r.productMstDropDownRowMapper -productMstDropDownRowMapper  Method Exceptionjava.sql.SQLSyntaxErrorException: Column 'PKA_ID' not found.
				
2026-07-04 15:20:03 [http-nio-8495-exec-10] ERROR c.v.d.r.productMstDropDownRowMapper -productMstDropDownRowMapper  Method Exceptionjava.sql.SQLSyntaxErrorException: Column 'PKA_ID' not found.
				
2026-07-04 15:20:03 [http-nio-8495-exec-10] ERROR c.v.d.r.productMstDropDownRowMapper -productMstDropDownRowMapper  Method Exceptionjava.sql.SQLSyntaxErrorException: Column 'PKA_ID' not found.
				
2026-07-04 15:20:03 [http-nio-8495-exec-10] ERROR c.v.d.r.productMstDropDownRowMapper -productMstDropDownRowMapper  Method Exceptionjava.sql.SQLSyntaxErrorException: Column 'PKA_ID' not found.
				
2026-07-04 15:20:03 [http-nio-8495-exec-10] ERROR c.v.d.r.productMstDropDownRowMapper -productMstDropDownRowMapper  Method Exceptionjava.sql.SQLSyntaxErrorException: Column 'PKA_ID' not found.
				
2026-07-04 15:20:03 [http-nio-8495-exec-10] ERROR c.v.d.r.productMstDropDownRowMapper -productMstDropDownRowMapper  Method Exceptionjava.sql.SQLSyntaxErrorException: Column 'PKA_ID' not found.
				
2026-07-04 15:20:03 [http-nio-8495-exec-10] ERROR c.v.d.r.productMstDropDownRowMapper -productMstDropDownRowMapper  Method Exceptionjava.sql.SQLSyntaxErrorException: Column 'PKA_ID' not found.
				
2026-07-04 15:20:03 [http-nio-8495-exec-10] ERROR c.v.d.r.productMstDropDownRowMapper -productMstDropDownRowMapper  Method Exceptionjava.sql.SQLSyntaxErrorException: Column 'PKA_ID' not found.
				
2026-07-04 15:20:03 [http-nio-8495-exec-10] ERROR c.v.d.r.productMstDropDownRowMapper -productMstDropDownRowMapper  Method Exceptionjava.sql.SQLSyntaxErrorException: Column 'PKA_ID' not found.
				
2026-07-04 15:20:03 [http-nio-8495-exec-10] ERROR c.v.d.r.productMstDropDownRowMapper -productMstDropDownRowMapper  Method Exceptionjava.sql.SQLSyntaxErrorException: Column 'PKA_ID' not found.
				
2026-07-04 15:20:03 [http-nio-8495-exec-10] ERROR c.v.d.r.productMstDropDownRowMapper -productMstDropDownRowMapper  Method Exceptionjava.sql.SQLSyntaxErrorException: Column 'PKA_ID' not found.
				
2026-07-04 15:20:03 [http-nio-8495-exec-10] ERROR c.v.d.r.productMstDropDownRowMapper -productMstDropDownRowMapper  Method Exceptionjava.sql.SQLSyntaxErrorException: Column 'PKA_ID' not found.
				
2026-07-04 15:20:03 [http-nio-8495-exec-10] ERROR c.v.d.r.productMstDropDownRowMapper -productMstDropDownRowMapper  Method Exceptionjava.sql.SQLSyntaxErrorException: Column 'PKA_ID' not found.
				
2026-07-04 15:20:03 [http-nio-8495-exec-10] ERROR c.v.d.r.productMstDropDownRowMapper -productMstDropDownRowMapper  Method Exceptionjava.sql.SQLSyntaxErrorException: Column 'PKA_ID' not found.
				
2026-07-04 15:20:03 [http-nio-8495-exec-10] ERROR c.v.d.r.productMstDropDownRowMapper -productMstDropDownRowMapper  Method Exceptionjava.sql.SQLSyntaxErrorException: Column 'PKA_ID' not found.
				
2026-07-04 15:20:03 [http-nio-8495-exec-10] ERROR c.v.d.r.productMstDropDownRowMapper -productMstDropDownRowMapper  Method Exceptionjava.sql.SQLSyntaxErrorException: Column 'PKA_ID' not found.
				
2026-07-04 15:20:03 [http-nio-8495-exec-10] ERROR c.v.d.r.productMstDropDownRowMapper -productMstDropDownRowMapper  Method Exceptionjava.sql.SQLSyntaxErrorException: Column 'PKA_ID' not found.
				
2026-07-04 15:20:03 [http-nio-8495-exec-10] ERROR c.v.d.r.productMstDropDownRowMapper -productMstDropDownRowMapper  Method Exceptionjava.sql.SQLSyntaxErrorException: Column 'PKA_ID' not found.
				
2026-07-04 15:20:03 [http-nio-8495-exec-10] ERROR c.v.d.r.productMstDropDownRowMapper -productMstDropDownRowMapper  Method Exceptionjava.sql.SQLSyntaxErrorException: Column 'PKA_ID' not found.
				
2026-07-04 15:20:03 [http-nio-8495-exec-10] ERROR c.v.d.r.productMstDropDownRowMapper -productMstDropDownRowMapper  Method Exceptionjava.sql.SQLSyntaxErrorException: Column 'PKA_ID' not found.
				
2026-07-04 15:20:03 [http-nio-8495-exec-10] ERROR c.v.d.r.productMstDropDownRowMapper -productMstDropDownRowMapper  Method Exceptionjava.sql.SQLSyntaxErrorException: Column 'PKA_ID' not found.
				
2026-07-04 15:20:03 [http-nio-8495-exec-10] ERROR c.v.d.r.productMstDropDownRowMapper -productMstDropDownRowMapper  Method Exceptionjava.sql.SQLSyntaxErrorException: Column 'PKA_ID' not found.
				
2026-07-04 15:20:03 [http-nio-8495-exec-10] ERROR c.v.d.r.productMstDropDownRowMapper -productMstDropDownRowMapper  Method Exceptionjava.sql.SQLSyntaxErrorException: Column 'PKA_ID' not found.
				
2026-07-04 15:20:03 [http-nio-8495-exec-10] ERROR c.v.d.r.productMstDropDownRowMapper -productMstDropDownRowMapper  Method Exceptionjava.sql.SQLSyntaxErrorException: Column 'PKA_ID' not found.
				
2026-07-04 15:20:03 [http-nio-8495-exec-10] ERROR c.v.d.r.productMstDropDownRowMapper -productMstDropDownRowMapper  Method Exceptionjava.sql.SQLSyntaxErrorException: Column 'PKA_ID' not found.
				
2026-07-04 15:20:03 [http-nio-8495-exec-10] ERROR c.v.d.r.productMstDropDownRowMapper -productMstDropDownRowMapper  Method Exceptionjava.sql.SQLSyntaxErrorException: Column 'PKA_ID' not found.
				
2026-07-04 15:20:03 [http-nio-8495-exec-10] ERROR c.v.d.r.productMstDropDownRowMapper -productMstDropDownRowMapper  Method Exceptionjava.sql.SQLSyntaxErrorException: Column 'PKA_ID' not found.
				
2026-07-04 15:20:03 [http-nio-8495-exec-10] ERROR c.v.d.r.productMstDropDownRowMapper -productMstDropDownRowMapper  Method Exceptionjava.sql.SQLSyntaxErrorException: Column 'PKA_ID' not found.
				
2026-07-04 15:20:03 [http-nio-8495-exec-10] ERROR c.v.d.r.productMstDropDownRowMapper -productMstDropDownRowMapper  Method Exceptionjava.sql.SQLSyntaxErrorException: Column 'PKA_ID' not found.
				
2026-07-04 15:20:03 [http-nio-8495-exec-10] ERROR c.v.d.r.productMstDropDownRowMapper -productMstDropDownRowMapper  Method Exceptionjava.sql.SQLSyntaxErrorException: Column 'PKA_ID' not found.
				
2026-07-04 15:20:03 [http-nio-8495-exec-10] ERROR c.v.d.r.productMstDropDownRowMapper -productMstDropDownRowMapper  Method Exceptionjava.sql.SQLSyntaxErrorException: Column 'PKA_ID' not found.
				
2026-07-04 15:20:03 [http-nio-8495-exec-10] ERROR c.v.d.r.productMstDropDownRowMapper -productMstDropDownRowMapper  Method Exceptionjava.sql.SQLSyntaxErrorException: Column 'PKA_ID' not found.
				
2026-07-04 15:20:03 [http-nio-8495-exec-10] ERROR c.v.d.r.productMstDropDownRowMapper -productMstDropDownRowMapper  Method Exceptionjava.sql.SQLSyntaxErrorException: Column 'PKA_ID' not found.
				
2026-07-04 15:20:03 [http-nio-8495-exec-10] ERROR c.v.d.r.productMstDropDownRowMapper -productMstDropDownRowMapper  Method Exceptionjava.sql.SQLSyntaxErrorException: Column 'PKA_ID' not found.
				
2026-07-04 15:20:03 [http-nio-8495-exec-10] ERROR c.v.d.r.productMstDropDownRowMapper -productMstDropDownRowMapper  Method Exceptionjava.sql.SQLSyntaxErrorException: Column 'PKA_ID' not found.
				
2026-07-04 15:20:03 [http-nio-8495-exec-10] ERROR c.v.d.r.productMstDropDownRowMapper -productMstDropDownRowMapper  Method Exceptionjava.sql.SQLSyntaxErrorException: Column 'PKA_ID' not found.
				
2026-07-04 15:20:03 [http-nio-8495-exec-10] ERROR c.v.d.r.productMstDropDownRowMapper -productMstDropDownRowMapper  Method Exceptionjava.sql.SQLSyntaxErrorException: Column 'PKA_ID' not found.
				
2026-07-04 15:20:03 [http-nio-8495-exec-10] ERROR c.v.d.r.productMstDropDownRowMapper -productMstDropDownRowMapper  Method Exceptionjava.sql.SQLSyntaxErrorException: Column 'PKA_ID' not found.
				
2026-07-04 15:20:03 [http-nio-8495-exec-10] ERROR c.v.d.r.productMstDropDownRowMapper -productMstDropDownRowMapper  Method Exceptionjava.sql.SQLSyntaxErrorException: Column 'PKA_ID' not found.
				
2026-07-04 15:20:03 [http-nio-8495-exec-10] ERROR c.v.d.r.productMstDropDownRowMapper -productMstDropDownRowMapper  Method Exceptionjava.sql.SQLSyntaxErrorException: Column 'PKA_ID' not found.
				
2026-07-04 15:20:03 [http-nio-8495-exec-10] ERROR c.v.d.r.productMstDropDownRowMapper -productMstDropDownRowMapper  Method Exceptionjava.sql.SQLSyntaxErrorException: Column 'PKA_ID' not found.
				
2026-07-04 15:20:03 [http-nio-8495-exec-10] ERROR c.v.d.r.productMstDropDownRowMapper -productMstDropDownRowMapper  Method Exceptionjava.sql.SQLSyntaxErrorException: Column 'PKA_ID' not found.
				
2026-07-04 15:20:03 [http-nio-8495-exec-10] ERROR c.v.d.r.productMstDropDownRowMapper -productMstDropDownRowMapper  Method Exceptionjava.sql.SQLSyntaxErrorException: Column 'PKA_ID' not found.
				
2026-07-04 15:20:03 [http-nio-8495-exec-10] ERROR c.v.d.r.productMstDropDownRowMapper -productMstDropDownRowMapper  Method Exceptionjava.sql.SQLSyntaxErrorException: Column 'PKA_ID' not found.
				
2026-07-04 15:20:03 [http-nio-8495-exec-10] ERROR c.v.d.r.productMstDropDownRowMapper -productMstDropDownRowMapper  Method Exceptionjava.sql.SQLSyntaxErrorException: Column 'PKA_ID' not found.
				
2026-07-04 15:20:03 [http-nio-8495-exec-10] ERROR c.v.d.r.productMstDropDownRowMapper -productMstDropDownRowMapper  Method Exceptionjava.sql.SQLSyntaxErrorException: Column 'PKA_ID' not found.
				
2026-07-04 15:20:03 [http-nio-8495-exec-10] ERROR c.v.d.r.productMstDropDownRowMapper -productMstDropDownRowMapper  Method Exceptionjava.sql.SQLSyntaxErrorException: Column 'PKA_ID' not found.
				
2026-07-04 15:20:03 [http-nio-8495-exec-10] ERROR c.v.d.r.productMstDropDownRowMapper -productMstDropDownRowMapper  Method Exceptionjava.sql.SQLSyntaxErrorException: Column 'PKA_ID' not found.
				
2026-07-04 15:20:03 [http-nio-8495-exec-10] ERROR c.v.d.r.productMstDropDownRowMapper -productMstDropDownRowMapper  Method Exceptionjava.sql.SQLSyntaxErrorException: Column 'PKA_ID' not found.
				
2026-07-04 15:20:03 [http-nio-8495-exec-10] ERROR c.v.d.r.productMstDropDownRowMapper -productMstDropDownRowMapper  Method Exceptionjava.sql.SQLSyntaxErrorException: Column 'PKA_ID' not found.
				
2026-07-04 15:20:03 [http-nio-8495-exec-10] ERROR c.v.d.r.productMstDropDownRowMapper -productMstDropDownRowMapper  Method Exceptionjava.sql.SQLSyntaxErrorException: Column 'PKA_ID' not found.
				
2026-07-04 15:20:03 [http-nio-8495-exec-10] ERROR c.v.d.r.productMstDropDownRowMapper -productMstDropDownRowMapper  Method Exceptionjava.sql.SQLSyntaxErrorException: Column 'PKA_ID' not found.
				
2026-07-04 15:20:03 [http-nio-8495-exec-10] ERROR c.v.d.r.productMstDropDownRowMapper -productMstDropDownRowMapper  Method Exceptionjava.sql.SQLSyntaxErrorException: Column 'PKA_ID' not found.
				
2026-07-04 15:20:03 [http-nio-8495-exec-10] ERROR c.v.d.r.productMstDropDownRowMapper -productMstDropDownRowMapper  Method Exceptionjava.sql.SQLSyntaxErrorException: Column 'PKA_ID' not found.
				
2026-07-04 15:20:03 [http-nio-8495-exec-10] ERROR c.v.d.r.productMstDropDownRowMapper -productMstDropDownRowMapper  Method Exceptionjava.sql.SQLSyntaxErrorException: Column 'PKA_ID' not found.
				
2026-07-04 15:20:03 [http-nio-8495-exec-10] ERROR c.v.d.r.productMstDropDownRowMapper -productMstDropDownRowMapper  Method Exceptionjava.sql.SQLSyntaxErrorException: Column 'PKA_ID' not found.
				
2026-07-04 15:20:03 [http-nio-8495-exec-10] ERROR c.v.d.r.productMstDropDownRowMapper -productMstDropDownRowMapper  Method Exceptionjava.sql.SQLSyntaxErrorException: Column 'PKA_ID' not found.
				
2026-07-04 15:20:03 [http-nio-8495-exec-10] ERROR c.v.d.r.productMstDropDownRowMapper -productMstDropDownRowMapper  Method Exceptionjava.sql.SQLSyntaxErrorException: Column 'PKA_ID' not found.
				
2026-07-04 15:20:03 [http-nio-8495-exec-10] ERROR c.v.d.r.productMstDropDownRowMapper -productMstDropDownRowMapper  Method Exceptionjava.sql.SQLSyntaxErrorException: Column 'PKA_ID' not found.
				
2026-07-04 15:20:03 [http-nio-8495-exec-10] ERROR c.v.d.r.productMstDropDownRowMapper -productMstDropDownRowMapper  Method Exceptionjava.sql.SQLSyntaxErrorException: Column 'PKA_ID' not found.
				
2026-07-04 15:20:03 [http-nio-8495-exec-10] ERROR c.v.d.r.productMstDropDownRowMapper -productMstDropDownRowMapper  Method Exceptionjava.sql.SQLSyntaxErrorException: Column 'PKA_ID' not found.
				
2026-07-04 15:20:03 [http-nio-8495-exec-10] ERROR c.v.d.r.productMstDropDownRowMapper -productMstDropDownRowMapper  Method Exceptionjava.sql.SQLSyntaxErrorException: Column 'PKA_ID' not found.
				
2026-07-04 15:20:03 [http-nio-8495-exec-10] ERROR c.v.d.r.productMstDropDownRowMapper -productMstDropDownRowMapper  Method Exceptionjava.sql.SQLSyntaxErrorException: Column 'PKA_ID' not found.
				
2026-07-04 15:20:03 [http-nio-8495-exec-10] ERROR c.v.d.r.productMstDropDownRowMapper -productMstDropDownRowMapper  Method Exceptionjava.sql.SQLSyntaxErrorException: Column 'PKA_ID' not found.
				
2026-07-04 15:20:03 [http-nio-8495-exec-10] ERROR c.v.d.r.productMstDropDownRowMapper -productMstDropDownRowMapper  Method Exceptionjava.sql.SQLSyntaxErrorException: Column 'PKA_ID' not found.
				
2026-07-04 15:20:03 [http-nio-8495-exec-10] ERROR c.v.d.r.productMstDropDownRowMapper -productMstDropDownRowMapper  Method Exceptionjava.sql.SQLSyntaxErrorException: Column 'PKA_ID' not found.
				
2026-07-04 15:20:03 [http-nio-8495-exec-10] ERROR c.v.d.r.productMstDropDownRowMapper -productMstDropDownRowMapper  Method Exceptionjava.sql.SQLSyntaxErrorException: Column 'PKA_ID' not found.
				
2026-07-04 15:20:03 [http-nio-8495-exec-10] ERROR c.v.d.r.productMstDropDownRowMapper -productMstDropDownRowMapper  Method Exceptionjava.sql.SQLSyntaxErrorException: Column 'PKA_ID' not found.
				
2026-07-04 15:20:03 [http-nio-8495-exec-10] ERROR c.v.d.r.productMstDropDownRowMapper -productMstDropDownRowMapper  Method Exceptionjava.sql.SQLSyntaxErrorException: Column 'PKA_ID' not found.
				
2026-07-04 15:20:03 [http-nio-8495-exec-10] ERROR c.v.d.r.productMstDropDownRowMapper -productMstDropDownRowMapper  Method Exceptionjava.sql.SQLSyntaxErrorException: Column 'PKA_ID' not found.
				
2026-07-04 15:20:03 [http-nio-8495-exec-10] ERROR c.v.d.r.productMstDropDownRowMapper -productMstDropDownRowMapper  Method Exceptionjava.sql.SQLSyntaxErrorException: Column 'PKA_ID' not found.
				
2026-07-04 15:20:03 [http-nio-8495-exec-10] ERROR c.v.d.r.productMstDropDownRowMapper -productMstDropDownRowMapper  Method Exceptionjava.sql.SQLSyntaxErrorException: Column 'PKA_ID' not found.
				
2026-07-04 15:20:03 [http-nio-8495-exec-10] ERROR c.v.d.r.productMstDropDownRowMapper -productMstDropDownRowMapper  Method Exceptionjava.sql.SQLSyntaxErrorException: Column 'PKA_ID' not found.
				
2026-07-04 15:20:03 [http-nio-8495-exec-10] ERROR c.v.d.r.productMstDropDownRowMapper -productMstDropDownRowMapper  Method Exceptionjava.sql.SQLSyntaxErrorException: Column 'PKA_ID' not found.
				
2026-07-04 15:20:03 [http-nio-8495-exec-10] ERROR c.v.d.r.productMstDropDownRowMapper -productMstDropDownRowMapper  Method Exceptionjava.sql.SQLSyntaxErrorException: Column 'PKA_ID' not found.
				
2026-07-04 15:20:03 [http-nio-8495-exec-10] ERROR c.v.d.r.productMstDropDownRowMapper -productMstDropDownRowMapper  Method Exceptionjava.sql.SQLSyntaxErrorException: Column 'PKA_ID' not found.
				
2026-07-04 15:20:03 [http-nio-8495-exec-10] ERROR c.v.d.r.productMstDropDownRowMapper -productMstDropDownRowMapper  Method Exceptionjava.sql.SQLSyntaxErrorException: Column 'PKA_ID' not found.
				
2026-07-04 15:20:03 [http-nio-8495-exec-10] ERROR c.v.d.r.productMstDropDownRowMapper -productMstDropDownRowMapper  Method Exceptionjava.sql.SQLSyntaxErrorException: Column 'PKA_ID' not found.
				
2026-07-04 15:20:03 [http-nio-8495-exec-10] ERROR c.v.d.r.productMstDropDownRowMapper -productMstDropDownRowMapper  Method Exceptionjava.sql.SQLSyntaxErrorException: Column 'PKA_ID' not found.
				
2026-07-04 15:20:03 [http-nio-8495-exec-10] ERROR c.v.d.r.productMstDropDownRowMapper -productMstDropDownRowMapper  Method Exceptionjava.sql.SQLSyntaxErrorException: Column 'PKA_ID' not found.
				
2026-07-04 15:20:03 [http-nio-8495-exec-10] ERROR c.v.d.r.productMstDropDownRowMapper -productMstDropDownRowMapper  Method Exceptionjava.sql.SQLSyntaxErrorException: Column 'PKA_ID' not found.
				
2026-07-04 15:20:03 [http-nio-8495-exec-10] ERROR c.v.d.r.productMstDropDownRowMapper -productMstDropDownRowMapper  Method Exceptionjava.sql.SQLSyntaxErrorException: Column 'PKA_ID' not found.
				
2026-07-04 15:20:03 [http-nio-8495-exec-10] ERROR c.v.d.r.productMstDropDownRowMapper -productMstDropDownRowMapper  Method Exceptionjava.sql.SQLSyntaxErrorException: Column 'PKA_ID' not found.
				
2026-07-04 15:20:03 [http-nio-8495-exec-10] ERROR c.v.d.r.productMstDropDownRowMapper -productMstDropDownRowMapper  Method Exceptionjava.sql.SQLSyntaxErrorException: Column 'PKA_ID' not found.
				
2026-07-04 15:20:03 [http-nio-8495-exec-10] ERROR c.v.d.r.productMstDropDownRowMapper -productMstDropDownRowMapper  Method Exceptionjava.sql.SQLSyntaxErrorException: Column 'PKA_ID' not found.
				
2026-07-04 15:20:03 [http-nio-8495-exec-10] ERROR c.v.d.r.productMstDropDownRowMapper -productMstDropDownRowMapper  Method Exceptionjava.sql.SQLSyntaxErrorException: Column 'PKA_ID' not found.
				
2026-07-04 15:20:03 [http-nio-8495-exec-10] ERROR c.v.d.r.productMstDropDownRowMapper -productMstDropDownRowMapper  Method Exceptionjava.sql.SQLSyntaxErrorException: Column 'PKA_ID' not found.
				
2026-07-04 15:20:03 [http-nio-8495-exec-10] ERROR c.v.d.r.productMstDropDownRowMapper -productMstDropDownRowMapper  Method Exceptionjava.sql.SQLSyntaxErrorException: Column 'PKA_ID' not found.
				
2026-07-04 15:20:03 [http-nio-8495-exec-10] ERROR c.v.d.r.productMstDropDownRowMapper -productMstDropDownRowMapper  Method Exceptionjava.sql.SQLSyntaxErrorException: Column 'PKA_ID' not found.
				
2026-07-04 15:20:03 [http-nio-8495-exec-10] ERROR c.v.d.r.productMstDropDownRowMapper -productMstDropDownRowMapper  Method Exceptionjava.sql.SQLSyntaxErrorException: Column 'PKA_ID' not found.
				
2026-07-04 15:20:03 [http-nio-8495-exec-10] ERROR c.v.d.r.productMstDropDownRowMapper -productMstDropDownRowMapper  Method Exceptionjava.sql.SQLSyntaxErrorException: Column 'PKA_ID' not found.
				
2026-07-04 15:20:03 [http-nio-8495-exec-10] ERROR c.v.d.r.productMstDropDownRowMapper -productMstDropDownRowMapper  Method Exceptionjava.sql.SQLSyntaxErrorException: Column 'PKA_ID' not found.
				
2026-07-04 15:20:03 [http-nio-8495-exec-10] ERROR c.v.d.r.productMstDropDownRowMapper -productMstDropDownRowMapper  Method Exceptionjava.sql.SQLSyntaxErrorException: Column 'PKA_ID' not found.
				
2026-07-04 15:20:03 [http-nio-8495-exec-10] ERROR c.v.d.r.productMstDropDownRowMapper -productMstDropDownRowMapper  Method Exceptionjava.sql.SQLSyntaxErrorException: Column 'PKA_ID' not found.
				
2026-07-04 15:20:03 [http-nio-8495-exec-10] ERROR c.v.d.r.productMstDropDownRowMapper -productMstDropDownRowMapper  Method Exceptionjava.sql.SQLSyntaxErrorException: Column 'PKA_ID' not found.
				
2026-07-04 15:20:03 [http-nio-8495-exec-10] ERROR c.v.d.r.productMstDropDownRowMapper -productMstDropDownRowMapper  Method Exceptionjava.sql.SQLSyntaxErrorException: Column 'PKA_ID' not found.
				
2026-07-04 15:20:03 [http-nio-8495-exec-10] ERROR c.v.d.r.productMstDropDownRowMapper -productMstDropDownRowMapper  Method Exceptionjava.sql.SQLSyntaxErrorException: Column 'PKA_ID' not found.
				
2026-07-04 15:20:03 [http-nio-8495-exec-10] ERROR c.v.d.r.productMstDropDownRowMapper -productMstDropDownRowMapper  Method Exceptionjava.sql.SQLSyntaxErrorException: Column 'PKA_ID' not found.
				
2026-07-04 15:20:03 [http-nio-8495-exec-10] ERROR c.v.d.r.productMstDropDownRowMapper -productMstDropDownRowMapper  Method Exceptionjava.sql.SQLSyntaxErrorException: Column 'PKA_ID' not found.
				
2026-07-04 15:20:03 [http-nio-8495-exec-10] ERROR c.v.d.r.productMstDropDownRowMapper -productMstDropDownRowMapper  Method Exceptionjava.sql.SQLSyntaxErrorException: Column 'PKA_ID' not found.
				
2026-07-04 15:20:03 [http-nio-8495-exec-10] ERROR c.v.d.r.productMstDropDownRowMapper -productMstDropDownRowMapper  Method Exceptionjava.sql.SQLSyntaxErrorException: Column 'PKA_ID' not found.
				
2026-07-04 15:20:03 [http-nio-8495-exec-10] ERROR c.v.d.r.productMstDropDownRowMapper -productMstDropDownRowMapper  Method Exceptionjava.sql.SQLSyntaxErrorException: Column 'PKA_ID' not found.
				
2026-07-04 15:20:03 [http-nio-8495-exec-10] ERROR c.v.d.r.productMstDropDownRowMapper -productMstDropDownRowMapper  Method Exceptionjava.sql.SQLSyntaxErrorException: Column 'PKA_ID' not found.
				
2026-07-04 15:20:03 [http-nio-8495-exec-10] ERROR c.v.d.r.productMstDropDownRowMapper -productMstDropDownRowMapper  Method Exceptionjava.sql.SQLSyntaxErrorException: Column 'PKA_ID' not found.
				
2026-07-04 15:20:03 [http-nio-8495-exec-10] ERROR c.v.d.r.productMstDropDownRowMapper -productMstDropDownRowMapper  Method Exceptionjava.sql.SQLSyntaxErrorException: Column 'PKA_ID' not found.
				
2026-07-04 15:20:03 [http-nio-8495-exec-10] ERROR c.v.d.r.productMstDropDownRowMapper -productMstDropDownRowMapper  Method Exceptionjava.sql.SQLSyntaxErrorException: Column 'PKA_ID' not found.
				
2026-07-04 15:20:03 [http-nio-8495-exec-10] ERROR c.v.d.r.productMstDropDownRowMapper -productMstDropDownRowMapper  Method Exceptionjava.sql.SQLSyntaxErrorException: Column 'PKA_ID' not found.
				
2026-07-04 15:20:03 [http-nio-8495-exec-10] ERROR c.v.d.r.productMstDropDownRowMapper -productMstDropDownRowMapper  Method Exceptionjava.sql.SQLSyntaxErrorException: Column 'PKA_ID' not found.
				
2026-07-04 15:20:03 [http-nio-8495-exec-10] ERROR c.v.d.r.productMstDropDownRowMapper -productMstDropDownRowMapper  Method Exceptionjava.sql.SQLSyntaxErrorException: Column 'PKA_ID' not found.
				
2026-07-04 15:20:03 [http-nio-8495-exec-10] ERROR c.v.d.r.productMstDropDownRowMapper -productMstDropDownRowMapper  Method Exceptionjava.sql.SQLSyntaxErrorException: Column 'PKA_ID' not found.
				
2026-07-04 15:20:03 [http-nio-8495-exec-10] ERROR c.v.d.r.productMstDropDownRowMapper -productMstDropDownRowMapper  Method Exceptionjava.sql.SQLSyntaxErrorException: Column 'PKA_ID' not found.
				
2026-07-04 15:20:03 [http-nio-8495-exec-10] ERROR c.v.d.r.productMstDropDownRowMapper -productMstDropDownRowMapper  Method Exceptionjava.sql.SQLSyntaxErrorException: Column 'PKA_ID' not found.
				
2026-07-04 15:20:03 [http-nio-8495-exec-10] ERROR c.v.d.r.productMstDropDownRowMapper -productMstDropDownRowMapper  Method Exceptionjava.sql.SQLSyntaxErrorException: Column 'PKA_ID' not found.
				
2026-07-04 15:20:03 [http-nio-8495-exec-10] ERROR c.v.d.r.productMstDropDownRowMapper -productMstDropDownRowMapper  Method Exceptionjava.sql.SQLSyntaxErrorException: Column 'PKA_ID' not found.
				
2026-07-04 15:20:03 [http-nio-8495-exec-10] ERROR c.v.d.r.productMstDropDownRowMapper -productMstDropDownRowMapper  Method Exceptionjava.sql.SQLSyntaxErrorException: Column 'PKA_ID' not found.
				
2026-07-04 15:20:03 [http-nio-8495-exec-10] ERROR c.v.d.r.productMstDropDownRowMapper -productMstDropDownRowMapper  Method Exceptionjava.sql.SQLSyntaxErrorException: Column 'PKA_ID' not found.
				
2026-07-04 15:20:03 [http-nio-8495-exec-10] ERROR c.v.d.r.productMstDropDownRowMapper -productMstDropDownRowMapper  Method Exceptionjava.sql.SQLSyntaxErrorException: Column 'PKA_ID' not found.
				
2026-07-04 15:20:03 [http-nio-8495-exec-10] ERROR c.v.d.r.productMstDropDownRowMapper -productMstDropDownRowMapper  Method Exceptionjava.sql.SQLSyntaxErrorException: Column 'PKA_ID' not found.
				
2026-07-04 15:20:03 [http-nio-8495-exec-10] ERROR c.v.d.r.productMstDropDownRowMapper -productMstDropDownRowMapper  Method Exceptionjava.sql.SQLSyntaxErrorException: Column 'PKA_ID' not found.
				
2026-07-04 15:20:03 [http-nio-8495-exec-10] ERROR c.v.d.r.productMstDropDownRowMapper -productMstDropDownRowMapper  Method Exceptionjava.sql.SQLSyntaxErrorException: Column 'PKA_ID' not found.
				
2026-07-04 15:20:03 [http-nio-8495-exec-10] ERROR c.v.d.r.productMstDropDownRowMapper -productMstDropDownRowMapper  Method Exceptionjava.sql.SQLSyntaxErrorException: Column 'PKA_ID' not found.
				
2026-07-04 15:20:03 [http-nio-8495-exec-10] ERROR c.v.d.r.productMstDropDownRowMapper -productMstDropDownRowMapper  Method Exceptionjava.sql.SQLSyntaxErrorException: Column 'PKA_ID' not found.
				
2026-07-04 15:20:03 [http-nio-8495-exec-10] ERROR c.v.d.r.productMstDropDownRowMapper -productMstDropDownRowMapper  Method Exceptionjava.sql.SQLSyntaxErrorException: Column 'PKA_ID' not found.
				
2026-07-04 15:20:03 [http-nio-8495-exec-10] ERROR c.v.d.r.productMstDropDownRowMapper -productMstDropDownRowMapper  Method Exceptionjava.sql.SQLSyntaxErrorException: Column 'PKA_ID' not found.
				
2026-07-04 15:20:03 [http-nio-8495-exec-10] ERROR c.v.d.r.productMstDropDownRowMapper -productMstDropDownRowMapper  Method Exceptionjava.sql.SQLSyntaxErrorException: Column 'PKA_ID' not found.
				
2026-07-04 15:20:03 [http-nio-8495-exec-10] ERROR c.v.d.r.productMstDropDownRowMapper -productMstDropDownRowMapper  Method Exceptionjava.sql.SQLSyntaxErrorException: Column 'PKA_ID' not found.
				
2026-07-04 15:20:03 [http-nio-8495-exec-10] ERROR c.v.d.r.productMstDropDownRowMapper -productMstDropDownRowMapper  Method Exceptionjava.sql.SQLSyntaxErrorException: Column 'PKA_ID' not found.
				
2026-07-04 15:20:03 [http-nio-8495-exec-10] ERROR c.v.d.r.productMstDropDownRowMapper -productMstDropDownRowMapper  Method Exceptionjava.sql.SQLSyntaxErrorException: Column 'PKA_ID' not found.
				
2026-07-04 15:20:03 [http-nio-8495-exec-10] ERROR c.v.d.r.productMstDropDownRowMapper -productMstDropDownRowMapper  Method Exceptionjava.sql.SQLSyntaxErrorException: Column 'PKA_ID' not found.
				
2026-07-04 15:20:03 [http-nio-8495-exec-10] ERROR c.v.d.r.productMstDropDownRowMapper -productMstDropDownRowMapper  Method Exceptionjava.sql.SQLSyntaxErrorException: Column 'PKA_ID' not found.
				
2026-07-04 15:20:03 [http-nio-8495-exec-10] ERROR c.v.d.r.productMstDropDownRowMapper -productMstDropDownRowMapper  Method Exceptionjava.sql.SQLSyntaxErrorException: Column 'PKA_ID' not found.
				
2026-07-04 15:20:03 [http-nio-8495-exec-10] ERROR c.v.d.r.productMstDropDownRowMapper -productMstDropDownRowMapper  Method Exceptionjava.sql.SQLSyntaxErrorException: Column 'PKA_ID' not found.
				
2026-07-04 15:20:03 [http-nio-8495-exec-10] ERROR c.v.d.r.productMstDropDownRowMapper -productMstDropDownRowMapper  Method Exceptionjava.sql.SQLSyntaxErrorException: Column 'PKA_ID' not found.
				
2026-07-04 15:20:03 [http-nio-8495-exec-10] ERROR c.v.d.r.productMstDropDownRowMapper -productMstDropDownRowMapper  Method Exceptionjava.sql.SQLSyntaxErrorException: Column 'PKA_ID' not found.
				
2026-07-04 15:20:03 [http-nio-8495-exec-10] ERROR c.v.d.r.productMstDropDownRowMapper -productMstDropDownRowMapper  Method Exceptionjava.sql.SQLSyntaxErrorException: Column 'PKA_ID' not found.
				
2026-07-04 15:20:03 [http-nio-8495-exec-10] ERROR c.v.d.r.productMstDropDownRowMapper -productMstDropDownRowMapper  Method Exceptionjava.sql.SQLSyntaxErrorException: Column 'PKA_ID' not found.
				
2026-07-04 15:20:03 [http-nio-8495-exec-10] ERROR c.v.d.r.productMstDropDownRowMapper -productMstDropDownRowMapper  Method Exceptionjava.sql.SQLSyntaxErrorException: Column 'PKA_ID' not found.
				
2026-07-04 15:20:03 [http-nio-8495-exec-10] ERROR c.v.d.r.productMstDropDownRowMapper -productMstDropDownRowMapper  Method Exceptionjava.sql.SQLSyntaxErrorException: Column 'PKA_ID' not found.
				
2026-07-04 15:20:03 [http-nio-8495-exec-10] ERROR c.v.d.r.productMstDropDownRowMapper -productMstDropDownRowMapper  Method Exceptionjava.sql.SQLSyntaxErrorException: Column 'PKA_ID' not found.
				
2026-07-04 15:20:03 [http-nio-8495-exec-10] ERROR c.v.d.r.productMstDropDownRowMapper -productMstDropDownRowMapper  Method Exceptionjava.sql.SQLSyntaxErrorException: Column 'PKA_ID' not found.
				
2026-07-04 15:20:03 [http-nio-8495-exec-10] ERROR c.v.d.r.productMstDropDownRowMapper -productMstDropDownRowMapper  Method Exceptionjava.sql.SQLSyntaxErrorException: Column 'PKA_ID' not found.
				
2026-07-04 15:20:03 [http-nio-8495-exec-10] ERROR c.v.d.r.productMstDropDownRowMapper -productMstDropDownRowMapper  Method Exceptionjava.sql.SQLSyntaxErrorException: Column 'PKA_ID' not found.
				
2026-07-04 15:20:03 [http-nio-8495-exec-10] ERROR c.v.d.r.productMstDropDownRowMapper -productMstDropDownRowMapper  Method Exceptionjava.sql.SQLSyntaxErrorException: Column 'PKA_ID' not found.
				
2026-07-04 15:20:03 [http-nio-8495-exec-10] ERROR c.v.d.r.productMstDropDownRowMapper -productMstDropDownRowMapper  Method Exceptionjava.sql.SQLSyntaxErrorException: Column 'PKA_ID' not found.
				
2026-07-04 15:20:03 [http-nio-8495-exec-10] ERROR c.v.d.r.productMstDropDownRowMapper -productMstDropDownRowMapper  Method Exceptionjava.sql.SQLSyntaxErrorException: Column 'PKA_ID' not found.
				
2026-07-04 15:20:03 [http-nio-8495-exec-10] ERROR c.v.d.r.productMstDropDownRowMapper -productMstDropDownRowMapper  Method Exceptionjava.sql.SQLSyntaxErrorException: Column 'PKA_ID' not found.
				
2026-07-04 15:20:03 [http-nio-8495-exec-10] ERROR c.v.d.r.productMstDropDownRowMapper -productMstDropDownRowMapper  Method Exceptionjava.sql.SQLSyntaxErrorException: Column 'PKA_ID' not found.
				
2026-07-04 15:20:03 [http-nio-8495-exec-10] ERROR c.v.d.r.productMstDropDownRowMapper -productMstDropDownRowMapper  Method Exceptionjava.sql.SQLSyntaxErrorException: Column 'PKA_ID' not found.
				
2026-07-04 15:20:03 [http-nio-8495-exec-10] ERROR c.v.d.r.productMstDropDownRowMapper -productMstDropDownRowMapper  Method Exceptionjava.sql.SQLSyntaxErrorException: Column 'PKA_ID' not found.
				
2026-07-04 15:20:03 [http-nio-8495-exec-10] ERROR c.v.d.r.productMstDropDownRowMapper -productMstDropDownRowMapper  Method Exceptionjava.sql.SQLSyntaxErrorException: Column 'PKA_ID' not found.
				
2026-07-04 15:20:03 [http-nio-8495-exec-10] ERROR c.v.d.r.productMstDropDownRowMapper -productMstDropDownRowMapper  Method Exceptionjava.sql.SQLSyntaxErrorException: Column 'PKA_ID' not found.
				
2026-07-04 15:20:03 [http-nio-8495-exec-10] ERROR c.v.d.r.productMstDropDownRowMapper -productMstDropDownRowMapper  Method Exceptionjava.sql.SQLSyntaxErrorException: Column 'PKA_ID' not found.
				
2026-07-04 15:20:03 [http-nio-8495-exec-10] ERROR c.v.d.r.productMstDropDownRowMapper -productMstDropDownRowMapper  Method Exceptionjava.sql.SQLSyntaxErrorException: Column 'PKA_ID' not found.
				
2026-07-04 15:20:03 [http-nio-8495-exec-10] ERROR c.v.d.r.productMstDropDownRowMapper -productMstDropDownRowMapper  Method Exceptionjava.sql.SQLSyntaxErrorException: Column 'PKA_ID' not found.
				
2026-07-04 15:20:03 [http-nio-8495-exec-10] ERROR c.v.d.r.productMstDropDownRowMapper -productMstDropDownRowMapper  Method Exceptionjava.sql.SQLSyntaxErrorException: Column 'PKA_ID' not found.
				
2026-07-04 15:20:03 [http-nio-8495-exec-10] ERROR c.v.d.r.productMstDropDownRowMapper -productMstDropDownRowMapper  Method Exceptionjava.sql.SQLSyntaxErrorException: Column 'PKA_ID' not found.
				
2026-07-04 15:20:03 [http-nio-8495-exec-10] ERROR c.v.d.r.productMstDropDownRowMapper -productMstDropDownRowMapper  Method Exceptionjava.sql.SQLSyntaxErrorException: Column 'PKA_ID' not found.
				
2026-07-04 15:20:03 [http-nio-8495-exec-10] ERROR c.v.d.r.productMstDropDownRowMapper -productMstDropDownRowMapper  Method Exceptionjava.sql.SQLSyntaxErrorException: Column 'PKA_ID' not found.
				
2026-07-04 15:20:03 [http-nio-8495-exec-10] ERROR c.v.d.r.productMstDropDownRowMapper -productMstDropDownRowMapper  Method Exceptionjava.sql.SQLSyntaxErrorException: Column 'PKA_ID' not found.
				
2026-07-04 15:20:03 [http-nio-8495-exec-10] ERROR c.v.d.r.productMstDropDownRowMapper -productMstDropDownRowMapper  Method Exceptionjava.sql.SQLSyntaxErrorException: Column 'PKA_ID' not found.
				
2026-07-04 15:20:03 [http-nio-8495-exec-10] ERROR c.v.d.r.productMstDropDownRowMapper -productMstDropDownRowMapper  Method Exceptionjava.sql.SQLSyntaxErrorException: Column 'PKA_ID' not found.
				
2026-07-04 15:20:03 [http-nio-8495-exec-10] ERROR c.v.d.r.productMstDropDownRowMapper -productMstDropDownRowMapper  Method Exceptionjava.sql.SQLSyntaxErrorException: Column 'PKA_ID' not found.
				
2026-07-04 15:20:03 [http-nio-8495-exec-10] ERROR c.v.d.r.productMstDropDownRowMapper -productMstDropDownRowMapper  Method Exceptionjava.sql.SQLSyntaxErrorException: Column 'PKA_ID' not found.
				
2026-07-04 15:20:03 [http-nio-8495-exec-10] ERROR c.v.d.r.productMstDropDownRowMapper -productMstDropDownRowMapper  Method Exceptionjava.sql.SQLSyntaxErrorException: Column 'PKA_ID' not found.
				
2026-07-04 15:20:03 [http-nio-8495-exec-10] ERROR c.v.d.r.productMstDropDownRowMapper -productMstDropDownRowMapper  Method Exceptionjava.sql.SQLSyntaxErrorException: Column 'PKA_ID' not found.
				
2026-07-04 15:20:03 [http-nio-8495-exec-10] ERROR c.v.d.r.productMstDropDownRowMapper -productMstDropDownRowMapper  Method Exceptionjava.sql.SQLSyntaxErrorException: Column 'PKA_ID' not found.
				
2026-07-04 15:20:03 [http-nio-8495-exec-10] ERROR c.v.d.r.productMstDropDownRowMapper -productMstDropDownRowMapper  Method Exceptionjava.sql.SQLSyntaxErrorException: Column 'PKA_ID' not found.
				
2026-07-04 15:20:03 [http-nio-8495-exec-10] ERROR c.v.d.r.productMstDropDownRowMapper -productMstDropDownRowMapper  Method Exceptionjava.sql.SQLSyntaxErrorException: Column 'PKA_ID' not found.
				
2026-07-04 15:20:03 [http-nio-8495-exec-10] ERROR c.v.d.r.productMstDropDownRowMapper -productMstDropDownRowMapper  Method Exceptionjava.sql.SQLSyntaxErrorException: Column 'PKA_ID' not found.
				
2026-07-04 15:20:03 [http-nio-8495-exec-10] ERROR c.v.d.r.productMstDropDownRowMapper -productMstDropDownRowMapper  Method Exceptionjava.sql.SQLSyntaxErrorException: Column 'PKA_ID' not found.
				
2026-07-04 15:20:03 [http-nio-8495-exec-10] ERROR c.v.d.r.productMstDropDownRowMapper -productMstDropDownRowMapper  Method Exceptionjava.sql.SQLSyntaxErrorException: Column 'PKA_ID' not found.
				
2026-07-04 15:20:03 [http-nio-8495-exec-10] ERROR c.v.d.r.productMstDropDownRowMapper -productMstDropDownRowMapper  Method Exceptionjava.sql.SQLSyntaxErrorException: Column 'PKA_ID' not found.
				
2026-07-04 15:20:03 [http-nio-8495-exec-10] ERROR c.v.d.r.productMstDropDownRowMapper -productMstDropDownRowMapper  Method Exceptionjava.sql.SQLSyntaxErrorException: Column 'PKA_ID' not found.
				
2026-07-04 15:20:03 [http-nio-8495-exec-10] ERROR c.v.d.r.productMstDropDownRowMapper -productMstDropDownRowMapper  Method Exceptionjava.sql.SQLSyntaxErrorException: Column 'PKA_ID' not found.
				
2026-07-04 15:20:03 [http-nio-8495-exec-10] ERROR c.v.d.r.productMstDropDownRowMapper -productMstDropDownRowMapper  Method Exceptionjava.sql.SQLSyntaxErrorException: Column 'PKA_ID' not found.
				
2026-07-04 15:20:03 [http-nio-8495-exec-10] ERROR c.v.d.r.productMstDropDownRowMapper -productMstDropDownRowMapper  Method Exceptionjava.sql.SQLSyntaxErrorException: Column 'PKA_ID' not found.
				
2026-07-04 15:20:03 [http-nio-8495-exec-10] ERROR c.v.d.r.productMstDropDownRowMapper -productMstDropDownRowMapper  Method Exceptionjava.sql.SQLSyntaxErrorException: Column 'PKA_ID' not found.
				
2026-07-04 15:20:03 [http-nio-8495-exec-10] ERROR c.v.d.r.productMstDropDownRowMapper -productMstDropDownRowMapper  Method Exceptionjava.sql.SQLSyntaxErrorException: Column 'PKA_ID' not found.
				
2026-07-04 15:20:03 [http-nio-8495-exec-10] ERROR c.v.d.r.productMstDropDownRowMapper -productMstDropDownRowMapper  Method Exceptionjava.sql.SQLSyntaxErrorException: Column 'PKA_ID' not found.
				
2026-07-04 15:20:03 [http-nio-8495-exec-10] ERROR c.v.d.r.productMstDropDownRowMapper -productMstDropDownRowMapper  Method Exceptionjava.sql.SQLSyntaxErrorException: Column 'PKA_ID' not found.
				
2026-07-04 15:20:03 [http-nio-8495-exec-10] ERROR c.v.d.r.productMstDropDownRowMapper -productMstDropDownRowMapper  Method Exceptionjava.sql.SQLSyntaxErrorException: Column 'PKA_ID' not found.
				
2026-07-04 15:20:03 [http-nio-8495-exec-10] ERROR c.v.d.r.productMstDropDownRowMapper -productMstDropDownRowMapper  Method Exceptionjava.sql.SQLSyntaxErrorException: Column 'PKA_ID' not found.
				
2026-07-04 15:20:03 [http-nio-8495-exec-10] ERROR c.v.d.r.productMstDropDownRowMapper -productMstDropDownRowMapper  Method Exceptionjava.sql.SQLSyntaxErrorException: Column 'PKA_ID' not found.
				
2026-07-04 15:20:03 [http-nio-8495-exec-10] ERROR c.v.d.r.productMstDropDownRowMapper -productMstDropDownRowMapper  Method Exceptionjava.sql.SQLSyntaxErrorException: Column 'PKA_ID' not found.
				
2026-07-04 15:20:03 [http-nio-8495-exec-10] ERROR c.v.d.r.productMstDropDownRowMapper -productMstDropDownRowMapper  Method Exceptionjava.sql.SQLSyntaxErrorException: Column 'PKA_ID' not found.
				
2026-07-04 15:20:03 [http-nio-8495-exec-10] ERROR c.v.d.r.productMstDropDownRowMapper -productMstDropDownRowMapper  Method Exceptionjava.sql.SQLSyntaxErrorException: Column 'PKA_ID' not found.
				
2026-07-04 15:20:03 [http-nio-8495-exec-10] ERROR c.v.d.r.productMstDropDownRowMapper -productMstDropDownRowMapper  Method Exceptionjava.sql.SQLSyntaxErrorException: Column 'PKA_ID' not found.
				
2026-07-04 15:20:03 [http-nio-8495-exec-10] ERROR c.v.d.r.productMstDropDownRowMapper -productMstDropDownRowMapper  Method Exceptionjava.sql.SQLSyntaxErrorException: Column 'PKA_ID' not found.
				
2026-07-04 15:20:03 [http-nio-8495-exec-10] ERROR c.v.d.r.productMstDropDownRowMapper -productMstDropDownRowMapper  Method Exceptionjava.sql.SQLSyntaxErrorException: Column 'PKA_ID' not found.
				
2026-07-04 15:20:03 [http-nio-8495-exec-10] ERROR c.v.d.r.productMstDropDownRowMapper -productMstDropDownRowMapper  Method Exceptionjava.sql.SQLSyntaxErrorException: Column 'PKA_ID' not found.
				
2026-07-04 15:20:03 [http-nio-8495-exec-10] ERROR c.v.d.r.productMstDropDownRowMapper -productMstDropDownRowMapper  Method Exceptionjava.sql.SQLSyntaxErrorException: Column 'PKA_ID' not found.
				
2026-07-04 15:20:03 [http-nio-8495-exec-10] ERROR c.v.d.r.productMstDropDownRowMapper -productMstDropDownRowMapper  Method Exceptionjava.sql.SQLSyntaxErrorException: Column 'PKA_ID' not found.
				
2026-07-04 15:20:03 [http-nio-8495-exec-10] ERROR c.v.d.r.productMstDropDownRowMapper -productMstDropDownRowMapper  Method Exceptionjava.sql.SQLSyntaxErrorException: Column 'PKA_ID' not found.
				
2026-07-04 15:20:03 [http-nio-8495-exec-10] ERROR c.v.d.r.productMstDropDownRowMapper -productMstDropDownRowMapper  Method Exceptionjava.sql.SQLSyntaxErrorException: Column 'PKA_ID' not found.
				
2026-07-04 15:20:03 [http-nio-8495-exec-10] ERROR c.v.d.r.productMstDropDownRowMapper -productMstDropDownRowMapper  Method Exceptionjava.sql.SQLSyntaxErrorException: Column 'PKA_ID' not found.
				
2026-07-04 15:20:03 [http-nio-8495-exec-10] ERROR c.v.d.r.productMstDropDownRowMapper -productMstDropDownRowMapper  Method Exceptionjava.sql.SQLSyntaxErrorException: Column 'PKA_ID' not found.
				
2026-07-04 15:20:03 [http-nio-8495-exec-10] ERROR c.v.d.r.productMstDropDownRowMapper -productMstDropDownRowMapper  Method Exceptionjava.sql.SQLSyntaxErrorException: Column 'PKA_ID' not found.
				
2026-07-04 15:20:03 [http-nio-8495-exec-10] ERROR c.v.d.r.productMstDropDownRowMapper -productMstDropDownRowMapper  Method Exceptionjava.sql.SQLSyntaxErrorException: Column 'PKA_ID' not found.
				
2026-07-04 15:20:03 [http-nio-8495-exec-10] ERROR c.v.d.r.productMstDropDownRowMapper -productMstDropDownRowMapper  Method Exceptionjava.sql.SQLSyntaxErrorException: Column 'PKA_ID' not found.
				
2026-07-04 15:20:03 [http-nio-8495-exec-10] ERROR c.v.d.r.productMstDropDownRowMapper -productMstDropDownRowMapper  Method Exceptionjava.sql.SQLSyntaxErrorException: Column 'PKA_ID' not found.
				
2026-07-04 15:20:03 [http-nio-8495-exec-10] ERROR c.v.d.r.productMstDropDownRowMapper -productMstDropDownRowMapper  Method Exceptionjava.sql.SQLSyntaxErrorException: Column 'PKA_ID' not found.
				
2026-07-04 15:20:03 [http-nio-8495-exec-10] ERROR c.v.d.r.productMstDropDownRowMapper -productMstDropDownRowMapper  Method Exceptionjava.sql.SQLSyntaxErrorException: Column 'PKA_ID' not found.
				
2026-07-04 15:20:03 [http-nio-8495-exec-10] ERROR c.v.d.r.productMstDropDownRowMapper -productMstDropDownRowMapper  Method Exceptionjava.sql.SQLSyntaxErrorException: Column 'PKA_ID' not found.
				
2026-07-04 15:20:03 [http-nio-8495-exec-10] ERROR c.v.d.r.productMstDropDownRowMapper -productMstDropDownRowMapper  Method Exceptionjava.sql.SQLSyntaxErrorException: Column 'PKA_ID' not found.
				
2026-07-04 15:20:03 [http-nio-8495-exec-10] ERROR c.v.d.r.productMstDropDownRowMapper -productMstDropDownRowMapper  Method Exceptionjava.sql.SQLSyntaxErrorException: Column 'PKA_ID' not found.
				
2026-07-04 15:20:03 [http-nio-8495-exec-10] ERROR c.v.d.r.productMstDropDownRowMapper -productMstDropDownRowMapper  Method Exceptionjava.sql.SQLSyntaxErrorException: Column 'PKA_ID' not found.
				
2026-07-04 15:20:03 [http-nio-8495-exec-10] ERROR c.v.d.r.productMstDropDownRowMapper -productMstDropDownRowMapper  Method Exceptionjava.sql.SQLSyntaxErrorException: Column 'PKA_ID' not found.
				
2026-07-04 15:20:03 [http-nio-8495-exec-10] ERROR c.v.d.r.productMstDropDownRowMapper -productMstDropDownRowMapper  Method Exceptionjava.sql.SQLSyntaxErrorException: Column 'PKA_ID' not found.
				
2026-07-04 15:20:03 [http-nio-8495-exec-10] ERROR c.v.d.r.productMstDropDownRowMapper -productMstDropDownRowMapper  Method Exceptionjava.sql.SQLSyntaxErrorException: Column 'PKA_ID' not found.
				
2026-07-04 15:20:03 [http-nio-8495-exec-10] ERROR c.v.d.r.productMstDropDownRowMapper -productMstDropDownRowMapper  Method Exceptionjava.sql.SQLSyntaxErrorException: Column 'PKA_ID' not found.
				
2026-07-04 15:20:03 [http-nio-8495-exec-10] ERROR c.v.d.r.productMstDropDownRowMapper -productMstDropDownRowMapper  Method Exceptionjava.sql.SQLSyntaxErrorException: Column 'PKA_ID' not found.
				
2026-07-04 15:20:03 [http-nio-8495-exec-10] ERROR c.v.d.r.productMstDropDownRowMapper -productMstDropDownRowMapper  Method Exceptionjava.sql.SQLSyntaxErrorException: Column 'PKA_ID' not found.
				
2026-07-04 15:20:03 [http-nio-8495-exec-10] ERROR c.v.d.r.productMstDropDownRowMapper -productMstDropDownRowMapper  Method Exceptionjava.sql.SQLSyntaxErrorException: Column 'PKA_ID' not found.
				
2026-07-04 15:20:03 [http-nio-8495-exec-10] ERROR c.v.d.r.productMstDropDownRowMapper -productMstDropDownRowMapper  Method Exceptionjava.sql.SQLSyntaxErrorException: Column 'PKA_ID' not found.
				
2026-07-04 15:20:03 [http-nio-8495-exec-10] ERROR c.v.d.r.productMstDropDownRowMapper -productMstDropDownRowMapper  Method Exceptionjava.sql.SQLSyntaxErrorException: Column 'PKA_ID' not found.
				
2026-07-04 15:20:03 [http-nio-8495-exec-10] ERROR c.v.d.r.productMstDropDownRowMapper -productMstDropDownRowMapper  Method Exceptionjava.sql.SQLSyntaxErrorException: Column 'PKA_ID' not found.
				
2026-07-04 15:20:03 [http-nio-8495-exec-10] ERROR c.v.d.r.productMstDropDownRowMapper -productMstDropDownRowMapper  Method Exceptionjava.sql.SQLSyntaxErrorException: Column 'PKA_ID' not found.
				
2026-07-04 15:20:03 [http-nio-8495-exec-10] ERROR c.v.d.r.productMstDropDownRowMapper -productMstDropDownRowMapper  Method Exceptionjava.sql.SQLSyntaxErrorException: Column 'PKA_ID' not found.
				
2026-07-04 15:20:03 [http-nio-8495-exec-10] ERROR c.v.d.r.productMstDropDownRowMapper -productMstDropDownRowMapper  Method Exceptionjava.sql.SQLSyntaxErrorException: Column 'PKA_ID' not found.
				
2026-07-04 15:20:03 [http-nio-8495-exec-10] ERROR c.v.d.r.productMstDropDownRowMapper -productMstDropDownRowMapper  Method Exceptionjava.sql.SQLSyntaxErrorException: Column 'PKA_ID' not found.
				
2026-07-04 15:20:03 [http-nio-8495-exec-10] ERROR c.v.d.r.productMstDropDownRowMapper -productMstDropDownRowMapper  Method Exceptionjava.sql.SQLSyntaxErrorException: Column 'PKA_ID' not found.
				
2026-07-04 15:20:03 [http-nio-8495-exec-10] ERROR c.v.d.r.productMstDropDownRowMapper -productMstDropDownRowMapper  Method Exceptionjava.sql.SQLSyntaxErrorException: Column 'PKA_ID' not found.
				
2026-07-04 15:20:03 [http-nio-8495-exec-10] ERROR c.v.d.r.productMstDropDownRowMapper -productMstDropDownRowMapper  Method Exceptionjava.sql.SQLSyntaxErrorException: Column 'PKA_ID' not found.
				
2026-07-04 15:20:03 [http-nio-8495-exec-10] ERROR c.v.d.r.productMstDropDownRowMapper -productMstDropDownRowMapper  Method Exceptionjava.sql.SQLSyntaxErrorException: Column 'PKA_ID' not found.
				
2026-07-04 15:20:03 [http-nio-8495-exec-10] ERROR c.v.d.r.productMstDropDownRowMapper -productMstDropDownRowMapper  Method Exceptionjava.sql.SQLSyntaxErrorException: Column 'PKA_ID' not found.
				
2026-07-04 15:20:03 [http-nio-8495-exec-10] ERROR c.v.d.r.productMstDropDownRowMapper -productMstDropDownRowMapper  Method Exceptionjava.sql.SQLSyntaxErrorException: Column 'PKA_ID' not found.
				
2026-07-04 15:20:03 [http-nio-8495-exec-10] ERROR c.v.d.r.productMstDropDownRowMapper -productMstDropDownRowMapper  Method Exceptionjava.sql.SQLSyntaxErrorException: Column 'PKA_ID' not found.
				
2026-07-04 15:20:03 [http-nio-8495-exec-10] ERROR c.v.d.r.productMstDropDownRowMapper -productMstDropDownRowMapper  Method Exceptionjava.sql.SQLSyntaxErrorException: Column 'PKA_ID' not found.
				
2026-07-04 15:20:03 [http-nio-8495-exec-10] ERROR c.v.d.r.productMstDropDownRowMapper -productMstDropDownRowMapper  Method Exceptionjava.sql.SQLSyntaxErrorException: Column 'PKA_ID' not found.
				
2026-07-04 15:20:03 [http-nio-8495-exec-10] ERROR c.v.d.r.productMstDropDownRowMapper -productMstDropDownRowMapper  Method Exceptionjava.sql.SQLSyntaxErrorException: Column 'PKA_ID' not found.
				
2026-07-04 15:20:03 [http-nio-8495-exec-10] ERROR c.v.d.r.productMstDropDownRowMapper -productMstDropDownRowMapper  Method Exceptionjava.sql.SQLSyntaxErrorException: Column 'PKA_ID' not found.
				
2026-07-04 15:20:03 [http-nio-8495-exec-10] ERROR c.v.d.r.productMstDropDownRowMapper -productMstDropDownRowMapper  Method Exceptionjava.sql.SQLSyntaxErrorException: Column 'PKA_ID' not found.
				
2026-07-04 15:20:03 [http-nio-8495-exec-10] ERROR c.v.d.r.productMstDropDownRowMapper -productMstDropDownRowMapper  Method Exceptionjava.sql.SQLSyntaxErrorException: Column 'PKA_ID' not found.
				
2026-07-04 15:20:03 [http-nio-8495-exec-10] ERROR c.v.d.r.productMstDropDownRowMapper -productMstDropDownRowMapper  Method Exceptionjava.sql.SQLSyntaxErrorException: Column 'PKA_ID' not found.
				
2026-07-04 15:20:03 [http-nio-8495-exec-10] ERROR c.v.d.r.productMstDropDownRowMapper -productMstDropDownRowMapper  Method Exceptionjava.sql.SQLSyntaxErrorException: Column 'PKA_ID' not found.
				
2026-07-04 15:20:03 [http-nio-8495-exec-10] ERROR c.v.d.r.productMstDropDownRowMapper -productMstDropDownRowMapper  Method Exceptionjava.sql.SQLSyntaxErrorException: Column 'PKA_ID' not found.
				
2026-07-04 15:20:03 [http-nio-8495-exec-10] ERROR c.v.d.r.productMstDropDownRowMapper -productMstDropDownRowMapper  Method Exceptionjava.sql.SQLSyntaxErrorException: Column 'PKA_ID' not found.
				
2026-07-04 15:20:03 [http-nio-8495-exec-10] ERROR c.v.d.r.productMstDropDownRowMapper -productMstDropDownRowMapper  Method Exceptionjava.sql.SQLSyntaxErrorException: Column 'PKA_ID' not found.
				
2026-07-04 15:20:03 [http-nio-8495-exec-10] ERROR c.v.d.r.productMstDropDownRowMapper -productMstDropDownRowMapper  Method Exceptionjava.sql.SQLSyntaxErrorException: Column 'PKA_ID' not found.
				
2026-07-04 15:20:03 [http-nio-8495-exec-10] ERROR c.v.d.r.productMstDropDownRowMapper -productMstDropDownRowMapper  Method Exceptionjava.sql.SQLSyntaxErrorException: Column 'PKA_ID' not found.
				
2026-07-04 15:20:03 [http-nio-8495-exec-10] ERROR c.v.d.r.productMstDropDownRowMapper -productMstDropDownRowMapper  Method Exceptionjava.sql.SQLSyntaxErrorException: Column 'PKA_ID' not found.
				
2026-07-04 15:20:03 [http-nio-8495-exec-10] ERROR c.v.d.r.productMstDropDownRowMapper -productMstDropDownRowMapper  Method Exceptionjava.sql.SQLSyntaxErrorException: Column 'PKA_ID' not found.
				
2026-07-04 15:20:03 [http-nio-8495-exec-10] ERROR c.v.d.r.productMstDropDownRowMapper -productMstDropDownRowMapper  Method Exceptionjava.sql.SQLSyntaxErrorException: Column 'PKA_ID' not found.
				
2026-07-04 15:20:03 [http-nio-8495-exec-10] ERROR c.v.d.r.productMstDropDownRowMapper -productMstDropDownRowMapper  Method Exceptionjava.sql.SQLSyntaxErrorException: Column 'PKA_ID' not found.
				
2026-07-04 15:20:03 [http-nio-8495-exec-10] ERROR c.v.d.r.productMstDropDownRowMapper -productMstDropDownRowMapper  Method Exceptionjava.sql.SQLSyntaxErrorException: Column 'PKA_ID' not found.
				
2026-07-04 15:20:03 [http-nio-8495-exec-10] ERROR c.v.d.r.productMstDropDownRowMapper -productMstDropDownRowMapper  Method Exceptionjava.sql.SQLSyntaxErrorException: Column 'PKA_ID' not found.
				
2026-07-04 15:20:03 [http-nio-8495-exec-10] ERROR c.v.d.r.productMstDropDownRowMapper -productMstDropDownRowMapper  Method Exceptionjava.sql.SQLSyntaxErrorException: Column 'PKA_ID' not found.
				
2026-07-04 15:20:03 [http-nio-8495-exec-10] ERROR c.v.d.r.productMstDropDownRowMapper -productMstDropDownRowMapper  Method Exceptionjava.sql.SQLSyntaxErrorException: Column 'PKA_ID' not found.
				
2026-07-04 15:20:03 [http-nio-8495-exec-10] ERROR c.v.d.r.productMstDropDownRowMapper -productMstDropDownRowMapper  Method Exceptionjava.sql.SQLSyntaxErrorException: Column 'PKA_ID' not found.
				
2026-07-04 15:20:03 [http-nio-8495-exec-10] ERROR c.v.d.r.productMstDropDownRowMapper -productMstDropDownRowMapper  Method Exceptionjava.sql.SQLSyntaxErrorException: Column 'PKA_ID' not found.
				
2026-07-04 15:20:03 [http-nio-8495-exec-10] ERROR c.v.d.r.productMstDropDownRowMapper -productMstDropDownRowMapper  Method Exceptionjava.sql.SQLSyntaxErrorException: Column 'PKA_ID' not found.
				
2026-07-04 15:20:03 [http-nio-8495-exec-10] ERROR c.v.d.r.productMstDropDownRowMapper -productMstDropDownRowMapper  Method Exceptionjava.sql.SQLSyntaxErrorException: Column 'PKA_ID' not found.
				
2026-07-04 15:20:03 [http-nio-8495-exec-10] ERROR c.v.d.r.productMstDropDownRowMapper -productMstDropDownRowMapper  Method Exceptionjava.sql.SQLSyntaxErrorException: Column 'PKA_ID' not found.
				
2026-07-04 15:20:03 [http-nio-8495-exec-10] ERROR c.v.d.r.productMstDropDownRowMapper -productMstDropDownRowMapper  Method Exceptionjava.sql.SQLSyntaxErrorException: Column 'PKA_ID' not found.
				
2026-07-04 15:20:03 [http-nio-8495-exec-10] ERROR c.v.d.r.productMstDropDownRowMapper -productMstDropDownRowMapper  Method Exceptionjava.sql.SQLSyntaxErrorException: Column 'PKA_ID' not found.
				
2026-07-04 15:20:03 [http-nio-8495-exec-10] ERROR c.v.d.r.productMstDropDownRowMapper -productMstDropDownRowMapper  Method Exceptionjava.sql.SQLSyntaxErrorException: Column 'PKA_ID' not found.
				
2026-07-04 15:20:03 [http-nio-8495-exec-10] ERROR c.v.d.r.productMstDropDownRowMapper -productMstDropDownRowMapper  Method Exceptionjava.sql.SQLSyntaxErrorException: Column 'PKA_ID' not found.
				
2026-07-04 15:20:03 [http-nio-8495-exec-10] ERROR c.v.d.r.productMstDropDownRowMapper -productMstDropDownRowMapper  Method Exceptionjava.sql.SQLSyntaxErrorException: Column 'PKA_ID' not found.
				
2026-07-04 15:20:03 [http-nio-8495-exec-10] ERROR c.v.d.r.productMstDropDownRowMapper -productMstDropDownRowMapper  Method Exceptionjava.sql.SQLSyntaxErrorException: Column 'PKA_ID' not found.
				
2026-07-04 15:20:03 [http-nio-8495-exec-10] ERROR c.v.d.r.productMstDropDownRowMapper -productMstDropDownRowMapper  Method Exceptionjava.sql.SQLSyntaxErrorException: Column 'PKA_ID' not found.
				
2026-07-04 15:20:03 [http-nio-8495-exec-10] ERROR c.v.d.r.productMstDropDownRowMapper -productMstDropDownRowMapper  Method Exceptionjava.sql.SQLSyntaxErrorException: Column 'PKA_ID' not found.
				
2026-07-04 15:20:03 [http-nio-8495-exec-10] ERROR c.v.d.r.productMstDropDownRowMapper -productMstDropDownRowMapper  Method Exceptionjava.sql.SQLSyntaxErrorException: Column 'PKA_ID' not found.
				
2026-07-04 15:20:03 [http-nio-8495-exec-10] ERROR c.v.d.r.productMstDropDownRowMapper -productMstDropDownRowMapper  Method Exceptionjava.sql.SQLSyntaxErrorException: Column 'PKA_ID' not found.
				
2026-07-04 15:20:03 [http-nio-8495-exec-10] ERROR c.v.d.r.productMstDropDownRowMapper -productMstDropDownRowMapper  Method Exceptionjava.sql.SQLSyntaxErrorException: Column 'PKA_ID' not found.
				
2026-07-04 15:20:03 [http-nio-8495-exec-10] ERROR c.v.d.r.productMstDropDownRowMapper -productMstDropDownRowMapper  Method Exceptionjava.sql.SQLSyntaxErrorException: Column 'PKA_ID' not found.
				
2026-07-04 15:20:03 [http-nio-8495-exec-10] ERROR c.v.d.r.productMstDropDownRowMapper -productMstDropDownRowMapper  Method Exceptionjava.sql.SQLSyntaxErrorException: Column 'PKA_ID' not found.
				
2026-07-04 15:20:03 [http-nio-8495-exec-10] ERROR c.v.d.r.productMstDropDownRowMapper -productMstDropDownRowMapper  Method Exceptionjava.sql.SQLSyntaxErrorException: Column 'PKA_ID' not found.
				
2026-07-04 15:20:03 [http-nio-8495-exec-10] ERROR c.v.d.r.productMstDropDownRowMapper -productMstDropDownRowMapper  Method Exceptionjava.sql.SQLSyntaxErrorException: Column 'PKA_ID' not found.
				
2026-07-04 15:20:03 [http-nio-8495-exec-10] ERROR c.v.d.r.productMstDropDownRowMapper -productMstDropDownRowMapper  Method Exceptionjava.sql.SQLSyntaxErrorException: Column 'PKA_ID' not found.
				
2026-07-04 15:20:03 [http-nio-8495-exec-10] ERROR c.v.d.r.productMstDropDownRowMapper -productMstDropDownRowMapper  Method Exceptionjava.sql.SQLSyntaxErrorException: Column 'PKA_ID' not found.
				
2026-07-04 15:20:03 [http-nio-8495-exec-10] ERROR c.v.d.r.productMstDropDownRowMapper -productMstDropDownRowMapper  Method Exceptionjava.sql.SQLSyntaxErrorException: Column 'PKA_ID' not found.
				
2026-07-04 15:20:03 [http-nio-8495-exec-10] ERROR c.v.d.r.productMstDropDownRowMapper -productMstDropDownRowMapper  Method Exceptionjava.sql.SQLSyntaxErrorException: Column 'PKA_ID' not found.
				
2026-07-04 15:20:03 [http-nio-8495-exec-10] ERROR c.v.d.r.productMstDropDownRowMapper -productMstDropDownRowMapper  Method Exceptionjava.sql.SQLSyntaxErrorException: Column 'PKA_ID' not found.
				
2026-07-04 15:20:03 [http-nio-8495-exec-10] ERROR c.v.d.r.productMstDropDownRowMapper -productMstDropDownRowMapper  Method Exceptionjava.sql.SQLSyntaxErrorException: Column 'PKA_ID' not found.
				
2026-07-04 15:20:03 [http-nio-8495-exec-10] ERROR c.v.d.r.productMstDropDownRowMapper -productMstDropDownRowMapper  Method Exceptionjava.sql.SQLSyntaxErrorException: Column 'PKA_ID' not found.
				
2026-07-04 15:20:03 [http-nio-8495-exec-10] ERROR c.v.d.r.productMstDropDownRowMapper -productMstDropDownRowMapper  Method Exceptionjava.sql.SQLSyntaxErrorException: Column 'PKA_ID' not found.
				
2026-07-04 15:20:03 [http-nio-8495-exec-10] ERROR c.v.d.r.productMstDropDownRowMapper -productMstDropDownRowMapper  Method Exceptionjava.sql.SQLSyntaxErrorException: Column 'PKA_ID' not found.
				
2026-07-04 15:20:03 [http-nio-8495-exec-10] ERROR c.v.d.r.productMstDropDownRowMapper -productMstDropDownRowMapper  Method Exceptionjava.sql.SQLSyntaxErrorException: Column 'PKA_ID' not found.
				
2026-07-04 15:20:03 [http-nio-8495-exec-10] ERROR c.v.d.r.productMstDropDownRowMapper -productMstDropDownRowMapper  Method Exceptionjava.sql.SQLSyntaxErrorException: Column 'PKA_ID' not found.
				
2026-07-04 15:20:03 [http-nio-8495-exec-10] ERROR c.v.d.r.productMstDropDownRowMapper -productMstDropDownRowMapper  Method Exceptionjava.sql.SQLSyntaxErrorException: Column 'PKA_ID' not found.
				
2026-07-04 15:20:03 [http-nio-8495-exec-10] ERROR c.v.d.r.productMstDropDownRowMapper -productMstDropDownRowMapper  Method Exceptionjava.sql.SQLSyntaxErrorException: Column 'PKA_ID' not found.
				
2026-07-04 15:20:03 [http-nio-8495-exec-10] ERROR c.v.d.r.productMstDropDownRowMapper -productMstDropDownRowMapper  Method Exceptionjava.sql.SQLSyntaxErrorException: Column 'PKA_ID' not found.
				
2026-07-04 15:20:03 [http-nio-8495-exec-10] ERROR c.v.d.r.productMstDropDownRowMapper -productMstDropDownRowMapper  Method Exceptionjava.sql.SQLSyntaxErrorException: Column 'PKA_ID' not found.
				
2026-07-04 15:20:03 [http-nio-8495-exec-10] ERROR c.v.d.r.productMstDropDownRowMapper -productMstDropDownRowMapper  Method Exceptionjava.sql.SQLSyntaxErrorException: Column 'PKA_ID' not found.
				
2026-07-04 15:20:03 [http-nio-8495-exec-10] ERROR c.v.d.r.productMstDropDownRowMapper -productMstDropDownRowMapper  Method Exceptionjava.sql.SQLSyntaxErrorException: Column 'PKA_ID' not found.
				
2026-07-04 15:20:03 [http-nio-8495-exec-10] ERROR c.v.d.r.productMstDropDownRowMapper -productMstDropDownRowMapper  Method Exceptionjava.sql.SQLSyntaxErrorException: Column 'PKA_ID' not found.
				
2026-07-04 15:20:03 [http-nio-8495-exec-10] ERROR c.v.d.r.productMstDropDownRowMapper -productMstDropDownRowMapper  Method Exceptionjava.sql.SQLSyntaxErrorException: Column 'PKA_ID' not found.
				
2026-07-04 15:20:03 [http-nio-8495-exec-10] ERROR c.v.d.r.productMstDropDownRowMapper -productMstDropDownRowMapper  Method Exceptionjava.sql.SQLSyntaxErrorException: Column 'PKA_ID' not found.
				
2026-07-04 15:20:03 [http-nio-8495-exec-10] ERROR c.v.d.r.productMstDropDownRowMapper -productMstDropDownRowMapper  Method Exceptionjava.sql.SQLSyntaxErrorException: Column 'PKA_ID' not found.
				
2026-07-04 15:20:03 [http-nio-8495-exec-10] ERROR c.v.d.r.productMstDropDownRowMapper -productMstDropDownRowMapper  Method Exceptionjava.sql.SQLSyntaxErrorException: Column 'PKA_ID' not found.
				
2026-07-04 15:20:03 [http-nio-8495-exec-10] ERROR c.v.d.r.productMstDropDownRowMapper -productMstDropDownRowMapper  Method Exceptionjava.sql.SQLSyntaxErrorException: Column 'PKA_ID' not found.
				
2026-07-04 15:20:03 [http-nio-8495-exec-10] ERROR c.v.d.r.productMstDropDownRowMapper -productMstDropDownRowMapper  Method Exceptionjava.sql.SQLSyntaxErrorException: Column 'PKA_ID' not found.
				
2026-07-04 15:20:03 [http-nio-8495-exec-10] ERROR c.v.d.r.productMstDropDownRowMapper -productMstDropDownRowMapper  Method Exceptionjava.sql.SQLSyntaxErrorException: Column 'PKA_ID' not found.
				
2026-07-04 15:20:03 [http-nio-8495-exec-10] ERROR c.v.d.r.productMstDropDownRowMapper -productMstDropDownRowMapper  Method Exceptionjava.sql.SQLSyntaxErrorException: Column 'PKA_ID' not found.
				
2026-07-04 15:20:03 [http-nio-8495-exec-10] ERROR c.v.d.r.productMstDropDownRowMapper -productMstDropDownRowMapper  Method Exceptionjava.sql.SQLSyntaxErrorException: Column 'PKA_ID' not found.
				
2026-07-04 15:20:03 [http-nio-8495-exec-10] ERROR c.v.d.r.productMstDropDownRowMapper -productMstDropDownRowMapper  Method Exceptionjava.sql.SQLSyntaxErrorException: Column 'PKA_ID' not found.
				
2026-07-04 15:20:03 [http-nio-8495-exec-10] ERROR c.v.d.r.productMstDropDownRowMapper -productMstDropDownRowMapper  Method Exceptionjava.sql.SQLSyntaxErrorException: Column 'PKA_ID' not found.
				
2026-07-04 15:20:03 [http-nio-8495-exec-10] ERROR c.v.d.r.productMstDropDownRowMapper -productMstDropDownRowMapper  Method Exceptionjava.sql.SQLSyntaxErrorException: Column 'PKA_ID' not found.
				
2026-07-04 15:20:03 [http-nio-8495-exec-10] ERROR c.v.d.r.productMstDropDownRowMapper -productMstDropDownRowMapper  Method Exceptionjava.sql.SQLSyntaxErrorException: Column 'PKA_ID' not found.
				
2026-07-04 15:20:03 [http-nio-8495-exec-10] ERROR c.v.d.r.productMstDropDownRowMapper -productMstDropDownRowMapper  Method Exceptionjava.sql.SQLSyntaxErrorException: Column 'PKA_ID' not found.
				
2026-07-04 15:20:03 [http-nio-8495-exec-10] ERROR c.v.d.r.productMstDropDownRowMapper -productMstDropDownRowMapper  Method Exceptionjava.sql.SQLSyntaxErrorException: Column 'PKA_ID' not found.
				
2026-07-04 15:20:03 [http-nio-8495-exec-10] ERROR c.v.d.r.productMstDropDownRowMapper -productMstDropDownRowMapper  Method Exceptionjava.sql.SQLSyntaxErrorException: Column 'PKA_ID' not found.
				
2026-07-04 15:20:03 [http-nio-8495-exec-10] ERROR c.v.d.r.productMstDropDownRowMapper -productMstDropDownRowMapper  Method Exceptionjava.sql.SQLSyntaxErrorException: Column 'PKA_ID' not found.
				
2026-07-04 15:20:03 [http-nio-8495-exec-10] ERROR c.v.d.r.productMstDropDownRowMapper -productMstDropDownRowMapper  Method Exceptionjava.sql.SQLSyntaxErrorException: Column 'PKA_ID' not found.
				
2026-07-04 15:20:03 [http-nio-8495-exec-10] ERROR c.v.d.r.productMstDropDownRowMapper -productMstDropDownRowMapper  Method Exceptionjava.sql.SQLSyntaxErrorException: Column 'PKA_ID' not found.
				
2026-07-04 15:20:03 [http-nio-8495-exec-10] ERROR c.v.d.r.productMstDropDownRowMapper -productMstDropDownRowMapper  Method Exceptionjava.sql.SQLSyntaxErrorException: Column 'PKA_ID' not found.
				
2026-07-04 15:20:03 [http-nio-8495-exec-10] ERROR c.v.d.r.productMstDropDownRowMapper -productMstDropDownRowMapper  Method Exceptionjava.sql.SQLSyntaxErrorException: Column 'PKA_ID' not found.
				
2026-07-04 15:20:03 [http-nio-8495-exec-10] ERROR c.v.d.r.productMstDropDownRowMapper -productMstDropDownRowMapper  Method Exceptionjava.sql.SQLSyntaxErrorException: Column 'PKA_ID' not found.
				
2026-07-04 15:20:03 [http-nio-8495-exec-10] ERROR c.v.d.r.productMstDropDownRowMapper -productMstDropDownRowMapper  Method Exceptionjava.sql.SQLSyntaxErrorException: Column 'PKA_ID' not found.
				
2026-07-04 15:20:03 [http-nio-8495-exec-10] ERROR c.v.d.r.productMstDropDownRowMapper -productMstDropDownRowMapper  Method Exceptionjava.sql.SQLSyntaxErrorException: Column 'PKA_ID' not found.
				
2026-07-04 15:20:03 [http-nio-8495-exec-10] ERROR c.v.d.r.productMstDropDownRowMapper -productMstDropDownRowMapper  Method Exceptionjava.sql.SQLSyntaxErrorException: Column 'PKA_ID' not found.
				
2026-07-04 15:20:03 [http-nio-8495-exec-10] ERROR c.v.d.r.productMstDropDownRowMapper -productMstDropDownRowMapper  Method Exceptionjava.sql.SQLSyntaxErrorException: Column 'PKA_ID' not found.
				
2026-07-04 15:20:03 [http-nio-8495-exec-10] ERROR c.v.d.r.productMstDropDownRowMapper -productMstDropDownRowMapper  Method Exceptionjava.sql.SQLSyntaxErrorException: Column 'PKA_ID' not found.
				
2026-07-04 15:20:03 [http-nio-8495-exec-10] ERROR c.v.d.r.productMstDropDownRowMapper -productMstDropDownRowMapper  Method Exceptionjava.sql.SQLSyntaxErrorException: Column 'PKA_ID' not found.
				
2026-07-04 15:20:03 [http-nio-8495-exec-10] ERROR c.v.d.r.productMstDropDownRowMapper -productMstDropDownRowMapper  Method Exceptionjava.sql.SQLSyntaxErrorException: Column 'PKA_ID' not found.
				
2026-07-04 15:20:03 [http-nio-8495-exec-10] ERROR c.v.d.r.productMstDropDownRowMapper -productMstDropDownRowMapper  Method Exceptionjava.sql.SQLSyntaxErrorException: Column 'PKA_ID' not found.
				
2026-07-04 15:20:03 [http-nio-8495-exec-10] ERROR c.v.d.r.productMstDropDownRowMapper -productMstDropDownRowMapper  Method Exceptionjava.sql.SQLSyntaxErrorException: Column 'PKA_ID' not found.
				
2026-07-04 15:20:03 [http-nio-8495-exec-10] ERROR c.v.d.r.productMstDropDownRowMapper -productMstDropDownRowMapper  Method Exceptionjava.sql.SQLSyntaxErrorException: Column 'PKA_ID' not found.
				
2026-07-04 15:20:03 [http-nio-8495-exec-10] ERROR c.v.d.r.productMstDropDownRowMapper -productMstDropDownRowMapper  Method Exceptionjava.sql.SQLSyntaxErrorException: Column 'PKA_ID' not found.
				
2026-07-04 15:20:03 [http-nio-8495-exec-10] ERROR c.v.d.r.productMstDropDownRowMapper -productMstDropDownRowMapper  Method Exceptionjava.sql.SQLSyntaxErrorException: Column 'PKA_ID' not found.
				
2026-07-04 15:20:03 [http-nio-8495-exec-10] ERROR c.v.d.r.productMstDropDownRowMapper -productMstDropDownRowMapper  Method Exceptionjava.sql.SQLSyntaxErrorException: Column 'PKA_ID' not found.
				
2026-07-04 15:20:03 [http-nio-8495-exec-10] ERROR c.v.d.r.productMstDropDownRowMapper -productMstDropDownRowMapper  Method Exceptionjava.sql.SQLSyntaxErrorException: Column 'PKA_ID' not found.
				
2026-07-04 15:20:03 [http-nio-8495-exec-10] ERROR c.v.d.r.productMstDropDownRowMapper -productMstDropDownRowMapper  Method Exceptionjava.sql.SQLSyntaxErrorException: Column 'PKA_ID' not found.
				
2026-07-04 15:20:03 [http-nio-8495-exec-10] ERROR c.v.d.r.productMstDropDownRowMapper -productMstDropDownRowMapper  Method Exceptionjava.sql.SQLSyntaxErrorException: Column 'PKA_ID' not found.
				
2026-07-04 15:20:03 [http-nio-8495-exec-10] ERROR c.v.d.r.productMstDropDownRowMapper -productMstDropDownRowMapper  Method Exceptionjava.sql.SQLSyntaxErrorException: Column 'PKA_ID' not found.
				
2026-07-04 15:20:03 [http-nio-8495-exec-10] ERROR c.v.d.r.productMstDropDownRowMapper -productMstDropDownRowMapper  Method Exceptionjava.sql.SQLSyntaxErrorException: Column 'PKA_ID' not found.
				
2026-07-04 15:20:03 [http-nio-8495-exec-10] ERROR c.v.d.r.productMstDropDownRowMapper -productMstDropDownRowMapper  Method Exceptionjava.sql.SQLSyntaxErrorException: Column 'PKA_ID' not found.
				
2026-07-04 15:20:03 [http-nio-8495-exec-10] ERROR c.v.d.r.productMstDropDownRowMapper -productMstDropDownRowMapper  Method Exceptionjava.sql.SQLSyntaxErrorException: Column 'PKA_ID' not found.
				
2026-07-04 15:20:03 [http-nio-8495-exec-10] ERROR c.v.d.r.productMstDropDownRowMapper -productMstDropDownRowMapper  Method Exceptionjava.sql.SQLSyntaxErrorException: Column 'PKA_ID' not found.
				
2026-07-04 15:20:03 [http-nio-8495-exec-10] ERROR c.v.d.r.productMstDropDownRowMapper -productMstDropDownRowMapper  Method Exceptionjava.sql.SQLSyntaxErrorException: Column 'PKA_ID' not found.
				
2026-07-04 15:20:03 [http-nio-8495-exec-10] ERROR c.v.d.r.productMstDropDownRowMapper -productMstDropDownRowMapper  Method Exceptionjava.sql.SQLSyntaxErrorException: Column 'PKA_ID' not found.
				
2026-07-04 15:20:03 [http-nio-8495-exec-10] ERROR c.v.d.r.productMstDropDownRowMapper -productMstDropDownRowMapper  Method Exceptionjava.sql.SQLSyntaxErrorException: Column 'PKA_ID' not found.
				
2026-07-04 15:20:03 [http-nio-8495-exec-10] ERROR c.v.d.r.productMstDropDownRowMapper -productMstDropDownRowMapper  Method Exceptionjava.sql.SQLSyntaxErrorException: Column 'PKA_ID' not found.
				
2026-07-04 15:20:03 [http-nio-8495-exec-10] ERROR c.v.d.r.productMstDropDownRowMapper -productMstDropDownRowMapper  Method Exceptionjava.sql.SQLSyntaxErrorException: Column 'PKA_ID' not found.
				
2026-07-04 15:20:03 [http-nio-8495-exec-10] ERROR c.v.d.r.productMstDropDownRowMapper -productMstDropDownRowMapper  Method Exceptionjava.sql.SQLSyntaxErrorException: Column 'PKA_ID' not found.
				
2026-07-04 15:20:03 [http-nio-8495-exec-10] ERROR c.v.d.r.productMstDropDownRowMapper -productMstDropDownRowMapper  Method Exceptionjava.sql.SQLSyntaxErrorException: Column 'PKA_ID' not found.
				
2026-07-04 15:20:03 [http-nio-8495-exec-10] ERROR c.v.d.r.productMstDropDownRowMapper -productMstDropDownRowMapper  Method Exceptionjava.sql.SQLSyntaxErrorException: Column 'PKA_ID' not found.
				
2026-07-04 15:20:03 [http-nio-8495-exec-10] ERROR c.v.d.r.productMstDropDownRowMapper -productMstDropDownRowMapper  Method Exceptionjava.sql.SQLSyntaxErrorException: Column 'PKA_ID' not found.
				
2026-07-04 15:20:03 [http-nio-8495-exec-10] ERROR c.v.d.r.productMstDropDownRowMapper -productMstDropDownRowMapper  Method Exceptionjava.sql.SQLSyntaxErrorException: Column 'PKA_ID' not found.
				
2026-07-04 15:20:03 [http-nio-8495-exec-10] ERROR c.v.d.r.productMstDropDownRowMapper -productMstDropDownRowMapper  Method Exceptionjava.sql.SQLSyntaxErrorException: Column 'PKA_ID' not found.
				
2026-07-04 15:20:03 [http-nio-8495-exec-10] ERROR c.v.d.r.productMstDropDownRowMapper -productMstDropDownRowMapper  Method Exceptionjava.sql.SQLSyntaxErrorException: Column 'PKA_ID' not found.
				
2026-07-04 15:20:03 [http-nio-8495-exec-10] ERROR c.v.d.r.productMstDropDownRowMapper -productMstDropDownRowMapper  Method Exceptionjava.sql.SQLSyntaxErrorException: Column 'PKA_ID' not found.
				
2026-07-04 15:20:03 [http-nio-8495-exec-10] ERROR c.v.d.r.productMstDropDownRowMapper -productMstDropDownRowMapper  Method Exceptionjava.sql.SQLSyntaxErrorException: Column 'PKA_ID' not found.
				
2026-07-04 15:20:03 [http-nio-8495-exec-10] ERROR c.v.d.r.productMstDropDownRowMapper -productMstDropDownRowMapper  Method Exceptionjava.sql.SQLSyntaxErrorException: Column 'PKA_ID' not found.
				
2026-07-04 15:20:03 [http-nio-8495-exec-10] ERROR c.v.d.r.productMstDropDownRowMapper -productMstDropDownRowMapper  Method Exceptionjava.sql.SQLSyntaxErrorException: Column 'PKA_ID' not found.
				
2026-07-04 15:20:03 [http-nio-8495-exec-10] ERROR c.v.d.r.productMstDropDownRowMapper -productMstDropDownRowMapper  Method Exceptionjava.sql.SQLSyntaxErrorException: Column 'PKA_ID' not found.
				
2026-07-04 15:20:03 [http-nio-8495-exec-10] ERROR c.v.d.r.productMstDropDownRowMapper -productMstDropDownRowMapper  Method Exceptionjava.sql.SQLSyntaxErrorException: Column 'PKA_ID' not found.
				
2026-07-04 15:20:03 [http-nio-8495-exec-10] ERROR c.v.d.r.productMstDropDownRowMapper -productMstDropDownRowMapper  Method Exceptionjava.sql.SQLSyntaxErrorException: Column 'PKA_ID' not found.
				
2026-07-04 15:20:03 [http-nio-8495-exec-10] ERROR c.v.d.r.productMstDropDownRowMapper -productMstDropDownRowMapper  Method Exceptionjava.sql.SQLSyntaxErrorException: Column 'PKA_ID' not found.
				
2026-07-04 15:20:03 [http-nio-8495-exec-10] ERROR c.v.d.r.productMstDropDownRowMapper -productMstDropDownRowMapper  Method Exceptionjava.sql.SQLSyntaxErrorException: Column 'PKA_ID' not found.
				
2026-07-04 15:20:03 [http-nio-8495-exec-10] ERROR c.v.d.r.productMstDropDownRowMapper -productMstDropDownRowMapper  Method Exceptionjava.sql.SQLSyntaxErrorException: Column 'PKA_ID' not found.
				
2026-07-04 15:20:03 [http-nio-8495-exec-10] ERROR c.v.d.r.productMstDropDownRowMapper -productMstDropDownRowMapper  Method Exceptionjava.sql.SQLSyntaxErrorException: Column 'PKA_ID' not found.
				
2026-07-04 15:20:03 [http-nio-8495-exec-10] ERROR c.v.d.r.productMstDropDownRowMapper -productMstDropDownRowMapper  Method Exceptionjava.sql.SQLSyntaxErrorException: Column 'PKA_ID' not found.
				
2026-07-04 15:20:03 [http-nio-8495-exec-10] ERROR c.v.d.r.productMstDropDownRowMapper -productMstDropDownRowMapper  Method Exceptionjava.sql.SQLSyntaxErrorException: Column 'PKA_ID' not found.
				
2026-07-04 15:20:03 [http-nio-8495-exec-10] ERROR c.v.d.r.productMstDropDownRowMapper -productMstDropDownRowMapper  Method Exceptionjava.sql.SQLSyntaxErrorException: Column 'PKA_ID' not found.
				
2026-07-04 15:20:03 [http-nio-8495-exec-10] ERROR c.v.d.r.productMstDropDownRowMapper -productMstDropDownRowMapper  Method Exceptionjava.sql.SQLSyntaxErrorException: Column 'PKA_ID' not found.
				
2026-07-04 15:20:03 [http-nio-8495-exec-10] ERROR c.v.d.r.productMstDropDownRowMapper -productMstDropDownRowMapper  Method Exceptionjava.sql.SQLSyntaxErrorException: Column 'PKA_ID' not found.
				
2026-07-04 15:20:03 [http-nio-8495-exec-10] ERROR c.v.d.r.productMstDropDownRowMapper -productMstDropDownRowMapper  Method Exceptionjava.sql.SQLSyntaxErrorException: Column 'PKA_ID' not found.
				
2026-07-04 15:20:03 [http-nio-8495-exec-10] ERROR c.v.d.r.productMstDropDownRowMapper -productMstDropDownRowMapper  Method Exceptionjava.sql.SQLSyntaxErrorException: Column 'PKA_ID' not found.
				
2026-07-04 15:20:03 [http-nio-8495-exec-10] ERROR c.v.d.r.productMstDropDownRowMapper -productMstDropDownRowMapper  Method Exceptionjava.sql.SQLSyntaxErrorException: Column 'PKA_ID' not found.
				
2026-07-04 15:20:03 [http-nio-8495-exec-10] ERROR c.v.d.r.productMstDropDownRowMapper -productMstDropDownRowMapper  Method Exceptionjava.sql.SQLSyntaxErrorException: Column 'PKA_ID' not found.
				
2026-07-04 15:20:03 [http-nio-8495-exec-10] ERROR c.v.d.r.productMstDropDownRowMapper -productMstDropDownRowMapper  Method Exceptionjava.sql.SQLSyntaxErrorException: Column 'PKA_ID' not found.
				
2026-07-04 15:20:03 [http-nio-8495-exec-10] ERROR c.v.d.r.productMstDropDownRowMapper -productMstDropDownRowMapper  Method Exceptionjava.sql.SQLSyntaxErrorException: Column 'PKA_ID' not found.
				
2026-07-04 15:20:03 [http-nio-8495-exec-10] ERROR c.v.d.r.productMstDropDownRowMapper -productMstDropDownRowMapper  Method Exceptionjava.sql.SQLSyntaxErrorException: Column 'PKA_ID' not found.
				
2026-07-04 15:20:03 [http-nio-8495-exec-10] ERROR c.v.d.r.productMstDropDownRowMapper -productMstDropDownRowMapper  Method Exceptionjava.sql.SQLSyntaxErrorException: Column 'PKA_ID' not found.
				
2026-07-04 15:20:03 [http-nio-8495-exec-10] ERROR c.v.d.r.productMstDropDownRowMapper -productMstDropDownRowMapper  Method Exceptionjava.sql.SQLSyntaxErrorException: Column 'PKA_ID' not found.
				
2026-07-04 15:20:03 [http-nio-8495-exec-10] ERROR c.v.d.r.productMstDropDownRowMapper -productMstDropDownRowMapper  Method Exceptionjava.sql.SQLSyntaxErrorException: Column 'PKA_ID' not found.
				
2026-07-04 15:20:03 [http-nio-8495-exec-10] ERROR c.v.d.r.productMstDropDownRowMapper -productMstDropDownRowMapper  Method Exceptionjava.sql.SQLSyntaxErrorException: Column 'PKA_ID' not found.
				
2026-07-04 15:20:03 [http-nio-8495-exec-10] ERROR c.v.d.r.productMstDropDownRowMapper -productMstDropDownRowMapper  Method Exceptionjava.sql.SQLSyntaxErrorException: Column 'PKA_ID' not found.
				
2026-07-04 15:20:03 [http-nio-8495-exec-10] ERROR c.v.d.r.productMstDropDownRowMapper -productMstDropDownRowMapper  Method Exceptionjava.sql.SQLSyntaxErrorException: Column 'PKA_ID' not found.
				
2026-07-04 15:20:03 [http-nio-8495-exec-10] ERROR c.v.d.r.productMstDropDownRowMapper -productMstDropDownRowMapper  Method Exceptionjava.sql.SQLSyntaxErrorException: Column 'PKA_ID' not found.
				
2026-07-04 15:20:03 [http-nio-8495-exec-10] ERROR c.v.d.r.productMstDropDownRowMapper -productMstDropDownRowMapper  Method Exceptionjava.sql.SQLSyntaxErrorException: Column 'PKA_ID' not found.
				
2026-07-04 15:20:03 [http-nio-8495-exec-10] ERROR c.v.d.r.productMstDropDownRowMapper -productMstDropDownRowMapper  Method Exceptionjava.sql.SQLSyntaxErrorException: Column 'PKA_ID' not found.
				
2026-07-04 15:20:03 [http-nio-8495-exec-10] ERROR c.v.d.r.productMstDropDownRowMapper -productMstDropDownRowMapper  Method Exceptionjava.sql.SQLSyntaxErrorException: Column 'PKA_ID' not found.
				
2026-07-04 15:20:03 [http-nio-8495-exec-10] ERROR c.v.d.r.productMstDropDownRowMapper -productMstDropDownRowMapper  Method Exceptionjava.sql.SQLSyntaxErrorException: Column 'PKA_ID' not found.
				
2026-07-04 15:20:03 [http-nio-8495-exec-10] ERROR c.v.d.r.productMstDropDownRowMapper -productMstDropDownRowMapper  Method Exceptionjava.sql.SQLSyntaxErrorException: Column 'PKA_ID' not found.
				
2026-07-04 15:20:03 [http-nio-8495-exec-10] ERROR c.v.d.r.productMstDropDownRowMapper -productMstDropDownRowMapper  Method Exceptionjava.sql.SQLSyntaxErrorException: Column 'PKA_ID' not found.
				
2026-07-04 15:20:03 [http-nio-8495-exec-10] ERROR c.v.d.r.productMstDropDownRowMapper -productMstDropDownRowMapper  Method Exceptionjava.sql.SQLSyntaxErrorException: Column 'PKA_ID' not found.
				
2026-07-04 15:20:03 [http-nio-8495-exec-10] ERROR c.v.d.r.productMstDropDownRowMapper -productMstDropDownRowMapper  Method Exceptionjava.sql.SQLSyntaxErrorException: Column 'PKA_ID' not found.
				
2026-07-04 15:20:03 [http-nio-8495-exec-10] ERROR c.v.d.r.productMstDropDownRowMapper -productMstDropDownRowMapper  Method Exceptionjava.sql.SQLSyntaxErrorException: Column 'PKA_ID' not found.
				
2026-07-04 15:20:03 [http-nio-8495-exec-10] ERROR c.v.d.r.productMstDropDownRowMapper -productMstDropDownRowMapper  Method Exceptionjava.sql.SQLSyntaxErrorException: Column 'PKA_ID' not found.
				
2026-07-04 15:20:03 [http-nio-8495-exec-10] ERROR c.v.d.r.productMstDropDownRowMapper -productMstDropDownRowMapper  Method Exceptionjava.sql.SQLSyntaxErrorException: Column 'PKA_ID' not found.
				
2026-07-04 15:20:03 [http-nio-8495-exec-10] ERROR c.v.d.r.productMstDropDownRowMapper -productMstDropDownRowMapper  Method Exceptionjava.sql.SQLSyntaxErrorException: Column 'PKA_ID' not found.
				
2026-07-04 15:20:03 [http-nio-8495-exec-10] ERROR c.v.d.r.productMstDropDownRowMapper -productMstDropDownRowMapper  Method Exceptionjava.sql.SQLSyntaxErrorException: Column 'PKA_ID' not found.
				
2026-07-04 15:20:03 [http-nio-8495-exec-10] ERROR c.v.d.r.productMstDropDownRowMapper -productMstDropDownRowMapper  Method Exceptionjava.sql.SQLSyntaxErrorException: Column 'PKA_ID' not found.
				
2026-07-04 15:20:03 [http-nio-8495-exec-10] ERROR c.v.d.r.productMstDropDownRowMapper -productMstDropDownRowMapper  Method Exceptionjava.sql.SQLSyntaxErrorException: Column 'PKA_ID' not found.
				
2026-07-04 15:20:03 [http-nio-8495-exec-10] ERROR c.v.d.r.productMstDropDownRowMapper -productMstDropDownRowMapper  Method Exceptionjava.sql.SQLSyntaxErrorException: Column 'PKA_ID' not found.
				
2026-07-04 15:20:03 [http-nio-8495-exec-10] ERROR c.v.d.r.productMstDropDownRowMapper -productMstDropDownRowMapper  Method Exceptionjava.sql.SQLSyntaxErrorException: Column 'PKA_ID' not found.
				
2026-07-04 15:20:03 [http-nio-8495-exec-10] ERROR c.v.d.r.productMstDropDownRowMapper -productMstDropDownRowMapper  Method Exceptionjava.sql.SQLSyntaxErrorException: Column 'PKA_ID' not found.
				
2026-07-04 15:20:03 [http-nio-8495-exec-10] ERROR c.v.d.r.productMstDropDownRowMapper -productMstDropDownRowMapper  Method Exceptionjava.sql.SQLSyntaxErrorException: Column 'PKA_ID' not found.
				
2026-07-04 15:20:03 [http-nio-8495-exec-10] ERROR c.v.d.r.productMstDropDownRowMapper -productMstDropDownRowMapper  Method Exceptionjava.sql.SQLSyntaxErrorException: Column 'PKA_ID' not found.
				
2026-07-04 15:20:03 [http-nio-8495-exec-10] ERROR c.v.d.r.productMstDropDownRowMapper -productMstDropDownRowMapper  Method Exceptionjava.sql.SQLSyntaxErrorException: Column 'PKA_ID' not found.
				
2026-07-04 15:20:03 [http-nio-8495-exec-10] ERROR c.v.d.r.productMstDropDownRowMapper -productMstDropDownRowMapper  Method Exceptionjava.sql.SQLSyntaxErrorException: Column 'PKA_ID' not found.
				
2026-07-04 15:20:03 [http-nio-8495-exec-10] ERROR c.v.d.r.productMstDropDownRowMapper -productMstDropDownRowMapper  Method Exceptionjava.sql.SQLSyntaxErrorException: Column 'PKA_ID' not found.
				
2026-07-04 15:20:03 [http-nio-8495-exec-10] ERROR c.v.d.r.productMstDropDownRowMapper -productMstDropDownRowMapper  Method Exceptionjava.sql.SQLSyntaxErrorException: Column 'PKA_ID' not found.
				
2026-07-04 15:20:03 [http-nio-8495-exec-10] ERROR c.v.d.r.productMstDropDownRowMapper -productMstDropDownRowMapper  Method Exceptionjava.sql.SQLSyntaxErrorException: Column 'PKA_ID' not found.
				
2026-07-04 15:20:03 [http-nio-8495-exec-10] ERROR c.v.d.r.productMstDropDownRowMapper -productMstDropDownRowMapper  Method Exceptionjava.sql.SQLSyntaxErrorException: Column 'PKA_ID' not found.
				
2026-07-04 15:20:03 [http-nio-8495-exec-10] ERROR c.v.d.r.productMstDropDownRowMapper -productMstDropDownRowMapper  Method Exceptionjava.sql.SQLSyntaxErrorException: Column 'PKA_ID' not found.
				
2026-07-04 15:20:03 [http-nio-8495-exec-10] ERROR c.v.d.r.productMstDropDownRowMapper -productMstDropDownRowMapper  Method Exceptionjava.sql.SQLSyntaxErrorException: Column 'PKA_ID' not found.
				
2026-07-04 15:20:03 [http-nio-8495-exec-10] ERROR c.v.d.r.productMstDropDownRowMapper -productMstDropDownRowMapper  Method Exceptionjava.sql.SQLSyntaxErrorException: Column 'PKA_ID' not found.
				
2026-07-04 15:20:03 [http-nio-8495-exec-10] ERROR c.v.d.r.productMstDropDownRowMapper -productMstDropDownRowMapper  Method Exceptionjava.sql.SQLSyntaxErrorException: Column 'PKA_ID' not found.
				
2026-07-04 15:20:03 [http-nio-8495-exec-10] ERROR c.v.d.r.productMstDropDownRowMapper -productMstDropDownRowMapper  Method Exceptionjava.sql.SQLSyntaxErrorException: Column 'PKA_ID' not found.
				
2026-07-04 15:20:03 [http-nio-8495-exec-10] ERROR c.v.d.r.productMstDropDownRowMapper -productMstDropDownRowMapper  Method Exceptionjava.sql.SQLSyntaxErrorException: Column 'PKA_ID' not found.
				
2026-07-04 15:20:03 [http-nio-8495-exec-10] ERROR c.v.d.r.productMstDropDownRowMapper -productMstDropDownRowMapper  Method Exceptionjava.sql.SQLSyntaxErrorException: Column 'PKA_ID' not found.
				
2026-07-04 15:20:03 [http-nio-8495-exec-10] ERROR c.v.d.r.productMstDropDownRowMapper -productMstDropDownRowMapper  Method Exceptionjava.sql.SQLSyntaxErrorException: Column 'PKA_ID' not found.
				
2026-07-04 15:20:03 [http-nio-8495-exec-10] ERROR c.v.d.r.productMstDropDownRowMapper -productMstDropDownRowMapper  Method Exceptionjava.sql.SQLSyntaxErrorException: Column 'PKA_ID' not found.
				
2026-07-04 15:20:03 [http-nio-8495-exec-10] ERROR c.v.d.r.productMstDropDownRowMapper -productMstDropDownRowMapper  Method Exceptionjava.sql.SQLSyntaxErrorException: Column 'PKA_ID' not found.
				
2026-07-04 15:20:03 [http-nio-8495-exec-10] ERROR c.v.d.r.productMstDropDownRowMapper -productMstDropDownRowMapper  Method Exceptionjava.sql.SQLSyntaxErrorException: Column 'PKA_ID' not found.
				
2026-07-04 15:20:03 [http-nio-8495-exec-10] ERROR c.v.d.r.productMstDropDownRowMapper -productMstDropDownRowMapper  Method Exceptionjava.sql.SQLSyntaxErrorException: Column 'PKA_ID' not found.
				
2026-07-04 15:20:03 [http-nio-8495-exec-10] ERROR c.v.d.r.productMstDropDownRowMapper -productMstDropDownRowMapper  Method Exceptionjava.sql.SQLSyntaxErrorException: Column 'PKA_ID' not found.
				
2026-07-04 15:20:03 [http-nio-8495-exec-10] ERROR c.v.d.r.productMstDropDownRowMapper -productMstDropDownRowMapper  Method Exceptionjava.sql.SQLSyntaxErrorException: Column 'PKA_ID' not found.
				
2026-07-04 15:20:03 [http-nio-8495-exec-10] ERROR c.v.d.r.productMstDropDownRowMapper -productMstDropDownRowMapper  Method Exceptionjava.sql.SQLSyntaxErrorException: Column 'PKA_ID' not found.
				
2026-07-04 15:20:03 [http-nio-8495-exec-10] ERROR c.v.d.r.productMstDropDownRowMapper -productMstDropDownRowMapper  Method Exceptionjava.sql.SQLSyntaxErrorException: Column 'PKA_ID' not found.
				
2026-07-04 15:20:03 [http-nio-8495-exec-10] ERROR c.v.d.r.productMstDropDownRowMapper -productMstDropDownRowMapper  Method Exceptionjava.sql.SQLSyntaxErrorException: Column 'PKA_ID' not found.
				
2026-07-04 15:20:03 [http-nio-8495-exec-10] ERROR c.v.d.r.productMstDropDownRowMapper -productMstDropDownRowMapper  Method Exceptionjava.sql.SQLSyntaxErrorException: Column 'PKA_ID' not found.
				
2026-07-04 15:20:03 [http-nio-8495-exec-10] ERROR c.v.d.r.productMstDropDownRowMapper -productMstDropDownRowMapper  Method Exceptionjava.sql.SQLSyntaxErrorException: Column 'PKA_ID' not found.
				
2026-07-04 15:20:03 [http-nio-8495-exec-10] ERROR c.v.d.r.productMstDropDownRowMapper -productMstDropDownRowMapper  Method Exceptionjava.sql.SQLSyntaxErrorException: Column 'PKA_ID' not found.
				
2026-07-04 15:20:03 [http-nio-8495-exec-10] ERROR c.v.d.r.productMstDropDownRowMapper -productMstDropDownRowMapper  Method Exceptionjava.sql.SQLSyntaxErrorException: Column 'PKA_ID' not found.
				
2026-07-04 15:20:03 [http-nio-8495-exec-10] ERROR c.v.d.r.productMstDropDownRowMapper -productMstDropDownRowMapper  Method Exceptionjava.sql.SQLSyntaxErrorException: Column 'PKA_ID' not found.
				
2026-07-04 15:20:03 [http-nio-8495-exec-10] ERROR c.v.d.r.productMstDropDownRowMapper -productMstDropDownRowMapper  Method Exceptionjava.sql.SQLSyntaxErrorException: Column 'PKA_ID' not found.
				
2026-07-04 15:20:03 [http-nio-8495-exec-10] ERROR c.v.d.r.productMstDropDownRowMapper -productMstDropDownRowMapper  Method Exceptionjava.sql.SQLSyntaxErrorException: Column 'PKA_ID' not found.
				
2026-07-04 15:20:03 [http-nio-8495-exec-10] ERROR c.v.d.r.productMstDropDownRowMapper -productMstDropDownRowMapper  Method Exceptionjava.sql.SQLSyntaxErrorException: Column 'PKA_ID' not found.
				
2026-07-04 15:20:03 [http-nio-8495-exec-10] ERROR c.v.d.r.productMstDropDownRowMapper -productMstDropDownRowMapper  Method Exceptionjava.sql.SQLSyntaxErrorException: Column 'PKA_ID' not found.
				
2026-07-04 15:20:03 [http-nio-8495-exec-10] ERROR c.v.d.r.productMstDropDownRowMapper -productMstDropDownRowMapper  Method Exceptionjava.sql.SQLSyntaxErrorException: Column 'PKA_ID' not found.
				
2026-07-04 15:20:03 [http-nio-8495-exec-10] ERROR c.v.d.r.productMstDropDownRowMapper -productMstDropDownRowMapper  Method Exceptionjava.sql.SQLSyntaxErrorException: Column 'PKA_ID' not found.
				
2026-07-04 15:20:03 [http-nio-8495-exec-10] ERROR c.v.d.r.productMstDropDownRowMapper -productMstDropDownRowMapper  Method Exceptionjava.sql.SQLSyntaxErrorException: Column 'PKA_ID' not found.
				
2026-07-04 15:20:03 [http-nio-8495-exec-10] ERROR c.v.d.r.productMstDropDownRowMapper -productMstDropDownRowMapper  Method Exceptionjava.sql.SQLSyntaxErrorException: Column 'PKA_ID' not found.
				
2026-07-04 15:20:03 [http-nio-8495-exec-10] ERROR c.v.d.r.productMstDropDownRowMapper -productMstDropDownRowMapper  Method Exceptionjava.sql.SQLSyntaxErrorException: Column 'PKA_ID' not found.
				
2026-07-04 15:20:03 [http-nio-8495-exec-10] ERROR c.v.d.r.productMstDropDownRowMapper -productMstDropDownRowMapper  Method Exceptionjava.sql.SQLSyntaxErrorException: Column 'PKA_ID' not found.
				
2026-07-04 15:20:03 [http-nio-8495-exec-10] ERROR c.v.d.r.productMstDropDownRowMapper -productMstDropDownRowMapper  Method Exceptionjava.sql.SQLSyntaxErrorException: Column 'PKA_ID' not found.
				
2026-07-04 15:20:03 [http-nio-8495-exec-10] ERROR c.v.d.r.productMstDropDownRowMapper -productMstDropDownRowMapper  Method Exceptionjava.sql.SQLSyntaxErrorException: Column 'PKA_ID' not found.
				
2026-07-04 15:20:03 [http-nio-8495-exec-10] ERROR c.v.d.r.productMstDropDownRowMapper -productMstDropDownRowMapper  Method Exceptionjava.sql.SQLSyntaxErrorException: Column 'PKA_ID' not found.
				
2026-07-04 15:20:03 [http-nio-8495-exec-10] ERROR c.v.d.r.productMstDropDownRowMapper -productMstDropDownRowMapper  Method Exceptionjava.sql.SQLSyntaxErrorException: Column 'PKA_ID' not found.
				
2026-07-04 15:20:03 [http-nio-8495-exec-10] ERROR c.v.d.r.productMstDropDownRowMapper -productMstDropDownRowMapper  Method Exceptionjava.sql.SQLSyntaxErrorException: Column 'PKA_ID' not found.
				
2026-07-04 15:20:03 [http-nio-8495-exec-10] ERROR c.v.d.r.productMstDropDownRowMapper -productMstDropDownRowMapper  Method Exceptionjava.sql.SQLSyntaxErrorException: Column 'PKA_ID' not found.
				
2026-07-04 15:20:03 [http-nio-8495-exec-10] ERROR c.v.d.r.productMstDropDownRowMapper -productMstDropDownRowMapper  Method Exceptionjava.sql.SQLSyntaxErrorException: Column 'PKA_ID' not found.
				
2026-07-04 15:20:03 [http-nio-8495-exec-10] ERROR c.v.d.r.productMstDropDownRowMapper -productMstDropDownRowMapper  Method Exceptionjava.sql.SQLSyntaxErrorException: Column 'PKA_ID' not found.
				
2026-07-04 15:20:03 [http-nio-8495-exec-10] ERROR c.v.d.r.productMstDropDownRowMapper -productMstDropDownRowMapper  Method Exceptionjava.sql.SQLSyntaxErrorException: Column 'PKA_ID' not found.
				
2026-07-04 15:20:03 [http-nio-8495-exec-10] ERROR c.v.d.r.productMstDropDownRowMapper -productMstDropDownRowMapper  Method Exceptionjava.sql.SQLSyntaxErrorException: Column 'PKA_ID' not found.
				
2026-07-04 15:20:03 [http-nio-8495-exec-10] ERROR c.v.d.r.productMstDropDownRowMapper -productMstDropDownRowMapper  Method Exceptionjava.sql.SQLSyntaxErrorException: Column 'PKA_ID' not found.
				
2026-07-04 15:20:03 [http-nio-8495-exec-10] ERROR c.v.d.r.productMstDropDownRowMapper -productMstDropDownRowMapper  Method Exceptionjava.sql.SQLSyntaxErrorException: Column 'PKA_ID' not found.
				
2026-07-04 15:20:03 [http-nio-8495-exec-10] ERROR c.v.d.r.productMstDropDownRowMapper -productMstDropDownRowMapper  Method Exceptionjava.sql.SQLSyntaxErrorException: Column 'PKA_ID' not found.
				
2026-07-04 15:20:03 [http-nio-8495-exec-10] ERROR c.v.d.r.productMstDropDownRowMapper -productMstDropDownRowMapper  Method Exceptionjava.sql.SQLSyntaxErrorException: Column 'PKA_ID' not found.
				
2026-07-04 15:20:03 [http-nio-8495-exec-10] ERROR c.v.d.r.productMstDropDownRowMapper -productMstDropDownRowMapper  Method Exceptionjava.sql.SQLSyntaxErrorException: Column 'PKA_ID' not found.
				
2026-07-04 15:20:03 [http-nio-8495-exec-10] ERROR c.v.d.r.productMstDropDownRowMapper -productMstDropDownRowMapper  Method Exceptionjava.sql.SQLSyntaxErrorException: Column 'PKA_ID' not found.
				
2026-07-04 15:20:03 [http-nio-8495-exec-10] ERROR c.v.d.r.productMstDropDownRowMapper -productMstDropDownRowMapper  Method Exceptionjava.sql.SQLSyntaxErrorException: Column 'PKA_ID' not found.
				
2026-07-04 15:20:03 [http-nio-8495-exec-10] ERROR c.v.d.r.productMstDropDownRowMapper -productMstDropDownRowMapper  Method Exceptionjava.sql.SQLSyntaxErrorException: Column 'PKA_ID' not found.
				
2026-07-04 15:20:03 [http-nio-8495-exec-10] ERROR c.v.d.r.productMstDropDownRowMapper -productMstDropDownRowMapper  Method Exceptionjava.sql.SQLSyntaxErrorException: Column 'PKA_ID' not found.
				
2026-07-04 15:20:03 [http-nio-8495-exec-10] ERROR c.v.d.r.productMstDropDownRowMapper -productMstDropDownRowMapper  Method Exceptionjava.sql.SQLSyntaxErrorException: Column 'PKA_ID' not found.
				
2026-07-04 15:20:03 [http-nio-8495-exec-10] ERROR c.v.d.r.productMstDropDownRowMapper -productMstDropDownRowMapper  Method Exceptionjava.sql.SQLSyntaxErrorException: Column 'PKA_ID' not found.
				
2026-07-04 15:20:03 [http-nio-8495-exec-10] ERROR c.v.d.r.productMstDropDownRowMapper -productMstDropDownRowMapper  Method Exceptionjava.sql.SQLSyntaxErrorException: Column 'PKA_ID' not found.
				
2026-07-04 15:20:03 [http-nio-8495-exec-10] ERROR c.v.d.r.productMstDropDownRowMapper -productMstDropDownRowMapper  Method Exceptionjava.sql.SQLSyntaxErrorException: Column 'PKA_ID' not found.
				
2026-07-04 15:20:03 [http-nio-8495-exec-10] ERROR c.v.d.r.productMstDropDownRowMapper -productMstDropDownRowMapper  Method Exceptionjava.sql.SQLSyntaxErrorException: Column 'PKA_ID' not found.
				
2026-07-04 15:20:03 [http-nio-8495-exec-10] ERROR c.v.d.r.productMstDropDownRowMapper -productMstDropDownRowMapper  Method Exceptionjava.sql.SQLSyntaxErrorException: Column 'PKA_ID' not found.
				
2026-07-04 15:20:03 [http-nio-8495-exec-10] ERROR c.v.d.r.productMstDropDownRowMapper -productMstDropDownRowMapper  Method Exceptionjava.sql.SQLSyntaxErrorException: Column 'PKA_ID' not found.
				
2026-07-04 15:20:03 [http-nio-8495-exec-10] ERROR c.v.d.r.productMstDropDownRowMapper -productMstDropDownRowMapper  Method Exceptionjava.sql.SQLSyntaxErrorException: Column 'PKA_ID' not found.
				
2026-07-04 15:20:03 [http-nio-8495-exec-10] ERROR c.v.d.r.productMstDropDownRowMapper -productMstDropDownRowMapper  Method Exceptionjava.sql.SQLSyntaxErrorException: Column 'PKA_ID' not found.
				
2026-07-04 15:20:03 [http-nio-8495-exec-10] ERROR c.v.d.r.productMstDropDownRowMapper -productMstDropDownRowMapper  Method Exceptionjava.sql.SQLSyntaxErrorException: Column 'PKA_ID' not found.
				
2026-07-04 15:20:03 [http-nio-8495-exec-10] ERROR c.v.d.r.productMstDropDownRowMapper -productMstDropDownRowMapper  Method Exceptionjava.sql.SQLSyntaxErrorException: Column 'PKA_ID' not found.
				
2026-07-04 15:20:03 [http-nio-8495-exec-10] ERROR c.v.d.r.productMstDropDownRowMapper -productMstDropDownRowMapper  Method Exceptionjava.sql.SQLSyntaxErrorException: Column 'PKA_ID' not found.
				
2026-07-04 15:20:03 [http-nio-8495-exec-10] ERROR c.v.d.r.productMstDropDownRowMapper -productMstDropDownRowMapper  Method Exceptionjava.sql.SQLSyntaxErrorException: Column 'PKA_ID' not found.
				
2026-07-04 15:20:03 [http-nio-8495-exec-10] ERROR c.v.d.r.productMstDropDownRowMapper -productMstDropDownRowMapper  Method Exceptionjava.sql.SQLSyntaxErrorException: Column 'PKA_ID' not found.
				
2026-07-04 15:20:03 [http-nio-8495-exec-10] ERROR c.v.d.r.productMstDropDownRowMapper -productMstDropDownRowMapper  Method Exceptionjava.sql.SQLSyntaxErrorException: Column 'PKA_ID' not found.
				
2026-07-04 15:20:03 [http-nio-8495-exec-10] ERROR c.v.d.r.productMstDropDownRowMapper -productMstDropDownRowMapper  Method Exceptionjava.sql.SQLSyntaxErrorException: Column 'PKA_ID' not found.
				
2026-07-04 15:20:03 [http-nio-8495-exec-10] ERROR c.v.d.r.productMstDropDownRowMapper -productMstDropDownRowMapper  Method Exceptionjava.sql.SQLSyntaxErrorException: Column 'PKA_ID' not found.
				
2026-07-04 15:20:03 [http-nio-8495-exec-10] ERROR c.v.d.r.productMstDropDownRowMapper -productMstDropDownRowMapper  Method Exceptionjava.sql.SQLSyntaxErrorException: Column 'PKA_ID' not found.
				
2026-07-04 15:20:03 [http-nio-8495-exec-10] ERROR c.v.d.r.productMstDropDownRowMapper -productMstDropDownRowMapper  Method Exceptionjava.sql.SQLSyntaxErrorException: Column 'PKA_ID' not found.
				
2026-07-04 15:20:03 [http-nio-8495-exec-10] ERROR c.v.d.r.productMstDropDownRowMapper -productMstDropDownRowMapper  Method Exceptionjava.sql.SQLSyntaxErrorException: Column 'PKA_ID' not found.
				
2026-07-04 15:20:03 [http-nio-8495-exec-10] ERROR c.v.d.r.productMstDropDownRowMapper -productMstDropDownRowMapper  Method Exceptionjava.sql.SQLSyntaxErrorException: Column 'PKA_ID' not found.
				
2026-07-04 15:20:03 [http-nio-8495-exec-10] ERROR c.v.d.r.productMstDropDownRowMapper -productMstDropDownRowMapper  Method Exceptionjava.sql.SQLSyntaxErrorException: Column 'PKA_ID' not found.
				
2026-07-04 15:20:03 [http-nio-8495-exec-10] ERROR c.v.d.r.productMstDropDownRowMapper -productMstDropDownRowMapper  Method Exceptionjava.sql.SQLSyntaxErrorException: Column 'PKA_ID' not found.
				
2026-07-04 15:20:03 [http-nio-8495-exec-10] ERROR c.v.d.r.productMstDropDownRowMapper -productMstDropDownRowMapper  Method Exceptionjava.sql.SQLSyntaxErrorException: Column 'PKA_ID' not found.
				
2026-07-04 15:20:03 [http-nio-8495-exec-10] ERROR c.v.d.r.productMstDropDownRowMapper -productMstDropDownRowMapper  Method Exceptionjava.sql.SQLSyntaxErrorException: Column 'PKA_ID' not found.
				
2026-07-04 15:20:03 [http-nio-8495-exec-10] ERROR c.v.d.r.productMstDropDownRowMapper -productMstDropDownRowMapper  Method Exceptionjava.sql.SQLSyntaxErrorException: Column 'PKA_ID' not found.
				
2026-07-04 15:20:03 [http-nio-8495-exec-10] ERROR c.v.d.r.productMstDropDownRowMapper -productMstDropDownRowMapper  Method Exceptionjava.sql.SQLSyntaxErrorException: Column 'PKA_ID' not found.
				
2026-07-04 15:20:03 [http-nio-8495-exec-10] ERROR c.v.d.r.productMstDropDownRowMapper -productMstDropDownRowMapper  Method Exceptionjava.sql.SQLSyntaxErrorException: Column 'PKA_ID' not found.
				
2026-07-04 15:20:03 [http-nio-8495-exec-10] ERROR c.v.d.r.productMstDropDownRowMapper -productMstDropDownRowMapper  Method Exceptionjava.sql.SQLSyntaxErrorException: Column 'PKA_ID' not found.
				
2026-07-04 15:20:03 [http-nio-8495-exec-10] ERROR c.v.d.r.productMstDropDownRowMapper -productMstDropDownRowMapper  Method Exceptionjava.sql.SQLSyntaxErrorException: Column 'PKA_ID' not found.
				
2026-07-04 15:20:03 [http-nio-8495-exec-10] ERROR c.v.d.r.productMstDropDownRowMapper -productMstDropDownRowMapper  Method Exceptionjava.sql.SQLSyntaxErrorException: Column 'PKA_ID' not found.
				
2026-07-04 15:20:03 [http-nio-8495-exec-10] ERROR c.v.d.r.productMstDropDownRowMapper -productMstDropDownRowMapper  Method Exceptionjava.sql.SQLSyntaxErrorException: Column 'PKA_ID' not found.
				
2026-07-04 15:20:03 [http-nio-8495-exec-10] ERROR c.v.d.r.productMstDropDownRowMapper -productMstDropDownRowMapper  Method Exceptionjava.sql.SQLSyntaxErrorException: Column 'PKA_ID' not found.
				
2026-07-04 15:20:03 [http-nio-8495-exec-10] ERROR c.v.d.r.productMstDropDownRowMapper -productMstDropDownRowMapper  Method Exceptionjava.sql.SQLSyntaxErrorException: Column 'PKA_ID' not found.
				
2026-07-04 15:20:03 [http-nio-8495-exec-10] ERROR c.v.d.r.productMstDropDownRowMapper -productMstDropDownRowMapper  Method Exceptionjava.sql.SQLSyntaxErrorException: Column 'PKA_ID' not found.
				
2026-07-04 15:20:03 [http-nio-8495-exec-10] ERROR c.v.d.r.productMstDropDownRowMapper -productMstDropDownRowMapper  Method Exceptionjava.sql.SQLSyntaxErrorException: Column 'PKA_ID' not found.
				
2026-07-04 15:20:03 [http-nio-8495-exec-10] ERROR c.v.d.r.productMstDropDownRowMapper -productMstDropDownRowMapper  Method Exceptionjava.sql.SQLSyntaxErrorException: Column 'PKA_ID' not found.
				
2026-07-04 15:20:03 [http-nio-8495-exec-10] ERROR c.v.d.r.productMstDropDownRowMapper -productMstDropDownRowMapper  Method Exceptionjava.sql.SQLSyntaxErrorException: Column 'PKA_ID' not found.
				
2026-07-04 15:20:03 [http-nio-8495-exec-10] ERROR c.v.d.r.productMstDropDownRowMapper -productMstDropDownRowMapper  Method Exceptionjava.sql.SQLSyntaxErrorException: Column 'PKA_ID' not found.
				
2026-07-04 15:20:03 [http-nio-8495-exec-10] ERROR c.v.d.r.productMstDropDownRowMapper -productMstDropDownRowMapper  Method Exceptionjava.sql.SQLSyntaxErrorException: Column 'PKA_ID' not found.
				
2026-07-04 15:20:03 [http-nio-8495-exec-10] ERROR c.v.d.r.productMstDropDownRowMapper -productMstDropDownRowMapper  Method Exceptionjava.sql.SQLSyntaxErrorException: Column 'PKA_ID' not found.
				
2026-07-04 15:20:03 [http-nio-8495-exec-10] ERROR c.v.d.r.productMstDropDownRowMapper -productMstDropDownRowMapper  Method Exceptionjava.sql.SQLSyntaxErrorException: Column 'PKA_ID' not found.
				
2026-07-04 15:20:03 [http-nio-8495-exec-10] ERROR c.v.d.r.productMstDropDownRowMapper -productMstDropDownRowMapper  Method Exceptionjava.sql.SQLSyntaxErrorException: Column 'PKA_ID' not found.
				
2026-07-04 15:20:03 [http-nio-8495-exec-10] ERROR c.v.d.r.productMstDropDownRowMapper -productMstDropDownRowMapper  Method Exceptionjava.sql.SQLSyntaxErrorException: Column 'PKA_ID' not found.
				
2026-07-04 15:20:03 [http-nio-8495-exec-10] ERROR c.v.d.r.productMstDropDownRowMapper -productMstDropDownRowMapper  Method Exceptionjava.sql.SQLSyntaxErrorException: Column 'PKA_ID' not found.
				
2026-07-04 15:20:03 [http-nio-8495-exec-10] ERROR c.v.d.r.productMstDropDownRowMapper -productMstDropDownRowMapper  Method Exceptionjava.sql.SQLSyntaxErrorException: Column 'PKA_ID' not found.
				
2026-07-04 15:20:03 [http-nio-8495-exec-10] ERROR c.v.d.r.productMstDropDownRowMapper -productMstDropDownRowMapper  Method Exceptionjava.sql.SQLSyntaxErrorException: Column 'PKA_ID' not found.
				
2026-07-04 15:20:03 [http-nio-8495-exec-10] ERROR c.v.d.r.productMstDropDownRowMapper -productMstDropDownRowMapper  Method Exceptionjava.sql.SQLSyntaxErrorException: Column 'PKA_ID' not found.
				
2026-07-04 15:20:03 [http-nio-8495-exec-10] ERROR c.v.d.r.productMstDropDownRowMapper -productMstDropDownRowMapper  Method Exceptionjava.sql.SQLSyntaxErrorException: Column 'PKA_ID' not found.
				
2026-07-04 15:20:03 [http-nio-8495-exec-10] ERROR c.v.d.r.productMstDropDownRowMapper -productMstDropDownRowMapper  Method Exceptionjava.sql.SQLSyntaxErrorException: Column 'PKA_ID' not found.
				
2026-07-04 15:20:03 [http-nio-8495-exec-10] ERROR c.v.d.r.productMstDropDownRowMapper -productMstDropDownRowMapper  Method Exceptionjava.sql.SQLSyntaxErrorException: Column 'PKA_ID' not found.
				
2026-07-04 15:20:03 [http-nio-8495-exec-10] ERROR c.v.d.r.productMstDropDownRowMapper -productMstDropDownRowMapper  Method Exceptionjava.sql.SQLSyntaxErrorException: Column 'PKA_ID' not found.
				
2026-07-04 15:20:03 [http-nio-8495-exec-10] ERROR c.v.d.r.productMstDropDownRowMapper -productMstDropDownRowMapper  Method Exceptionjava.sql.SQLSyntaxErrorException: Column 'PKA_ID' not found.
				
2026-07-04 15:20:03 [http-nio-8495-exec-10] ERROR c.v.d.r.productMstDropDownRowMapper -productMstDropDownRowMapper  Method Exceptionjava.sql.SQLSyntaxErrorException: Column 'PKA_ID' not found.
				
2026-07-04 15:20:03 [http-nio-8495-exec-10] ERROR c.v.d.r.productMstDropDownRowMapper -productMstDropDownRowMapper  Method Exceptionjava.sql.SQLSyntaxErrorException: Column 'PKA_ID' not found.
				
2026-07-04 15:20:03 [http-nio-8495-exec-10] ERROR c.v.d.r.productMstDropDownRowMapper -productMstDropDownRowMapper  Method Exceptionjava.sql.SQLSyntaxErrorException: Column 'PKA_ID' not found.
				
2026-07-04 15:20:03 [http-nio-8495-exec-10] ERROR c.v.d.r.productMstDropDownRowMapper -productMstDropDownRowMapper  Method Exceptionjava.sql.SQLSyntaxErrorException: Column 'PKA_ID' not found.
				
2026-07-04 15:20:03 [http-nio-8495-exec-10] ERROR c.v.d.r.productMstDropDownRowMapper -productMstDropDownRowMapper  Method Exceptionjava.sql.SQLSyntaxErrorException: Column 'PKA_ID' not found.
				
2026-07-04 15:20:03 [http-nio-8495-exec-10] ERROR c.v.d.r.productMstDropDownRowMapper -productMstDropDownRowMapper  Method Exceptionjava.sql.SQLSyntaxErrorException: Column 'PKA_ID' not found.
				
2026-07-04 15:20:03 [http-nio-8495-exec-10] ERROR c.v.d.r.productMstDropDownRowMapper -productMstDropDownRowMapper  Method Exceptionjava.sql.SQLSyntaxErrorException: Column 'PKA_ID' not found.
				
2026-07-04 15:20:03 [http-nio-8495-exec-10] ERROR c.v.d.r.productMstDropDownRowMapper -productMstDropDownRowMapper  Method Exceptionjava.sql.SQLSyntaxErrorException: Column 'PKA_ID' not found.
				
2026-07-04 15:20:03 [http-nio-8495-exec-10] ERROR c.v.d.r.productMstDropDownRowMapper -productMstDropDownRowMapper  Method Exceptionjava.sql.SQLSyntaxErrorException: Column 'PKA_ID' not found.
				
2026-07-04 15:20:03 [http-nio-8495-exec-10] ERROR c.v.d.r.productMstDropDownRowMapper -productMstDropDownRowMapper  Method Exceptionjava.sql.SQLSyntaxErrorException: Column 'PKA_ID' not found.
				
2026-07-04 15:20:03 [http-nio-8495-exec-10] ERROR c.v.d.r.productMstDropDownRowMapper -productMstDropDownRowMapper  Method Exceptionjava.sql.SQLSyntaxErrorException: Column 'PKA_ID' not found.
				
2026-07-04 15:20:03 [http-nio-8495-exec-10] ERROR c.v.d.r.productMstDropDownRowMapper -productMstDropDownRowMapper  Method Exceptionjava.sql.SQLSyntaxErrorException: Column 'PKA_ID' not found.
				
2026-07-04 15:20:03 [http-nio-8495-exec-10] ERROR c.v.d.r.productMstDropDownRowMapper -productMstDropDownRowMapper  Method Exceptionjava.sql.SQLSyntaxErrorException: Column 'PKA_ID' not found.
				
2026-07-04 15:20:03 [http-nio-8495-exec-10] ERROR c.v.d.r.productMstDropDownRowMapper -productMstDropDownRowMapper  Method Exceptionjava.sql.SQLSyntaxErrorException: Column 'PKA_ID' not found.
				
2026-07-04 15:20:03 [http-nio-8495-exec-10] ERROR c.v.d.r.productMstDropDownRowMapper -productMstDropDownRowMapper  Method Exceptionjava.sql.SQLSyntaxErrorException: Column 'PKA_ID' not found.
				
2026-07-04 15:20:03 [http-nio-8495-exec-10] ERROR c.v.d.r.productMstDropDownRowMapper -productMstDropDownRowMapper  Method Exceptionjava.sql.SQLSyntaxErrorException: Column 'PKA_ID' not found.
				
2026-07-04 15:20:03 [http-nio-8495-exec-10] ERROR c.v.d.r.productMstDropDownRowMapper -productMstDropDownRowMapper  Method Exceptionjava.sql.SQLSyntaxErrorException: Column 'PKA_ID' not found.
				
2026-07-04 15:20:03 [http-nio-8495-exec-10] ERROR c.v.d.r.productMstDropDownRowMapper -productMstDropDownRowMapper  Method Exceptionjava.sql.SQLSyntaxErrorException: Column 'PKA_ID' not found.
				
2026-07-04 15:20:03 [http-nio-8495-exec-10] ERROR c.v.d.r.productMstDropDownRowMapper -productMstDropDownRowMapper  Method Exceptionjava.sql.SQLSyntaxErrorException: Column 'PKA_ID' not found.
				
2026-07-04 15:20:03 [http-nio-8495-exec-10] ERROR c.v.d.r.productMstDropDownRowMapper -productMstDropDownRowMapper  Method Exceptionjava.sql.SQLSyntaxErrorException: Column 'PKA_ID' not found.
				
2026-07-04 15:20:03 [http-nio-8495-exec-10] ERROR c.v.d.r.productMstDropDownRowMapper -productMstDropDownRowMapper  Method Exceptionjava.sql.SQLSyntaxErrorException: Column 'PKA_ID' not found.
				
2026-07-04 15:20:03 [http-nio-8495-exec-10] ERROR c.v.d.r.productMstDropDownRowMapper -productMstDropDownRowMapper  Method Exceptionjava.sql.SQLSyntaxErrorException: Column 'PKA_ID' not found.
				
2026-07-04 15:20:03 [http-nio-8495-exec-10] ERROR c.v.d.r.productMstDropDownRowMapper -productMstDropDownRowMapper  Method Exceptionjava.sql.SQLSyntaxErrorException: Column 'PKA_ID' not found.
				
2026-07-04 15:20:03 [http-nio-8495-exec-10] ERROR c.v.d.r.productMstDropDownRowMapper -productMstDropDownRowMapper  Method Exceptionjava.sql.SQLSyntaxErrorException: Column 'PKA_ID' not found.
				
2026-07-04 15:20:03 [http-nio-8495-exec-10] ERROR c.v.d.r.productMstDropDownRowMapper -productMstDropDownRowMapper  Method Exceptionjava.sql.SQLSyntaxErrorException: Column 'PKA_ID' not found.
				
2026-07-04 15:20:03 [http-nio-8495-exec-10] ERROR c.v.d.r.productMstDropDownRowMapper -productMstDropDownRowMapper  Method Exceptionjava.sql.SQLSyntaxErrorException: Column 'PKA_ID' not found.
				
2026-07-04 15:20:03 [http-nio-8495-exec-10] ERROR c.v.d.r.productMstDropDownRowMapper -productMstDropDownRowMapper  Method Exceptionjava.sql.SQLSyntaxErrorException: Column 'PKA_ID' not found.
				
2026-07-04 15:20:03 [http-nio-8495-exec-10] ERROR c.v.d.r.productMstDropDownRowMapper -productMstDropDownRowMapper  Method Exceptionjava.sql.SQLSyntaxErrorException: Column 'PKA_ID' not found.
				
2026-07-04 15:20:03 [http-nio-8495-exec-10] ERROR c.v.d.r.productMstDropDownRowMapper -productMstDropDownRowMapper  Method Exceptionjava.sql.SQLSyntaxErrorException: Column 'PKA_ID' not found.
				
2026-07-04 15:20:03 [http-nio-8495-exec-10] ERROR c.v.d.r.productMstDropDownRowMapper -productMstDropDownRowMapper  Method Exceptionjava.sql.SQLSyntaxErrorException: Column 'PKA_ID' not found.
				
2026-07-04 15:20:03 [http-nio-8495-exec-10] ERROR c.v.d.r.productMstDropDownRowMapper -productMstDropDownRowMapper  Method Exceptionjava.sql.SQLSyntaxErrorException: Column 'PKA_ID' not found.
				
2026-07-04 15:20:03 [http-nio-8495-exec-10] ERROR c.v.d.r.productMstDropDownRowMapper -productMstDropDownRowMapper  Method Exceptionjava.sql.SQLSyntaxErrorException: Column 'PKA_ID' not found.
				
2026-07-04 15:20:03 [http-nio-8495-exec-10] ERROR c.v.d.r.productMstDropDownRowMapper -productMstDropDownRowMapper  Method Exceptionjava.sql.SQLSyntaxErrorException: Column 'PKA_ID' not found.
				
2026-07-04 15:20:03 [http-nio-8495-exec-10] ERROR c.v.d.r.productMstDropDownRowMapper -productMstDropDownRowMapper  Method Exceptionjava.sql.SQLSyntaxErrorException: Column 'PKA_ID' not found.
				
2026-07-04 15:20:03 [http-nio-8495-exec-10] ERROR c.v.d.r.productMstDropDownRowMapper -productMstDropDownRowMapper  Method Exceptionjava.sql.SQLSyntaxErrorException: Column 'PKA_ID' not found.
				
2026-07-04 15:20:03 [http-nio-8495-exec-10] ERROR c.v.d.r.productMstDropDownRowMapper -productMstDropDownRowMapper  Method Exceptionjava.sql.SQLSyntaxErrorException: Column 'PKA_ID' not found.
				
2026-07-04 15:20:03 [http-nio-8495-exec-10] ERROR c.v.d.r.productMstDropDownRowMapper -productMstDropDownRowMapper  Method Exceptionjava.sql.SQLSyntaxErrorException: Column 'PKA_ID' not found.
				
2026-07-04 15:20:03 [http-nio-8495-exec-10] ERROR c.v.d.r.productMstDropDownRowMapper -productMstDropDownRowMapper  Method Exceptionjava.sql.SQLSyntaxErrorException: Column 'PKA_ID' not found.
				
2026-07-04 15:20:03 [http-nio-8495-exec-10] ERROR c.v.d.r.productMstDropDownRowMapper -productMstDropDownRowMapper  Method Exceptionjava.sql.SQLSyntaxErrorException: Column 'PKA_ID' not found.
				
2026-07-04 15:20:03 [http-nio-8495-exec-10] ERROR c.v.d.r.productMstDropDownRowMapper -productMstDropDownRowMapper  Method Exceptionjava.sql.SQLSyntaxErrorException: Column 'PKA_ID' not found.
				
2026-07-04 15:20:03 [http-nio-8495-exec-10] ERROR c.v.d.r.productMstDropDownRowMapper -productMstDropDownRowMapper  Method Exceptionjava.sql.SQLSyntaxErrorException: Column 'PKA_ID' not found.
				
2026-07-04 15:20:03 [http-nio-8495-exec-10] ERROR c.v.d.r.productMstDropDownRowMapper -productMstDropDownRowMapper  Method Exceptionjava.sql.SQLSyntaxErrorException: Column 'PKA_ID' not found.
				
2026-07-04 15:20:03 [http-nio-8495-exec-10] ERROR c.v.d.r.productMstDropDownRowMapper -productMstDropDownRowMapper  Method Exceptionjava.sql.SQLSyntaxErrorException: Column 'PKA_ID' not found.
				
2026-07-04 15:20:03 [http-nio-8495-exec-10] ERROR c.v.d.r.productMstDropDownRowMapper -productMstDropDownRowMapper  Method Exceptionjava.sql.SQLSyntaxErrorException: Column 'PKA_ID' not found.
				
2026-07-04 15:20:03 [http-nio-8495-exec-10] ERROR c.v.d.r.productMstDropDownRowMapper -productMstDropDownRowMapper  Method Exceptionjava.sql.SQLSyntaxErrorException: Column 'PKA_ID' not found.
				
2026-07-04 15:20:03 [http-nio-8495-exec-10] ERROR c.v.d.r.productMstDropDownRowMapper -productMstDropDownRowMapper  Method Exceptionjava.sql.SQLSyntaxErrorException: Column 'PKA_ID' not found.
				
2026-07-04 15:20:03 [http-nio-8495-exec-10] ERROR c.v.d.r.productMstDropDownRowMapper -productMstDropDownRowMapper  Method Exceptionjava.sql.SQLSyntaxErrorException: Column 'PKA_ID' not found.
				
2026-07-04 15:20:03 [http-nio-8495-exec-10] ERROR c.v.d.r.productMstDropDownRowMapper -productMstDropDownRowMapper  Method Exceptionjava.sql.SQLSyntaxErrorException: Column 'PKA_ID' not found.
				
2026-07-04 15:20:03 [http-nio-8495-exec-10] ERROR c.v.d.r.productMstDropDownRowMapper -productMstDropDownRowMapper  Method Exceptionjava.sql.SQLSyntaxErrorException: Column 'PKA_ID' not found.
				
2026-07-04 15:20:03 [http-nio-8495-exec-10] ERROR c.v.d.r.productMstDropDownRowMapper -productMstDropDownRowMapper  Method Exceptionjava.sql.SQLSyntaxErrorException: Column 'PKA_ID' not found.
				
2026-07-04 15:20:03 [http-nio-8495-exec-10] ERROR c.v.d.r.productMstDropDownRowMapper -productMstDropDownRowMapper  Method Exceptionjava.sql.SQLSyntaxErrorException: Column 'PKA_ID' not found.
				
2026-07-04 15:20:03 [http-nio-8495-exec-10] ERROR c.v.d.r.productMstDropDownRowMapper -productMstDropDownRowMapper  Method Exceptionjava.sql.SQLSyntaxErrorException: Column 'PKA_ID' not found.
				
2026-07-04 15:20:03 [http-nio-8495-exec-10] ERROR c.v.d.r.productMstDropDownRowMapper -productMstDropDownRowMapper  Method Exceptionjava.sql.SQLSyntaxErrorException: Column 'PKA_ID' not found.
				
2026-07-04 15:20:03 [http-nio-8495-exec-10] ERROR c.v.d.r.productMstDropDownRowMapper -productMstDropDownRowMapper  Method Exceptionjava.sql.SQLSyntaxErrorException: Column 'PKA_ID' not found.
				
2026-07-04 15:20:03 [http-nio-8495-exec-10] ERROR c.v.d.r.productMstDropDownRowMapper -productMstDropDownRowMapper  Method Exceptionjava.sql.SQLSyntaxErrorException: Column 'PKA_ID' not found.
				
2026-07-04 15:20:03 [http-nio-8495-exec-10] ERROR c.v.d.r.productMstDropDownRowMapper -productMstDropDownRowMapper  Method Exceptionjava.sql.SQLSyntaxErrorException: Column 'PKA_ID' not found.
				
2026-07-04 15:20:03 [http-nio-8495-exec-10] ERROR c.v.d.r.productMstDropDownRowMapper -productMstDropDownRowMapper  Method Exceptionjava.sql.SQLSyntaxErrorException: Column 'PKA_ID' not found.
				
2026-07-04 15:20:03 [http-nio-8495-exec-10] ERROR c.v.d.r.productMstDropDownRowMapper -productMstDropDownRowMapper  Method Exceptionjava.sql.SQLSyntaxErrorException: Column 'PKA_ID' not found.
				
2026-07-04 15:20:03 [http-nio-8495-exec-10] ERROR c.v.d.r.productMstDropDownRowMapper -productMstDropDownRowMapper  Method Exceptionjava.sql.SQLSyntaxErrorException: Column 'PKA_ID' not found.
				
2026-07-04 15:20:03 [http-nio-8495-exec-10] ERROR c.v.d.r.productMstDropDownRowMapper -productMstDropDownRowMapper  Method Exceptionjava.sql.SQLSyntaxErrorException: Column 'PKA_ID' not found.
				
2026-07-04 15:20:03 [http-nio-8495-exec-10] ERROR c.v.d.r.productMstDropDownRowMapper -productMstDropDownRowMapper  Method Exceptionjava.sql.SQLSyntaxErrorException: Column 'PKA_ID' not found.
				
2026-07-04 15:20:03 [http-nio-8495-exec-10] ERROR c.v.d.r.productMstDropDownRowMapper -productMstDropDownRowMapper  Method Exceptionjava.sql.SQLSyntaxErrorException: Column 'PKA_ID' not found.
				
2026-07-04 15:20:03 [http-nio-8495-exec-10] ERROR c.v.d.r.productMstDropDownRowMapper -productMstDropDownRowMapper  Method Exceptionjava.sql.SQLSyntaxErrorException: Column 'PKA_ID' not found.
				
2026-07-04 15:20:03 [http-nio-8495-exec-10] ERROR c.v.d.r.productMstDropDownRowMapper -productMstDropDownRowMapper  Method Exceptionjava.sql.SQLSyntaxErrorException: Column 'PKA_ID' not found.
				
2026-07-04 15:20:03 [http-nio-8495-exec-10] ERROR c.v.d.r.productMstDropDownRowMapper -productMstDropDownRowMapper  Method Exceptionjava.sql.SQLSyntaxErrorException: Column 'PKA_ID' not found.
				
2026-07-04 15:20:03 [http-nio-8495-exec-10] ERROR c.v.d.r.productMstDropDownRowMapper -productMstDropDownRowMapper  Method Exceptionjava.sql.SQLSyntaxErrorException: Column 'PKA_ID' not found.
				
2026-07-04 15:20:03 [http-nio-8495-exec-10] ERROR c.v.d.r.productMstDropDownRowMapper -productMstDropDownRowMapper  Method Exceptionjava.sql.SQLSyntaxErrorException: Column 'PKA_ID' not found.
				
2026-07-04 15:20:03 [http-nio-8495-exec-10] ERROR c.v.d.r.productMstDropDownRowMapper -productMstDropDownRowMapper  Method Exceptionjava.sql.SQLSyntaxErrorException: Column 'PKA_ID' not found.
				
2026-07-04 15:20:03 [http-nio-8495-exec-10] ERROR c.v.d.r.productMstDropDownRowMapper -productMstDropDownRowMapper  Method Exceptionjava.sql.SQLSyntaxErrorException: Column 'PKA_ID' not found.
				
2026-07-04 15:20:03 [http-nio-8495-exec-10] ERROR c.v.d.r.productMstDropDownRowMapper -productMstDropDownRowMapper  Method Exceptionjava.sql.SQLSyntaxErrorException: Column 'PKA_ID' not found.
				
2026-07-04 15:20:03 [http-nio-8495-exec-10] ERROR c.v.d.r.productMstDropDownRowMapper -productMstDropDownRowMapper  Method Exceptionjava.sql.SQLSyntaxErrorException: Column 'PKA_ID' not found.
				
2026-07-04 15:20:03 [http-nio-8495-exec-10] ERROR c.v.d.r.productMstDropDownRowMapper -productMstDropDownRowMapper  Method Exceptionjava.sql.SQLSyntaxErrorException: Column 'PKA_ID' not found.
				
2026-07-04 15:20:03 [http-nio-8495-exec-10] ERROR c.v.d.r.productMstDropDownRowMapper -productMstDropDownRowMapper  Method Exceptionjava.sql.SQLSyntaxErrorException: Column 'PKA_ID' not found.
				
2026-07-04 15:20:03 [http-nio-8495-exec-10] ERROR c.v.d.r.productMstDropDownRowMapper -productMstDropDownRowMapper  Method Exceptionjava.sql.SQLSyntaxErrorException: Column 'PKA_ID' not found.
				
2026-07-04 15:20:03 [http-nio-8495-exec-10] ERROR c.v.d.r.productMstDropDownRowMapper -productMstDropDownRowMapper  Method Exceptionjava.sql.SQLSyntaxErrorException: Column 'PKA_ID' not found.
				
2026-07-04 15:20:03 [http-nio-8495-exec-10] ERROR c.v.d.r.productMstDropDownRowMapper -productMstDropDownRowMapper  Method Exceptionjava.sql.SQLSyntaxErrorException: Column 'PKA_ID' not found.
				
2026-07-04 15:20:03 [http-nio-8495-exec-10] ERROR c.v.d.r.productMstDropDownRowMapper -productMstDropDownRowMapper  Method Exceptionjava.sql.SQLSyntaxErrorException: Column 'PKA_ID' not found.
				
2026-07-04 15:20:03 [http-nio-8495-exec-10] ERROR c.v.d.r.productMstDropDownRowMapper -productMstDropDownRowMapper  Method Exceptionjava.sql.SQLSyntaxErrorException: Column 'PKA_ID' not found.
				
2026-07-04 15:20:03 [http-nio-8495-exec-10] ERROR c.v.d.r.productMstDropDownRowMapper -productMstDropDownRowMapper  Method Exceptionjava.sql.SQLSyntaxErrorException: Column 'PKA_ID' not found.
				
2026-07-04 15:20:03 [http-nio-8495-exec-10] ERROR c.v.d.r.productMstDropDownRowMapper -productMstDropDownRowMapper  Method Exceptionjava.sql.SQLSyntaxErrorException: Column 'PKA_ID' not found.
				
2026-07-04 15:20:03 [http-nio-8495-exec-10] ERROR c.v.d.r.productMstDropDownRowMapper -productMstDropDownRowMapper  Method Exceptionjava.sql.SQLSyntaxErrorException: Column 'PKA_ID' not found.
				
2026-07-04 15:20:03 [http-nio-8495-exec-10] ERROR c.v.d.r.productMstDropDownRowMapper -productMstDropDownRowMapper  Method Exceptionjava.sql.SQLSyntaxErrorException: Column 'PKA_ID' not found.
				
2026-07-04 15:20:03 [http-nio-8495-exec-10] ERROR c.v.d.r.productMstDropDownRowMapper -productMstDropDownRowMapper  Method Exceptionjava.sql.SQLSyntaxErrorException: Column 'PKA_ID' not found.
				
2026-07-04 15:20:03 [http-nio-8495-exec-10] ERROR c.v.d.r.productMstDropDownRowMapper -productMstDropDownRowMapper  Method Exceptionjava.sql.SQLSyntaxErrorException: Column 'PKA_ID' not found.
				
2026-07-04 15:20:03 [http-nio-8495-exec-10] ERROR c.v.d.r.productMstDropDownRowMapper -productMstDropDownRowMapper  Method Exceptionjava.sql.SQLSyntaxErrorException: Column 'PKA_ID' not found.
				
2026-07-04 15:20:03 [http-nio-8495-exec-10] ERROR c.v.d.r.productMstDropDownRowMapper -productMstDropDownRowMapper  Method Exceptionjava.sql.SQLSyntaxErrorException: Column 'PKA_ID' not found.
				
2026-07-04 15:20:03 [http-nio-8495-exec-10] ERROR c.v.d.r.productMstDropDownRowMapper -productMstDropDownRowMapper  Method Exceptionjava.sql.SQLSyntaxErrorException: Column 'PKA_ID' not found.
				
2026-07-04 15:20:03 [http-nio-8495-exec-10] ERROR c.v.d.r.productMstDropDownRowMapper -productMstDropDownRowMapper  Method Exceptionjava.sql.SQLSyntaxErrorException: Column 'PKA_ID' not found.
				
2026-07-04 15:20:03 [http-nio-8495-exec-10] ERROR c.v.d.r.productMstDropDownRowMapper -productMstDropDownRowMapper  Method Exceptionjava.sql.SQLSyntaxErrorException: Column 'PKA_ID' not found.
				
2026-07-04 15:20:03 [http-nio-8495-exec-10] ERROR c.v.d.r.productMstDropDownRowMapper -productMstDropDownRowMapper  Method Exceptionjava.sql.SQLSyntaxErrorException: Column 'PKA_ID' not found.
				
2026-07-04 15:20:03 [http-nio-8495-exec-10] ERROR c.v.d.r.productMstDropDownRowMapper -productMstDropDownRowMapper  Method Exceptionjava.sql.SQLSyntaxErrorException: Column 'PKA_ID' not found.
				
2026-07-04 15:20:03 [http-nio-8495-exec-10] ERROR c.v.d.r.productMstDropDownRowMapper -productMstDropDownRowMapper  Method Exceptionjava.sql.SQLSyntaxErrorException: Column 'PKA_ID' not found.
				
2026-07-04 15:20:03 [http-nio-8495-exec-10] ERROR c.v.d.r.productMstDropDownRowMapper -productMstDropDownRowMapper  Method Exceptionjava.sql.SQLSyntaxErrorException: Column 'PKA_ID' not found.
				
2026-07-04 15:20:03 [http-nio-8495-exec-10] ERROR c.v.d.r.productMstDropDownRowMapper -productMstDropDownRowMapper  Method Exceptionjava.sql.SQLSyntaxErrorException: Column 'PKA_ID' not found.
				
2026-07-04 15:20:03 [http-nio-8495-exec-10] ERROR c.v.d.r.productMstDropDownRowMapper -productMstDropDownRowMapper  Method Exceptionjava.sql.SQLSyntaxErrorException: Column 'PKA_ID' not found.
				
2026-07-04 15:20:03 [http-nio-8495-exec-10] ERROR c.v.d.r.productMstDropDownRowMapper -productMstDropDownRowMapper  Method Exceptionjava.sql.SQLSyntaxErrorException: Column 'PKA_ID' not found.
				
2026-07-04 15:20:03 [http-nio-8495-exec-10] ERROR c.v.d.r.productMstDropDownRowMapper -productMstDropDownRowMapper  Method Exceptionjava.sql.SQLSyntaxErrorException: Column 'PKA_ID' not found.
				
2026-07-04 15:20:03 [http-nio-8495-exec-10] ERROR c.v.d.r.productMstDropDownRowMapper -productMstDropDownRowMapper  Method Exceptionjava.sql.SQLSyntaxErrorException: Column 'PKA_ID' not found.
				
2026-07-04 15:20:03 [http-nio-8495-exec-10] ERROR c.v.d.r.productMstDropDownRowMapper -productMstDropDownRowMapper  Method Exceptionjava.sql.SQLSyntaxErrorException: Column 'PKA_ID' not found.
				
2026-07-04 15:20:03 [http-nio-8495-exec-10] ERROR c.v.d.r.productMstDropDownRowMapper -productMstDropDownRowMapper  Method Exceptionjava.sql.SQLSyntaxErrorException: Column 'PKA_ID' not found.
				
2026-07-04 15:20:03 [http-nio-8495-exec-10] ERROR c.v.d.r.productMstDropDownRowMapper -productMstDropDownRowMapper  Method Exceptionjava.sql.SQLSyntaxErrorException: Column 'PKA_ID' not found.
				
2026-07-04 15:20:03 [http-nio-8495-exec-10] ERROR c.v.d.r.productMstDropDownRowMapper -productMstDropDownRowMapper  Method Exceptionjava.sql.SQLSyntaxErrorException: Column 'PKA_ID' not found.
				
2026-07-04 15:20:03 [http-nio-8495-exec-10] ERROR c.v.d.r.productMstDropDownRowMapper -productMstDropDownRowMapper  Method Exceptionjava.sql.SQLSyntaxErrorException: Column 'PKA_ID' not found.
				
2026-07-04 15:20:03 [http-nio-8495-exec-10] ERROR c.v.d.r.productMstDropDownRowMapper -productMstDropDownRowMapper  Method Exceptionjava.sql.SQLSyntaxErrorException: Column 'PKA_ID' not found.
				
2026-07-04 15:20:03 [http-nio-8495-exec-10] ERROR c.v.d.r.productMstDropDownRowMapper -productMstDropDownRowMapper  Method Exceptionjava.sql.SQLSyntaxErrorException: Column 'PKA_ID' not found.
				
2026-07-04 15:20:03 [http-nio-8495-exec-10] ERROR c.v.d.r.productMstDropDownRowMapper -productMstDropDownRowMapper  Method Exceptionjava.sql.SQLSyntaxErrorException: Column 'PKA_ID' not found.
				
2026-07-04 15:20:03 [http-nio-8495-exec-10] ERROR c.v.d.r.productMstDropDownRowMapper -productMstDropDownRowMapper  Method Exceptionjava.sql.SQLSyntaxErrorException: Column 'PKA_ID' not found.
				
2026-07-04 15:20:03 [http-nio-8495-exec-10] ERROR c.v.d.r.productMstDropDownRowMapper -productMstDropDownRowMapper  Method Exceptionjava.sql.SQLSyntaxErrorException: Column 'PKA_ID' not found.
				
2026-07-04 15:20:03 [http-nio-8495-exec-10] ERROR c.v.d.r.productMstDropDownRowMapper -productMstDropDownRowMapper  Method Exceptionjava.sql.SQLSyntaxErrorException: Column 'PKA_ID' not found.
				
2026-07-04 15:20:03 [http-nio-8495-exec-10] ERROR c.v.d.r.productMstDropDownRowMapper -productMstDropDownRowMapper  Method Exceptionjava.sql.SQLSyntaxErrorException: Column 'PKA_ID' not found.
				
2026-07-04 15:20:03 [http-nio-8495-exec-10] ERROR c.v.d.r.productMstDropDownRowMapper -productMstDropDownRowMapper  Method Exceptionjava.sql.SQLSyntaxErrorException: Column 'PKA_ID' not found.
				
2026-07-04 15:20:03 [http-nio-8495-exec-10] ERROR c.v.d.r.productMstDropDownRowMapper -productMstDropDownRowMapper  Method Exceptionjava.sql.SQLSyntaxErrorException: Column 'PKA_ID' not found.
				
2026-07-04 15:20:03 [http-nio-8495-exec-10] ERROR c.v.d.r.productMstDropDownRowMapper -productMstDropDownRowMapper  Method Exceptionjava.sql.SQLSyntaxErrorException: Column 'PKA_ID' not found.
				
2026-07-04 15:20:03 [http-nio-8495-exec-10] ERROR c.v.d.r.productMstDropDownRowMapper -productMstDropDownRowMapper  Method Exceptionjava.sql.SQLSyntaxErrorException: Column 'PKA_ID' not found.
				
2026-07-04 15:20:03 [http-nio-8495-exec-10] ERROR c.v.d.r.productMstDropDownRowMapper -productMstDropDownRowMapper  Method Exceptionjava.sql.SQLSyntaxErrorException: Column 'PKA_ID' not found.
				
2026-07-04 15:20:03 [http-nio-8495-exec-10] ERROR c.v.d.r.productMstDropDownRowMapper -productMstDropDownRowMapper  Method Exceptionjava.sql.SQLSyntaxErrorException: Column 'PKA_ID' not found.
				
2026-07-04 15:20:03 [http-nio-8495-exec-10] ERROR c.v.d.r.productMstDropDownRowMapper -productMstDropDownRowMapper  Method Exceptionjava.sql.SQLSyntaxErrorException: Column 'PKA_ID' not found.
				
2026-07-04 15:20:03 [http-nio-8495-exec-10] ERROR c.v.d.r.productMstDropDownRowMapper -productMstDropDownRowMapper  Method Exceptionjava.sql.SQLSyntaxErrorException: Column 'PKA_ID' not found.
				
2026-07-04 15:20:03 [http-nio-8495-exec-10] ERROR c.v.d.r.productMstDropDownRowMapper -productMstDropDownRowMapper  Method Exceptionjava.sql.SQLSyntaxErrorException: Column 'PKA_ID' not found.
				
2026-07-04 15:20:03 [http-nio-8495-exec-10] ERROR c.v.d.r.productMstDropDownRowMapper -productMstDropDownRowMapper  Method Exceptionjava.sql.SQLSyntaxErrorException: Column 'PKA_ID' not found.
				
2026-07-04 15:20:03 [http-nio-8495-exec-10] ERROR c.v.d.r.productMstDropDownRowMapper -productMstDropDownRowMapper  Method Exceptionjava.sql.SQLSyntaxErrorException: Column 'PKA_ID' not found.
				
2026-07-04 15:20:03 [http-nio-8495-exec-10] ERROR c.v.d.r.productMstDropDownRowMapper -productMstDropDownRowMapper  Method Exceptionjava.sql.SQLSyntaxErrorException: Column 'PKA_ID' not found.
				
2026-07-04 15:20:03 [http-nio-8495-exec-10] ERROR c.v.d.r.productMstDropDownRowMapper -productMstDropDownRowMapper  Method Exceptionjava.sql.SQLSyntaxErrorException: Column 'PKA_ID' not found.
				
2026-07-04 15:20:03 [http-nio-8495-exec-10] ERROR c.v.d.r.productMstDropDownRowMapper -productMstDropDownRowMapper  Method Exceptionjava.sql.SQLSyntaxErrorException: Column 'PKA_ID' not found.
				
2026-07-04 15:20:03 [http-nio-8495-exec-10] ERROR c.v.d.r.productMstDropDownRowMapper -productMstDropDownRowMapper  Method Exceptionjava.sql.SQLSyntaxErrorException: Column 'PKA_ID' not found.
				
2026-07-04 15:20:03 [http-nio-8495-exec-10] ERROR c.v.d.r.productMstDropDownRowMapper -productMstDropDownRowMapper  Method Exceptionjava.sql.SQLSyntaxErrorException: Column 'PKA_ID' not found.
				
2026-07-04 15:20:03 [http-nio-8495-exec-10] ERROR c.v.d.r.productMstDropDownRowMapper -productMstDropDownRowMapper  Method Exceptionjava.sql.SQLSyntaxErrorException: Column 'PKA_ID' not found.
				
2026-07-04 15:20:03 [http-nio-8495-exec-10] ERROR c.v.d.r.productMstDropDownRowMapper -productMstDropDownRowMapper  Method Exceptionjava.sql.SQLSyntaxErrorException: Column 'PKA_ID' not found.
				
2026-07-04 15:20:03 [http-nio-8495-exec-10] ERROR c.v.d.r.productMstDropDownRowMapper -productMstDropDownRowMapper  Method Exceptionjava.sql.SQLSyntaxErrorException: Column 'PKA_ID' not found.
				
2026-07-04 15:20:03 [http-nio-8495-exec-10] ERROR c.v.d.r.productMstDropDownRowMapper -productMstDropDownRowMapper  Method Exceptionjava.sql.SQLSyntaxErrorException: Column 'PKA_ID' not found.
				
2026-07-04 15:20:03 [http-nio-8495-exec-10] ERROR c.v.d.r.productMstDropDownRowMapper -productMstDropDownRowMapper  Method Exceptionjava.sql.SQLSyntaxErrorException: Column 'PKA_ID' not found.
				
2026-07-04 15:20:03 [http-nio-8495-exec-10] ERROR c.v.d.r.productMstDropDownRowMapper -productMstDropDownRowMapper  Method Exceptionjava.sql.SQLSyntaxErrorException: Column 'PKA_ID' not found.
				
2026-07-04 15:20:03 [http-nio-8495-exec-10] ERROR c.v.d.r.productMstDropDownRowMapper -productMstDropDownRowMapper  Method Exceptionjava.sql.SQLSyntaxErrorException: Column 'PKA_ID' not found.
				
2026-07-04 15:20:03 [http-nio-8495-exec-10] ERROR c.v.d.r.productMstDropDownRowMapper -productMstDropDownRowMapper  Method Exceptionjava.sql.SQLSyntaxErrorException: Column 'PKA_ID' not found.
				
2026-07-04 15:20:03 [http-nio-8495-exec-10] ERROR c.v.d.r.productMstDropDownRowMapper -productMstDropDownRowMapper  Method Exceptionjava.sql.SQLSyntaxErrorException: Column 'PKA_ID' not found.
				
2026-07-04 15:20:03 [http-nio-8495-exec-10] ERROR c.v.d.r.productMstDropDownRowMapper -productMstDropDownRowMapper  Method Exceptionjava.sql.SQLSyntaxErrorException: Column 'PKA_ID' not found.
				
2026-07-04 15:20:03 [http-nio-8495-exec-10] ERROR c.v.d.r.productMstDropDownRowMapper -productMstDropDownRowMapper  Method Exceptionjava.sql.SQLSyntaxErrorException: Column 'PKA_ID' not found.
				
2026-07-04 15:20:03 [http-nio-8495-exec-10] ERROR c.v.d.r.productMstDropDownRowMapper -productMstDropDownRowMapper  Method Exceptionjava.sql.SQLSyntaxErrorException: Column 'PKA_ID' not found.
				
2026-07-04 15:20:03 [http-nio-8495-exec-10] ERROR c.v.d.r.productMstDropDownRowMapper -productMstDropDownRowMapper  Method Exceptionjava.sql.SQLSyntaxErrorException: Column 'PKA_ID' not found.
				
2026-07-04 15:20:03 [http-nio-8495-exec-10] ERROR c.v.d.r.productMstDropDownRowMapper -productMstDropDownRowMapper  Method Exceptionjava.sql.SQLSyntaxErrorException: Column 'PKA_ID' not found.
				
2026-07-04 15:20:03 [http-nio-8495-exec-10] ERROR c.v.d.r.productMstDropDownRowMapper -productMstDropDownRowMapper  Method Exceptionjava.sql.SQLSyntaxErrorException: Column 'PKA_ID' not found.
				
2026-07-04 15:20:03 [http-nio-8495-exec-10] ERROR c.v.d.r.productMstDropDownRowMapper -productMstDropDownRowMapper  Method Exceptionjava.sql.SQLSyntaxErrorException: Column 'PKA_ID' not found.
				
2026-07-04 15:20:03 [http-nio-8495-exec-10] ERROR c.v.d.r.productMstDropDownRowMapper -productMstDropDownRowMapper  Method Exceptionjava.sql.SQLSyntaxErrorException: Column 'PKA_ID' not found.
				
2026-07-04 15:20:03 [http-nio-8495-exec-10] ERROR c.v.d.r.productMstDropDownRowMapper -productMstDropDownRowMapper  Method Exceptionjava.sql.SQLSyntaxErrorException: Column 'PKA_ID' not found.
				
2026-07-04 15:20:03 [http-nio-8495-exec-10] ERROR c.v.d.r.productMstDropDownRowMapper -productMstDropDownRowMapper  Method Exceptionjava.sql.SQLSyntaxErrorException: Column 'PKA_ID' not found.
				
2026-07-04 15:20:03 [http-nio-8495-exec-10] ERROR c.v.d.r.productMstDropDownRowMapper -productMstDropDownRowMapper  Method Exceptionjava.sql.SQLSyntaxErrorException: Column 'PKA_ID' not found.
				
2026-07-04 15:20:03 [http-nio-8495-exec-10] ERROR c.v.d.r.productMstDropDownRowMapper -productMstDropDownRowMapper  Method Exceptionjava.sql.SQLSyntaxErrorException: Column 'PKA_ID' not found.
				
2026-07-04 15:20:03 [http-nio-8495-exec-10] ERROR c.v.d.r.productMstDropDownRowMapper -productMstDropDownRowMapper  Method Exceptionjava.sql.SQLSyntaxErrorException: Column 'PKA_ID' not found.
				
2026-07-04 15:20:03 [http-nio-8495-exec-10] ERROR c.v.d.r.productMstDropDownRowMapper -productMstDropDownRowMapper  Method Exceptionjava.sql.SQLSyntaxErrorException: Column 'PKA_ID' not found.
				
2026-07-04 15:20:03 [http-nio-8495-exec-10] ERROR c.v.d.r.productMstDropDownRowMapper -productMstDropDownRowMapper  Method Exceptionjava.sql.SQLSyntaxErrorException: Column 'PKA_ID' not found.
				
2026-07-04 15:20:03 [http-nio-8495-exec-10] ERROR c.v.d.r.productMstDropDownRowMapper -productMstDropDownRowMapper  Method Exceptionjava.sql.SQLSyntaxErrorException: Column 'PKA_ID' not found.
				
2026-07-04 15:20:03 [http-nio-8495-exec-10] ERROR c.v.d.r.productMstDropDownRowMapper -productMstDropDownRowMapper  Method Exceptionjava.sql.SQLSyntaxErrorException: Column 'PKA_ID' not found.
				
2026-07-04 15:20:03 [http-nio-8495-exec-10] ERROR c.v.d.r.productMstDropDownRowMapper -productMstDropDownRowMapper  Method Exceptionjava.sql.SQLSyntaxErrorException: Column 'PKA_ID' not found.
				
2026-07-04 15:20:03 [http-nio-8495-exec-10] ERROR c.v.d.r.productMstDropDownRowMapper -productMstDropDownRowMapper  Method Exceptionjava.sql.SQLSyntaxErrorException: Column 'PKA_ID' not found.
				
2026-07-04 15:20:03 [http-nio-8495-exec-10] ERROR c.v.d.r.productMstDropDownRowMapper -productMstDropDownRowMapper  Method Exceptionjava.sql.SQLSyntaxErrorException: Column 'PKA_ID' not found.
				
2026-07-04 15:20:03 [http-nio-8495-exec-10] ERROR c.v.d.r.productMstDropDownRowMapper -productMstDropDownRowMapper  Method Exceptionjava.sql.SQLSyntaxErrorException: Column 'PKA_ID' not found.
				
2026-07-04 15:20:03 [http-nio-8495-exec-10] ERROR c.v.d.r.productMstDropDownRowMapper -productMstDropDownRowMapper  Method Exceptionjava.sql.SQLSyntaxErrorException: Column 'PKA_ID' not found.
				
2026-07-04 15:20:03 [http-nio-8495-exec-10] ERROR c.v.d.r.productMstDropDownRowMapper -productMstDropDownRowMapper  Method Exceptionjava.sql.SQLSyntaxErrorException: Column 'PKA_ID' not found.
				
2026-07-04 15:20:03 [http-nio-8495-exec-10] ERROR c.v.d.r.productMstDropDownRowMapper -productMstDropDownRowMapper  Method Exceptionjava.sql.SQLSyntaxErrorException: Column 'PKA_ID' not found.
				
2026-07-04 15:20:03 [http-nio-8495-exec-10] ERROR c.v.d.r.productMstDropDownRowMapper -productMstDropDownRowMapper  Method Exceptionjava.sql.SQLSyntaxErrorException: Column 'PKA_ID' not found.
				
2026-07-04 15:20:03 [http-nio-8495-exec-10] ERROR c.v.d.r.productMstDropDownRowMapper -productMstDropDownRowMapper  Method Exceptionjava.sql.SQLSyntaxErrorException: Column 'PKA_ID' not found.
				
2026-07-04 15:20:03 [http-nio-8495-exec-10] ERROR c.v.d.r.productMstDropDownRowMapper -productMstDropDownRowMapper  Method Exceptionjava.sql.SQLSyntaxErrorException: Column 'PKA_ID' not found.
				
2026-07-04 15:20:03 [http-nio-8495-exec-10] ERROR c.v.d.r.productMstDropDownRowMapper -productMstDropDownRowMapper  Method Exceptionjava.sql.SQLSyntaxErrorException: Column 'PKA_ID' not found.
				
2026-07-04 15:20:03 [http-nio-8495-exec-10] ERROR c.v.d.r.productMstDropDownRowMapper -productMstDropDownRowMapper  Method Exceptionjava.sql.SQLSyntaxErrorException: Column 'PKA_ID' not found.
				
2026-07-04 15:20:03 [http-nio-8495-exec-10] ERROR c.v.d.r.productMstDropDownRowMapper -productMstDropDownRowMapper  Method Exceptionjava.sql.SQLSyntaxErrorException: Column 'PKA_ID' not found.
				
2026-07-04 15:20:03 [http-nio-8495-exec-10] ERROR c.v.d.r.productMstDropDownRowMapper -productMstDropDownRowMapper  Method Exceptionjava.sql.SQLSyntaxErrorException: Column 'PKA_ID' not found.
				
2026-07-04 15:20:03 [http-nio-8495-exec-10] ERROR c.v.d.r.productMstDropDownRowMapper -productMstDropDownRowMapper  Method Exceptionjava.sql.SQLSyntaxErrorException: Column 'PKA_ID' not found.
				
2026-07-04 15:20:03 [http-nio-8495-exec-10] ERROR c.v.d.r.productMstDropDownRowMapper -productMstDropDownRowMapper  Method Exceptionjava.sql.SQLSyntaxErrorException: Column 'PKA_ID' not found.
				
2026-07-04 15:20:03 [http-nio-8495-exec-10] ERROR c.v.d.r.productMstDropDownRowMapper -productMstDropDownRowMapper  Method Exceptionjava.sql.SQLSyntaxErrorException: Column 'PKA_ID' not found.
				
2026-07-04 15:20:03 [http-nio-8495-exec-10] ERROR c.v.d.r.productMstDropDownRowMapper -productMstDropDownRowMapper  Method Exceptionjava.sql.SQLSyntaxErrorException: Column 'PKA_ID' not found.
				
2026-07-04 15:20:03 [http-nio-8495-exec-10] ERROR c.v.d.r.productMstDropDownRowMapper -productMstDropDownRowMapper  Method Exceptionjava.sql.SQLSyntaxErrorException: Column 'PKA_ID' not found.
				
2026-07-04 15:20:03 [http-nio-8495-exec-10] ERROR c.v.d.r.productMstDropDownRowMapper -productMstDropDownRowMapper  Method Exceptionjava.sql.SQLSyntaxErrorException: Column 'PKA_ID' not found.
				
2026-07-04 15:20:03 [http-nio-8495-exec-10] ERROR c.v.d.r.productMstDropDownRowMapper -productMstDropDownRowMapper  Method Exceptionjava.sql.SQLSyntaxErrorException: Column 'PKA_ID' not found.
				
2026-07-04 15:20:03 [http-nio-8495-exec-10] ERROR c.v.d.r.productMstDropDownRowMapper -productMstDropDownRowMapper  Method Exceptionjava.sql.SQLSyntaxErrorException: Column 'PKA_ID' not found.
				
2026-07-04 15:20:03 [http-nio-8495-exec-10] ERROR c.v.d.r.productMstDropDownRowMapper -productMstDropDownRowMapper  Method Exceptionjava.sql.SQLSyntaxErrorException: Column 'PKA_ID' not found.
				
2026-07-04 15:20:03 [http-nio-8495-exec-10] ERROR c.v.d.r.productMstDropDownRowMapper -productMstDropDownRowMapper  Method Exceptionjava.sql.SQLSyntaxErrorException: Column 'PKA_ID' not found.
				
2026-07-04 15:20:03 [http-nio-8495-exec-10] ERROR c.v.d.r.productMstDropDownRowMapper -productMstDropDownRowMapper  Method Exceptionjava.sql.SQLSyntaxErrorException: Column 'PKA_ID' not found.
				
2026-07-04 15:20:03 [http-nio-8495-exec-10] ERROR c.v.d.r.productMstDropDownRowMapper -productMstDropDownRowMapper  Method Exceptionjava.sql.SQLSyntaxErrorException: Column 'PKA_ID' not found.
				
2026-07-04 15:20:03 [http-nio-8495-exec-10] ERROR c.v.d.r.productMstDropDownRowMapper -productMstDropDownRowMapper  Method Exceptionjava.sql.SQLSyntaxErrorException: Column 'PKA_ID' not found.
				
2026-07-04 15:20:03 [http-nio-8495-exec-10] ERROR c.v.d.r.productMstDropDownRowMapper -productMstDropDownRowMapper  Method Exceptionjava.sql.SQLSyntaxErrorException: Column 'PKA_ID' not found.
				
2026-07-04 15:20:03 [http-nio-8495-exec-10] ERROR c.v.d.r.productMstDropDownRowMapper -productMstDropDownRowMapper  Method Exceptionjava.sql.SQLSyntaxErrorException: Column 'PKA_ID' not found.
				
2026-07-04 15:20:03 [http-nio-8495-exec-10] ERROR c.v.d.r.productMstDropDownRowMapper -productMstDropDownRowMapper  Method Exceptionjava.sql.SQLSyntaxErrorException: Column 'PKA_ID' not found.
				
2026-07-04 15:20:03 [http-nio-8495-exec-10] ERROR c.v.d.r.productMstDropDownRowMapper -productMstDropDownRowMapper  Method Exceptionjava.sql.SQLSyntaxErrorException: Column 'PKA_ID' not found.
				
2026-07-04 15:20:03 [http-nio-8495-exec-10] ERROR c.v.d.r.productMstDropDownRowMapper -productMstDropDownRowMapper  Method Exceptionjava.sql.SQLSyntaxErrorException: Column 'PKA_ID' not found.
				
2026-07-04 15:20:03 [http-nio-8495-exec-10] ERROR c.v.d.r.productMstDropDownRowMapper -productMstDropDownRowMapper  Method Exceptionjava.sql.SQLSyntaxErrorException: Column 'PKA_ID' not found.
				
2026-07-04 15:20:03 [http-nio-8495-exec-10] ERROR c.v.d.r.productMstDropDownRowMapper -productMstDropDownRowMapper  Method Exceptionjava.sql.SQLSyntaxErrorException: Column 'PKA_ID' not found.
				
2026-07-04 15:20:03 [http-nio-8495-exec-10] ERROR c.v.d.r.productMstDropDownRowMapper -productMstDropDownRowMapper  Method Exceptionjava.sql.SQLSyntaxErrorException: Column 'PKA_ID' not found.
				
2026-07-04 15:20:03 [http-nio-8495-exec-10] ERROR c.v.d.r.productMstDropDownRowMapper -productMstDropDownRowMapper  Method Exceptionjava.sql.SQLSyntaxErrorException: Column 'PKA_ID' not found.
				
2026-07-04 15:20:03 [http-nio-8495-exec-10] ERROR c.v.d.r.productMstDropDownRowMapper -productMstDropDownRowMapper  Method Exceptionjava.sql.SQLSyntaxErrorException: Column 'PKA_ID' not found.
				
2026-07-04 15:20:03 [http-nio-8495-exec-10] ERROR c.v.d.r.productMstDropDownRowMapper -productMstDropDownRowMapper  Method Exceptionjava.sql.SQLSyntaxErrorException: Column 'PKA_ID' not found.
				
2026-07-04 15:20:03 [http-nio-8495-exec-10] ERROR c.v.d.r.productMstDropDownRowMapper -productMstDropDownRowMapper  Method Exceptionjava.sql.SQLSyntaxErrorException: Column 'PKA_ID' not found.
				
2026-07-04 15:20:03 [http-nio-8495-exec-10] ERROR c.v.d.r.productMstDropDownRowMapper -productMstDropDownRowMapper  Method Exceptionjava.sql.SQLSyntaxErrorException: Column 'PKA_ID' not found.
				
2026-07-04 15:20:03 [http-nio-8495-exec-10] ERROR c.v.d.r.productMstDropDownRowMapper -productMstDropDownRowMapper  Method Exceptionjava.sql.SQLSyntaxErrorException: Column 'PKA_ID' not found.
				
2026-07-04 15:20:03 [http-nio-8495-exec-10] ERROR c.v.d.r.productMstDropDownRowMapper -productMstDropDownRowMapper  Method Exceptionjava.sql.SQLSyntaxErrorException: Column 'PKA_ID' not found.
				
2026-07-04 15:20:03 [http-nio-8495-exec-10] ERROR c.v.d.r.productMstDropDownRowMapper -productMstDropDownRowMapper  Method Exceptionjava.sql.SQLSyntaxErrorException: Column 'PKA_ID' not found.
				
2026-07-04 15:20:03 [http-nio-8495-exec-10] ERROR c.v.d.r.productMstDropDownRowMapper -productMstDropDownRowMapper  Method Exceptionjava.sql.SQLSyntaxErrorException: Column 'PKA_ID' not found.
				
2026-07-04 15:20:03 [http-nio-8495-exec-10] ERROR c.v.d.r.productMstDropDownRowMapper -productMstDropDownRowMapper  Method Exceptionjava.sql.SQLSyntaxErrorException: Column 'PKA_ID' not found.
				
2026-07-04 15:20:03 [http-nio-8495-exec-10] ERROR c.v.d.r.productMstDropDownRowMapper -productMstDropDownRowMapper  Method Exceptionjava.sql.SQLSyntaxErrorException: Column 'PKA_ID' not found.
				
2026-07-04 15:20:03 [http-nio-8495-exec-10] ERROR c.v.d.r.productMstDropDownRowMapper -productMstDropDownRowMapper  Method Exceptionjava.sql.SQLSyntaxErrorException: Column 'PKA_ID' not found.
				
2026-07-04 15:20:03 [http-nio-8495-exec-10] ERROR c.v.d.r.productMstDropDownRowMapper -productMstDropDownRowMapper  Method Exceptionjava.sql.SQLSyntaxErrorException: Column 'PKA_ID' not found.
				
2026-07-04 15:20:03 [http-nio-8495-exec-10] ERROR c.v.d.r.productMstDropDownRowMapper -productMstDropDownRowMapper  Method Exceptionjava.sql.SQLSyntaxErrorException: Column 'PKA_ID' not found.
				
2026-07-04 15:20:03 [http-nio-8495-exec-10] ERROR c.v.d.r.productMstDropDownRowMapper -productMstDropDownRowMapper  Method Exceptionjava.sql.SQLSyntaxErrorException: Column 'PKA_ID' not found.
				
2026-07-04 15:20:03 [http-nio-8495-exec-10] ERROR c.v.d.r.productMstDropDownRowMapper -productMstDropDownRowMapper  Method Exceptionjava.sql.SQLSyntaxErrorException: Column 'PKA_ID' not found.
				
2026-07-04 15:20:03 [http-nio-8495-exec-10] ERROR c.v.d.r.productMstDropDownRowMapper -productMstDropDownRowMapper  Method Exceptionjava.sql.SQLSyntaxErrorException: Column 'PKA_ID' not found.
				
2026-07-04 15:20:03 [http-nio-8495-exec-10] ERROR c.v.d.r.productMstDropDownRowMapper -productMstDropDownRowMapper  Method Exceptionjava.sql.SQLSyntaxErrorException: Column 'PKA_ID' not found.
				
2026-07-04 15:20:03 [http-nio-8495-exec-10] ERROR c.v.d.r.productMstDropDownRowMapper -productMstDropDownRowMapper  Method Exceptionjava.sql.SQLSyntaxErrorException: Column 'PKA_ID' not found.
				
2026-07-04 15:20:03 [http-nio-8495-exec-10] ERROR c.v.d.r.productMstDropDownRowMapper -productMstDropDownRowMapper  Method Exceptionjava.sql.SQLSyntaxErrorException: Column 'PKA_ID' not found.
				
2026-07-04 15:20:03 [http-nio-8495-exec-10] ERROR c.v.d.r.productMstDropDownRowMapper -productMstDropDownRowMapper  Method Exceptionjava.sql.SQLSyntaxErrorException: Column 'PKA_ID' not found.
				
2026-07-04 15:20:03 [http-nio-8495-exec-10] ERROR c.v.d.r.productMstDropDownRowMapper -productMstDropDownRowMapper  Method Exceptionjava.sql.SQLSyntaxErrorException: Column 'PKA_ID' not found.
				
2026-07-04 15:20:03 [http-nio-8495-exec-10] ERROR c.v.d.r.productMstDropDownRowMapper -productMstDropDownRowMapper  Method Exceptionjava.sql.SQLSyntaxErrorException: Column 'PKA_ID' not found.
				
2026-07-04 15:20:03 [http-nio-8495-exec-10] ERROR c.v.d.r.productMstDropDownRowMapper -productMstDropDownRowMapper  Method Exceptionjava.sql.SQLSyntaxErrorException: Column 'PKA_ID' not found.
				
2026-07-04 15:20:03 [http-nio-8495-exec-10] ERROR c.v.d.r.productMstDropDownRowMapper -productMstDropDownRowMapper  Method Exceptionjava.sql.SQLSyntaxErrorException: Column 'PKA_ID' not found.
				
2026-07-04 15:20:03 [http-nio-8495-exec-10] ERROR c.v.d.r.productMstDropDownRowMapper -productMstDropDownRowMapper  Method Exceptionjava.sql.SQLSyntaxErrorException: Column 'PKA_ID' not found.
				
2026-07-04 15:20:03 [http-nio-8495-exec-10] ERROR c.v.d.r.productMstDropDownRowMapper -productMstDropDownRowMapper  Method Exceptionjava.sql.SQLSyntaxErrorException: Column 'PKA_ID' not found.
				
2026-07-04 15:20:03 [http-nio-8495-exec-10] ERROR c.v.d.r.productMstDropDownRowMapper -productMstDropDownRowMapper  Method Exceptionjava.sql.SQLSyntaxErrorException: Column 'PKA_ID' not found.
				
2026-07-04 15:20:03 [http-nio-8495-exec-10] ERROR c.v.d.r.productMstDropDownRowMapper -productMstDropDownRowMapper  Method Exceptionjava.sql.SQLSyntaxErrorException: Column 'PKA_ID' not found.
				
2026-07-04 15:20:03 [http-nio-8495-exec-10] ERROR c.v.d.r.productMstDropDownRowMapper -productMstDropDownRowMapper  Method Exceptionjava.sql.SQLSyntaxErrorException: Column 'PKA_ID' not found.
				
2026-07-04 15:20:03 [http-nio-8495-exec-10] ERROR c.v.d.r.productMstDropDownRowMapper -productMstDropDownRowMapper  Method Exceptionjava.sql.SQLSyntaxErrorException: Column 'PKA_ID' not found.
				
2026-07-04 15:20:03 [http-nio-8495-exec-10] ERROR c.v.d.r.productMstDropDownRowMapper -productMstDropDownRowMapper  Method Exceptionjava.sql.SQLSyntaxErrorException: Column 'PKA_ID' not found.
				
2026-07-04 15:20:03 [http-nio-8495-exec-10] ERROR c.v.d.r.productMstDropDownRowMapper -productMstDropDownRowMapper  Method Exceptionjava.sql.SQLSyntaxErrorException: Column 'PKA_ID' not found.
				
2026-07-04 15:20:03 [http-nio-8495-exec-10] ERROR c.v.d.r.productMstDropDownRowMapper -productMstDropDownRowMapper  Method Exceptionjava.sql.SQLSyntaxErrorException: Column 'PKA_ID' not found.
				
2026-07-04 15:20:03 [http-nio-8495-exec-10] ERROR c.v.d.r.productMstDropDownRowMapper -productMstDropDownRowMapper  Method Exceptionjava.sql.SQLSyntaxErrorException: Column 'PKA_ID' not found.
				
2026-07-04 15:20:03 [http-nio-8495-exec-10] ERROR c.v.d.r.productMstDropDownRowMapper -productMstDropDownRowMapper  Method Exceptionjava.sql.SQLSyntaxErrorException: Column 'PKA_ID' not found.
				
2026-07-04 15:20:03 [http-nio-8495-exec-10] ERROR c.v.d.r.productMstDropDownRowMapper -productMstDropDownRowMapper  Method Exceptionjava.sql.SQLSyntaxErrorException: Column 'PKA_ID' not found.
				
2026-07-04 15:20:03 [http-nio-8495-exec-10] ERROR c.v.d.r.productMstDropDownRowMapper -productMstDropDownRowMapper  Method Exceptionjava.sql.SQLSyntaxErrorException: Column 'PKA_ID' not found.
				
2026-07-04 15:20:03 [http-nio-8495-exec-10] ERROR c.v.d.r.productMstDropDownRowMapper -productMstDropDownRowMapper  Method Exceptionjava.sql.SQLSyntaxErrorException: Column 'PKA_ID' not found.
				
2026-07-04 15:20:03 [http-nio-8495-exec-10] ERROR c.v.d.r.productMstDropDownRowMapper -productMstDropDownRowMapper  Method Exceptionjava.sql.SQLSyntaxErrorException: Column 'PKA_ID' not found.
				
2026-07-04 15:20:03 [http-nio-8495-exec-10] ERROR c.v.d.r.productMstDropDownRowMapper -productMstDropDownRowMapper  Method Exceptionjava.sql.SQLSyntaxErrorException: Column 'PKA_ID' not found.
				
2026-07-04 15:20:03 [http-nio-8495-exec-10] ERROR c.v.d.r.productMstDropDownRowMapper -productMstDropDownRowMapper  Method Exceptionjava.sql.SQLSyntaxErrorException: Column 'PKA_ID' not found.
				
2026-07-04 15:20:03 [http-nio-8495-exec-10] ERROR c.v.d.r.productMstDropDownRowMapper -productMstDropDownRowMapper  Method Exceptionjava.sql.SQLSyntaxErrorException: Column 'PKA_ID' not found.
				
2026-07-04 15:20:03 [http-nio-8495-exec-10] ERROR c.v.d.r.productMstDropDownRowMapper -productMstDropDownRowMapper  Method Exceptionjava.sql.SQLSyntaxErrorException: Column 'PKA_ID' not found.
				
2026-07-04 15:20:03 [http-nio-8495-exec-10] ERROR c.v.d.r.productMstDropDownRowMapper -productMstDropDownRowMapper  Method Exceptionjava.sql.SQLSyntaxErrorException: Column 'PKA_ID' not found.
				
2026-07-04 15:20:03 [http-nio-8495-exec-10] ERROR c.v.d.r.productMstDropDownRowMapper -productMstDropDownRowMapper  Method Exceptionjava.sql.SQLSyntaxErrorException: Column 'PKA_ID' not found.
				
2026-07-04 15:20:03 [http-nio-8495-exec-10] ERROR c.v.d.r.productMstDropDownRowMapper -productMstDropDownRowMapper  Method Exceptionjava.sql.SQLSyntaxErrorException: Column 'PKA_ID' not found.
				
2026-07-04 15:20:03 [http-nio-8495-exec-10] ERROR c.v.d.r.productMstDropDownRowMapper -productMstDropDownRowMapper  Method Exceptionjava.sql.SQLSyntaxErrorException: Column 'PKA_ID' not found.
				
2026-07-04 15:20:03 [http-nio-8495-exec-10] ERROR c.v.d.r.productMstDropDownRowMapper -productMstDropDownRowMapper  Method Exceptionjava.sql.SQLSyntaxErrorException: Column 'PKA_ID' not found.
				
2026-07-04 15:20:03 [http-nio-8495-exec-10] ERROR c.v.d.r.productMstDropDownRowMapper -productMstDropDownRowMapper  Method Exceptionjava.sql.SQLSyntaxErrorException: Column 'PKA_ID' not found.
				
2026-07-04 15:20:03 [http-nio-8495-exec-10] ERROR c.v.d.r.productMstDropDownRowMapper -productMstDropDownRowMapper  Method Exceptionjava.sql.SQLSyntaxErrorException: Column 'PKA_ID' not found.
				
2026-07-04 15:20:03 [http-nio-8495-exec-10] ERROR c.v.d.r.productMstDropDownRowMapper -productMstDropDownRowMapper  Method Exceptionjava.sql.SQLSyntaxErrorException: Column 'PKA_ID' not found.
				
2026-07-04 15:20:03 [http-nio-8495-exec-10] ERROR c.v.d.r.productMstDropDownRowMapper -productMstDropDownRowMapper  Method Exceptionjava.sql.SQLSyntaxErrorException: Column 'PKA_ID' not found.
				
2026-07-04 15:20:03 [http-nio-8495-exec-10] ERROR c.v.d.r.productMstDropDownRowMapper -productMstDropDownRowMapper  Method Exceptionjava.sql.SQLSyntaxErrorException: Column 'PKA_ID' not found.
				
2026-07-04 15:20:03 [http-nio-8495-exec-10] ERROR c.v.d.r.productMstDropDownRowMapper -productMstDropDownRowMapper  Method Exceptionjava.sql.SQLSyntaxErrorException: Column 'PKA_ID' not found.
				
2026-07-04 15:20:03 [http-nio-8495-exec-10] ERROR c.v.d.r.productMstDropDownRowMapper -productMstDropDownRowMapper  Method Exceptionjava.sql.SQLSyntaxErrorException: Column 'PKA_ID' not found.
				
2026-07-04 15:20:03 [http-nio-8495-exec-10] ERROR c.v.d.r.productMstDropDownRowMapper -productMstDropDownRowMapper  Method Exceptionjava.sql.SQLSyntaxErrorException: Column 'PKA_ID' not found.
				
2026-07-04 15:20:03 [http-nio-8495-exec-10] ERROR c.v.d.r.productMstDropDownRowMapper -productMstDropDownRowMapper  Method Exceptionjava.sql.SQLSyntaxErrorException: Column 'PKA_ID' not found.
				
2026-07-04 15:20:03 [http-nio-8495-exec-10] ERROR c.v.d.r.productMstDropDownRowMapper -productMstDropDownRowMapper  Method Exceptionjava.sql.SQLSyntaxErrorException: Column 'PKA_ID' not found.
				
2026-07-04 15:20:03 [http-nio-8495-exec-10] ERROR c.v.d.r.productMstDropDownRowMapper -productMstDropDownRowMapper  Method Exceptionjava.sql.SQLSyntaxErrorException: Column 'PKA_ID' not found.
				
2026-07-04 15:20:03 [http-nio-8495-exec-10] ERROR c.v.d.r.productMstDropDownRowMapper -productMstDropDownRowMapper  Method Exceptionjava.sql.SQLSyntaxErrorException: Column 'PKA_ID' not found.
				
2026-07-04 15:20:03 [http-nio-8495-exec-10] ERROR c.v.d.r.productMstDropDownRowMapper -productMstDropDownRowMapper  Method Exceptionjava.sql.SQLSyntaxErrorException: Column 'PKA_ID' not found.
				
2026-07-04 15:20:03 [http-nio-8495-exec-10] ERROR c.v.d.r.productMstDropDownRowMapper -productMstDropDownRowMapper  Method Exceptionjava.sql.SQLSyntaxErrorException: Column 'PKA_ID' not found.
				
2026-07-04 15:20:03 [http-nio-8495-exec-10] ERROR c.v.d.r.productMstDropDownRowMapper -productMstDropDownRowMapper  Method Exceptionjava.sql.SQLSyntaxErrorException: Column 'PKA_ID' not found.
				
2026-07-04 15:20:03 [http-nio-8495-exec-10] ERROR c.v.d.r.productMstDropDownRowMapper -productMstDropDownRowMapper  Method Exceptionjava.sql.SQLSyntaxErrorException: Column 'PKA_ID' not found.
				
2026-07-04 15:20:03 [http-nio-8495-exec-10] ERROR c.v.d.r.productMstDropDownRowMapper -productMstDropDownRowMapper  Method Exceptionjava.sql.SQLSyntaxErrorException: Column 'PKA_ID' not found.
				
2026-07-04 15:20:03 [http-nio-8495-exec-10] ERROR c.v.d.r.productMstDropDownRowMapper -productMstDropDownRowMapper  Method Exceptionjava.sql.SQLSyntaxErrorException: Column 'PKA_ID' not found.
				
2026-07-04 15:20:03 [http-nio-8495-exec-10] ERROR c.v.d.r.productMstDropDownRowMapper -productMstDropDownRowMapper  Method Exceptionjava.sql.SQLSyntaxErrorException: Column 'PKA_ID' not found.
				
2026-07-04 15:20:03 [http-nio-8495-exec-10] ERROR c.v.d.r.productMstDropDownRowMapper -productMstDropDownRowMapper  Method Exceptionjava.sql.SQLSyntaxErrorException: Column 'PKA_ID' not found.
				
2026-07-04 15:20:03 [http-nio-8495-exec-10] ERROR c.v.d.r.productMstDropDownRowMapper -productMstDropDownRowMapper  Method Exceptionjava.sql.SQLSyntaxErrorException: Column 'PKA_ID' not found.
				
2026-07-04 15:20:03 [http-nio-8495-exec-10] ERROR c.v.d.r.productMstDropDownRowMapper -productMstDropDownRowMapper  Method Exceptionjava.sql.SQLSyntaxErrorException: Column 'PKA_ID' not found.
				
2026-07-04 15:20:03 [http-nio-8495-exec-10] ERROR c.v.d.r.productMstDropDownRowMapper -productMstDropDownRowMapper  Method Exceptionjava.sql.SQLSyntaxErrorException: Column 'PKA_ID' not found.
				
2026-07-04 15:20:03 [http-nio-8495-exec-10] ERROR c.v.d.r.productMstDropDownRowMapper -productMstDropDownRowMapper  Method Exceptionjava.sql.SQLSyntaxErrorException: Column 'PKA_ID' not found.
				
2026-07-04 15:20:03 [http-nio-8495-exec-10] ERROR c.v.d.r.productMstDropDownRowMapper -productMstDropDownRowMapper  Method Exceptionjava.sql.SQLSyntaxErrorException: Column 'PKA_ID' not found.
				
2026-07-04 15:20:03 [http-nio-8495-exec-10] ERROR c.v.d.r.productMstDropDownRowMapper -productMstDropDownRowMapper  Method Exceptionjava.sql.SQLSyntaxErrorException: Column 'PKA_ID' not found.
				
2026-07-04 15:20:03 [http-nio-8495-exec-10] ERROR c.v.d.r.productMstDropDownRowMapper -productMstDropDownRowMapper  Method Exceptionjava.sql.SQLSyntaxErrorException: Column 'PKA_ID' not found.
				
2026-07-04 15:20:03 [http-nio-8495-exec-10] ERROR c.v.d.r.productMstDropDownRowMapper -productMstDropDownRowMapper  Method Exceptionjava.sql.SQLSyntaxErrorException: Column 'PKA_ID' not found.
				
2026-07-04 15:20:03 [http-nio-8495-exec-10] ERROR c.v.d.r.productMstDropDownRowMapper -productMstDropDownRowMapper  Method Exceptionjava.sql.SQLSyntaxErrorException: Column 'PKA_ID' not found.
				
2026-07-04 15:20:03 [http-nio-8495-exec-10] ERROR c.v.d.r.productMstDropDownRowMapper -productMstDropDownRowMapper  Method Exceptionjava.sql.SQLSyntaxErrorException: Column 'PKA_ID' not found.
				
2026-07-04 15:20:03 [http-nio-8495-exec-10] ERROR c.v.d.r.productMstDropDownRowMapper -productMstDropDownRowMapper  Method Exceptionjava.sql.SQLSyntaxErrorException: Column 'PKA_ID' not found.
				
2026-07-04 15:20:03 [http-nio-8495-exec-10] ERROR c.v.d.r.productMstDropDownRowMapper -productMstDropDownRowMapper  Method Exceptionjava.sql.SQLSyntaxErrorException: Column 'PKA_ID' not found.
				
2026-07-04 15:20:03 [http-nio-8495-exec-10] ERROR c.v.d.r.productMstDropDownRowMapper -productMstDropDownRowMapper  Method Exceptionjava.sql.SQLSyntaxErrorException: Column 'PKA_ID' not found.
				
2026-07-04 15:20:03 [http-nio-8495-exec-10] ERROR c.v.d.r.productMstDropDownRowMapper -productMstDropDownRowMapper  Method Exceptionjava.sql.SQLSyntaxErrorException: Column 'PKA_ID' not found.
				
2026-07-04 15:20:03 [http-nio-8495-exec-10] ERROR c.v.d.r.productMstDropDownRowMapper -productMstDropDownRowMapper  Method Exceptionjava.sql.SQLSyntaxErrorException: Column 'PKA_ID' not found.
				
2026-07-04 15:20:03 [http-nio-8495-exec-10] ERROR c.v.d.r.productMstDropDownRowMapper -productMstDropDownRowMapper  Method Exceptionjava.sql.SQLSyntaxErrorException: Column 'PKA_ID' not found.
				
2026-07-04 15:20:03 [http-nio-8495-exec-10] ERROR c.v.d.r.productMstDropDownRowMapper -productMstDropDownRowMapper  Method Exceptionjava.sql.SQLSyntaxErrorException: Column 'PKA_ID' not found.
				
2026-07-04 15:20:03 [http-nio-8495-exec-10] ERROR c.v.d.r.productMstDropDownRowMapper -productMstDropDownRowMapper  Method Exceptionjava.sql.SQLSyntaxErrorException: Column 'PKA_ID' not found.
				
2026-07-04 15:20:03 [http-nio-8495-exec-10] ERROR c.v.d.r.productMstDropDownRowMapper -productMstDropDownRowMapper  Method Exceptionjava.sql.SQLSyntaxErrorException: Column 'PKA_ID' not found.
				
2026-07-04 15:20:03 [http-nio-8495-exec-10] ERROR c.v.d.r.productMstDropDownRowMapper -productMstDropDownRowMapper  Method Exceptionjava.sql.SQLSyntaxErrorException: Column 'PKA_ID' not found.
				
2026-07-04 15:20:03 [http-nio-8495-exec-10] ERROR c.v.d.r.productMstDropDownRowMapper -productMstDropDownRowMapper  Method Exceptionjava.sql.SQLSyntaxErrorException: Column 'PKA_ID' not found.
				
2026-07-04 15:20:03 [http-nio-8495-exec-10] ERROR c.v.d.r.productMstDropDownRowMapper -productMstDropDownRowMapper  Method Exceptionjava.sql.SQLSyntaxErrorException: Column 'PKA_ID' not found.
				
2026-07-04 15:20:03 [http-nio-8495-exec-10] ERROR c.v.d.r.productMstDropDownRowMapper -productMstDropDownRowMapper  Method Exceptionjava.sql.SQLSyntaxErrorException: Column 'PKA_ID' not found.
				
2026-07-04 15:20:03 [http-nio-8495-exec-10] ERROR c.v.d.r.productMstDropDownRowMapper -productMstDropDownRowMapper  Method Exceptionjava.sql.SQLSyntaxErrorException: Column 'PKA_ID' not found.
				
2026-07-04 15:20:03 [http-nio-8495-exec-10] ERROR c.v.d.r.productMstDropDownRowMapper -productMstDropDownRowMapper  Method Exceptionjava.sql.SQLSyntaxErrorException: Column 'PKA_ID' not found.
				
2026-07-04 15:20:03 [http-nio-8495-exec-10] ERROR c.v.d.r.productMstDropDownRowMapper -productMstDropDownRowMapper  Method Exceptionjava.sql.SQLSyntaxErrorException: Column 'PKA_ID' not found.
				
2026-07-04 15:20:03 [http-nio-8495-exec-10] ERROR c.v.d.r.productMstDropDownRowMapper -productMstDropDownRowMapper  Method Exceptionjava.sql.SQLSyntaxErrorException: Column 'PKA_ID' not found.
				
2026-07-04 15:20:03 [http-nio-8495-exec-10] ERROR c.v.d.r.productMstDropDownRowMapper -productMstDropDownRowMapper  Method Exceptionjava.sql.SQLSyntaxErrorException: Column 'PKA_ID' not found.
				
2026-07-04 15:20:03 [http-nio-8495-exec-10] ERROR c.v.d.r.productMstDropDownRowMapper -productMstDropDownRowMapper  Method Exceptionjava.sql.SQLSyntaxErrorException: Column 'PKA_ID' not found.
				
2026-07-04 15:20:03 [http-nio-8495-exec-10] ERROR c.v.d.r.productMstDropDownRowMapper -productMstDropDownRowMapper  Method Exceptionjava.sql.SQLSyntaxErrorException: Column 'PKA_ID' not found.
				
2026-07-04 15:20:03 [http-nio-8495-exec-10] ERROR c.v.d.r.productMstDropDownRowMapper -productMstDropDownRowMapper  Method Exceptionjava.sql.SQLSyntaxErrorException: Column 'PKA_ID' not found.
				
2026-07-04 15:20:03 [http-nio-8495-exec-10] ERROR c.v.d.r.productMstDropDownRowMapper -productMstDropDownRowMapper  Method Exceptionjava.sql.SQLSyntaxErrorException: Column 'PKA_ID' not found.
				
2026-07-04 15:20:03 [http-nio-8495-exec-10] ERROR c.v.d.r.productMstDropDownRowMapper -productMstDropDownRowMapper  Method Exceptionjava.sql.SQLSyntaxErrorException: Column 'PKA_ID' not found.
				
2026-07-04 15:20:03 [http-nio-8495-exec-10] ERROR c.v.d.r.productMstDropDownRowMapper -productMstDropDownRowMapper  Method Exceptionjava.sql.SQLSyntaxErrorException: Column 'PKA_ID' not found.
				
2026-07-04 15:20:03 [http-nio-8495-exec-10] ERROR c.v.d.r.productMstDropDownRowMapper -productMstDropDownRowMapper  Method Exceptionjava.sql.SQLSyntaxErrorException: Column 'PKA_ID' not found.
				
2026-07-04 15:20:03 [http-nio-8495-exec-10] ERROR c.v.d.r.productMstDropDownRowMapper -productMstDropDownRowMapper  Method Exceptionjava.sql.SQLSyntaxErrorException: Column 'PKA_ID' not found.
				
2026-07-04 15:20:03 [http-nio-8495-exec-10] ERROR c.v.d.r.productMstDropDownRowMapper -productMstDropDownRowMapper  Method Exceptionjava.sql.SQLSyntaxErrorException: Column 'PKA_ID' not found.
				
2026-07-04 15:20:03 [http-nio-8495-exec-10] ERROR c.v.d.r.productMstDropDownRowMapper -productMstDropDownRowMapper  Method Exceptionjava.sql.SQLSyntaxErrorException: Column 'PKA_ID' not found.
				
2026-07-04 15:20:03 [http-nio-8495-exec-10] ERROR c.v.d.r.productMstDropDownRowMapper -productMstDropDownRowMapper  Method Exceptionjava.sql.SQLSyntaxErrorException: Column 'PKA_ID' not found.
				
2026-07-04 15:20:03 [http-nio-8495-exec-10] ERROR c.v.d.r.productMstDropDownRowMapper -productMstDropDownRowMapper  Method Exceptionjava.sql.SQLSyntaxErrorException: Column 'PKA_ID' not found.
				
2026-07-04 15:20:03 [http-nio-8495-exec-10] ERROR c.v.d.r.productMstDropDownRowMapper -productMstDropDownRowMapper  Method Exceptionjava.sql.SQLSyntaxErrorException: Column 'PKA_ID' not found.
				
2026-07-04 15:20:03 [http-nio-8495-exec-10] ERROR c.v.d.r.productMstDropDownRowMapper -productMstDropDownRowMapper  Method Exceptionjava.sql.SQLSyntaxErrorException: Column 'PKA_ID' not found.
				
2026-07-04 15:20:03 [http-nio-8495-exec-10] ERROR c.v.d.r.productMstDropDownRowMapper -productMstDropDownRowMapper  Method Exceptionjava.sql.SQLSyntaxErrorException: Column 'PKA_ID' not found.
				
2026-07-04 15:20:03 [http-nio-8495-exec-10] ERROR c.v.d.r.productMstDropDownRowMapper -productMstDropDownRowMapper  Method Exceptionjava.sql.SQLSyntaxErrorException: Column 'PKA_ID' not found.
				
2026-07-04 15:20:03 [http-nio-8495-exec-10] ERROR c.v.d.r.productMstDropDownRowMapper -productMstDropDownRowMapper  Method Exceptionjava.sql.SQLSyntaxErrorException: Column 'PKA_ID' not found.
				
2026-07-04 15:20:03 [http-nio-8495-exec-10] ERROR c.v.d.r.productMstDropDownRowMapper -productMstDropDownRowMapper  Method Exceptionjava.sql.SQLSyntaxErrorException: Column 'PKA_ID' not found.
				
2026-07-04 15:20:03 [http-nio-8495-exec-10] ERROR c.v.d.r.productMstDropDownRowMapper -productMstDropDownRowMapper  Method Exceptionjava.sql.SQLSyntaxErrorException: Column 'PKA_ID' not found.
				
2026-07-04 15:20:03 [http-nio-8495-exec-10] ERROR c.v.d.r.productMstDropDownRowMapper -productMstDropDownRowMapper  Method Exceptionjava.sql.SQLSyntaxErrorException: Column 'PKA_ID' not found.
				
2026-07-04 15:20:03 [http-nio-8495-exec-10] ERROR c.v.d.r.productMstDropDownRowMapper -productMstDropDownRowMapper  Method Exceptionjava.sql.SQLSyntaxErrorException: Column 'PKA_ID' not found.
				
2026-07-04 15:20:03 [http-nio-8495-exec-10] ERROR c.v.d.r.productMstDropDownRowMapper -productMstDropDownRowMapper  Method Exceptionjava.sql.SQLSyntaxErrorException: Column 'PKA_ID' not found.
				
2026-07-04 15:20:03 [http-nio-8495-exec-10] ERROR c.v.d.r.productMstDropDownRowMapper -productMstDropDownRowMapper  Method Exceptionjava.sql.SQLSyntaxErrorException: Column 'PKA_ID' not found.
				
2026-07-04 15:20:03 [http-nio-8495-exec-10] ERROR c.v.d.r.productMstDropDownRowMapper -productMstDropDownRowMapper  Method Exceptionjava.sql.SQLSyntaxErrorException: Column 'PKA_ID' not found.
				
2026-07-04 15:20:03 [http-nio-8495-exec-10] ERROR c.v.d.r.productMstDropDownRowMapper -productMstDropDownRowMapper  Method Exceptionjava.sql.SQLSyntaxErrorException: Column 'PKA_ID' not found.
				
2026-07-04 15:20:03 [http-nio-8495-exec-10] ERROR c.v.d.r.productMstDropDownRowMapper -productMstDropDownRowMapper  Method Exceptionjava.sql.SQLSyntaxErrorException: Column 'PKA_ID' not found.
				
2026-07-04 15:20:03 [http-nio-8495-exec-10] ERROR c.v.d.r.productMstDropDownRowMapper -productMstDropDownRowMapper  Method Exceptionjava.sql.SQLSyntaxErrorException: Column 'PKA_ID' not found.
				
2026-07-04 15:20:03 [http-nio-8495-exec-10] ERROR c.v.d.r.productMstDropDownRowMapper -productMstDropDownRowMapper  Method Exceptionjava.sql.SQLSyntaxErrorException: Column 'PKA_ID' not found.
				
2026-07-04 15:20:03 [http-nio-8495-exec-10] ERROR c.v.d.r.productMstDropDownRowMapper -productMstDropDownRowMapper  Method Exceptionjava.sql.SQLSyntaxErrorException: Column 'PKA_ID' not found.
				
2026-07-04 15:20:03 [http-nio-8495-exec-10] ERROR c.v.d.r.productMstDropDownRowMapper -productMstDropDownRowMapper  Method Exceptionjava.sql.SQLSyntaxErrorException: Column 'PKA_ID' not found.
				
2026-07-04 15:20:03 [http-nio-8495-exec-10] ERROR c.v.d.r.productMstDropDownRowMapper -productMstDropDownRowMapper  Method Exceptionjava.sql.SQLSyntaxErrorException: Column 'PKA_ID' not found.
				
2026-07-04 15:20:03 [http-nio-8495-exec-10] ERROR c.v.d.r.productMstDropDownRowMapper -productMstDropDownRowMapper  Method Exceptionjava.sql.SQLSyntaxErrorException: Column 'PKA_ID' not found.
				
2026-07-04 15:20:03 [http-nio-8495-exec-10] ERROR c.v.d.r.productMstDropDownRowMapper -productMstDropDownRowMapper  Method Exceptionjava.sql.SQLSyntaxErrorException: Column 'PKA_ID' not found.
				
2026-07-04 15:20:03 [http-nio-8495-exec-10] ERROR c.v.d.r.productMstDropDownRowMapper -productMstDropDownRowMapper  Method Exceptionjava.sql.SQLSyntaxErrorException: Column 'PKA_ID' not found.
				
2026-07-04 15:20:03 [http-nio-8495-exec-10] ERROR c.v.d.r.productMstDropDownRowMapper -productMstDropDownRowMapper  Method Exceptionjava.sql.SQLSyntaxErrorException: Column 'PKA_ID' not found.
				
2026-07-04 15:20:03 [http-nio-8495-exec-10] ERROR c.v.d.r.productMstDropDownRowMapper -productMstDropDownRowMapper  Method Exceptionjava.sql.SQLSyntaxErrorException: Column 'PKA_ID' not found.
				
2026-07-04 15:20:03 [http-nio-8495-exec-10] ERROR c.v.d.r.productMstDropDownRowMapper -productMstDropDownRowMapper  Method Exceptionjava.sql.SQLSyntaxErrorException: Column 'PKA_ID' not found.
				
2026-07-04 15:20:03 [http-nio-8495-exec-10] ERROR c.v.d.r.productMstDropDownRowMapper -productMstDropDownRowMapper  Method Exceptionjava.sql.SQLSyntaxErrorException: Column 'PKA_ID' not found.
				
2026-07-04 15:20:03 [http-nio-8495-exec-10] ERROR c.v.d.r.productMstDropDownRowMapper -productMstDropDownRowMapper  Method Exceptionjava.sql.SQLSyntaxErrorException: Column 'PKA_ID' not found.
				
2026-07-04 15:20:03 [http-nio-8495-exec-10] ERROR c.v.d.r.productMstDropDownRowMapper -productMstDropDownRowMapper  Method Exceptionjava.sql.SQLSyntaxErrorException: Column 'PKA_ID' not found.
				
2026-07-04 15:20:03 [http-nio-8495-exec-10] ERROR c.v.d.r.productMstDropDownRowMapper -productMstDropDownRowMapper  Method Exceptionjava.sql.SQLSyntaxErrorException: Column 'PKA_ID' not found.
				
2026-07-04 15:20:03 [http-nio-8495-exec-10] ERROR c.v.d.r.productMstDropDownRowMapper -productMstDropDownRowMapper  Method Exceptionjava.sql.SQLSyntaxErrorException: Column 'PKA_ID' not found.
				
2026-07-04 15:20:03 [http-nio-8495-exec-10] ERROR c.v.d.r.productMstDropDownRowMapper -productMstDropDownRowMapper  Method Exceptionjava.sql.SQLSyntaxErrorException: Column 'PKA_ID' not found.
				
2026-07-04 15:20:03 [http-nio-8495-exec-10] ERROR c.v.d.r.productMstDropDownRowMapper -productMstDropDownRowMapper  Method Exceptionjava.sql.SQLSyntaxErrorException: Column 'PKA_ID' not found.
				
2026-07-04 15:20:03 [http-nio-8495-exec-10] ERROR c.v.d.r.productMstDropDownRowMapper -productMstDropDownRowMapper  Method Exceptionjava.sql.SQLSyntaxErrorException: Column 'PKA_ID' not found.
				
2026-07-04 15:20:03 [http-nio-8495-exec-10] ERROR c.v.d.r.productMstDropDownRowMapper -productMstDropDownRowMapper  Method Exceptionjava.sql.SQLSyntaxErrorException: Column 'PKA_ID' not found.
				
2026-07-04 15:20:03 [http-nio-8495-exec-10] ERROR c.v.d.r.productMstDropDownRowMapper -productMstDropDownRowMapper  Method Exceptionjava.sql.SQLSyntaxErrorException: Column 'PKA_ID' not found.
				
2026-07-04 15:20:03 [http-nio-8495-exec-10] ERROR c.v.d.r.productMstDropDownRowMapper -productMstDropDownRowMapper  Method Exceptionjava.sql.SQLSyntaxErrorException: Column 'PKA_ID' not found.
				
2026-07-04 15:20:03 [http-nio-8495-exec-10] ERROR c.v.d.r.productMstDropDownRowMapper -productMstDropDownRowMapper  Method Exceptionjava.sql.SQLSyntaxErrorException: Column 'PKA_ID' not found.
				
2026-07-04 15:20:03 [http-nio-8495-exec-10] ERROR c.v.d.r.productMstDropDownRowMapper -productMstDropDownRowMapper  Method Exceptionjava.sql.SQLSyntaxErrorException: Column 'PKA_ID' not found.
				
2026-07-04 15:20:03 [http-nio-8495-exec-10] ERROR c.v.d.r.productMstDropDownRowMapper -productMstDropDownRowMapper  Method Exceptionjava.sql.SQLSyntaxErrorException: Column 'PKA_ID' not found.
				
2026-07-04 15:20:03 [http-nio-8495-exec-10] ERROR c.v.d.r.productMstDropDownRowMapper -productMstDropDownRowMapper  Method Exceptionjava.sql.SQLSyntaxErrorException: Column 'PKA_ID' not found.
				
2026-07-04 15:20:03 [http-nio-8495-exec-10] ERROR c.v.d.r.productMstDropDownRowMapper -productMstDropDownRowMapper  Method Exceptionjava.sql.SQLSyntaxErrorException: Column 'PKA_ID' not found.
				
2026-07-04 15:20:03 [http-nio-8495-exec-10] ERROR c.v.d.r.productMstDropDownRowMapper -productMstDropDownRowMapper  Method Exceptionjava.sql.SQLSyntaxErrorException: Column 'PKA_ID' not found.
				
2026-07-04 15:20:03 [http-nio-8495-exec-10] ERROR c.v.d.r.productMstDropDownRowMapper -productMstDropDownRowMapper  Method Exceptionjava.sql.SQLSyntaxErrorException: Column 'PKA_ID' not found.
				
2026-07-04 15:20:03 [http-nio-8495-exec-10] ERROR c.v.d.r.productMstDropDownRowMapper -productMstDropDownRowMapper  Method Exceptionjava.sql.SQLSyntaxErrorException: Column 'PKA_ID' not found.
				
2026-07-04 15:20:03 [http-nio-8495-exec-10] ERROR c.v.d.r.productMstDropDownRowMapper -productMstDropDownRowMapper  Method Exceptionjava.sql.SQLSyntaxErrorException: Column 'PKA_ID' not found.
				
2026-07-04 15:20:03 [http-nio-8495-exec-10] ERROR c.v.d.r.productMstDropDownRowMapper -productMstDropDownRowMapper  Method Exceptionjava.sql.SQLSyntaxErrorException: Column 'PKA_ID' not found.
				
2026-07-04 15:20:03 [http-nio-8495-exec-10] ERROR c.v.d.r.productMstDropDownRowMapper -productMstDropDownRowMapper  Method Exceptionjava.sql.SQLSyntaxErrorException: Column 'PKA_ID' not found.
				
2026-07-04 15:20:03 [http-nio-8495-exec-10] ERROR c.v.d.r.productMstDropDownRowMapper -productMstDropDownRowMapper  Method Exceptionjava.sql.SQLSyntaxErrorException: Column 'PKA_ID' not found.
				
2026-07-04 15:20:03 [http-nio-8495-exec-10] ERROR c.v.d.r.productMstDropDownRowMapper -productMstDropDownRowMapper  Method Exceptionjava.sql.SQLSyntaxErrorException: Column 'PKA_ID' not found.
				
2026-07-04 15:20:03 [http-nio-8495-exec-10] ERROR c.v.d.r.productMstDropDownRowMapper -productMstDropDownRowMapper  Method Exceptionjava.sql.SQLSyntaxErrorException: Column 'PKA_ID' not found.
				
2026-07-04 15:20:03 [http-nio-8495-exec-10] ERROR c.v.d.r.productMstDropDownRowMapper -productMstDropDownRowMapper  Method Exceptionjava.sql.SQLSyntaxErrorException: Column 'PKA_ID' not found.
				
2026-07-04 15:20:03 [http-nio-8495-exec-10] ERROR c.v.d.r.productMstDropDownRowMapper -productMstDropDownRowMapper  Method Exceptionjava.sql.SQLSyntaxErrorException: Column 'PKA_ID' not found.
				
2026-07-04 15:20:03 [http-nio-8495-exec-10] ERROR c.v.d.r.productMstDropDownRowMapper -productMstDropDownRowMapper  Method Exceptionjava.sql.SQLSyntaxErrorException: Column 'PKA_ID' not found.
				
2026-07-04 15:20:03 [http-nio-8495-exec-10] ERROR c.v.d.r.productMstDropDownRowMapper -productMstDropDownRowMapper  Method Exceptionjava.sql.SQLSyntaxErrorException: Column 'PKA_ID' not found.
				
2026-07-04 15:20:03 [http-nio-8495-exec-10] ERROR c.v.d.r.productMstDropDownRowMapper -productMstDropDownRowMapper  Method Exceptionjava.sql.SQLSyntaxErrorException: Column 'PKA_ID' not found.
				
2026-07-04 15:20:03 [http-nio-8495-exec-10] ERROR c.v.d.r.productMstDropDownRowMapper -productMstDropDownRowMapper  Method Exceptionjava.sql.SQLSyntaxErrorException: Column 'PKA_ID' not found.
				
2026-07-04 15:20:03 [http-nio-8495-exec-10] ERROR c.v.d.r.productMstDropDownRowMapper -productMstDropDownRowMapper  Method Exceptionjava.sql.SQLSyntaxErrorException: Column 'PKA_ID' not found.
				
2026-07-04 15:20:03 [http-nio-8495-exec-10] ERROR c.v.d.r.productMstDropDownRowMapper -productMstDropDownRowMapper  Method Exceptionjava.sql.SQLSyntaxErrorException: Column 'PKA_ID' not found.
				
2026-07-04 15:20:03 [http-nio-8495-exec-10] ERROR c.v.d.r.productMstDropDownRowMapper -productMstDropDownRowMapper  Method Exceptionjava.sql.SQLSyntaxErrorException: Column 'PKA_ID' not found.
				
2026-07-04 15:20:03 [http-nio-8495-exec-10] ERROR c.v.d.r.productMstDropDownRowMapper -productMstDropDownRowMapper  Method Exceptionjava.sql.SQLSyntaxErrorException: Column 'PKA_ID' not found.
				
2026-07-04 15:20:03 [http-nio-8495-exec-10] ERROR c.v.d.r.productMstDropDownRowMapper -productMstDropDownRowMapper  Method Exceptionjava.sql.SQLSyntaxErrorException: Column 'PKA_ID' not found.
				
2026-07-04 15:20:03 [http-nio-8495-exec-10] ERROR c.v.d.r.productMstDropDownRowMapper -productMstDropDownRowMapper  Method Exceptionjava.sql.SQLSyntaxErrorException: Column 'PKA_ID' not found.
				
2026-07-04 15:20:03 [http-nio-8495-exec-10] ERROR c.v.d.r.productMstDropDownRowMapper -productMstDropDownRowMapper  Method Exceptionjava.sql.SQLSyntaxErrorException: Column 'PKA_ID' not found.
				
2026-07-04 15:20:03 [http-nio-8495-exec-10] ERROR c.v.d.r.productMstDropDownRowMapper -productMstDropDownRowMapper  Method Exceptionjava.sql.SQLSyntaxErrorException: Column 'PKA_ID' not found.
				
2026-07-04 15:20:03 [http-nio-8495-exec-10] ERROR c.v.d.r.productMstDropDownRowMapper -productMstDropDownRowMapper  Method Exceptionjava.sql.SQLSyntaxErrorException: Column 'PKA_ID' not found.
				
2026-07-04 15:20:03 [http-nio-8495-exec-10] ERROR c.v.d.r.productMstDropDownRowMapper -productMstDropDownRowMapper  Method Exceptionjava.sql.SQLSyntaxErrorException: Column 'PKA_ID' not found.
				
2026-07-04 15:20:03 [http-nio-8495-exec-10] ERROR c.v.d.r.productMstDropDownRowMapper -productMstDropDownRowMapper  Method Exceptionjava.sql.SQLSyntaxErrorException: Column 'PKA_ID' not found.
				
2026-07-04 15:20:03 [http-nio-8495-exec-10] ERROR c.v.d.r.productMstDropDownRowMapper -productMstDropDownRowMapper  Method Exceptionjava.sql.SQLSyntaxErrorException: Column 'PKA_ID' not found.
				
2026-07-04 15:20:03 [http-nio-8495-exec-10] ERROR c.v.d.r.productMstDropDownRowMapper -productMstDropDownRowMapper  Method Exceptionjava.sql.SQLSyntaxErrorException: Column 'PKA_ID' not found.
				
2026-07-04 15:20:03 [http-nio-8495-exec-10] ERROR c.v.d.r.productMstDropDownRowMapper -productMstDropDownRowMapper  Method Exceptionjava.sql.SQLSyntaxErrorException: Column 'PKA_ID' not found.
				
2026-07-04 15:20:03 [http-nio-8495-exec-10] ERROR c.v.d.r.productMstDropDownRowMapper -productMstDropDownRowMapper  Method Exceptionjava.sql.SQLSyntaxErrorException: Column 'PKA_ID' not found.
				
2026-07-04 15:20:03 [http-nio-8495-exec-10] ERROR c.v.d.r.productMstDropDownRowMapper -productMstDropDownRowMapper  Method Exceptionjava.sql.SQLSyntaxErrorException: Column 'PKA_ID' not found.
				
2026-07-04 15:20:03 [http-nio-8495-exec-10] ERROR c.v.d.r.productMstDropDownRowMapper -productMstDropDownRowMapper  Method Exceptionjava.sql.SQLSyntaxErrorException: Column 'PKA_ID' not found.
				
2026-07-04 15:20:03 [http-nio-8495-exec-10] ERROR c.v.d.r.productMstDropDownRowMapper -productMstDropDownRowMapper  Method Exceptionjava.sql.SQLSyntaxErrorException: Column 'PKA_ID' not found.
				
2026-07-04 15:20:03 [http-nio-8495-exec-10] ERROR c.v.d.r.productMstDropDownRowMapper -productMstDropDownRowMapper  Method Exceptionjava.sql.SQLSyntaxErrorException: Column 'PKA_ID' not found.
				
2026-07-04 15:20:03 [http-nio-8495-exec-10] ERROR c.v.d.r.productMstDropDownRowMapper -productMstDropDownRowMapper  Method Exceptionjava.sql.SQLSyntaxErrorException: Column 'PKA_ID' not found.
				
2026-07-04 15:20:03 [http-nio-8495-exec-10] ERROR c.v.d.r.productMstDropDownRowMapper -productMstDropDownRowMapper  Method Exceptionjava.sql.SQLSyntaxErrorException: Column 'PKA_ID' not found.
				
2026-07-04 15:20:03 [http-nio-8495-exec-10] ERROR c.v.d.r.productMstDropDownRowMapper -productMstDropDownRowMapper  Method Exceptionjava.sql.SQLSyntaxErrorException: Column 'PKA_ID' not found.
				
2026-07-04 15:20:03 [http-nio-8495-exec-10] ERROR c.v.d.r.productMstDropDownRowMapper -productMstDropDownRowMapper  Method Exceptionjava.sql.SQLSyntaxErrorException: Column 'PKA_ID' not found.
				
2026-07-04 15:20:03 [http-nio-8495-exec-10] ERROR c.v.d.r.productMstDropDownRowMapper -productMstDropDownRowMapper  Method Exceptionjava.sql.SQLSyntaxErrorException: Column 'PKA_ID' not found.
				
2026-07-04 15:20:03 [http-nio-8495-exec-10] ERROR c.v.d.r.productMstDropDownRowMapper -productMstDropDownRowMapper  Method Exceptionjava.sql.SQLSyntaxErrorException: Column 'PKA_ID' not found.
				
2026-07-04 15:20:03 [http-nio-8495-exec-10] ERROR c.v.d.r.productMstDropDownRowMapper -productMstDropDownRowMapper  Method Exceptionjava.sql.SQLSyntaxErrorException: Column 'PKA_ID' not found.
				
2026-07-04 15:20:03 [http-nio-8495-exec-10] ERROR c.v.d.r.productMstDropDownRowMapper -productMstDropDownRowMapper  Method Exceptionjava.sql.SQLSyntaxErrorException: Column 'PKA_ID' not found.
				
2026-07-04 15:20:03 [http-nio-8495-exec-10] ERROR c.v.d.r.productMstDropDownRowMapper -productMstDropDownRowMapper  Method Exceptionjava.sql.SQLSyntaxErrorException: Column 'PKA_ID' not found.
				
2026-07-04 15:20:03 [http-nio-8495-exec-10] ERROR c.v.d.r.productMstDropDownRowMapper -productMstDropDownRowMapper  Method Exceptionjava.sql.SQLSyntaxErrorException: Column 'PKA_ID' not found.
				
2026-07-04 15:20:03 [http-nio-8495-exec-10] ERROR c.v.d.r.productMstDropDownRowMapper -productMstDropDownRowMapper  Method Exceptionjava.sql.SQLSyntaxErrorException: Column 'PKA_ID' not found.
				
2026-07-04 15:20:03 [http-nio-8495-exec-10] ERROR c.v.d.r.productMstDropDownRowMapper -productMstDropDownRowMapper  Method Exceptionjava.sql.SQLSyntaxErrorException: Column 'PKA_ID' not found.
				
2026-07-04 15:20:03 [http-nio-8495-exec-10] ERROR c.v.d.r.productMstDropDownRowMapper -productMstDropDownRowMapper  Method Exceptionjava.sql.SQLSyntaxErrorException: Column 'PKA_ID' not found.
				
2026-07-04 15:20:03 [http-nio-8495-exec-10] ERROR c.v.d.r.productMstDropDownRowMapper -productMstDropDownRowMapper  Method Exceptionjava.sql.SQLSyntaxErrorException: Column 'PKA_ID' not found.
				
2026-07-04 15:20:03 [http-nio-8495-exec-10] ERROR c.v.d.r.productMstDropDownRowMapper -productMstDropDownRowMapper  Method Exceptionjava.sql.SQLSyntaxErrorException: Column 'PKA_ID' not found.
				
2026-07-04 15:20:03 [http-nio-8495-exec-10] ERROR c.v.d.r.productMstDropDownRowMapper -productMstDropDownRowMapper  Method Exceptionjava.sql.SQLSyntaxErrorException: Column 'PKA_ID' not found.
				
2026-07-04 15:20:03 [http-nio-8495-exec-10] ERROR c.v.d.r.productMstDropDownRowMapper -productMstDropDownRowMapper  Method Exceptionjava.sql.SQLSyntaxErrorException: Column 'PKA_ID' not found.
				
2026-07-04 15:20:03 [http-nio-8495-exec-10] ERROR c.v.d.r.productMstDropDownRowMapper -productMstDropDownRowMapper  Method Exceptionjava.sql.SQLSyntaxErrorException: Column 'PKA_ID' not found.
				
2026-07-04 15:20:03 [http-nio-8495-exec-10] ERROR c.v.d.r.productMstDropDownRowMapper -productMstDropDownRowMapper  Method Exceptionjava.sql.SQLSyntaxErrorException: Column 'PKA_ID' not found.
				
2026-07-04 15:20:03 [http-nio-8495-exec-10] ERROR c.v.d.r.productMstDropDownRowMapper -productMstDropDownRowMapper  Method Exceptionjava.sql.SQLSyntaxErrorException: Column 'PKA_ID' not found.
				
2026-07-04 15:20:03 [http-nio-8495-exec-10] ERROR c.v.d.r.productMstDropDownRowMapper -productMstDropDownRowMapper  Method Exceptionjava.sql.SQLSyntaxErrorException: Column 'PKA_ID' not found.
				
2026-07-04 15:20:03 [http-nio-8495-exec-10] ERROR c.v.d.r.productMstDropDownRowMapper -productMstDropDownRowMapper  Method Exceptionjava.sql.SQLSyntaxErrorException: Column 'PKA_ID' not found.
				
2026-07-04 15:20:03 [http-nio-8495-exec-10] ERROR c.v.d.r.productMstDropDownRowMapper -productMstDropDownRowMapper  Method Exceptionjava.sql.SQLSyntaxErrorException: Column 'PKA_ID' not found.
				
2026-07-04 15:20:03 [http-nio-8495-exec-10] ERROR c.v.d.r.productMstDropDownRowMapper -productMstDropDownRowMapper  Method Exceptionjava.sql.SQLSyntaxErrorException: Column 'PKA_ID' not found.
				
2026-07-04 15:20:03 [http-nio-8495-exec-10] ERROR c.v.d.r.productMstDropDownRowMapper -productMstDropDownRowMapper  Method Exceptionjava.sql.SQLSyntaxErrorException: Column 'PKA_ID' not found.
				
2026-07-04 15:20:03 [http-nio-8495-exec-10] ERROR c.v.d.r.productMstDropDownRowMapper -productMstDropDownRowMapper  Method Exceptionjava.sql.SQLSyntaxErrorException: Column 'PKA_ID' not found.
				
2026-07-04 15:20:03 [http-nio-8495-exec-10] ERROR c.v.d.r.productMstDropDownRowMapper -productMstDropDownRowMapper  Method Exceptionjava.sql.SQLSyntaxErrorException: Column 'PKA_ID' not found.
				
2026-07-04 15:20:03 [http-nio-8495-exec-10] ERROR c.v.d.r.productMstDropDownRowMapper -productMstDropDownRowMapper  Method Exceptionjava.sql.SQLSyntaxErrorException: Column 'PKA_ID' not found.
				
2026-07-04 15:20:03 [http-nio-8495-exec-10] ERROR c.v.d.r.productMstDropDownRowMapper -productMstDropDownRowMapper  Method Exceptionjava.sql.SQLSyntaxErrorException: Column 'PKA_ID' not found.
				
2026-07-04 15:20:03 [http-nio-8495-exec-10] ERROR c.v.d.r.productMstDropDownRowMapper -productMstDropDownRowMapper  Method Exceptionjava.sql.SQLSyntaxErrorException: Column 'PKA_ID' not found.
				
2026-07-04 15:20:03 [http-nio-8495-exec-10] ERROR c.v.d.r.productMstDropDownRowMapper -productMstDropDownRowMapper  Method Exceptionjava.sql.SQLSyntaxErrorException: Column 'PKA_ID' not found.
				
2026-07-04 15:20:03 [http-nio-8495-exec-10] ERROR c.v.d.r.productMstDropDownRowMapper -productMstDropDownRowMapper  Method Exceptionjava.sql.SQLSyntaxErrorException: Column 'PKA_ID' not found.
				
2026-07-04 15:20:03 [http-nio-8495-exec-10] ERROR c.v.d.r.productMstDropDownRowMapper -productMstDropDownRowMapper  Method Exceptionjava.sql.SQLSyntaxErrorException: Column 'PKA_ID' not found.
				
2026-07-04 15:20:03 [http-nio-8495-exec-10] ERROR c.v.d.r.productMstDropDownRowMapper -productMstDropDownRowMapper  Method Exceptionjava.sql.SQLSyntaxErrorException: Column 'PKA_ID' not found.
				
2026-07-04 15:20:03 [http-nio-8495-exec-10] ERROR c.v.d.r.productMstDropDownRowMapper -productMstDropDownRowMapper  Method Exceptionjava.sql.SQLSyntaxErrorException: Column 'PKA_ID' not found.
				
2026-07-04 15:20:03 [http-nio-8495-exec-10] ERROR c.v.d.r.productMstDropDownRowMapper -productMstDropDownRowMapper  Method Exceptionjava.sql.SQLSyntaxErrorException: Column 'PKA_ID' not found.
				
2026-07-04 15:20:03 [http-nio-8495-exec-10] ERROR c.v.d.r.productMstDropDownRowMapper -productMstDropDownRowMapper  Method Exceptionjava.sql.SQLSyntaxErrorException: Column 'PKA_ID' not found.
				
2026-07-04 15:20:03 [http-nio-8495-exec-10] ERROR c.v.d.r.productMstDropDownRowMapper -productMstDropDownRowMapper  Method Exceptionjava.sql.SQLSyntaxErrorException: Column 'PKA_ID' not found.
				
2026-07-04 15:20:03 [http-nio-8495-exec-10] ERROR c.v.d.r.productMstDropDownRowMapper -productMstDropDownRowMapper  Method Exceptionjava.sql.SQLSyntaxErrorException: Column 'PKA_ID' not found.
				
2026-07-04 15:20:03 [http-nio-8495-exec-10] ERROR c.v.d.r.productMstDropDownRowMapper -productMstDropDownRowMapper  Method Exceptionjava.sql.SQLSyntaxErrorException: Column 'PKA_ID' not found.
				
2026-07-04 15:20:03 [http-nio-8495-exec-10] ERROR c.v.d.r.productMstDropDownRowMapper -productMstDropDownRowMapper  Method Exceptionjava.sql.SQLSyntaxErrorException: Column 'PKA_ID' not found.
				
2026-07-04 15:20:03 [http-nio-8495-exec-10] ERROR c.v.d.r.productMstDropDownRowMapper -productMstDropDownRowMapper  Method Exceptionjava.sql.SQLSyntaxErrorException: Column 'PKA_ID' not found.
				
2026-07-04 15:20:03 [http-nio-8495-exec-10] ERROR c.v.d.r.productMstDropDownRowMapper -productMstDropDownRowMapper  Method Exceptionjava.sql.SQLSyntaxErrorException: Column 'PKA_ID' not found.
				
2026-07-04 15:20:03 [http-nio-8495-exec-10] ERROR c.v.d.r.productMstDropDownRowMapper -productMstDropDownRowMapper  Method Exceptionjava.sql.SQLSyntaxErrorException: Column 'PKA_ID' not found.
				
2026-07-04 15:20:03 [http-nio-8495-exec-10] ERROR c.v.d.r.productMstDropDownRowMapper -productMstDropDownRowMapper  Method Exceptionjava.sql.SQLSyntaxErrorException: Column 'PKA_ID' not found.
				
2026-07-04 15:20:03 [http-nio-8495-exec-10] ERROR c.v.d.r.productMstDropDownRowMapper -productMstDropDownRowMapper  Method Exceptionjava.sql.SQLSyntaxErrorException: Column 'PKA_ID' not found.
				
2026-07-04 15:20:03 [http-nio-8495-exec-10] ERROR c.v.d.r.productMstDropDownRowMapper -productMstDropDownRowMapper  Method Exceptionjava.sql.SQLSyntaxErrorException: Column 'PKA_ID' not found.
				
2026-07-04 15:20:03 [http-nio-8495-exec-10] ERROR c.v.d.r.productMstDropDownRowMapper -productMstDropDownRowMapper  Method Exceptionjava.sql.SQLSyntaxErrorException: Column 'PKA_ID' not found.
				
2026-07-04 15:20:03 [http-nio-8495-exec-10] ERROR c.v.d.r.productMstDropDownRowMapper -productMstDropDownRowMapper  Method Exceptionjava.sql.SQLSyntaxErrorException: Column 'PKA_ID' not found.
				
2026-07-04 15:20:03 [http-nio-8495-exec-10] ERROR c.v.d.r.productMstDropDownRowMapper -productMstDropDownRowMapper  Method Exceptionjava.sql.SQLSyntaxErrorException: Column 'PKA_ID' not found.
				
2026-07-04 15:20:03 [http-nio-8495-exec-10] ERROR c.v.d.r.productMstDropDownRowMapper -productMstDropDownRowMapper  Method Exceptionjava.sql.SQLSyntaxErrorException: Column 'PKA_ID' not found.
				
2026-07-04 15:20:03 [http-nio-8495-exec-10] ERROR c.v.d.r.productMstDropDownRowMapper -productMstDropDownRowMapper  Method Exceptionjava.sql.SQLSyntaxErrorException: Column 'PKA_ID' not found.
				
2026-07-04 15:20:03 [http-nio-8495-exec-10] ERROR c.v.d.r.productMstDropDownRowMapper -productMstDropDownRowMapper  Method Exceptionjava.sql.SQLSyntaxErrorException: Column 'PKA_ID' not found.
				
2026-07-04 15:20:03 [http-nio-8495-exec-10] ERROR c.v.d.r.productMstDropDownRowMapper -productMstDropDownRowMapper  Method Exceptionjava.sql.SQLSyntaxErrorException: Column 'PKA_ID' not found.
				
2026-07-04 15:20:03 [http-nio-8495-exec-10] ERROR c.v.d.r.productMstDropDownRowMapper -productMstDropDownRowMapper  Method Exceptionjava.sql.SQLSyntaxErrorException: Column 'PKA_ID' not found.
				
2026-07-04 15:20:03 [http-nio-8495-exec-10] ERROR c.v.d.r.productMstDropDownRowMapper -productMstDropDownRowMapper  Method Exceptionjava.sql.SQLSyntaxErrorException: Column 'PKA_ID' not found.
				
2026-07-04 15:20:03 [http-nio-8495-exec-10] ERROR c.v.d.r.productMstDropDownRowMapper -productMstDropDownRowMapper  Method Exceptionjava.sql.SQLSyntaxErrorException: Column 'PKA_ID' not found.
				
2026-07-04 15:20:03 [http-nio-8495-exec-10] ERROR c.v.d.r.productMstDropDownRowMapper -productMstDropDownRowMapper  Method Exceptionjava.sql.SQLSyntaxErrorException: Column 'PKA_ID' not found.
				
2026-07-04 15:20:03 [http-nio-8495-exec-10] ERROR c.v.d.r.productMstDropDownRowMapper -productMstDropDownRowMapper  Method Exceptionjava.sql.SQLSyntaxErrorException: Column 'PKA_ID' not found.
				
2026-07-04 15:20:03 [http-nio-8495-exec-10] ERROR c.v.d.r.productMstDropDownRowMapper -productMstDropDownRowMapper  Method Exceptionjava.sql.SQLSyntaxErrorException: Column 'PKA_ID' not found.
				
2026-07-04 15:20:03 [http-nio-8495-exec-10] ERROR c.v.d.r.productMstDropDownRowMapper -productMstDropDownRowMapper  Method Exceptionjava.sql.SQLSyntaxErrorException: Column 'PKA_ID' not found.
				
2026-07-04 15:20:03 [http-nio-8495-exec-10] ERROR c.v.d.r.productMstDropDownRowMapper -productMstDropDownRowMapper  Method Exceptionjava.sql.SQLSyntaxErrorException: Column 'PKA_ID' not found.
				
2026-07-04 15:20:03 [http-nio-8495-exec-10] ERROR c.v.d.r.productMstDropDownRowMapper -productMstDropDownRowMapper  Method Exceptionjava.sql.SQLSyntaxErrorException: Column 'PKA_ID' not found.
				
2026-07-04 15:20:03 [http-nio-8495-exec-10] ERROR c.v.d.r.productMstDropDownRowMapper -productMstDropDownRowMapper  Method Exceptionjava.sql.SQLSyntaxErrorException: Column 'PKA_ID' not found.
				
2026-07-04 15:20:03 [http-nio-8495-exec-10] ERROR c.v.d.r.productMstDropDownRowMapper -productMstDropDownRowMapper  Method Exceptionjava.sql.SQLSyntaxErrorException: Column 'PKA_ID' not found.
				
2026-07-04 15:20:03 [http-nio-8495-exec-10] ERROR c.v.d.r.productMstDropDownRowMapper -productMstDropDownRowMapper  Method Exceptionjava.sql.SQLSyntaxErrorException: Column 'PKA_ID' not found.
				
2026-07-04 15:20:03 [http-nio-8495-exec-10] ERROR c.v.d.r.productMstDropDownRowMapper -productMstDropDownRowMapper  Method Exceptionjava.sql.SQLSyntaxErrorException: Column 'PKA_ID' not found.
				
2026-07-04 15:20:03 [http-nio-8495-exec-10] ERROR c.v.d.r.productMstDropDownRowMapper -productMstDropDownRowMapper  Method Exceptionjava.sql.SQLSyntaxErrorException: Column 'PKA_ID' not found.
				
2026-07-04 15:20:03 [http-nio-8495-exec-10] ERROR c.v.d.r.productMstDropDownRowMapper -productMstDropDownRowMapper  Method Exceptionjava.sql.SQLSyntaxErrorException: Column 'PKA_ID' not found.
				
2026-07-04 15:20:03 [http-nio-8495-exec-10] ERROR c.v.d.r.productMstDropDownRowMapper -productMstDropDownRowMapper  Method Exceptionjava.sql.SQLSyntaxErrorException: Column 'PKA_ID' not found.
				
2026-07-04 15:20:03 [http-nio-8495-exec-10] ERROR c.v.d.r.productMstDropDownRowMapper -productMstDropDownRowMapper  Method Exceptionjava.sql.SQLSyntaxErrorException: Column 'PKA_ID' not found.
				
2026-07-04 15:20:03 [http-nio-8495-exec-10] ERROR c.v.d.r.productMstDropDownRowMapper -productMstDropDownRowMapper  Method Exceptionjava.sql.SQLSyntaxErrorException: Column 'PKA_ID' not found.
				
2026-07-04 15:20:03 [http-nio-8495-exec-10] ERROR c.v.d.r.productMstDropDownRowMapper -productMstDropDownRowMapper  Method Exceptionjava.sql.SQLSyntaxErrorException: Column 'PKA_ID' not found.
				
2026-07-04 15:20:03 [http-nio-8495-exec-10] ERROR c.v.d.r.productMstDropDownRowMapper -productMstDropDownRowMapper  Method Exceptionjava.sql.SQLSyntaxErrorException: Column 'PKA_ID' not found.
				
2026-07-04 15:20:03 [http-nio-8495-exec-10] ERROR c.v.d.r.productMstDropDownRowMapper -productMstDropDownRowMapper  Method Exceptionjava.sql.SQLSyntaxErrorException: Column 'PKA_ID' not found.
				
2026-07-04 15:20:03 [http-nio-8495-exec-10] ERROR c.v.d.r.productMstDropDownRowMapper -productMstDropDownRowMapper  Method Exceptionjava.sql.SQLSyntaxErrorException: Column 'PKA_ID' not found.
				
2026-07-04 15:20:03 [http-nio-8495-exec-10] ERROR c.v.d.r.productMstDropDownRowMapper -productMstDropDownRowMapper  Method Exceptionjava.sql.SQLSyntaxErrorException: Column 'PKA_ID' not found.
				
2026-07-04 15:20:03 [http-nio-8495-exec-10] ERROR c.v.d.r.productMstDropDownRowMapper -productMstDropDownRowMapper  Method Exceptionjava.sql.SQLSyntaxErrorException: Column 'PKA_ID' not found.
				
2026-07-04 15:20:03 [http-nio-8495-exec-10] ERROR c.v.d.r.productMstDropDownRowMapper -productMstDropDownRowMapper  Method Exceptionjava.sql.SQLSyntaxErrorException: Column 'PKA_ID' not found.
				
2026-07-04 15:20:03 [http-nio-8495-exec-10] ERROR c.v.d.r.productMstDropDownRowMapper -productMstDropDownRowMapper  Method Exceptionjava.sql.SQLSyntaxErrorException: Column 'PKA_ID' not found.
				
2026-07-04 15:20:03 [http-nio-8495-exec-10] ERROR c.v.d.r.productMstDropDownRowMapper -productMstDropDownRowMapper  Method Exceptionjava.sql.SQLSyntaxErrorException: Column 'PKA_ID' not found.
				
2026-07-04 15:20:03 [http-nio-8495-exec-10] ERROR c.v.d.r.productMstDropDownRowMapper -productMstDropDownRowMapper  Method Exceptionjava.sql.SQLSyntaxErrorException: Column 'PKA_ID' not found.
				
2026-07-04 15:20:03 [http-nio-8495-exec-10] ERROR c.v.d.r.productMstDropDownRowMapper -productMstDropDownRowMapper  Method Exceptionjava.sql.SQLSyntaxErrorException: Column 'PKA_ID' not found.
				
2026-07-04 15:20:03 [http-nio-8495-exec-10] ERROR c.v.d.r.productMstDropDownRowMapper -productMstDropDownRowMapper  Method Exceptionjava.sql.SQLSyntaxErrorException: Column 'PKA_ID' not found.
				
2026-07-04 15:20:03 [http-nio-8495-exec-10] ERROR c.v.d.r.productMstDropDownRowMapper -productMstDropDownRowMapper  Method Exceptionjava.sql.SQLSyntaxErrorException: Column 'PKA_ID' not found.
				
2026-07-04 15:20:03 [http-nio-8495-exec-10] ERROR c.v.d.r.productMstDropDownRowMapper -productMstDropDownRowMapper  Method Exceptionjava.sql.SQLSyntaxErrorException: Column 'PKA_ID' not found.
				
2026-07-04 15:20:03 [http-nio-8495-exec-10] ERROR c.v.d.r.productMstDropDownRowMapper -productMstDropDownRowMapper  Method Exceptionjava.sql.SQLSyntaxErrorException: Column 'PKA_ID' not found.
				
2026-07-04 15:20:03 [http-nio-8495-exec-10] ERROR c.v.d.r.productMstDropDownRowMapper -productMstDropDownRowMapper  Method Exceptionjava.sql.SQLSyntaxErrorException: Column 'PKA_ID' not found.
				
2026-07-04 15:20:03 [http-nio-8495-exec-10] ERROR c.v.d.r.productMstDropDownRowMapper -productMstDropDownRowMapper  Method Exceptionjava.sql.SQLSyntaxErrorException: Column 'PKA_ID' not found.
				
2026-07-04 15:20:03 [http-nio-8495-exec-10] ERROR c.v.d.r.productMstDropDownRowMapper -productMstDropDownRowMapper  Method Exceptionjava.sql.SQLSyntaxErrorException: Column 'PKA_ID' not found.
				
2026-07-04 15:20:03 [http-nio-8495-exec-10] ERROR c.v.d.r.productMstDropDownRowMapper -productMstDropDownRowMapper  Method Exceptionjava.sql.SQLSyntaxErrorException: Column 'PKA_ID' not found.
				
2026-07-04 15:20:03 [http-nio-8495-exec-10] ERROR c.v.d.r.productMstDropDownRowMapper -productMstDropDownRowMapper  Method Exceptionjava.sql.SQLSyntaxErrorException: Column 'PKA_ID' not found.
				
2026-07-04 15:20:03 [http-nio-8495-exec-10] ERROR c.v.d.r.productMstDropDownRowMapper -productMstDropDownRowMapper  Method Exceptionjava.sql.SQLSyntaxErrorException: Column 'PKA_ID' not found.
				
2026-07-04 15:20:03 [http-nio-8495-exec-10] ERROR c.v.d.r.productMstDropDownRowMapper -productMstDropDownRowMapper  Method Exceptionjava.sql.SQLSyntaxErrorException: Column 'PKA_ID' not found.
				
2026-07-04 15:20:03 [http-nio-8495-exec-10] ERROR c.v.d.r.productMstDropDownRowMapper -productMstDropDownRowMapper  Method Exceptionjava.sql.SQLSyntaxErrorException: Column 'PKA_ID' not found.
				
2026-07-04 15:20:03 [http-nio-8495-exec-10] ERROR c.v.d.r.productMstDropDownRowMapper -productMstDropDownRowMapper  Method Exceptionjava.sql.SQLSyntaxErrorException: Column 'PKA_ID' not found.
				
2026-07-04 15:20:03 [http-nio-8495-exec-10] ERROR c.v.d.r.productMstDropDownRowMapper -productMstDropDownRowMapper  Method Exceptionjava.sql.SQLSyntaxErrorException: Column 'PKA_ID' not found.
				
2026-07-04 15:20:03 [http-nio-8495-exec-10] ERROR c.v.d.r.productMstDropDownRowMapper -productMstDropDownRowMapper  Method Exceptionjava.sql.SQLSyntaxErrorException: Column 'PKA_ID' not found.
				
2026-07-04 15:20:03 [http-nio-8495-exec-10] ERROR c.v.d.r.productMstDropDownRowMapper -productMstDropDownRowMapper  Method Exceptionjava.sql.SQLSyntaxErrorException: Column 'PKA_ID' not found.
				
2026-07-04 15:20:03 [http-nio-8495-exec-10] ERROR c.v.d.r.productMstDropDownRowMapper -productMstDropDownRowMapper  Method Exceptionjava.sql.SQLSyntaxErrorException: Column 'PKA_ID' not found.
				
2026-07-04 15:20:03 [http-nio-8495-exec-10] ERROR c.v.d.r.productMstDropDownRowMapper -productMstDropDownRowMapper  Method Exceptionjava.sql.SQLSyntaxErrorException: Column 'PKA_ID' not found.
				
2026-07-04 15:20:03 [http-nio-8495-exec-10] ERROR c.v.d.r.productMstDropDownRowMapper -productMstDropDownRowMapper  Method Exceptionjava.sql.SQLSyntaxErrorException: Column 'PKA_ID' not found.
				
2026-07-04 15:20:03 [http-nio-8495-exec-10] ERROR c.v.d.r.productMstDropDownRowMapper -productMstDropDownRowMapper  Method Exceptionjava.sql.SQLSyntaxErrorException: Column 'PKA_ID' not found.
				
2026-07-04 15:20:03 [http-nio-8495-exec-10] ERROR c.v.d.r.productMstDropDownRowMapper -productMstDropDownRowMapper  Method Exceptionjava.sql.SQLSyntaxErrorException: Column 'PKA_ID' not found.
				
2026-07-04 15:20:03 [http-nio-8495-exec-10] ERROR c.v.d.r.productMstDropDownRowMapper -productMstDropDownRowMapper  Method Exceptionjava.sql.SQLSyntaxErrorException: Column 'PKA_ID' not found.
				
2026-07-04 15:20:03 [http-nio-8495-exec-10] ERROR c.v.d.r.productMstDropDownRowMapper -productMstDropDownRowMapper  Method Exceptionjava.sql.SQLSyntaxErrorException: Column 'PKA_ID' not found.
				
2026-07-04 15:20:03 [http-nio-8495-exec-10] ERROR c.v.d.r.productMstDropDownRowMapper -productMstDropDownRowMapper  Method Exceptionjava.sql.SQLSyntaxErrorException: Column 'PKA_ID' not found.
				
2026-07-04 15:20:03 [http-nio-8495-exec-10] ERROR c.v.d.r.productMstDropDownRowMapper -productMstDropDownRowMapper  Method Exceptionjava.sql.SQLSyntaxErrorException: Column 'PKA_ID' not found.
				
2026-07-04 15:20:03 [http-nio-8495-exec-10] ERROR c.v.d.r.productMstDropDownRowMapper -productMstDropDownRowMapper  Method Exceptionjava.sql.SQLSyntaxErrorException: Column 'PKA_ID' not found.
				
2026-07-04 15:20:03 [http-nio-8495-exec-10] ERROR c.v.d.r.productMstDropDownRowMapper -productMstDropDownRowMapper  Method Exceptionjava.sql.SQLSyntaxErrorException: Column 'PKA_ID' not found.
				
2026-07-04 15:20:03 [http-nio-8495-exec-10] ERROR c.v.d.r.productMstDropDownRowMapper -productMstDropDownRowMapper  Method Exceptionjava.sql.SQLSyntaxErrorException: Column 'PKA_ID' not found.
				
2026-07-04 15:20:03 [http-nio-8495-exec-10] ERROR c.v.d.r.productMstDropDownRowMapper -productMstDropDownRowMapper  Method Exceptionjava.sql.SQLSyntaxErrorException: Column 'PKA_ID' not found.
				
2026-07-04 15:20:03 [http-nio-8495-exec-10] ERROR c.v.d.r.productMstDropDownRowMapper -productMstDropDownRowMapper  Method Exceptionjava.sql.SQLSyntaxErrorException: Column 'PKA_ID' not found.
				
2026-07-04 15:20:03 [http-nio-8495-exec-10] ERROR c.v.d.r.productMstDropDownRowMapper -productMstDropDownRowMapper  Method Exceptionjava.sql.SQLSyntaxErrorException: Column 'PKA_ID' not found.
				
2026-07-04 15:20:03 [http-nio-8495-exec-10] ERROR c.v.d.r.productMstDropDownRowMapper -productMstDropDownRowMapper  Method Exceptionjava.sql.SQLSyntaxErrorException: Column 'PKA_ID' not found.
				
2026-07-04 15:20:03 [http-nio-8495-exec-10] ERROR c.v.d.r.productMstDropDownRowMapper -productMstDropDownRowMapper  Method Exceptionjava.sql.SQLSyntaxErrorException: Column 'PKA_ID' not found.
				
2026-07-04 15:20:03 [http-nio-8495-exec-10] ERROR c.v.d.r.productMstDropDownRowMapper -productMstDropDownRowMapper  Method Exceptionjava.sql.SQLSyntaxErrorException: Column 'PKA_ID' not found.
				
2026-07-04 15:20:03 [http-nio-8495-exec-10] ERROR c.v.d.r.productMstDropDownRowMapper -productMstDropDownRowMapper  Method Exceptionjava.sql.SQLSyntaxErrorException: Column 'PKA_ID' not found.
				
2026-07-04 15:20:03 [http-nio-8495-exec-10] ERROR c.v.d.r.productMstDropDownRowMapper -productMstDropDownRowMapper  Method Exceptionjava.sql.SQLSyntaxErrorException: Column 'PKA_ID' not found.
				
2026-07-04 15:20:03 [http-nio-8495-exec-10] ERROR c.v.d.r.productMstDropDownRowMapper -productMstDropDownRowMapper  Method Exceptionjava.sql.SQLSyntaxErrorException: Column 'PKA_ID' not found.
				
2026-07-04 15:20:03 [http-nio-8495-exec-10] ERROR c.v.d.r.productMstDropDownRowMapper -productMstDropDownRowMapper  Method Exceptionjava.sql.SQLSyntaxErrorException: Column 'PKA_ID' not found.
				
2026-07-04 15:20:03 [http-nio-8495-exec-10] ERROR c.v.d.r.productMstDropDownRowMapper -productMstDropDownRowMapper  Method Exceptionjava.sql.SQLSyntaxErrorException: Column 'PKA_ID' not found.
				
2026-07-04 15:20:03 [http-nio-8495-exec-10] ERROR c.v.d.r.productMstDropDownRowMapper -productMstDropDownRowMapper  Method Exceptionjava.sql.SQLSyntaxErrorException: Column 'PKA_ID' not found.
				
2026-07-04 15:20:03 [http-nio-8495-exec-10] ERROR c.v.d.r.productMstDropDownRowMapper -productMstDropDownRowMapper  Method Exceptionjava.sql.SQLSyntaxErrorException: Column 'PKA_ID' not found.
				
2026-07-04 15:20:03 [http-nio-8495-exec-10] ERROR c.v.d.r.productMstDropDownRowMapper -productMstDropDownRowMapper  Method Exceptionjava.sql.SQLSyntaxErrorException: Column 'PKA_ID' not found.
				
2026-07-04 15:20:03 [http-nio-8495-exec-10] ERROR c.v.d.r.productMstDropDownRowMapper -productMstDropDownRowMapper  Method Exceptionjava.sql.SQLSyntaxErrorException: Column 'PKA_ID' not found.
				
2026-07-04 15:20:03 [http-nio-8495-exec-10] ERROR c.v.d.r.productMstDropDownRowMapper -productMstDropDownRowMapper  Method Exceptionjava.sql.SQLSyntaxErrorException: Column 'PKA_ID' not found.
				
2026-07-04 15:20:03 [http-nio-8495-exec-10] ERROR c.v.d.r.productMstDropDownRowMapper -productMstDropDownRowMapper  Method Exceptionjava.sql.SQLSyntaxErrorException: Column 'PKA_ID' not found.
				
2026-07-04 15:20:03 [http-nio-8495-exec-10] ERROR c.v.d.r.productMstDropDownRowMapper -productMstDropDownRowMapper  Method Exceptionjava.sql.SQLSyntaxErrorException: Column 'PKA_ID' not found.
				
2026-07-04 15:20:03 [http-nio-8495-exec-10] ERROR c.v.d.r.productMstDropDownRowMapper -productMstDropDownRowMapper  Method Exceptionjava.sql.SQLSyntaxErrorException: Column 'PKA_ID' not found.
				
2026-07-04 15:20:03 [http-nio-8495-exec-10] ERROR c.v.d.r.productMstDropDownRowMapper -productMstDropDownRowMapper  Method Exceptionjava.sql.SQLSyntaxErrorException: Column 'PKA_ID' not found.
				
2026-07-04 15:20:03 [http-nio-8495-exec-10] ERROR c.v.d.r.productMstDropDownRowMapper -productMstDropDownRowMapper  Method Exceptionjava.sql.SQLSyntaxErrorException: Column 'PKA_ID' not found.
				
2026-07-04 15:20:03 [http-nio-8495-exec-10] ERROR c.v.d.r.productMstDropDownRowMapper -productMstDropDownRowMapper  Method Exceptionjava.sql.SQLSyntaxErrorException: Column 'PKA_ID' not found.
				
2026-07-04 15:20:03 [http-nio-8495-exec-10] ERROR c.v.d.r.productMstDropDownRowMapper -productMstDropDownRowMapper  Method Exceptionjava.sql.SQLSyntaxErrorException: Column 'PKA_ID' not found.
				
2026-07-04 15:20:03 [http-nio-8495-exec-10] ERROR c.v.d.r.productMstDropDownRowMapper -productMstDropDownRowMapper  Method Exceptionjava.sql.SQLSyntaxErrorException: Column 'PKA_ID' not found.
				
2026-07-04 15:20:03 [http-nio-8495-exec-10] ERROR c.v.d.r.productMstDropDownRowMapper -productMstDropDownRowMapper  Method Exceptionjava.sql.SQLSyntaxErrorException: Column 'PKA_ID' not found.
				
2026-07-04 15:20:03 [http-nio-8495-exec-10] ERROR c.v.d.r.productMstDropDownRowMapper -productMstDropDownRowMapper  Method Exceptionjava.sql.SQLSyntaxErrorException: Column 'PKA_ID' not found.
				
2026-07-04 15:20:03 [http-nio-8495-exec-10] ERROR c.v.d.r.productMstDropDownRowMapper -productMstDropDownRowMapper  Method Exceptionjava.sql.SQLSyntaxErrorException: Column 'PKA_ID' not found.
				
2026-07-04 15:20:03 [http-nio-8495-exec-10] ERROR c.v.d.r.productMstDropDownRowMapper -productMstDropDownRowMapper  Method Exceptionjava.sql.SQLSyntaxErrorException: Column 'PKA_ID' not found.
				
2026-07-04 15:20:03 [http-nio-8495-exec-10] ERROR c.v.d.r.productMstDropDownRowMapper -productMstDropDownRowMapper  Method Exceptionjava.sql.SQLSyntaxErrorException: Column 'PKA_ID' not found.
				
2026-07-04 15:20:03 [http-nio-8495-exec-10] ERROR c.v.d.r.productMstDropDownRowMapper -productMstDropDownRowMapper  Method Exceptionjava.sql.SQLSyntaxErrorException: Column 'PKA_ID' not found.
				
2026-07-04 15:20:03 [http-nio-8495-exec-10] ERROR c.v.d.r.productMstDropDownRowMapper -productMstDropDownRowMapper  Method Exceptionjava.sql.SQLSyntaxErrorException: Column 'PKA_ID' not found.
				
2026-07-04 15:20:03 [http-nio-8495-exec-10] ERROR c.v.d.r.productMstDropDownRowMapper -productMstDropDownRowMapper  Method Exceptionjava.sql.SQLSyntaxErrorException: Column 'PKA_ID' not found.
				
2026-07-04 15:20:03 [http-nio-8495-exec-10] ERROR c.v.d.r.productMstDropDownRowMapper -productMstDropDownRowMapper  Method Exceptionjava.sql.SQLSyntaxErrorException: Column 'PKA_ID' not found.
				
2026-07-04 15:20:03 [http-nio-8495-exec-10] ERROR c.v.d.r.productMstDropDownRowMapper -productMstDropDownRowMapper  Method Exceptionjava.sql.SQLSyntaxErrorException: Column 'PKA_ID' not found.
				
2026-07-04 15:20:03 [http-nio-8495-exec-10] ERROR c.v.d.r.productMstDropDownRowMapper -productMstDropDownRowMapper  Method Exceptionjava.sql.SQLSyntaxErrorException: Column 'PKA_ID' not found.
				
2026-07-04 15:20:03 [http-nio-8495-exec-10] ERROR c.v.d.r.productMstDropDownRowMapper -productMstDropDownRowMapper  Method Exceptionjava.sql.SQLSyntaxErrorException: Column 'PKA_ID' not found.
				
2026-07-04 15:20:03 [http-nio-8495-exec-10] ERROR c.v.d.r.productMstDropDownRowMapper -productMstDropDownRowMapper  Method Exceptionjava.sql.SQLSyntaxErrorException: Column 'PKA_ID' not found.
				
2026-07-04 15:20:03 [http-nio-8495-exec-10] ERROR c.v.d.r.productMstDropDownRowMapper -productMstDropDownRowMapper  Method Exceptionjava.sql.SQLSyntaxErrorException: Column 'PKA_ID' not found.
				
2026-07-04 15:20:03 [http-nio-8495-exec-10] ERROR c.v.d.r.productMstDropDownRowMapper -productMstDropDownRowMapper  Method Exceptionjava.sql.SQLSyntaxErrorException: Column 'PKA_ID' not found.
				
2026-07-04 15:20:03 [http-nio-8495-exec-10] ERROR c.v.d.r.productMstDropDownRowMapper -productMstDropDownRowMapper  Method Exceptionjava.sql.SQLSyntaxErrorException: Column 'PKA_ID' not found.
				
2026-07-04 15:20:03 [http-nio-8495-exec-10] ERROR c.v.d.r.productMstDropDownRowMapper -productMstDropDownRowMapper  Method Exceptionjava.sql.SQLSyntaxErrorException: Column 'PKA_ID' not found.
				
2026-07-04 15:20:03 [http-nio-8495-exec-10] ERROR c.v.d.r.productMstDropDownRowMapper -productMstDropDownRowMapper  Method Exceptionjava.sql.SQLSyntaxErrorException: Column 'PKA_ID' not found.
				
2026-07-04 15:20:03 [http-nio-8495-exec-10] ERROR c.v.d.r.productMstDropDownRowMapper -productMstDropDownRowMapper  Method Exceptionjava.sql.SQLSyntaxErrorException: Column 'PKA_ID' not found.
				
2026-07-04 15:20:03 [http-nio-8495-exec-10] ERROR c.v.d.r.productMstDropDownRowMapper -productMstDropDownRowMapper  Method Exceptionjava.sql.SQLSyntaxErrorException: Column 'PKA_ID' not found.
				
2026-07-04 15:20:03 [http-nio-8495-exec-10] ERROR c.v.d.r.productMstDropDownRowMapper -productMstDropDownRowMapper  Method Exceptionjava.sql.SQLSyntaxErrorException: Column 'PKA_ID' not found.
				
2026-07-04 15:20:03 [http-nio-8495-exec-10] ERROR c.v.d.r.productMstDropDownRowMapper -productMstDropDownRowMapper  Method Exceptionjava.sql.SQLSyntaxErrorException: Column 'PKA_ID' not found.
				
2026-07-04 15:20:03 [http-nio-8495-exec-10] ERROR c.v.d.r.productMstDropDownRowMapper -productMstDropDownRowMapper  Method Exceptionjava.sql.SQLSyntaxErrorException: Column 'PKA_ID' not found.
				
2026-07-04 15:20:03 [http-nio-8495-exec-10] ERROR c.v.d.r.productMstDropDownRowMapper -productMstDropDownRowMapper  Method Exceptionjava.sql.SQLSyntaxErrorException: Column 'PKA_ID' not found.
				
2026-07-04 15:20:03 [http-nio-8495-exec-10] ERROR c.v.d.r.productMstDropDownRowMapper -productMstDropDownRowMapper  Method Exceptionjava.sql.SQLSyntaxErrorException: Column 'PKA_ID' not found.
				
2026-07-04 15:20:03 [http-nio-8495-exec-10] ERROR c.v.d.r.productMstDropDownRowMapper -productMstDropDownRowMapper  Method Exceptionjava.sql.SQLSyntaxErrorException: Column 'PKA_ID' not found.
				
2026-07-04 15:20:03 [http-nio-8495-exec-10] ERROR c.v.d.r.productMstDropDownRowMapper -productMstDropDownRowMapper  Method Exceptionjava.sql.SQLSyntaxErrorException: Column 'PKA_ID' not found.
				
2026-07-04 15:20:03 [http-nio-8495-exec-10] ERROR c.v.d.r.productMstDropDownRowMapper -productMstDropDownRowMapper  Method Exceptionjava.sql.SQLSyntaxErrorException: Column 'PKA_ID' not found.
				
2026-07-04 15:20:03 [http-nio-8495-exec-10] ERROR c.v.d.r.productMstDropDownRowMapper -productMstDropDownRowMapper  Method Exceptionjava.sql.SQLSyntaxErrorException: Column 'PKA_ID' not found.
				
2026-07-04 15:20:03 [http-nio-8495-exec-10] ERROR c.v.d.r.productMstDropDownRowMapper -productMstDropDownRowMapper  Method Exceptionjava.sql.SQLSyntaxErrorException: Column 'PKA_ID' not found.
				
2026-07-04 15:20:03 [http-nio-8495-exec-10] ERROR c.v.d.r.productMstDropDownRowMapper -productMstDropDownRowMapper  Method Exceptionjava.sql.SQLSyntaxErrorException: Column 'PKA_ID' not found.
				
2026-07-04 15:20:03 [http-nio-8495-exec-10] ERROR c.v.d.r.productMstDropDownRowMapper -productMstDropDownRowMapper  Method Exceptionjava.sql.SQLSyntaxErrorException: Column 'PKA_ID' not found.
				
2026-07-04 15:20:03 [http-nio-8495-exec-10] ERROR c.v.d.r.productMstDropDownRowMapper -productMstDropDownRowMapper  Method Exceptionjava.sql.SQLSyntaxErrorException: Column 'PKA_ID' not found.
				
2026-07-04 15:20:03 [http-nio-8495-exec-10] ERROR c.v.d.r.productMstDropDownRowMapper -productMstDropDownRowMapper  Method Exceptionjava.sql.SQLSyntaxErrorException: Column 'PKA_ID' not found.
				
2026-07-04 15:20:03 [http-nio-8495-exec-10] ERROR c.v.d.r.productMstDropDownRowMapper -productMstDropDownRowMapper  Method Exceptionjava.sql.SQLSyntaxErrorException: Column 'PKA_ID' not found.
				
2026-07-04 15:20:03 [http-nio-8495-exec-10] ERROR c.v.d.r.productMstDropDownRowMapper -productMstDropDownRowMapper  Method Exceptionjava.sql.SQLSyntaxErrorException: Column 'PKA_ID' not found.
				
2026-07-04 15:20:03 [http-nio-8495-exec-10] ERROR c.v.d.r.productMstDropDownRowMapper -productMstDropDownRowMapper  Method Exceptionjava.sql.SQLSyntaxErrorException: Column 'PKA_ID' not found.
				
2026-07-04 15:20:03 [http-nio-8495-exec-10] ERROR c.v.d.r.productMstDropDownRowMapper -productMstDropDownRowMapper  Method Exceptionjava.sql.SQLSyntaxErrorException: Column 'PKA_ID' not found.
				
2026-07-04 15:20:03 [http-nio-8495-exec-10] ERROR c.v.d.r.productMstDropDownRowMapper -productMstDropDownRowMapper  Method Exceptionjava.sql.SQLSyntaxErrorException: Column 'PKA_ID' not found.
				
2026-07-04 15:20:03 [http-nio-8495-exec-10] ERROR c.v.d.r.productMstDropDownRowMapper -productMstDropDownRowMapper  Method Exceptionjava.sql.SQLSyntaxErrorException: Column 'PKA_ID' not found.
				
2026-07-04 15:20:03 [http-nio-8495-exec-10] ERROR c.v.d.r.productMstDropDownRowMapper -productMstDropDownRowMapper  Method Exceptionjava.sql.SQLSyntaxErrorException: Column 'PKA_ID' not found.
				
2026-07-04 15:20:03 [http-nio-8495-exec-10] ERROR c.v.d.r.productMstDropDownRowMapper -productMstDropDownRowMapper  Method Exceptionjava.sql.SQLSyntaxErrorException: Column 'PKA_ID' not found.
				
2026-07-04 15:20:03 [http-nio-8495-exec-10] ERROR c.v.d.r.productMstDropDownRowMapper -productMstDropDownRowMapper  Method Exceptionjava.sql.SQLSyntaxErrorException: Column 'PKA_ID' not found.
				
2026-07-04 15:20:03 [http-nio-8495-exec-10] ERROR c.v.d.r.productMstDropDownRowMapper -productMstDropDownRowMapper  Method Exceptionjava.sql.SQLSyntaxErrorException: Column 'PKA_ID' not found.
				
2026-07-04 15:20:03 [http-nio-8495-exec-10] ERROR c.v.d.r.productMstDropDownRowMapper -productMstDropDownRowMapper  Method Exceptionjava.sql.SQLSyntaxErrorException: Column 'PKA_ID' not found.
				
2026-07-04 15:20:03 [http-nio-8495-exec-10] ERROR c.v.d.r.productMstDropDownRowMapper -productMstDropDownRowMapper  Method Exceptionjava.sql.SQLSyntaxErrorException: Column 'PKA_ID' not found.
				
2026-07-04 15:20:03 [http-nio-8495-exec-10] ERROR c.v.d.r.productMstDropDownRowMapper -productMstDropDownRowMapper  Method Exceptionjava.sql.SQLSyntaxErrorException: Column 'PKA_ID' not found.
				
2026-07-04 15:20:03 [http-nio-8495-exec-10] ERROR c.v.d.r.productMstDropDownRowMapper -productMstDropDownRowMapper  Method Exceptionjava.sql.SQLSyntaxErrorException: Column 'PKA_ID' not found.
				
2026-07-04 15:20:03 [http-nio-8495-exec-10] ERROR c.v.d.r.productMstDropDownRowMapper -productMstDropDownRowMapper  Method Exceptionjava.sql.SQLSyntaxErrorException: Column 'PKA_ID' not found.
				
2026-07-04 15:20:03 [http-nio-8495-exec-10] ERROR c.v.d.r.productMstDropDownRowMapper -productMstDropDownRowMapper  Method Exceptionjava.sql.SQLSyntaxErrorException: Column 'PKA_ID' not found.
				
2026-07-04 15:20:03 [http-nio-8495-exec-10] ERROR c.v.d.r.productMstDropDownRowMapper -productMstDropDownRowMapper  Method Exceptionjava.sql.SQLSyntaxErrorException: Column 'PKA_ID' not found.
				
2026-07-04 15:20:03 [http-nio-8495-exec-10] ERROR c.v.d.r.productMstDropDownRowMapper -productMstDropDownRowMapper  Method Exceptionjava.sql.SQLSyntaxErrorException: Column 'PKA_ID' not found.
				
2026-07-04 15:20:03 [http-nio-8495-exec-10] ERROR c.v.d.r.productMstDropDownRowMapper -productMstDropDownRowMapper  Method Exceptionjava.sql.SQLSyntaxErrorException: Column 'PKA_ID' not found.
				
2026-07-04 15:20:03 [http-nio-8495-exec-10] ERROR c.v.d.r.productMstDropDownRowMapper -productMstDropDownRowMapper  Method Exceptionjava.sql.SQLSyntaxErrorException: Column 'PKA_ID' not found.
				
2026-07-04 15:20:03 [http-nio-8495-exec-10] ERROR c.v.d.r.productMstDropDownRowMapper -productMstDropDownRowMapper  Method Exceptionjava.sql.SQLSyntaxErrorException: Column 'PKA_ID' not found.
				
2026-07-04 15:20:03 [http-nio-8495-exec-10] ERROR c.v.d.r.productMstDropDownRowMapper -productMstDropDownRowMapper  Method Exceptionjava.sql.SQLSyntaxErrorException: Column 'PKA_ID' not found.
				
2026-07-04 15:20:03 [http-nio-8495-exec-10] ERROR c.v.d.r.productMstDropDownRowMapper -productMstDropDownRowMapper  Method Exceptionjava.sql.SQLSyntaxErrorException: Column 'PKA_ID' not found.
				
2026-07-04 15:20:03 [http-nio-8495-exec-10] ERROR c.v.d.r.productMstDropDownRowMapper -productMstDropDownRowMapper  Method Exceptionjava.sql.SQLSyntaxErrorException: Column 'PKA_ID' not found.
				
2026-07-04 15:20:03 [http-nio-8495-exec-10] ERROR c.v.d.r.productMstDropDownRowMapper -productMstDropDownRowMapper  Method Exceptionjava.sql.SQLSyntaxErrorException: Column 'PKA_ID' not found.
				
2026-07-04 15:20:03 [http-nio-8495-exec-10] ERROR c.v.d.r.productMstDropDownRowMapper -productMstDropDownRowMapper  Method Exceptionjava.sql.SQLSyntaxErrorException: Column 'PKA_ID' not found.
				
2026-07-04 15:20:03 [http-nio-8495-exec-10] ERROR c.v.d.r.productMstDropDownRowMapper -productMstDropDownRowMapper  Method Exceptionjava.sql.SQLSyntaxErrorException: Column 'PKA_ID' not found.
				
2026-07-04 15:20:03 [http-nio-8495-exec-10] ERROR c.v.d.r.productMstDropDownRowMapper -productMstDropDownRowMapper  Method Exceptionjava.sql.SQLSyntaxErrorException: Column 'PKA_ID' not found.
				
2026-07-04 15:20:03 [http-nio-8495-exec-10] ERROR c.v.d.r.productMstDropDownRowMapper -productMstDropDownRowMapper  Method Exceptionjava.sql.SQLSyntaxErrorException: Column 'PKA_ID' not found.
				
2026-07-04 15:20:03 [http-nio-8495-exec-10] ERROR c.v.d.r.productMstDropDownRowMapper -productMstDropDownRowMapper  Method Exceptionjava.sql.SQLSyntaxErrorException: Column 'PKA_ID' not found.
				
2026-07-04 15:20:03 [http-nio-8495-exec-10] ERROR c.v.d.r.productMstDropDownRowMapper -productMstDropDownRowMapper  Method Exceptionjava.sql.SQLSyntaxErrorException: Column 'PKA_ID' not found.
				
2026-07-04 15:20:03 [http-nio-8495-exec-10] ERROR c.v.d.r.productMstDropDownRowMapper -productMstDropDownRowMapper  Method Exceptionjava.sql.SQLSyntaxErrorException: Column 'PKA_ID' not found.
				
2026-07-04 15:20:03 [http-nio-8495-exec-10] ERROR c.v.d.r.productMstDropDownRowMapper -productMstDropDownRowMapper  Method Exceptionjava.sql.SQLSyntaxErrorException: Column 'PKA_ID' not found.
				
2026-07-04 15:20:03 [http-nio-8495-exec-10] ERROR c.v.d.r.productMstDropDownRowMapper -productMstDropDownRowMapper  Method Exceptionjava.sql.SQLSyntaxErrorException: Column 'PKA_ID' not found.
				
2026-07-04 15:20:03 [http-nio-8495-exec-10] ERROR c.v.d.r.productMstDropDownRowMapper -productMstDropDownRowMapper  Method Exceptionjava.sql.SQLSyntaxErrorException: Column 'PKA_ID' not found.
				
2026-07-04 15:20:03 [http-nio-8495-exec-10] ERROR c.v.d.r.productMstDropDownRowMapper -productMstDropDownRowMapper  Method Exceptionjava.sql.SQLSyntaxErrorException: Column 'PKA_ID' not found.
				
2026-07-04 15:20:03 [http-nio-8495-exec-10] ERROR c.v.d.r.productMstDropDownRowMapper -productMstDropDownRowMapper  Method Exceptionjava.sql.SQLSyntaxErrorException: Column 'PKA_ID' not found.
				
2026-07-04 15:20:03 [http-nio-8495-exec-10] ERROR c.v.d.r.productMstDropDownRowMapper -productMstDropDownRowMapper  Method Exceptionjava.sql.SQLSyntaxErrorException: Column 'PKA_ID' not found.
				
2026-07-04 15:20:03 [http-nio-8495-exec-10] ERROR c.v.d.r.productMstDropDownRowMapper -productMstDropDownRowMapper  Method Exceptionjava.sql.SQLSyntaxErrorException: Column 'PKA_ID' not found.
				
2026-07-04 15:20:03 [http-nio-8495-exec-10] ERROR c.v.d.r.productMstDropDownRowMapper -productMstDropDownRowMapper  Method Exceptionjava.sql.SQLSyntaxErrorException: Column 'PKA_ID' not found.
				
2026-07-04 15:20:03 [http-nio-8495-exec-10] ERROR c.v.d.r.productMstDropDownRowMapper -productMstDropDownRowMapper  Method Exceptionjava.sql.SQLSyntaxErrorException: Column 'PKA_ID' not found.
				
2026-07-04 15:20:03 [http-nio-8495-exec-10] ERROR c.v.d.r.productMstDropDownRowMapper -productMstDropDownRowMapper  Method Exceptionjava.sql.SQLSyntaxErrorException: Column 'PKA_ID' not found.
				
2026-07-04 15:20:03 [http-nio-8495-exec-10] ERROR c.v.d.r.productMstDropDownRowMapper -productMstDropDownRowMapper  Method Exceptionjava.sql.SQLSyntaxErrorException: Column 'PKA_ID' not found.
				
2026-07-04 15:20:03 [http-nio-8495-exec-10] ERROR c.v.d.r.productMstDropDownRowMapper -productMstDropDownRowMapper  Method Exceptionjava.sql.SQLSyntaxErrorException: Column 'PKA_ID' not found.
				
2026-07-04 15:20:03 [http-nio-8495-exec-10] ERROR c.v.d.r.productMstDropDownRowMapper -productMstDropDownRowMapper  Method Exceptionjava.sql.SQLSyntaxErrorException: Column 'PKA_ID' not found.
				
2026-07-04 15:20:03 [http-nio-8495-exec-10] ERROR c.v.d.r.productMstDropDownRowMapper -productMstDropDownRowMapper  Method Exceptionjava.sql.SQLSyntaxErrorException: Column 'PKA_ID' not found.
				
2026-07-04 15:20:03 [http-nio-8495-exec-10] ERROR c.v.d.r.productMstDropDownRowMapper -productMstDropDownRowMapper  Method Exceptionjava.sql.SQLSyntaxErrorException: Column 'PKA_ID' not found.
				
2026-07-04 15:20:03 [http-nio-8495-exec-10] ERROR c.v.d.r.productMstDropDownRowMapper -productMstDropDownRowMapper  Method Exceptionjava.sql.SQLSyntaxErrorException: Column 'PKA_ID' not found.
				
2026-07-04 15:20:03 [http-nio-8495-exec-10] ERROR c.v.d.r.productMstDropDownRowMapper -productMstDropDownRowMapper  Method Exceptionjava.sql.SQLSyntaxErrorException: Column 'PKA_ID' not found.
				
2026-07-04 15:20:03 [http-nio-8495-exec-10] ERROR c.v.d.r.productMstDropDownRowMapper -productMstDropDownRowMapper  Method Exceptionjava.sql.SQLSyntaxErrorException: Column 'PKA_ID' not found.
				
2026-07-04 15:20:03 [http-nio-8495-exec-10] ERROR c.v.d.r.productMstDropDownRowMapper -productMstDropDownRowMapper  Method Exceptionjava.sql.SQLSyntaxErrorException: Column 'PKA_ID' not found.
				
2026-07-04 15:20:03 [http-nio-8495-exec-10] ERROR c.v.d.r.productMstDropDownRowMapper -productMstDropDownRowMapper  Method Exceptionjava.sql.SQLSyntaxErrorException: Column 'PKA_ID' not found.
				
2026-07-04 15:20:03 [http-nio-8495-exec-10] ERROR c.v.d.r.productMstDropDownRowMapper -productMstDropDownRowMapper  Method Exceptionjava.sql.SQLSyntaxErrorException: Column 'PKA_ID' not found.
				
2026-07-04 15:20:03 [http-nio-8495-exec-10] ERROR c.v.d.r.productMstDropDownRowMapper -productMstDropDownRowMapper  Method Exceptionjava.sql.SQLSyntaxErrorException: Column 'PKA_ID' not found.
				
2026-07-04 15:20:03 [http-nio-8495-exec-10] ERROR c.v.d.r.productMstDropDownRowMapper -productMstDropDownRowMapper  Method Exceptionjava.sql.SQLSyntaxErrorException: Column 'PKA_ID' not found.
				
2026-07-04 15:20:03 [http-nio-8495-exec-10] ERROR c.v.d.r.productMstDropDownRowMapper -productMstDropDownRowMapper  Method Exceptionjava.sql.SQLSyntaxErrorException: Column 'PKA_ID' not found.
				
2026-07-04 15:20:03 [http-nio-8495-exec-10] ERROR c.v.d.r.productMstDropDownRowMapper -productMstDropDownRowMapper  Method Exceptionjava.sql.SQLSyntaxErrorException: Column 'PKA_ID' not found.
				
2026-07-04 15:20:03 [http-nio-8495-exec-10] ERROR c.v.d.r.productMstDropDownRowMapper -productMstDropDownRowMapper  Method Exceptionjava.sql.SQLSyntaxErrorException: Column 'PKA_ID' not found.
				
2026-07-04 15:20:03 [http-nio-8495-exec-10] ERROR c.v.d.r.productMstDropDownRowMapper -productMstDropDownRowMapper  Method Exceptionjava.sql.SQLSyntaxErrorException: Column 'PKA_ID' not found.
				
2026-07-04 15:20:03 [http-nio-8495-exec-10] ERROR c.v.d.r.productMstDropDownRowMapper -productMstDropDownRowMapper  Method Exceptionjava.sql.SQLSyntaxErrorException: Column 'PKA_ID' not found.
				
2026-07-04 15:20:03 [http-nio-8495-exec-10] ERROR c.v.d.r.productMstDropDownRowMapper -productMstDropDownRowMapper  Method Exceptionjava.sql.SQLSyntaxErrorException: Column 'PKA_ID' not found.
				
2026-07-04 15:20:03 [http-nio-8495-exec-10] ERROR c.v.d.r.productMstDropDownRowMapper -productMstDropDownRowMapper  Method Exceptionjava.sql.SQLSyntaxErrorException: Column 'PKA_ID' not found.
				
2026-07-04 15:20:03 [http-nio-8495-exec-10] ERROR c.v.d.r.productMstDropDownRowMapper -productMstDropDownRowMapper  Method Exceptionjava.sql.SQLSyntaxErrorException: Column 'PKA_ID' not found.
				
2026-07-04 15:20:03 [http-nio-8495-exec-10] ERROR c.v.d.r.productMstDropDownRowMapper -productMstDropDownRowMapper  Method Exceptionjava.sql.SQLSyntaxErrorException: Column 'PKA_ID' not found.
				
2026-07-04 15:20:03 [http-nio-8495-exec-10] ERROR c.v.d.r.productMstDropDownRowMapper -productMstDropDownRowMapper  Method Exceptionjava.sql.SQLSyntaxErrorException: Column 'PKA_ID' not found.
				
2026-07-04 15:20:03 [http-nio-8495-exec-10] ERROR c.v.d.r.productMstDropDownRowMapper -productMstDropDownRowMapper  Method Exceptionjava.sql.SQLSyntaxErrorException: Column 'PKA_ID' not found.
				
2026-07-04 15:20:03 [http-nio-8495-exec-10] ERROR c.v.d.r.productMstDropDownRowMapper -productMstDropDownRowMapper  Method Exceptionjava.sql.SQLSyntaxErrorException: Column 'PKA_ID' not found.
				
2026-07-04 15:20:03 [http-nio-8495-exec-10] ERROR c.v.d.r.productMstDropDownRowMapper -productMstDropDownRowMapper  Method Exceptionjava.sql.SQLSyntaxErrorException: Column 'PKA_ID' not found.
				
2026-07-04 15:20:03 [http-nio-8495-exec-10] ERROR c.v.d.r.productMstDropDownRowMapper -productMstDropDownRowMapper  Method Exceptionjava.sql.SQLSyntaxErrorException: Column 'PKA_ID' not found.
				
2026-07-04 15:20:03 [http-nio-8495-exec-10] ERROR c.v.d.r.productMstDropDownRowMapper -productMstDropDownRowMapper  Method Exceptionjava.sql.SQLSyntaxErrorException: Column 'PKA_ID' not found.
				
2026-07-04 15:20:03 [http-nio-8495-exec-10] ERROR c.v.d.r.productMstDropDownRowMapper -productMstDropDownRowMapper  Method Exceptionjava.sql.SQLSyntaxErrorException: Column 'PKA_ID' not found.
				
2026-07-04 15:20:03 [http-nio-8495-exec-10] ERROR c.v.d.r.productMstDropDownRowMapper -productMstDropDownRowMapper  Method Exceptionjava.sql.SQLSyntaxErrorException: Column 'PKA_ID' not found.
				
2026-07-04 15:20:03 [http-nio-8495-exec-10] ERROR c.v.d.r.productMstDropDownRowMapper -productMstDropDownRowMapper  Method Exceptionjava.sql.SQLSyntaxErrorException: Column 'PKA_ID' not found.
				
2026-07-04 15:20:03 [http-nio-8495-exec-10] ERROR c.v.d.r.productMstDropDownRowMapper -productMstDropDownRowMapper  Method Exceptionjava.sql.SQLSyntaxErrorException: Column 'PKA_ID' not found.
				
2026-07-04 15:20:03 [http-nio-8495-exec-10] ERROR c.v.d.r.productMstDropDownRowMapper -productMstDropDownRowMapper  Method Exceptionjava.sql.SQLSyntaxErrorException: Column 'PKA_ID' not found.
				
2026-07-04 15:20:03 [http-nio-8495-exec-10] ERROR c.v.d.r.productMstDropDownRowMapper -productMstDropDownRowMapper  Method Exceptionjava.sql.SQLSyntaxErrorException: Column 'PKA_ID' not found.
				
2026-07-04 15:20:03 [http-nio-8495-exec-10] ERROR c.v.d.r.productMstDropDownRowMapper -productMstDropDownRowMapper  Method Exceptionjava.sql.SQLSyntaxErrorException: Column 'PKA_ID' not found.
				
2026-07-04 15:20:03 [http-nio-8495-exec-10] ERROR c.v.d.r.productMstDropDownRowMapper -productMstDropDownRowMapper  Method Exceptionjava.sql.SQLSyntaxErrorException: Column 'PKA_ID' not found.
				
2026-07-04 15:20:03 [http-nio-8495-exec-10] ERROR c.v.d.r.productMstDropDownRowMapper -productMstDropDownRowMapper  Method Exceptionjava.sql.SQLSyntaxErrorException: Column 'PKA_ID' not found.
				
2026-07-04 15:20:03 [http-nio-8495-exec-10] ERROR c.v.d.r.productMstDropDownRowMapper -productMstDropDownRowMapper  Method Exceptionjava.sql.SQLSyntaxErrorException: Column 'PKA_ID' not found.
				
2026-07-04 15:20:03 [http-nio-8495-exec-10] ERROR c.v.d.r.productMstDropDownRowMapper -productMstDropDownRowMapper  Method Exceptionjava.sql.SQLSyntaxErrorException: Column 'PKA_ID' not found.
				
2026-07-04 15:20:03 [http-nio-8495-exec-10] ERROR c.v.d.r.productMstDropDownRowMapper -productMstDropDownRowMapper  Method Exceptionjava.sql.SQLSyntaxErrorException: Column 'PKA_ID' not found.
				
2026-07-04 15:20:03 [http-nio-8495-exec-10] ERROR c.v.d.r.productMstDropDownRowMapper -productMstDropDownRowMapper  Method Exceptionjava.sql.SQLSyntaxErrorException: Column 'PKA_ID' not found.
				
2026-07-04 15:20:03 [http-nio-8495-exec-10] ERROR c.v.d.r.productMstDropDownRowMapper -productMstDropDownRowMapper  Method Exceptionjava.sql.SQLSyntaxErrorException: Column 'PKA_ID' not found.
				
2026-07-04 15:20:03 [http-nio-8495-exec-10] ERROR c.v.d.r.productMstDropDownRowMapper -productMstDropDownRowMapper  Method Exceptionjava.sql.SQLSyntaxErrorException: Column 'PKA_ID' not found.
				
2026-07-04 15:20:03 [http-nio-8495-exec-10] ERROR c.v.d.r.productMstDropDownRowMapper -productMstDropDownRowMapper  Method Exceptionjava.sql.SQLSyntaxErrorException: Column 'PKA_ID' not found.
				
2026-07-04 15:20:03 [http-nio-8495-exec-10] ERROR c.v.d.r.productMstDropDownRowMapper -productMstDropDownRowMapper  Method Exceptionjava.sql.SQLSyntaxErrorException: Column 'PKA_ID' not found.
				
2026-07-04 15:20:03 [http-nio-8495-exec-10] ERROR c.v.d.r.productMstDropDownRowMapper -productMstDropDownRowMapper  Method Exceptionjava.sql.SQLSyntaxErrorException: Column 'PKA_ID' not found.
				
2026-07-04 15:20:03 [http-nio-8495-exec-10] ERROR c.v.d.r.productMstDropDownRowMapper -productMstDropDownRowMapper  Method Exceptionjava.sql.SQLSyntaxErrorException: Column 'PKA_ID' not found.
				
2026-07-04 15:20:03 [http-nio-8495-exec-10] ERROR c.v.d.r.productMstDropDownRowMapper -productMstDropDownRowMapper  Method Exceptionjava.sql.SQLSyntaxErrorException: Column 'PKA_ID' not found.
				
2026-07-04 15:20:03 [http-nio-8495-exec-10] ERROR c.v.d.r.productMstDropDownRowMapper -productMstDropDownRowMapper  Method Exceptionjava.sql.SQLSyntaxErrorException: Column 'PKA_ID' not found.
				
2026-07-04 15:20:03 [http-nio-8495-exec-10] ERROR c.v.d.r.productMstDropDownRowMapper -productMstDropDownRowMapper  Method Exceptionjava.sql.SQLSyntaxErrorException: Column 'PKA_ID' not found.
				
2026-07-04 15:20:03 [http-nio-8495-exec-10] ERROR c.v.d.r.productMstDropDownRowMapper -productMstDropDownRowMapper  Method Exceptionjava.sql.SQLSyntaxErrorException: Column 'PKA_ID' not found.
				
2026-07-04 15:20:03 [http-nio-8495-exec-10] ERROR c.v.d.r.productMstDropDownRowMapper -productMstDropDownRowMapper  Method Exceptionjava.sql.SQLSyntaxErrorException: Column 'PKA_ID' not found.
				
2026-07-04 15:20:03 [http-nio-8495-exec-10] ERROR c.v.d.r.productMstDropDownRowMapper -productMstDropDownRowMapper  Method Exceptionjava.sql.SQLSyntaxErrorException: Column 'PKA_ID' not found.
				
2026-07-04 15:20:03 [http-nio-8495-exec-10] ERROR c.v.d.r.productMstDropDownRowMapper -productMstDropDownRowMapper  Method Exceptionjava.sql.SQLSyntaxErrorException: Column 'PKA_ID' not found.
				
2026-07-04 15:20:03 [http-nio-8495-exec-10] ERROR c.v.d.r.productMstDropDownRowMapper -productMstDropDownRowMapper  Method Exceptionjava.sql.SQLSyntaxErrorException: Column 'PKA_ID' not found.
				
2026-07-04 15:20:03 [http-nio-8495-exec-10] ERROR c.v.d.r.productMstDropDownRowMapper -productMstDropDownRowMapper  Method Exceptionjava.sql.SQLSyntaxErrorException: Column 'PKA_ID' not found.
				
2026-07-04 15:20:03 [http-nio-8495-exec-10] ERROR c.v.d.r.productMstDropDownRowMapper -productMstDropDownRowMapper  Method Exceptionjava.sql.SQLSyntaxErrorException: Column 'PKA_ID' not found.
				
2026-07-04 15:20:03 [http-nio-8495-exec-10] ERROR c.v.d.r.productMstDropDownRowMapper -productMstDropDownRowMapper  Method Exceptionjava.sql.SQLSyntaxErrorException: Column 'PKA_ID' not found.
				
2026-07-04 15:20:03 [http-nio-8495-exec-10] ERROR c.v.d.r.productMstDropDownRowMapper -productMstDropDownRowMapper  Method Exceptionjava.sql.SQLSyntaxErrorException: Column 'PKA_ID' not found.
				
2026-07-04 15:20:03 [http-nio-8495-exec-10] ERROR c.v.d.r.productMstDropDownRowMapper -productMstDropDownRowMapper  Method Exceptionjava.sql.SQLSyntaxErrorException: Column 'PKA_ID' not found.
				
2026-07-04 15:20:03 [http-nio-8495-exec-10] ERROR c.v.d.r.productMstDropDownRowMapper -productMstDropDownRowMapper  Method Exceptionjava.sql.SQLSyntaxErrorException: Column 'PKA_ID' not found.
				
2026-07-04 15:20:03 [http-nio-8495-exec-10] ERROR c.v.d.r.productMstDropDownRowMapper -productMstDropDownRowMapper  Method Exceptionjava.sql.SQLSyntaxErrorException: Column 'PKA_ID' not found.
				
2026-07-04 15:20:03 [http-nio-8495-exec-10] ERROR c.v.d.r.productMstDropDownRowMapper -productMstDropDownRowMapper  Method Exceptionjava.sql.SQLSyntaxErrorException: Column 'PKA_ID' not found.
				
2026-07-04 15:20:03 [http-nio-8495-exec-10] ERROR c.v.d.r.productMstDropDownRowMapper -productMstDropDownRowMapper  Method Exceptionjava.sql.SQLSyntaxErrorException: Column 'PKA_ID' not found.
				
2026-07-04 15:20:03 [http-nio-8495-exec-10] ERROR c.v.d.r.productMstDropDownRowMapper -productMstDropDownRowMapper  Method Exceptionjava.sql.SQLSyntaxErrorException: Column 'PKA_ID' not found.
				
2026-07-04 15:20:03 [http-nio-8495-exec-10] ERROR c.v.d.r.productMstDropDownRowMapper -productMstDropDownRowMapper  Method Exceptionjava.sql.SQLSyntaxErrorException: Column 'PKA_ID' not found.
				
2026-07-04 15:20:03 [http-nio-8495-exec-10] ERROR c.v.d.r.productMstDropDownRowMapper -productMstDropDownRowMapper  Method Exceptionjava.sql.SQLSyntaxErrorException: Column 'PKA_ID' not found.
				
2026-07-04 15:20:03 [http-nio-8495-exec-10] ERROR c.v.d.r.productMstDropDownRowMapper -productMstDropDownRowMapper  Method Exceptionjava.sql.SQLSyntaxErrorException: Column 'PKA_ID' not found.
				
2026-07-04 15:20:03 [http-nio-8495-exec-10] ERROR c.v.d.r.productMstDropDownRowMapper -productMstDropDownRowMapper  Method Exceptionjava.sql.SQLSyntaxErrorException: Column 'PKA_ID' not found.
				
2026-07-04 15:20:03 [http-nio-8495-exec-10] ERROR c.v.d.r.productMstDropDownRowMapper -productMstDropDownRowMapper  Method Exceptionjava.sql.SQLSyntaxErrorException: Column 'PKA_ID' not found.
				
2026-07-04 15:20:03 [http-nio-8495-exec-10] ERROR c.v.d.r.productMstDropDownRowMapper -productMstDropDownRowMapper  Method Exceptionjava.sql.SQLSyntaxErrorException: Column 'PKA_ID' not found.
				
2026-07-04 15:20:03 [http-nio-8495-exec-10] ERROR c.v.d.r.productMstDropDownRowMapper -productMstDropDownRowMapper  Method Exceptionjava.sql.SQLSyntaxErrorException: Column 'PKA_ID' not found.
				
2026-07-04 15:20:03 [http-nio-8495-exec-10] ERROR c.v.d.r.productMstDropDownRowMapper -productMstDropDownRowMapper  Method Exceptionjava.sql.SQLSyntaxErrorException: Column 'PKA_ID' not found.
				
2026-07-04 15:20:03 [http-nio-8495-exec-10] ERROR c.v.d.r.productMstDropDownRowMapper -productMstDropDownRowMapper  Method Exceptionjava.sql.SQLSyntaxErrorException: Column 'PKA_ID' not found.
				
2026-07-04 15:20:03 [http-nio-8495-exec-10] ERROR c.v.d.r.productMstDropDownRowMapper -productMstDropDownRowMapper  Method Exceptionjava.sql.SQLSyntaxErrorException: Column 'PKA_ID' not found.
				
2026-07-04 15:20:03 [http-nio-8495-exec-10] ERROR c.v.d.r.productMstDropDownRowMapper -productMstDropDownRowMapper  Method Exceptionjava.sql.SQLSyntaxErrorException: Column 'PKA_ID' not found.
				
2026-07-04 15:20:03 [http-nio-8495-exec-10] ERROR c.v.d.r.productMstDropDownRowMapper -productMstDropDownRowMapper  Method Exceptionjava.sql.SQLSyntaxErrorException: Column 'PKA_ID' not found.
				
2026-07-04 15:20:03 [http-nio-8495-exec-10] ERROR c.v.d.r.productMstDropDownRowMapper -productMstDropDownRowMapper  Method Exceptionjava.sql.SQLSyntaxErrorException: Column 'PKA_ID' not found.
				
2026-07-04 15:20:03 [http-nio-8495-exec-10] ERROR c.v.d.r.productMstDropDownRowMapper -productMstDropDownRowMapper  Method Exceptionjava.sql.SQLSyntaxErrorException: Column 'PKA_ID' not found.
				
2026-07-04 15:20:03 [http-nio-8495-exec-10] ERROR c.v.d.r.productMstDropDownRowMapper -productMstDropDownRowMapper  Method Exceptionjava.sql.SQLSyntaxErrorException: Column 'PKA_ID' not found.
				
2026-07-04 15:20:03 [http-nio-8495-exec-10] ERROR c.v.d.r.productMstDropDownRowMapper -productMstDropDownRowMapper  Method Exceptionjava.sql.SQLSyntaxErrorException: Column 'PKA_ID' not found.
				
2026-07-04 15:20:03 [http-nio-8495-exec-10] ERROR c.v.d.r.productMstDropDownRowMapper -productMstDropDownRowMapper  Method Exceptionjava.sql.SQLSyntaxErrorException: Column 'PKA_ID' not found.
				
2026-07-04 15:20:03 [http-nio-8495-exec-10] ERROR c.v.d.r.productMstDropDownRowMapper -productMstDropDownRowMapper  Method Exceptionjava.sql.SQLSyntaxErrorException: Column 'PKA_ID' not found.
				
2026-07-04 15:20:03 [http-nio-8495-exec-10] ERROR c.v.d.r.productMstDropDownRowMapper -productMstDropDownRowMapper  Method Exceptionjava.sql.SQLSyntaxErrorException: Column 'PKA_ID' not found.
				
2026-07-04 15:20:03 [http-nio-8495-exec-10] ERROR c.v.d.r.productMstDropDownRowMapper -productMstDropDownRowMapper  Method Exceptionjava.sql.SQLSyntaxErrorException: Column 'PKA_ID' not found.
				
2026-07-04 15:20:03 [http-nio-8495-exec-10] ERROR c.v.d.r.productMstDropDownRowMapper -productMstDropDownRowMapper  Method Exceptionjava.sql.SQLSyntaxErrorException: Column 'PKA_ID' not found.
				
2026-07-04 15:20:03 [http-nio-8495-exec-10] ERROR c.v.d.r.productMstDropDownRowMapper -productMstDropDownRowMapper  Method Exceptionjava.sql.SQLSyntaxErrorException: Column 'PKA_ID' not found.
				
2026-07-04 15:20:03 [http-nio-8495-exec-10] ERROR c.v.d.r.productMstDropDownRowMapper -productMstDropDownRowMapper  Method Exceptionjava.sql.SQLSyntaxErrorException: Column 'PKA_ID' not found.
				
2026-07-04 15:20:03 [http-nio-8495-exec-10] ERROR c.v.d.r.productMstDropDownRowMapper -productMstDropDownRowMapper  Method Exceptionjava.sql.SQLSyntaxErrorException: Column 'PKA_ID' not found.
				
2026-07-04 15:20:03 [http-nio-8495-exec-10] ERROR c.v.d.r.productMstDropDownRowMapper -productMstDropDownRowMapper  Method Exceptionjava.sql.SQLSyntaxErrorException: Column 'PKA_ID' not found.
				
2026-07-04 15:20:03 [http-nio-8495-exec-10] ERROR c.v.d.r.productMstDropDownRowMapper -productMstDropDownRowMapper  Method Exceptionjava.sql.SQLSyntaxErrorException: Column 'PKA_ID' not found.
				
2026-07-04 15:20:03 [http-nio-8495-exec-10] ERROR c.v.d.r.productMstDropDownRowMapper -productMstDropDownRowMapper  Method Exceptionjava.sql.SQLSyntaxErrorException: Column 'PKA_ID' not found.
				
2026-07-04 15:20:03 [http-nio-8495-exec-10] ERROR c.v.d.r.productMstDropDownRowMapper -productMstDropDownRowMapper  Method Exceptionjava.sql.SQLSyntaxErrorException: Column 'PKA_ID' not found.
				
2026-07-04 15:20:03 [http-nio-8495-exec-10] ERROR c.v.d.r.productMstDropDownRowMapper -productMstDropDownRowMapper  Method Exceptionjava.sql.SQLSyntaxErrorException: Column 'PKA_ID' not found.
				
2026-07-04 15:20:03 [http-nio-8495-exec-10] ERROR c.v.d.r.productMstDropDownRowMapper -productMstDropDownRowMapper  Method Exceptionjava.sql.SQLSyntaxErrorException: Column 'PKA_ID' not found.
				
2026-07-04 15:20:03 [http-nio-8495-exec-10] ERROR c.v.d.r.productMstDropDownRowMapper -productMstDropDownRowMapper  Method Exceptionjava.sql.SQLSyntaxErrorException: Column 'PKA_ID' not found.
				
2026-07-04 15:20:03 [http-nio-8495-exec-10] ERROR c.v.d.r.productMstDropDownRowMapper -productMstDropDownRowMapper  Method Exceptionjava.sql.SQLSyntaxErrorException: Column 'PKA_ID' not found.
				
2026-07-04 15:20:03 [http-nio-8495-exec-10] ERROR c.v.d.r.productMstDropDownRowMapper -productMstDropDownRowMapper  Method Exceptionjava.sql.SQLSyntaxErrorException: Column 'PKA_ID' not found.
				
2026-07-04 15:20:03 [http-nio-8495-exec-10] ERROR c.v.d.r.productMstDropDownRowMapper -productMstDropDownRowMapper  Method Exceptionjava.sql.SQLSyntaxErrorException: Column 'PKA_ID' not found.
				
2026-07-04 15:20:03 [http-nio-8495-exec-10] ERROR c.v.d.r.productMstDropDownRowMapper -productMstDropDownRowMapper  Method Exceptionjava.sql.SQLSyntaxErrorException: Column 'PKA_ID' not found.
				
2026-07-04 15:20:03 [http-nio-8495-exec-10] ERROR c.v.d.r.productMstDropDownRowMapper -productMstDropDownRowMapper  Method Exceptionjava.sql.SQLSyntaxErrorException: Column 'PKA_ID' not found.
				
2026-07-04 15:20:03 [http-nio-8495-exec-10] ERROR c.v.d.r.productMstDropDownRowMapper -productMstDropDownRowMapper  Method Exceptionjava.sql.SQLSyntaxErrorException: Column 'PKA_ID' not found.
				
2026-07-04 15:20:03 [http-nio-8495-exec-10] ERROR c.v.d.r.productMstDropDownRowMapper -productMstDropDownRowMapper  Method Exceptionjava.sql.SQLSyntaxErrorException: Column 'PKA_ID' not found.
				
2026-07-04 15:20:03 [http-nio-8495-exec-10] ERROR c.v.d.r.productMstDropDownRowMapper -productMstDropDownRowMapper  Method Exceptionjava.sql.SQLSyntaxErrorException: Column 'PKA_ID' not found.
				
2026-07-04 15:20:03 [http-nio-8495-exec-10] ERROR c.v.d.r.productMstDropDownRowMapper -productMstDropDownRowMapper  Method Exceptionjava.sql.SQLSyntaxErrorException: Column 'PKA_ID' not found.
				
2026-07-04 15:20:03 [http-nio-8495-exec-10] ERROR c.v.d.r.productMstDropDownRowMapper -productMstDropDownRowMapper  Method Exceptionjava.sql.SQLSyntaxErrorException: Column 'PKA_ID' not found.
				
2026-07-04 15:20:03 [http-nio-8495-exec-10] ERROR c.v.d.r.productMstDropDownRowMapper -productMstDropDownRowMapper  Method Exceptionjava.sql.SQLSyntaxErrorException: Column 'PKA_ID' not found.
				
2026-07-04 15:20:03 [http-nio-8495-exec-10] ERROR c.v.d.r.productMstDropDownRowMapper -productMstDropDownRowMapper  Method Exceptionjava.sql.SQLSyntaxErrorException: Column 'PKA_ID' not found.
				
2026-07-04 15:20:03 [http-nio-8495-exec-10] ERROR c.v.d.r.productMstDropDownRowMapper -productMstDropDownRowMapper  Method Exceptionjava.sql.SQLSyntaxErrorException: Column 'PKA_ID' not found.
				
2026-07-04 15:20:03 [http-nio-8495-exec-10] ERROR c.v.d.r.productMstDropDownRowMapper -productMstDropDownRowMapper  Method Exceptionjava.sql.SQLSyntaxErrorException: Column 'PKA_ID' not found.
				
2026-07-04 15:20:03 [http-nio-8495-exec-10] ERROR c.v.d.r.productMstDropDownRowMapper -productMstDropDownRowMapper  Method Exceptionjava.sql.SQLSyntaxErrorException: Column 'PKA_ID' not found.
				
2026-07-04 15:20:03 [http-nio-8495-exec-10] ERROR c.v.d.r.productMstDropDownRowMapper -productMstDropDownRowMapper  Method Exceptionjava.sql.SQLSyntaxErrorException: Column 'PKA_ID' not found.
				
2026-07-04 15:20:03 [http-nio-8495-exec-10] ERROR c.v.d.r.productMstDropDownRowMapper -productMstDropDownRowMapper  Method Exceptionjava.sql.SQLSyntaxErrorException: Column 'PKA_ID' not found.
				
2026-07-04 15:20:03 [http-nio-8495-exec-10] ERROR c.v.d.r.productMstDropDownRowMapper -productMstDropDownRowMapper  Method Exceptionjava.sql.SQLSyntaxErrorException: Column 'PKA_ID' not found.
				
2026-07-04 15:20:03 [http-nio-8495-exec-10] ERROR c.v.d.r.productMstDropDownRowMapper -productMstDropDownRowMapper  Method Exceptionjava.sql.SQLSyntaxErrorException: Column 'PKA_ID' not found.
				
2026-07-04 15:20:03 [http-nio-8495-exec-10] ERROR c.v.d.r.productMstDropDownRowMapper -productMstDropDownRowMapper  Method Exceptionjava.sql.SQLSyntaxErrorException: Column 'PKA_ID' not found.
				
2026-07-04 15:20:03 [http-nio-8495-exec-10] ERROR c.v.d.r.productMstDropDownRowMapper -productMstDropDownRowMapper  Method Exceptionjava.sql.SQLSyntaxErrorException: Column 'PKA_ID' not found.
				
2026-07-04 15:20:03 [http-nio-8495-exec-10] ERROR c.v.d.r.productMstDropDownRowMapper -productMstDropDownRowMapper  Method Exceptionjava.sql.SQLSyntaxErrorException: Column 'PKA_ID' not found.
				
2026-07-04 15:20:03 [http-nio-8495-exec-10] ERROR c.v.d.r.productMstDropDownRowMapper -productMstDropDownRowMapper  Method Exceptionjava.sql.SQLSyntaxErrorException: Column 'PKA_ID' not found.
				
2026-07-04 15:20:03 [http-nio-8495-exec-10] ERROR c.v.d.r.productMstDropDownRowMapper -productMstDropDownRowMapper  Method Exceptionjava.sql.SQLSyntaxErrorException: Column 'PKA_ID' not found.
				
2026-07-04 15:20:03 [http-nio-8495-exec-10] ERROR c.v.d.r.productMstDropDownRowMapper -productMstDropDownRowMapper  Method Exceptionjava.sql.SQLSyntaxErrorException: Column 'PKA_ID' not found.
				
2026-07-04 15:20:03 [http-nio-8495-exec-10] ERROR c.v.d.r.productMstDropDownRowMapper -productMstDropDownRowMapper  Method Exceptionjava.sql.SQLSyntaxErrorException: Column 'PKA_ID' not found.
				
2026-07-04 15:20:03 [http-nio-8495-exec-10] ERROR c.v.d.r.productMstDropDownRowMapper -productMstDropDownRowMapper  Method Exceptionjava.sql.SQLSyntaxErrorException: Column 'PKA_ID' not found.
				
2026-07-04 15:20:03 [http-nio-8495-exec-10] ERROR c.v.d.r.productMstDropDownRowMapper -productMstDropDownRowMapper  Method Exceptionjava.sql.SQLSyntaxErrorException: Column 'PKA_ID' not found.
				
2026-07-04 15:20:03 [http-nio-8495-exec-10] ERROR c.v.d.r.productMstDropDownRowMapper -productMstDropDownRowMapper  Method Exceptionjava.sql.SQLSyntaxErrorException: Column 'PKA_ID' not found.
				
2026-07-04 15:20:03 [http-nio-8495-exec-10] ERROR c.v.d.r.productMstDropDownRowMapper -productMstDropDownRowMapper  Method Exceptionjava.sql.SQLSyntaxErrorException: Column 'PKA_ID' not found.
				
2026-07-04 15:20:03 [http-nio-8495-exec-10] ERROR c.v.d.r.productMstDropDownRowMapper -productMstDropDownRowMapper  Method Exceptionjava.sql.SQLSyntaxErrorException: Column 'PKA_ID' not found.
				
2026-07-04 15:20:03 [http-nio-8495-exec-10] ERROR c.v.d.r.productMstDropDownRowMapper -productMstDropDownRowMapper  Method Exceptionjava.sql.SQLSyntaxErrorException: Column 'PKA_ID' not found.
				
2026-07-04 15:20:03 [http-nio-8495-exec-10] ERROR c.v.d.r.productMstDropDownRowMapper -productMstDropDownRowMapper  Method Exceptionjava.sql.SQLSyntaxErrorException: Column 'PKA_ID' not found.
				
2026-07-04 15:20:03 [http-nio-8495-exec-10] ERROR c.v.d.r.productMstDropDownRowMapper -productMstDropDownRowMapper  Method Exceptionjava.sql.SQLSyntaxErrorException: Column 'PKA_ID' not found.
				
2026-07-04 15:20:03 [http-nio-8495-exec-10] ERROR c.v.d.r.productMstDropDownRowMapper -productMstDropDownRowMapper  Method Exceptionjava.sql.SQLSyntaxErrorException: Column 'PKA_ID' not found.
				
2026-07-04 15:20:03 [http-nio-8495-exec-10] ERROR c.v.d.r.productMstDropDownRowMapper -productMstDropDownRowMapper  Method Exceptionjava.sql.SQLSyntaxErrorException: Column 'PKA_ID' not found.
				
2026-07-04 15:20:03 [http-nio-8495-exec-10] ERROR c.v.d.r.productMstDropDownRowMapper -productMstDropDownRowMapper  Method Exceptionjava.sql.SQLSyntaxErrorException: Column 'PKA_ID' not found.
				
2026-07-04 15:20:03 [http-nio-8495-exec-10] ERROR c.v.d.r.productMstDropDownRowMapper -productMstDropDownRowMapper  Method Exceptionjava.sql.SQLSyntaxErrorException: Column 'PKA_ID' not found.
				
2026-07-04 15:20:03 [http-nio-8495-exec-10] ERROR c.v.d.r.productMstDropDownRowMapper -productMstDropDownRowMapper  Method Exceptionjava.sql.SQLSyntaxErrorException: Column 'PKA_ID' not found.
				
2026-07-04 15:20:03 [http-nio-8495-exec-10] ERROR c.v.d.r.productMstDropDownRowMapper -productMstDropDownRowMapper  Method Exceptionjava.sql.SQLSyntaxErrorException: Column 'PKA_ID' not found.
				
2026-07-04 15:20:03 [http-nio-8495-exec-10] ERROR c.v.d.r.productMstDropDownRowMapper -productMstDropDownRowMapper  Method Exceptionjava.sql.SQLSyntaxErrorException: Column 'PKA_ID' not found.
				
2026-07-04 15:20:03 [http-nio-8495-exec-10] ERROR c.v.d.r.productMstDropDownRowMapper -productMstDropDownRowMapper  Method Exceptionjava.sql.SQLSyntaxErrorException: Column 'PKA_ID' not found.
				
2026-07-04 15:20:03 [http-nio-8495-exec-10] ERROR c.v.d.r.productMstDropDownRowMapper -productMstDropDownRowMapper  Method Exceptionjava.sql.SQLSyntaxErrorException: Column 'PKA_ID' not found.
				
2026-07-04 15:20:03 [http-nio-8495-exec-10] ERROR c.v.d.r.productMstDropDownRowMapper -productMstDropDownRowMapper  Method Exceptionjava.sql.SQLSyntaxErrorException: Column 'PKA_ID' not found.
				
2026-07-04 15:20:03 [http-nio-8495-exec-10] ERROR c.v.d.r.productMstDropDownRowMapper -productMstDropDownRowMapper  Method Exceptionjava.sql.SQLSyntaxErrorException: Column 'PKA_ID' not found.
				
2026-07-04 15:20:03 [http-nio-8495-exec-10] ERROR c.v.d.r.productMstDropDownRowMapper -productMstDropDownRowMapper  Method Exceptionjava.sql.SQLSyntaxErrorException: Column 'PKA_ID' not found.
				
2026-07-04 15:20:03 [http-nio-8495-exec-10] ERROR c.v.d.r.productMstDropDownRowMapper -productMstDropDownRowMapper  Method Exceptionjava.sql.SQLSyntaxErrorException: Column 'PKA_ID' not found.
				
2026-07-04 15:20:03 [http-nio-8495-exec-10] ERROR c.v.d.r.productMstDropDownRowMapper -productMstDropDownRowMapper  Method Exceptionjava.sql.SQLSyntaxErrorException: Column 'PKA_ID' not found.
				
2026-07-04 15:20:03 [http-nio-8495-exec-10] ERROR c.v.d.r.productMstDropDownRowMapper -productMstDropDownRowMapper  Method Exceptionjava.sql.SQLSyntaxErrorException: Column 'PKA_ID' not found.
				
2026-07-04 15:20:03 [http-nio-8495-exec-10] ERROR c.v.d.r.productMstDropDownRowMapper -productMstDropDownRowMapper  Method Exceptionjava.sql.SQLSyntaxErrorException: Column 'PKA_ID' not found.
				
2026-07-04 15:20:03 [http-nio-8495-exec-10] ERROR c.v.d.r.productMstDropDownRowMapper -productMstDropDownRowMapper  Method Exceptionjava.sql.SQLSyntaxErrorException: Column 'PKA_ID' not found.
				
2026-07-04 15:20:03 [http-nio-8495-exec-10] ERROR c.v.d.r.productMstDropDownRowMapper -productMstDropDownRowMapper  Method Exceptionjava.sql.SQLSyntaxErrorException: Column 'PKA_ID' not found.
				
2026-07-04 15:20:03 [http-nio-8495-exec-10] ERROR c.v.d.r.productMstDropDownRowMapper -productMstDropDownRowMapper  Method Exceptionjava.sql.SQLSyntaxErrorException: Column 'PKA_ID' not found.
				
2026-07-04 15:20:03 [http-nio-8495-exec-10] ERROR c.v.d.r.productMstDropDownRowMapper -productMstDropDownRowMapper  Method Exceptionjava.sql.SQLSyntaxErrorException: Column 'PKA_ID' not found.
				
2026-07-04 15:20:03 [http-nio-8495-exec-10] ERROR c.v.d.r.productMstDropDownRowMapper -productMstDropDownRowMapper  Method Exceptionjava.sql.SQLSyntaxErrorException: Column 'PKA_ID' not found.
				
2026-07-04 15:20:03 [http-nio-8495-exec-10] ERROR c.v.d.r.productMstDropDownRowMapper -productMstDropDownRowMapper  Method Exceptionjava.sql.SQLSyntaxErrorException: Column 'PKA_ID' not found.
				
2026-07-04 15:20:03 [http-nio-8495-exec-10] ERROR c.v.d.r.productMstDropDownRowMapper -productMstDropDownRowMapper  Method Exceptionjava.sql.SQLSyntaxErrorException: Column 'PKA_ID' not found.
				
2026-07-04 15:20:03 [http-nio-8495-exec-10] ERROR c.v.d.r.productMstDropDownRowMapper -productMstDropDownRowMapper  Method Exceptionjava.sql.SQLSyntaxErrorException: Column 'PKA_ID' not found.
				
2026-07-04 15:20:03 [http-nio-8495-exec-10] ERROR c.v.d.r.productMstDropDownRowMapper -productMstDropDownRowMapper  Method Exceptionjava.sql.SQLSyntaxErrorException: Column 'PKA_ID' not found.
				
2026-07-04 15:20:03 [http-nio-8495-exec-10] ERROR c.v.d.r.productMstDropDownRowMapper -productMstDropDownRowMapper  Method Exceptionjava.sql.SQLSyntaxErrorException: Column 'PKA_ID' not found.
				
2026-07-04 15:20:03 [http-nio-8495-exec-10] ERROR c.v.d.r.productMstDropDownRowMapper -productMstDropDownRowMapper  Method Exceptionjava.sql.SQLSyntaxErrorException: Column 'PKA_ID' not found.
				
2026-07-04 15:20:03 [http-nio-8495-exec-10] ERROR c.v.d.r.productMstDropDownRowMapper -productMstDropDownRowMapper  Method Exceptionjava.sql.SQLSyntaxErrorException: Column 'PKA_ID' not found.
				
2026-07-04 15:20:03 [http-nio-8495-exec-10] ERROR c.v.d.r.productMstDropDownRowMapper -productMstDropDownRowMapper  Method Exceptionjava.sql.SQLSyntaxErrorException: Column 'PKA_ID' not found.
				
2026-07-04 15:20:03 [http-nio-8495-exec-10] ERROR c.v.d.r.productMstDropDownRowMapper -productMstDropDownRowMapper  Method Exceptionjava.sql.SQLSyntaxErrorException: Column 'PKA_ID' not found.
				
2026-07-04 15:20:03 [http-nio-8495-exec-10] ERROR c.v.d.r.productMstDropDownRowMapper -productMstDropDownRowMapper  Method Exceptionjava.sql.SQLSyntaxErrorException: Column 'PKA_ID' not found.
				
2026-07-04 15:20:03 [http-nio-8495-exec-10] ERROR c.v.d.r.productMstDropDownRowMapper -productMstDropDownRowMapper  Method Exceptionjava.sql.SQLSyntaxErrorException: Column 'PKA_ID' not found.
				
2026-07-04 15:20:03 [http-nio-8495-exec-10] ERROR c.v.d.r.productMstDropDownRowMapper -productMstDropDownRowMapper  Method Exceptionjava.sql.SQLSyntaxErrorException: Column 'PKA_ID' not found.
				
2026-07-04 15:20:03 [http-nio-8495-exec-10] ERROR c.v.d.r.productMstDropDownRowMapper -productMstDropDownRowMapper  Method Exceptionjava.sql.SQLSyntaxErrorException: Column 'PKA_ID' not found.
				
2026-07-04 15:20:03 [http-nio-8495-exec-10] ERROR c.v.d.r.productMstDropDownRowMapper -productMstDropDownRowMapper  Method Exceptionjava.sql.SQLSyntaxErrorException: Column 'PKA_ID' not found.
				
2026-07-04 15:20:03 [http-nio-8495-exec-10] ERROR c.v.d.r.productMstDropDownRowMapper -productMstDropDownRowMapper  Method Exceptionjava.sql.SQLSyntaxErrorException: Column 'PKA_ID' not found.
				
2026-07-04 15:20:03 [http-nio-8495-exec-10] ERROR c.v.d.r.productMstDropDownRowMapper -productMstDropDownRowMapper  Method Exceptionjava.sql.SQLSyntaxErrorException: Column 'PKA_ID' not found.
				
2026-07-04 15:20:03 [http-nio-8495-exec-10] ERROR c.v.d.r.productMstDropDownRowMapper -productMstDropDownRowMapper  Method Exceptionjava.sql.SQLSyntaxErrorException: Column 'PKA_ID' not found.
				
2026-07-04 15:20:03 [http-nio-8495-exec-10] ERROR c.v.d.r.productMstDropDownRowMapper -productMstDropDownRowMapper  Method Exceptionjava.sql.SQLSyntaxErrorException: Column 'PKA_ID' not found.
				
2026-07-04 15:20:03 [http-nio-8495-exec-10] ERROR c.v.d.r.productMstDropDownRowMapper -productMstDropDownRowMapper  Method Exceptionjava.sql.SQLSyntaxErrorException: Column 'PKA_ID' not found.
				
2026-07-04 15:20:03 [http-nio-8495-exec-10] ERROR c.v.d.r.productMstDropDownRowMapper -productMstDropDownRowMapper  Method Exceptionjava.sql.SQLSyntaxErrorException: Column 'PKA_ID' not found.
				
2026-07-04 15:20:03 [http-nio-8495-exec-10] ERROR c.v.d.r.productMstDropDownRowMapper -productMstDropDownRowMapper  Method Exceptionjava.sql.SQLSyntaxErrorException: Column 'PKA_ID' not found.
				
2026-07-04 15:20:03 [http-nio-8495-exec-10] ERROR c.v.d.r.productMstDropDownRowMapper -productMstDropDownRowMapper  Method Exceptionjava.sql.SQLSyntaxErrorException: Column 'PKA_ID' not found.
				
2026-07-04 15:20:03 [http-nio-8495-exec-10] ERROR c.v.d.r.productMstDropDownRowMapper -productMstDropDownRowMapper  Method Exceptionjava.sql.SQLSyntaxErrorException: Column 'PKA_ID' not found.
				
2026-07-04 15:20:03 [http-nio-8495-exec-10] ERROR c.v.d.r.productMstDropDownRowMapper -productMstDropDownRowMapper  Method Exceptionjava.sql.SQLSyntaxErrorException: Column 'PKA_ID' not found.
				
2026-07-04 15:20:03 [http-nio-8495-exec-10] ERROR c.v.d.r.productMstDropDownRowMapper -productMstDropDownRowMapper  Method Exceptionjava.sql.SQLSyntaxErrorException: Column 'PKA_ID' not found.
				
2026-07-04 15:20:03 [http-nio-8495-exec-10] ERROR c.v.d.r.productMstDropDownRowMapper -productMstDropDownRowMapper  Method Exceptionjava.sql.SQLSyntaxErrorException: Column 'PKA_ID' not found.
				
2026-07-04 15:20:03 [http-nio-8495-exec-10] ERROR c.v.d.r.productMstDropDownRowMapper -productMstDropDownRowMapper  Method Exceptionjava.sql.SQLSyntaxErrorException: Column 'PKA_ID' not found.
				
2026-07-04 15:20:03 [http-nio-8495-exec-10] ERROR c.v.d.r.productMstDropDownRowMapper -productMstDropDownRowMapper  Method Exceptionjava.sql.SQLSyntaxErrorException: Column 'PKA_ID' not found.
				
2026-07-04 15:20:03 [http-nio-8495-exec-10] ERROR c.v.d.r.productMstDropDownRowMapper -productMstDropDownRowMapper  Method Exceptionjava.sql.SQLSyntaxErrorException: Column 'PKA_ID' not found.
				
2026-07-04 15:20:03 [http-nio-8495-exec-10] ERROR c.v.d.r.productMstDropDownRowMapper -productMstDropDownRowMapper  Method Exceptionjava.sql.SQLSyntaxErrorException: Column 'PKA_ID' not found.
				
2026-07-04 15:20:03 [http-nio-8495-exec-10] ERROR c.v.d.r.productMstDropDownRowMapper -productMstDropDownRowMapper  Method Exceptionjava.sql.SQLSyntaxErrorException: Column 'PKA_ID' not found.
				
2026-07-04 15:20:03 [http-nio-8495-exec-10] ERROR c.v.d.r.productMstDropDownRowMapper -productMstDropDownRowMapper  Method Exceptionjava.sql.SQLSyntaxErrorException: Column 'PKA_ID' not found.
				
2026-07-04 15:20:03 [http-nio-8495-exec-10] ERROR c.v.d.r.productMstDropDownRowMapper -productMstDropDownRowMapper  Method Exceptionjava.sql.SQLSyntaxErrorException: Column 'PKA_ID' not found.
				
2026-07-04 15:20:03 [http-nio-8495-exec-10] ERROR c.v.d.r.productMstDropDownRowMapper -productMstDropDownRowMapper  Method Exceptionjava.sql.SQLSyntaxErrorException: Column 'PKA_ID' not found.
				
2026-07-04 15:20:03 [http-nio-8495-exec-10] ERROR c.v.d.r.productMstDropDownRowMapper -productMstDropDownRowMapper  Method Exceptionjava.sql.SQLSyntaxErrorException: Column 'PKA_ID' not found.
				
2026-07-04 15:20:03 [http-nio-8495-exec-10] ERROR c.v.d.r.productMstDropDownRowMapper -productMstDropDownRowMapper  Method Exceptionjava.sql.SQLSyntaxErrorException: Column 'PKA_ID' not found.
				
2026-07-04 15:20:03 [http-nio-8495-exec-10] ERROR c.v.d.r.productMstDropDownRowMapper -productMstDropDownRowMapper  Method Exceptionjava.sql.SQLSyntaxErrorException: Column 'PKA_ID' not found.
				
2026-07-04 15:20:03 [http-nio-8495-exec-10] ERROR c.v.d.r.productMstDropDownRowMapper -productMstDropDownRowMapper  Method Exceptionjava.sql.SQLSyntaxErrorException: Column 'PKA_ID' not found.
				
2026-07-04 15:20:03 [http-nio-8495-exec-10] ERROR c.v.d.r.productMstDropDownRowMapper -productMstDropDownRowMapper  Method Exceptionjava.sql.SQLSyntaxErrorException: Column 'PKA_ID' not found.
				
2026-07-04 15:20:03 [http-nio-8495-exec-10] ERROR c.v.d.r.productMstDropDownRowMapper -productMstDropDownRowMapper  Method Exceptionjava.sql.SQLSyntaxErrorException: Column 'PKA_ID' not found.
				
2026-07-04 15:20:03 [http-nio-8495-exec-10] ERROR c.v.d.r.productMstDropDownRowMapper -productMstDropDownRowMapper  Method Exceptionjava.sql.SQLSyntaxErrorException: Column 'PKA_ID' not found.
				
2026-07-04 15:20:03 [http-nio-8495-exec-10] ERROR c.v.d.r.productMstDropDownRowMapper -productMstDropDownRowMapper  Method Exceptionjava.sql.SQLSyntaxErrorException: Column 'PKA_ID' not found.
				
2026-07-04 15:20:03 [http-nio-8495-exec-10] ERROR c.v.d.r.productMstDropDownRowMapper -productMstDropDownRowMapper  Method Exceptionjava.sql.SQLSyntaxErrorException: Column 'PKA_ID' not found.
				
2026-07-04 15:20:03 [http-nio-8495-exec-10] ERROR c.v.d.r.productMstDropDownRowMapper -productMstDropDownRowMapper  Method Exceptionjava.sql.SQLSyntaxErrorException: Column 'PKA_ID' not found.
				
2026-07-04 15:20:03 [http-nio-8495-exec-10] ERROR c.v.d.r.productMstDropDownRowMapper -productMstDropDownRowMapper  Method Exceptionjava.sql.SQLSyntaxErrorException: Column 'PKA_ID' not found.
				
2026-07-04 15:20:03 [http-nio-8495-exec-10] ERROR c.v.d.r.productMstDropDownRowMapper -productMstDropDownRowMapper  Method Exceptionjava.sql.SQLSyntaxErrorException: Column 'PKA_ID' not found.
				
2026-07-04 15:20:03 [http-nio-8495-exec-10] ERROR c.v.d.r.productMstDropDownRowMapper -productMstDropDownRowMapper  Method Exceptionjava.sql.SQLSyntaxErrorException: Column 'PKA_ID' not found.
				
2026-07-04 15:20:03 [http-nio-8495-exec-10] ERROR c.v.d.r.productMstDropDownRowMapper -productMstDropDownRowMapper  Method Exceptionjava.sql.SQLSyntaxErrorException: Column 'PKA_ID' not found.
				
2026-07-04 15:20:03 [http-nio-8495-exec-10] ERROR c.v.d.r.productMstDropDownRowMapper -productMstDropDownRowMapper  Method Exceptionjava.sql.SQLSyntaxErrorException: Column 'PKA_ID' not found.
				
2026-07-04 15:20:03 [http-nio-8495-exec-10] ERROR c.v.d.r.productMstDropDownRowMapper -productMstDropDownRowMapper  Method Exceptionjava.sql.SQLSyntaxErrorException: Column 'PKA_ID' not found.
				
2026-07-04 15:20:03 [http-nio-8495-exec-10] ERROR c.v.d.r.productMstDropDownRowMapper -productMstDropDownRowMapper  Method Exceptionjava.sql.SQLSyntaxErrorException: Column 'PKA_ID' not found.
				
2026-07-04 15:20:03 [http-nio-8495-exec-10] ERROR c.v.d.r.productMstDropDownRowMapper -productMstDropDownRowMapper  Method Exceptionjava.sql.SQLSyntaxErrorException: Column 'PKA_ID' not found.
				
2026-07-04 15:20:03 [http-nio-8495-exec-10] ERROR c.v.d.r.productMstDropDownRowMapper -productMstDropDownRowMapper  Method Exceptionjava.sql.SQLSyntaxErrorException: Column 'PKA_ID' not found.
				
2026-07-04 15:20:03 [http-nio-8495-exec-10] ERROR c.v.d.r.productMstDropDownRowMapper -productMstDropDownRowMapper  Method Exceptionjava.sql.SQLSyntaxErrorException: Column 'PKA_ID' not found.
				
2026-07-04 15:20:03 [http-nio-8495-exec-10] ERROR c.v.d.r.productMstDropDownRowMapper -productMstDropDownRowMapper  Method Exceptionjava.sql.SQLSyntaxErrorException: Column 'PKA_ID' not found.
				
2026-07-04 15:20:03 [http-nio-8495-exec-10] ERROR c.v.d.r.productMstDropDownRowMapper -productMstDropDownRowMapper  Method Exceptionjava.sql.SQLSyntaxErrorException: Column 'PKA_ID' not found.
				
2026-07-04 15:20:03 [http-nio-8495-exec-10] ERROR c.v.d.r.productMstDropDownRowMapper -productMstDropDownRowMapper  Method Exceptionjava.sql.SQLSyntaxErrorException: Column 'PKA_ID' not found.
				
2026-07-04 15:20:03 [http-nio-8495-exec-10] ERROR c.v.d.r.productMstDropDownRowMapper -productMstDropDownRowMapper  Method Exceptionjava.sql.SQLSyntaxErrorException: Column 'PKA_ID' not found.
				
2026-07-04 15:20:03 [http-nio-8495-exec-10] ERROR c.v.d.r.productMstDropDownRowMapper -productMstDropDownRowMapper  Method Exceptionjava.sql.SQLSyntaxErrorException: Column 'PKA_ID' not found.
				
2026-07-04 15:20:03 [http-nio-8495-exec-10] ERROR c.v.d.r.productMstDropDownRowMapper -productMstDropDownRowMapper  Method Exceptionjava.sql.SQLSyntaxErrorException: Column 'PKA_ID' not found.
				
2026-07-04 15:20:03 [http-nio-8495-exec-10] ERROR c.v.d.r.productMstDropDownRowMapper -productMstDropDownRowMapper  Method Exceptionjava.sql.SQLSyntaxErrorException: Column 'PKA_ID' not found.
				
2026-07-04 15:20:03 [http-nio-8495-exec-10] ERROR c.v.d.r.productMstDropDownRowMapper -productMstDropDownRowMapper  Method Exceptionjava.sql.SQLSyntaxErrorException: Column 'PKA_ID' not found.
				
2026-07-04 15:20:03 [http-nio-8495-exec-10] ERROR c.v.d.r.productMstDropDownRowMapper -productMstDropDownRowMapper  Method Exceptionjava.sql.SQLSyntaxErrorException: Column 'PKA_ID' not found.
				
2026-07-04 15:20:03 [http-nio-8495-exec-10] ERROR c.v.d.r.productMstDropDownRowMapper -productMstDropDownRowMapper  Method Exceptionjava.sql.SQLSyntaxErrorException: Column 'PKA_ID' not found.
				
2026-07-04 15:20:03 [http-nio-8495-exec-10] ERROR c.v.d.r.productMstDropDownRowMapper -productMstDropDownRowMapper  Method Exceptionjava.sql.SQLSyntaxErrorException: Column 'PKA_ID' not found.
				
2026-07-04 15:20:03 [http-nio-8495-exec-10] ERROR c.v.d.r.productMstDropDownRowMapper -productMstDropDownRowMapper  Method Exceptionjava.sql.SQLSyntaxErrorException: Column 'PKA_ID' not found.
				
2026-07-04 15:20:03 [http-nio-8495-exec-10] ERROR c.v.d.r.productMstDropDownRowMapper -productMstDropDownRowMapper  Method Exceptionjava.sql.SQLSyntaxErrorException: Column 'PKA_ID' not found.
				
2026-07-04 15:20:03 [http-nio-8495-exec-10] ERROR c.v.d.r.productMstDropDownRowMapper -productMstDropDownRowMapper  Method Exceptionjava.sql.SQLSyntaxErrorException: Column 'PKA_ID' not found.
				
2026-07-04 15:20:03 [http-nio-8495-exec-10] ERROR c.v.d.r.productMstDropDownRowMapper -productMstDropDownRowMapper  Method Exceptionjava.sql.SQLSyntaxErrorException: Column 'PKA_ID' not found.
				
2026-07-04 15:20:03 [http-nio-8495-exec-10] ERROR c.v.d.r.productMstDropDownRowMapper -productMstDropDownRowMapper  Method Exceptionjava.sql.SQLSyntaxErrorException: Column 'PKA_ID' not found.
				
2026-07-04 15:20:03 [http-nio-8495-exec-10] ERROR c.v.d.r.productMstDropDownRowMapper -productMstDropDownRowMapper  Method Exceptionjava.sql.SQLSyntaxErrorException: Column 'PKA_ID' not found.
				
2026-07-04 15:20:03 [http-nio-8495-exec-10] ERROR c.v.d.r.productMstDropDownRowMapper -productMstDropDownRowMapper  Method Exceptionjava.sql.SQLSyntaxErrorException: Column 'PKA_ID' not found.
				
2026-07-04 15:20:03 [http-nio-8495-exec-10] ERROR c.v.d.r.productMstDropDownRowMapper -productMstDropDownRowMapper  Method Exceptionjava.sql.SQLSyntaxErrorException: Column 'PKA_ID' not found.
				
2026-07-04 15:20:03 [http-nio-8495-exec-10] ERROR c.v.d.r.productMstDropDownRowMapper -productMstDropDownRowMapper  Method Exceptionjava.sql.SQLSyntaxErrorException: Column 'PKA_ID' not found.
				
2026-07-04 15:20:03 [http-nio-8495-exec-10] ERROR c.v.d.r.productMstDropDownRowMapper -productMstDropDownRowMapper  Method Exceptionjava.sql.SQLSyntaxErrorException: Column 'PKA_ID' not found.
				
2026-07-04 15:20:03 [http-nio-8495-exec-10] ERROR c.v.d.r.productMstDropDownRowMapper -productMstDropDownRowMapper  Method Exceptionjava.sql.SQLSyntaxErrorException: Column 'PKA_ID' not found.
				
2026-07-04 15:20:03 [http-nio-8495-exec-10] ERROR c.v.d.r.productMstDropDownRowMapper -productMstDropDownRowMapper  Method Exceptionjava.sql.SQLSyntaxErrorException: Column 'PKA_ID' not found.
				
2026-07-04 15:20:03 [http-nio-8495-exec-10] ERROR c.v.d.r.productMstDropDownRowMapper -productMstDropDownRowMapper  Method Exceptionjava.sql.SQLSyntaxErrorException: Column 'PKA_ID' not found.
				
2026-07-04 15:20:03 [http-nio-8495-exec-10] ERROR c.v.d.r.productMstDropDownRowMapper -productMstDropDownRowMapper  Method Exceptionjava.sql.SQLSyntaxErrorException: Column 'PKA_ID' not found.
				
2026-07-04 15:20:03 [http-nio-8495-exec-10] ERROR c.v.d.r.productMstDropDownRowMapper -productMstDropDownRowMapper  Method Exceptionjava.sql.SQLSyntaxErrorException: Column 'PKA_ID' not found.
				
2026-07-04 15:20:03 [http-nio-8495-exec-10] ERROR c.v.d.r.productMstDropDownRowMapper -productMstDropDownRowMapper  Method Exceptionjava.sql.SQLSyntaxErrorException: Column 'PKA_ID' not found.
				
2026-07-04 15:20:03 [http-nio-8495-exec-10] ERROR c.v.d.r.productMstDropDownRowMapper -productMstDropDownRowMapper  Method Exceptionjava.sql.SQLSyntaxErrorException: Column 'PKA_ID' not found.
				
2026-07-04 15:20:03 [http-nio-8495-exec-10] ERROR c.v.d.r.productMstDropDownRowMapper -productMstDropDownRowMapper  Method Exceptionjava.sql.SQLSyntaxErrorException: Column 'PKA_ID' not found.
				
2026-07-04 15:20:03 [http-nio-8495-exec-10] ERROR c.v.d.r.productMstDropDownRowMapper -productMstDropDownRowMapper  Method Exceptionjava.sql.SQLSyntaxErrorException: Column 'PKA_ID' not found.
				
2026-07-04 15:20:03 [http-nio-8495-exec-10] ERROR c.v.d.r.productMstDropDownRowMapper -productMstDropDownRowMapper  Method Exceptionjava.sql.SQLSyntaxErrorException: Column 'PKA_ID' not found.
				
2026-07-04 15:20:03 [http-nio-8495-exec-10] ERROR c.v.d.r.productMstDropDownRowMapper -productMstDropDownRowMapper  Method Exceptionjava.sql.SQLSyntaxErrorException: Column 'PKA_ID' not found.
				
2026-07-04 15:20:03 [http-nio-8495-exec-10] ERROR c.v.d.r.productMstDropDownRowMapper -productMstDropDownRowMapper  Method Exceptionjava.sql.SQLSyntaxErrorException: Column 'PKA_ID' not found.
				
2026-07-04 15:20:03 [http-nio-8495-exec-10] ERROR c.v.d.r.productMstDropDownRowMapper -productMstDropDownRowMapper  Method Exceptionjava.sql.SQLSyntaxErrorException: Column 'PKA_ID' not found.
				
2026-07-04 15:20:03 [http-nio-8495-exec-10] ERROR c.v.d.r.productMstDropDownRowMapper -productMstDropDownRowMapper  Method Exceptionjava.sql.SQLSyntaxErrorException: Column 'PKA_ID' not found.
				
2026-07-04 15:20:03 [http-nio-8495-exec-10] ERROR c.v.d.r.productMstDropDownRowMapper -productMstDropDownRowMapper  Method Exceptionjava.sql.SQLSyntaxErrorException: Column 'PKA_ID' not found.
				
2026-07-04 15:20:03 [http-nio-8495-exec-10] ERROR c.v.d.r.productMstDropDownRowMapper -productMstDropDownRowMapper  Method Exceptionjava.sql.SQLSyntaxErrorException: Column 'PKA_ID' not found.
				
2026-07-04 15:20:03 [http-nio-8495-exec-10] ERROR c.v.d.r.productMstDropDownRowMapper -productMstDropDownRowMapper  Method Exceptionjava.sql.SQLSyntaxErrorException: Column 'PKA_ID' not found.
				
2026-07-04 15:20:03 [http-nio-8495-exec-10] ERROR c.v.d.r.productMstDropDownRowMapper -productMstDropDownRowMapper  Method Exceptionjava.sql.SQLSyntaxErrorException: Column 'PKA_ID' not found.
				
2026-07-04 15:20:03 [http-nio-8495-exec-10] ERROR c.v.d.r.productMstDropDownRowMapper -productMstDropDownRowMapper  Method Exceptionjava.sql.SQLSyntaxErrorException: Column 'PKA_ID' not found.
				
2026-07-04 15:20:03 [http-nio-8495-exec-10] ERROR c.v.d.r.productMstDropDownRowMapper -productMstDropDownRowMapper  Method Exceptionjava.sql.SQLSyntaxErrorException: Column 'PKA_ID' not found.
				
2026-07-04 15:20:03 [http-nio-8495-exec-10] ERROR c.v.d.r.productMstDropDownRowMapper -productMstDropDownRowMapper  Method Exceptionjava.sql.SQLSyntaxErrorException: Column 'PKA_ID' not found.
				
2026-07-04 15:20:03 [http-nio-8495-exec-10] ERROR c.v.d.r.productMstDropDownRowMapper -productMstDropDownRowMapper  Method Exceptionjava.sql.SQLSyntaxErrorException: Column 'PKA_ID' not found.
				
2026-07-04 15:20:03 [http-nio-8495-exec-10] ERROR c.v.d.r.productMstDropDownRowMapper -productMstDropDownRowMapper  Method Exceptionjava.sql.SQLSyntaxErrorException: Column 'PKA_ID' not found.
				
2026-07-04 15:20:03 [http-nio-8495-exec-10] ERROR c.v.d.r.productMstDropDownRowMapper -productMstDropDownRowMapper  Method Exceptionjava.sql.SQLSyntaxErrorException: Column 'PKA_ID' not found.
				
2026-07-04 15:20:03 [http-nio-8495-exec-10] ERROR c.v.d.r.productMstDropDownRowMapper -productMstDropDownRowMapper  Method Exceptionjava.sql.SQLSyntaxErrorException: Column 'PKA_ID' not found.
				
2026-07-04 15:20:03 [http-nio-8495-exec-10] ERROR c.v.d.r.productMstDropDownRowMapper -productMstDropDownRowMapper  Method Exceptionjava.sql.SQLSyntaxErrorException: Column 'PKA_ID' not found.
				
2026-07-04 15:20:03 [http-nio-8495-exec-10] ERROR c.v.d.r.productMstDropDownRowMapper -productMstDropDownRowMapper  Method Exceptionjava.sql.SQLSyntaxErrorException: Column 'PKA_ID' not found.
				
2026-07-04 15:20:03 [http-nio-8495-exec-10] ERROR c.v.d.r.productMstDropDownRowMapper -productMstDropDownRowMapper  Method Exceptionjava.sql.SQLSyntaxErrorException: Column 'PKA_ID' not found.
				
2026-07-04 15:20:03 [http-nio-8495-exec-10] ERROR c.v.d.r.productMstDropDownRowMapper -productMstDropDownRowMapper  Method Exceptionjava.sql.SQLSyntaxErrorException: Column 'PKA_ID' not found.
				
2026-07-04 15:20:03 [http-nio-8495-exec-10] ERROR c.v.d.r.productMstDropDownRowMapper -productMstDropDownRowMapper  Method Exceptionjava.sql.SQLSyntaxErrorException: Column 'PKA_ID' not found.
				
2026-07-04 15:20:03 [http-nio-8495-exec-10] ERROR c.v.d.r.productMstDropDownRowMapper -productMstDropDownRowMapper  Method Exceptionjava.sql.SQLSyntaxErrorException: Column 'PKA_ID' not found.
				
2026-07-04 15:20:03 [http-nio-8495-exec-10] ERROR c.v.d.r.productMstDropDownRowMapper -productMstDropDownRowMapper  Method Exceptionjava.sql.SQLSyntaxErrorException: Column 'PKA_ID' not found.
				
2026-07-04 15:20:03 [http-nio-8495-exec-10] ERROR c.v.d.r.productMstDropDownRowMapper -productMstDropDownRowMapper  Method Exceptionjava.sql.SQLSyntaxErrorException: Column 'PKA_ID' not found.
				
2026-07-04 15:20:03 [http-nio-8495-exec-10] ERROR c.v.d.r.productMstDropDownRowMapper -productMstDropDownRowMapper  Method Exceptionjava.sql.SQLSyntaxErrorException: Column 'PKA_ID' not found.
				
2026-07-04 15:20:03 [http-nio-8495-exec-10] ERROR c.v.d.r.productMstDropDownRowMapper -productMstDropDownRowMapper  Method Exceptionjava.sql.SQLSyntaxErrorException: Column 'PKA_ID' not found.
				
2026-07-04 15:20:03 [http-nio-8495-exec-10] ERROR c.v.d.r.productMstDropDownRowMapper -productMstDropDownRowMapper  Method Exceptionjava.sql.SQLSyntaxErrorException: Column 'PKA_ID' not found.
				
2026-07-04 15:20:03 [http-nio-8495-exec-10] ERROR c.v.d.r.productMstDropDownRowMapper -productMstDropDownRowMapper  Method Exceptionjava.sql.SQLSyntaxErrorException: Column 'PKA_ID' not found.
				
2026-07-04 15:20:03 [http-nio-8495-exec-10] ERROR c.v.d.r.productMstDropDownRowMapper -productMstDropDownRowMapper  Method Exceptionjava.sql.SQLSyntaxErrorException: Column 'PKA_ID' not found.
				
2026-07-04 15:20:03 [http-nio-8495-exec-10] ERROR c.v.d.r.productMstDropDownRowMapper -productMstDropDownRowMapper  Method Exceptionjava.sql.SQLSyntaxErrorException: Column 'PKA_ID' not found.
				
2026-07-04 15:20:03 [http-nio-8495-exec-10] ERROR c.v.d.r.productMstDropDownRowMapper -productMstDropDownRowMapper  Method Exceptionjava.sql.SQLSyntaxErrorException: Column 'PKA_ID' not found.
				
2026-07-04 15:20:03 [http-nio-8495-exec-10] ERROR c.v.d.r.productMstDropDownRowMapper -productMstDropDownRowMapper  Method Exceptionjava.sql.SQLSyntaxErrorException: Column 'PKA_ID' not found.
				
2026-07-04 15:20:03 [http-nio-8495-exec-10] ERROR c.v.d.r.productMstDropDownRowMapper -productMstDropDownRowMapper  Method Exceptionjava.sql.SQLSyntaxErrorException: Column 'PKA_ID' not found.
				
2026-07-04 15:20:03 [http-nio-8495-exec-10] ERROR c.v.d.r.productMstDropDownRowMapper -productMstDropDownRowMapper  Method Exceptionjava.sql.SQLSyntaxErrorException: Column 'PKA_ID' not found.
				
2026-07-04 15:20:03 [http-nio-8495-exec-10] ERROR c.v.d.r.productMstDropDownRowMapper -productMstDropDownRowMapper  Method Exceptionjava.sql.SQLSyntaxErrorException: Column 'PKA_ID' not found.
				
2026-07-04 15:20:03 [http-nio-8495-exec-10] ERROR c.v.d.r.productMstDropDownRowMapper -productMstDropDownRowMapper  Method Exceptionjava.sql.SQLSyntaxErrorException: Column 'PKA_ID' not found.
				
2026-07-04 15:20:03 [http-nio-8495-exec-10] ERROR c.v.d.r.productMstDropDownRowMapper -productMstDropDownRowMapper  Method Exceptionjava.sql.SQLSyntaxErrorException: Column 'PKA_ID' not found.
				
2026-07-04 15:20:03 [http-nio-8495-exec-10] ERROR c.v.d.r.productMstDropDownRowMapper -productMstDropDownRowMapper  Method Exceptionjava.sql.SQLSyntaxErrorException: Column 'PKA_ID' not found.
				
2026-07-04 15:20:03 [http-nio-8495-exec-10] ERROR c.v.d.r.productMstDropDownRowMapper -productMstDropDownRowMapper  Method Exceptionjava.sql.SQLSyntaxErrorException: Column 'PKA_ID' not found.
				
2026-07-04 15:20:03 [http-nio-8495-exec-10] ERROR c.v.d.r.productMstDropDownRowMapper -productMstDropDownRowMapper  Method Exceptionjava.sql.SQLSyntaxErrorException: Column 'PKA_ID' not found.
				
2026-07-04 15:20:03 [http-nio-8495-exec-10] ERROR c.v.d.r.productMstDropDownRowMapper -productMstDropDownRowMapper  Method Exceptionjava.sql.SQLSyntaxErrorException: Column 'PKA_ID' not found.
				
2026-07-04 15:20:03 [http-nio-8495-exec-10] ERROR c.v.d.r.productMstDropDownRowMapper -productMstDropDownRowMapper  Method Exceptionjava.sql.SQLSyntaxErrorException: Column 'PKA_ID' not found.
				
2026-07-04 15:20:03 [http-nio-8495-exec-10] ERROR c.v.d.r.productMstDropDownRowMapper -productMstDropDownRowMapper  Method Exceptionjava.sql.SQLSyntaxErrorException: Column 'PKA_ID' not found.
				
2026-07-04 15:20:03 [http-nio-8495-exec-10] ERROR c.v.d.r.productMstDropDownRowMapper -productMstDropDownRowMapper  Method Exceptionjava.sql.SQLSyntaxErrorException: Column 'PKA_ID' not found.
				
2026-07-04 15:20:03 [http-nio-8495-exec-10] ERROR c.v.d.r.productMstDropDownRowMapper -productMstDropDownRowMapper  Method Exceptionjava.sql.SQLSyntaxErrorException: Column 'PKA_ID' not found.
				
2026-07-04 15:20:03 [http-nio-8495-exec-10] ERROR c.v.d.r.productMstDropDownRowMapper -productMstDropDownRowMapper  Method Exceptionjava.sql.SQLSyntaxErrorException: Column 'PKA_ID' not found.
				
2026-07-04 15:20:03 [http-nio-8495-exec-10] ERROR c.v.d.r.productMstDropDownRowMapper -productMstDropDownRowMapper  Method Exceptionjava.sql.SQLSyntaxErrorException: Column 'PKA_ID' not found.
				
2026-07-04 15:20:03 [http-nio-8495-exec-10] ERROR c.v.d.r.productMstDropDownRowMapper -productMstDropDownRowMapper  Method Exceptionjava.sql.SQLSyntaxErrorException: Column 'PKA_ID' not found.
				
2026-07-04 15:20:03 [http-nio-8495-exec-10] ERROR c.v.d.r.productMstDropDownRowMapper -productMstDropDownRowMapper  Method Exceptionjava.sql.SQLSyntaxErrorException: Column 'PKA_ID' not found.
				
2026-07-04 15:20:03 [http-nio-8495-exec-10] ERROR c.v.d.r.productMstDropDownRowMapper -productMstDropDownRowMapper  Method Exceptionjava.sql.SQLSyntaxErrorException: Column 'PKA_ID' not found.
				
2026-07-04 15:20:03 [http-nio-8495-exec-10] ERROR c.v.d.r.productMstDropDownRowMapper -productMstDropDownRowMapper  Method Exceptionjava.sql.SQLSyntaxErrorException: Column 'PKA_ID' not found.
				
2026-07-04 15:20:03 [http-nio-8495-exec-10] ERROR c.v.d.r.productMstDropDownRowMapper -productMstDropDownRowMapper  Method Exceptionjava.sql.SQLSyntaxErrorException: Column 'PKA_ID' not found.
				
2026-07-04 15:20:03 [http-nio-8495-exec-10] ERROR c.v.d.r.productMstDropDownRowMapper -productMstDropDownRowMapper  Method Exceptionjava.sql.SQLSyntaxErrorException: Column 'PKA_ID' not found.
				
2026-07-04 15:20:03 [http-nio-8495-exec-10] ERROR c.v.d.r.productMstDropDownRowMapper -productMstDropDownRowMapper  Method Exceptionjava.sql.SQLSyntaxErrorException: Column 'PKA_ID' not found.
				
2026-07-04 15:20:03 [http-nio-8495-exec-10] ERROR c.v.d.r.productMstDropDownRowMapper -productMstDropDownRowMapper  Method Exceptionjava.sql.SQLSyntaxErrorException: Column 'PKA_ID' not found.
				
2026-07-04 15:20:03 [http-nio-8495-exec-10] ERROR c.v.d.r.productMstDropDownRowMapper -productMstDropDownRowMapper  Method Exceptionjava.sql.SQLSyntaxErrorException: Column 'PKA_ID' not found.
				
2026-07-04 15:20:03 [http-nio-8495-exec-10] ERROR c.v.d.r.productMstDropDownRowMapper -productMstDropDownRowMapper  Method Exceptionjava.sql.SQLSyntaxErrorException: Column 'PKA_ID' not found.
				
2026-07-04 15:20:03 [http-nio-8495-exec-10] ERROR c.v.d.r.productMstDropDownRowMapper -productMstDropDownRowMapper  Method Exceptionjava.sql.SQLSyntaxErrorException: Column 'PKA_ID' not found.
				
2026-07-04 15:20:03 [http-nio-8495-exec-10] ERROR c.v.d.r.productMstDropDownRowMapper -productMstDropDownRowMapper  Method Exceptionjava.sql.SQLSyntaxErrorException: Column 'PKA_ID' not found.
				
2026-07-04 15:20:03 [http-nio-8495-exec-10] ERROR c.v.d.r.productMstDropDownRowMapper -productMstDropDownRowMapper  Method Exceptionjava.sql.SQLSyntaxErrorException: Column 'PKA_ID' not found.
				
2026-07-04 15:20:03 [http-nio-8495-exec-10] ERROR c.v.d.r.productMstDropDownRowMapper -productMstDropDownRowMapper  Method Exceptionjava.sql.SQLSyntaxErrorException: Column 'PKA_ID' not found.
				
2026-07-04 15:20:03 [http-nio-8495-exec-10] ERROR c.v.d.r.productMstDropDownRowMapper -productMstDropDownRowMapper  Method Exceptionjava.sql.SQLSyntaxErrorException: Column 'PKA_ID' not found.
				
2026-07-04 15:20:03 [http-nio-8495-exec-10] ERROR c.v.d.r.productMstDropDownRowMapper -productMstDropDownRowMapper  Method Exceptionjava.sql.SQLSyntaxErrorException: Column 'PKA_ID' not found.
				
2026-07-04 15:20:03 [http-nio-8495-exec-10] ERROR c.v.d.r.productMstDropDownRowMapper -productMstDropDownRowMapper  Method Exceptionjava.sql.SQLSyntaxErrorException: Column 'PKA_ID' not found.
				
2026-07-04 15:20:03 [http-nio-8495-exec-10] ERROR c.v.d.r.productMstDropDownRowMapper -productMstDropDownRowMapper  Method Exceptionjava.sql.SQLSyntaxErrorException: Column 'PKA_ID' not found.
				
2026-07-04 15:20:03 [http-nio-8495-exec-10] ERROR c.v.d.r.productMstDropDownRowMapper -productMstDropDownRowMapper  Method Exceptionjava.sql.SQLSyntaxErrorException: Column 'PKA_ID' not found.
				
2026-07-04 15:20:03 [http-nio-8495-exec-10] ERROR c.v.d.r.productMstDropDownRowMapper -productMstDropDownRowMapper  Method Exceptionjava.sql.SQLSyntaxErrorException: Column 'PKA_ID' not found.
				
2026-07-04 15:20:03 [http-nio-8495-exec-10] ERROR c.v.d.r.productMstDropDownRowMapper -productMstDropDownRowMapper  Method Exceptionjava.sql.SQLSyntaxErrorException: Column 'PKA_ID' not found.
				
2026-07-04 15:20:03 [http-nio-8495-exec-10] ERROR c.v.d.r.productMstDropDownRowMapper -productMstDropDownRowMapper  Method Exceptionjava.sql.SQLSyntaxErrorException: Column 'PKA_ID' not found.
				
2026-07-04 15:20:03 [http-nio-8495-exec-10] ERROR c.v.d.r.productMstDropDownRowMapper -productMstDropDownRowMapper  Method Exceptionjava.sql.SQLSyntaxErrorException: Column 'PKA_ID' not found.
				
2026-07-04 15:20:03 [http-nio-8495-exec-10] ERROR c.v.d.r.productMstDropDownRowMapper -productMstDropDownRowMapper  Method Exceptionjava.sql.SQLSyntaxErrorException: Column 'PKA_ID' not found.
				
2026-07-04 15:20:03 [http-nio-8495-exec-10] ERROR c.v.d.r.productMstDropDownRowMapper -productMstDropDownRowMapper  Method Exceptionjava.sql.SQLSyntaxErrorException: Column 'PKA_ID' not found.
				
2026-07-04 15:20:03 [http-nio-8495-exec-10] ERROR c.v.d.r.productMstDropDownRowMapper -productMstDropDownRowMapper  Method Exceptionjava.sql.SQLSyntaxErrorException: Column 'PKA_ID' not found.
				
2026-07-04 15:20:03 [http-nio-8495-exec-10] ERROR c.v.d.r.productMstDropDownRowMapper -productMstDropDownRowMapper  Method Exceptionjava.sql.SQLSyntaxErrorException: Column 'PKA_ID' not found.
				
2026-07-04 15:20:03 [http-nio-8495-exec-10] ERROR c.v.d.r.productMstDropDownRowMapper -productMstDropDownRowMapper  Method Exceptionjava.sql.SQLSyntaxErrorException: Column 'PKA_ID' not found.
				
2026-07-04 15:20:03 [http-nio-8495-exec-10] ERROR c.v.d.r.productMstDropDownRowMapper -productMstDropDownRowMapper  Method Exceptionjava.sql.SQLSyntaxErrorException: Column 'PKA_ID' not found.
				
2026-07-04 15:20:03 [http-nio-8495-exec-10] ERROR c.v.d.r.productMstDropDownRowMapper -productMstDropDownRowMapper  Method Exceptionjava.sql.SQLSyntaxErrorException: Column 'PKA_ID' not found.
				
2026-07-04 15:20:03 [http-nio-8495-exec-10] ERROR c.v.d.r.productMstDropDownRowMapper -productMstDropDownRowMapper  Method Exceptionjava.sql.SQLSyntaxErrorException: Column 'PKA_ID' not found.
				
2026-07-04 15:20:03 [http-nio-8495-exec-10] ERROR c.v.d.r.productMstDropDownRowMapper -productMstDropDownRowMapper  Method Exceptionjava.sql.SQLSyntaxErrorException: Column 'PKA_ID' not found.
				
2026-07-04 15:20:03 [http-nio-8495-exec-10] ERROR c.v.d.r.productMstDropDownRowMapper -productMstDropDownRowMapper  Method Exceptionjava.sql.SQLSyntaxErrorException: Column 'PKA_ID' not found.
				
2026-07-04 15:20:03 [http-nio-8495-exec-10] ERROR c.v.d.r.productMstDropDownRowMapper -productMstDropDownRowMapper  Method Exceptionjava.sql.SQLSyntaxErrorException: Column 'PKA_ID' not found.
				
2026-07-04 15:20:03 [http-nio-8495-exec-10] ERROR c.v.d.r.productMstDropDownRowMapper -productMstDropDownRowMapper  Method Exceptionjava.sql.SQLSyntaxErrorException: Column 'PKA_ID' not found.
				
2026-07-04 15:20:03 [http-nio-8495-exec-10] ERROR c.v.d.r.productMstDropDownRowMapper -productMstDropDownRowMapper  Method Exceptionjava.sql.SQLSyntaxErrorException: Column 'PKA_ID' not found.
				
2026-07-04 15:20:03 [http-nio-8495-exec-10] ERROR c.v.d.r.productMstDropDownRowMapper -productMstDropDownRowMapper  Method Exceptionjava.sql.SQLSyntaxErrorException: Column 'PKA_ID' not found.
				
2026-07-04 15:20:03 [http-nio-8495-exec-10] ERROR c.v.d.r.productMstDropDownRowMapper -productMstDropDownRowMapper  Method Exceptionjava.sql.SQLSyntaxErrorException: Column 'PKA_ID' not found.
				
2026-07-04 15:20:03 [http-nio-8495-exec-10] ERROR c.v.d.r.productMstDropDownRowMapper -productMstDropDownRowMapper  Method Exceptionjava.sql.SQLSyntaxErrorException: Column 'PKA_ID' not found.
				
2026-07-04 15:20:03 [http-nio-8495-exec-10] ERROR c.v.d.r.productMstDropDownRowMapper -productMstDropDownRowMapper  Method Exceptionjava.sql.SQLSyntaxErrorException: Column 'PKA_ID' not found.
				
2026-07-04 15:20:03 [http-nio-8495-exec-10] ERROR c.v.d.r.productMstDropDownRowMapper -productMstDropDownRowMapper  Method Exceptionjava.sql.SQLSyntaxErrorException: Column 'PKA_ID' not found.
				
2026-07-04 15:20:03 [http-nio-8495-exec-10] ERROR c.v.d.r.productMstDropDownRowMapper -productMstDropDownRowMapper  Method Exceptionjava.sql.SQLSyntaxErrorException: Column 'PKA_ID' not found.
				
2026-07-04 15:20:03 [http-nio-8495-exec-10] ERROR c.v.d.r.productMstDropDownRowMapper -productMstDropDownRowMapper  Method Exceptionjava.sql.SQLSyntaxErrorException: Column 'PKA_ID' not found.
				
2026-07-04 15:20:03 [http-nio-8495-exec-10] ERROR c.v.d.r.productMstDropDownRowMapper -productMstDropDownRowMapper  Method Exceptionjava.sql.SQLSyntaxErrorException: Column 'PKA_ID' not found.
				
2026-07-04 15:20:03 [http-nio-8495-exec-10] ERROR c.v.d.r.productMstDropDownRowMapper -productMstDropDownRowMapper  Method Exceptionjava.sql.SQLSyntaxErrorException: Column 'PKA_ID' not found.
				
2026-07-04 15:20:03 [http-nio-8495-exec-10] ERROR c.v.d.r.productMstDropDownRowMapper -productMstDropDownRowMapper  Method Exceptionjava.sql.SQLSyntaxErrorException: Column 'PKA_ID' not found.
				
2026-07-04 15:20:03 [http-nio-8495-exec-10] ERROR c.v.d.r.productMstDropDownRowMapper -productMstDropDownRowMapper  Method Exceptionjava.sql.SQLSyntaxErrorException: Column 'PKA_ID' not found.
				
2026-07-04 15:20:03 [http-nio-8495-exec-10] ERROR c.v.d.r.productMstDropDownRowMapper -productMstDropDownRowMapper  Method Exceptionjava.sql.SQLSyntaxErrorException: Column 'PKA_ID' not found.
				
2026-07-04 15:20:03 [http-nio-8495-exec-10] ERROR c.v.d.r.productMstDropDownRowMapper -productMstDropDownRowMapper  Method Exceptionjava.sql.SQLSyntaxErrorException: Column 'PKA_ID' not found.
				
2026-07-04 15:20:03 [http-nio-8495-exec-10] ERROR c.v.d.r.productMstDropDownRowMapper -productMstDropDownRowMapper  Method Exceptionjava.sql.SQLSyntaxErrorException: Column 'PKA_ID' not found.
				
2026-07-04 15:20:03 [http-nio-8495-exec-10] ERROR c.v.d.r.productMstDropDownRowMapper -productMstDropDownRowMapper  Method Exceptionjava.sql.SQLSyntaxErrorException: Column 'PKA_ID' not found.
				
2026-07-04 15:20:03 [http-nio-8495-exec-10] ERROR c.v.d.r.productMstDropDownRowMapper -productMstDropDownRowMapper  Method Exceptionjava.sql.SQLSyntaxErrorException: Column 'PKA_ID' not found.
				
2026-07-04 15:20:03 [http-nio-8495-exec-10] ERROR c.v.d.r.productMstDropDownRowMapper -productMstDropDownRowMapper  Method Exceptionjava.sql.SQLSyntaxErrorException: Column 'PKA_ID' not found.
				
2026-07-04 15:20:03 [http-nio-8495-exec-10] ERROR c.v.d.r.productMstDropDownRowMapper -productMstDropDownRowMapper  Method Exceptionjava.sql.SQLSyntaxErrorException: Column 'PKA_ID' not found.
				
2026-07-04 15:20:03 [http-nio-8495-exec-10] ERROR c.v.d.r.productMstDropDownRowMapper -productMstDropDownRowMapper  Method Exceptionjava.sql.SQLSyntaxErrorException: Column 'PKA_ID' not found.
				
2026-07-04 15:20:03 [http-nio-8495-exec-10] ERROR c.v.d.r.productMstDropDownRowMapper -productMstDropDownRowMapper  Method Exceptionjava.sql.SQLSyntaxErrorException: Column 'PKA_ID' not found.
				
2026-07-04 15:20:03 [http-nio-8495-exec-10] ERROR c.v.d.r.productMstDropDownRowMapper -productMstDropDownRowMapper  Method Exceptionjava.sql.SQLSyntaxErrorException: Column 'PKA_ID' not found.
				
2026-07-04 15:20:03 [http-nio-8495-exec-10] ERROR c.v.d.r.productMstDropDownRowMapper -productMstDropDownRowMapper  Method Exceptionjava.sql.SQLSyntaxErrorException: Column 'PKA_ID' not found.
				
2026-07-04 15:20:03 [http-nio-8495-exec-10] ERROR c.v.d.r.productMstDropDownRowMapper -productMstDropDownRowMapper  Method Exceptionjava.sql.SQLSyntaxErrorException: Column 'PKA_ID' not found.
				
2026-07-04 15:20:03 [http-nio-8495-exec-10] ERROR c.v.d.r.productMstDropDownRowMapper -productMstDropDownRowMapper  Method Exceptionjava.sql.SQLSyntaxErrorException: Column 'PKA_ID' not found.
				
2026-07-04 15:20:03 [http-nio-8495-exec-10] ERROR c.v.d.r.productMstDropDownRowMapper -productMstDropDownRowMapper  Method Exceptionjava.sql.SQLSyntaxErrorException: Column 'PKA_ID' not found.
				
2026-07-04 15:20:03 [http-nio-8495-exec-10] ERROR c.v.d.r.productMstDropDownRowMapper -productMstDropDownRowMapper  Method Exceptionjava.sql.SQLSyntaxErrorException: Column 'PKA_ID' not found.
				
2026-07-04 15:20:03 [http-nio-8495-exec-10] ERROR c.v.d.r.productMstDropDownRowMapper -productMstDropDownRowMapper  Method Exceptionjava.sql.SQLSyntaxErrorException: Column 'PKA_ID' not found.
				
2026-07-04 15:20:03 [http-nio-8495-exec-10] ERROR c.v.d.r.productMstDropDownRowMapper -productMstDropDownRowMapper  Method Exceptionjava.sql.SQLSyntaxErrorException: Column 'PKA_ID' not found.
				
2026-07-04 15:20:03 [http-nio-8495-exec-10] ERROR c.v.d.r.productMstDropDownRowMapper -productMstDropDownRowMapper  Method Exceptionjava.sql.SQLSyntaxErrorException: Column 'PKA_ID' not found.
				
2026-07-04 15:20:03 [http-nio-8495-exec-10] ERROR c.v.d.r.productMstDropDownRowMapper -productMstDropDownRowMapper  Method Exceptionjava.sql.SQLSyntaxErrorException: Column 'PKA_ID' not found.
				
2026-07-04 15:20:03 [http-nio-8495-exec-10] ERROR c.v.d.r.productMstDropDownRowMapper -productMstDropDownRowMapper  Method Exceptionjava.sql.SQLSyntaxErrorException: Column 'PKA_ID' not found.
				
2026-07-04 15:20:03 [http-nio-8495-exec-10] ERROR c.v.d.r.productMstDropDownRowMapper -productMstDropDownRowMapper  Method Exceptionjava.sql.SQLSyntaxErrorException: Column 'PKA_ID' not found.
				
2026-07-04 15:20:03 [http-nio-8495-exec-10] ERROR c.v.d.r.productMstDropDownRowMapper -productMstDropDownRowMapper  Method Exceptionjava.sql.SQLSyntaxErrorException: Column 'PKA_ID' not found.
				
2026-07-04 15:20:03 [http-nio-8495-exec-10] ERROR c.v.d.r.productMstDropDownRowMapper -productMstDropDownRowMapper  Method Exceptionjava.sql.SQLSyntaxErrorException: Column 'PKA_ID' not found.
				
2026-07-04 15:20:03 [http-nio-8495-exec-10] ERROR c.v.d.r.productMstDropDownRowMapper -productMstDropDownRowMapper  Method Exceptionjava.sql.SQLSyntaxErrorException: Column 'PKA_ID' not found.
				
2026-07-04 15:20:03 [http-nio-8495-exec-10] ERROR c.v.d.r.productMstDropDownRowMapper -productMstDropDownRowMapper  Method Exceptionjava.sql.SQLSyntaxErrorException: Column 'PKA_ID' not found.
				
2026-07-04 15:20:03 [http-nio-8495-exec-10] ERROR c.v.d.r.productMstDropDownRowMapper -productMstDropDownRowMapper  Method Exceptionjava.sql.SQLSyntaxErrorException: Column 'PKA_ID' not found.
				
2026-07-04 15:20:03 [http-nio-8495-exec-10] ERROR c.v.d.r.productMstDropDownRowMapper -productMstDropDownRowMapper  Method Exceptionjava.sql.SQLSyntaxErrorException: Column 'PKA_ID' not found.
				
2026-07-04 15:20:03 [http-nio-8495-exec-10] ERROR c.v.d.r.productMstDropDownRowMapper -productMstDropDownRowMapper  Method Exceptionjava.sql.SQLSyntaxErrorException: Column 'PKA_ID' not found.
				
2026-07-04 15:20:03 [http-nio-8495-exec-10] ERROR c.v.d.r.productMstDropDownRowMapper -productMstDropDownRowMapper  Method Exceptionjava.sql.SQLSyntaxErrorException: Column 'PKA_ID' not found.
				
2026-07-04 15:20:03 [http-nio-8495-exec-10] ERROR c.v.d.r.productMstDropDownRowMapper -productMstDropDownRowMapper  Method Exceptionjava.sql.SQLSyntaxErrorException: Column 'PKA_ID' not found.
				
2026-07-04 15:20:03 [http-nio-8495-exec-10] ERROR c.v.d.r.productMstDropDownRowMapper -productMstDropDownRowMapper  Method Exceptionjava.sql.SQLSyntaxErrorException: Column 'PKA_ID' not found.
				
2026-07-04 15:20:03 [http-nio-8495-exec-10] ERROR c.v.d.r.productMstDropDownRowMapper -productMstDropDownRowMapper  Method Exceptionjava.sql.SQLSyntaxErrorException: Column 'PKA_ID' not found.
				
2026-07-04 15:20:03 [http-nio-8495-exec-10] ERROR c.v.d.r.productMstDropDownRowMapper -productMstDropDownRowMapper  Method Exceptionjava.sql.SQLSyntaxErrorException: Column 'PKA_ID' not found.
				
2026-07-04 15:20:03 [http-nio-8495-exec-10] ERROR c.v.d.r.productMstDropDownRowMapper -productMstDropDownRowMapper  Method Exceptionjava.sql.SQLSyntaxErrorException: Column 'PKA_ID' not found.
				
2026-07-04 15:20:03 [http-nio-8495-exec-10] ERROR c.v.d.r.productMstDropDownRowMapper -productMstDropDownRowMapper  Method Exceptionjava.sql.SQLSyntaxErrorException: Column 'PKA_ID' not found.
				
2026-07-04 15:20:03 [http-nio-8495-exec-10] ERROR c.v.d.r.productMstDropDownRowMapper -productMstDropDownRowMapper  Method Exceptionjava.sql.SQLSyntaxErrorException: Column 'PKA_ID' not found.
				
2026-07-04 15:20:03 [http-nio-8495-exec-10] ERROR c.v.d.r.productMstDropDownRowMapper -productMstDropDownRowMapper  Method Exceptionjava.sql.SQLSyntaxErrorException: Column 'PKA_ID' not found.
				
2026-07-04 15:20:03 [http-nio-8495-exec-10] ERROR c.v.d.r.productMstDropDownRowMapper -productMstDropDownRowMapper  Method Exceptionjava.sql.SQLSyntaxErrorException: Column 'PKA_ID' not found.
				
2026-07-04 15:20:03 [http-nio-8495-exec-10] ERROR c.v.d.r.productMstDropDownRowMapper -productMstDropDownRowMapper  Method Exceptionjava.sql.SQLSyntaxErrorException: Column 'PKA_ID' not found.
				
2026-07-04 15:20:03 [http-nio-8495-exec-10] ERROR c.v.d.r.productMstDropDownRowMapper -productMstDropDownRowMapper  Method Exceptionjava.sql.SQLSyntaxErrorException: Column 'PKA_ID' not found.
				
2026-07-04 15:20:03 [http-nio-8495-exec-10] ERROR c.v.d.r.productMstDropDownRowMapper -productMstDropDownRowMapper  Method Exceptionjava.sql.SQLSyntaxErrorException: Column 'PKA_ID' not found.
				
2026-07-04 15:20:03 [http-nio-8495-exec-10] ERROR c.v.d.r.productMstDropDownRowMapper -productMstDropDownRowMapper  Method Exceptionjava.sql.SQLSyntaxErrorException: Column 'PKA_ID' not found.
				
2026-07-04 15:20:03 [http-nio-8495-exec-10] ERROR c.v.d.r.productMstDropDownRowMapper -productMstDropDownRowMapper  Method Exceptionjava.sql.SQLSyntaxErrorException: Column 'PKA_ID' not found.
				
2026-07-04 15:20:03 [http-nio-8495-exec-10] ERROR c.v.d.r.productMstDropDownRowMapper -productMstDropDownRowMapper  Method Exceptionjava.sql.SQLSyntaxErrorException: Column 'PKA_ID' not found.
				
2026-07-04 15:20:03 [http-nio-8495-exec-10] ERROR c.v.d.r.productMstDropDownRowMapper -productMstDropDownRowMapper  Method Exceptionjava.sql.SQLSyntaxErrorException: Column 'PKA_ID' not found.
				
2026-07-04 15:20:03 [http-nio-8495-exec-10] ERROR c.v.d.r.productMstDropDownRowMapper -productMstDropDownRowMapper  Method Exceptionjava.sql.SQLSyntaxErrorException: Column 'PKA_ID' not found.
				
2026-07-04 15:20:03 [http-nio-8495-exec-10] ERROR c.v.d.r.productMstDropDownRowMapper -productMstDropDownRowMapper  Method Exceptionjava.sql.SQLSyntaxErrorException: Column 'PKA_ID' not found.
				
2026-07-04 15:20:03 [http-nio-8495-exec-10] ERROR c.v.d.r.productMstDropDownRowMapper -productMstDropDownRowMapper  Method Exceptionjava.sql.SQLSyntaxErrorException: Column 'PKA_ID' not found.
				
2026-07-04 15:20:03 [http-nio-8495-exec-10] ERROR c.v.d.r.productMstDropDownRowMapper -productMstDropDownRowMapper  Method Exceptionjava.sql.SQLSyntaxErrorException: Column 'PKA_ID' not found.
				
2026-07-04 15:20:03 [http-nio-8495-exec-10] ERROR c.v.d.r.productMstDropDownRowMapper -productMstDropDownRowMapper  Method Exceptionjava.sql.SQLSyntaxErrorException: Column 'PKA_ID' not found.
				
2026-07-04 15:20:03 [http-nio-8495-exec-10] ERROR c.v.d.r.productMstDropDownRowMapper -productMstDropDownRowMapper  Method Exceptionjava.sql.SQLSyntaxErrorException: Column 'PKA_ID' not found.
				
2026-07-04 15:20:03 [http-nio-8495-exec-10] ERROR c.v.d.r.productMstDropDownRowMapper -productMstDropDownRowMapper  Method Exceptionjava.sql.SQLSyntaxErrorException: Column 'PKA_ID' not found.
				
2026-07-04 15:20:03 [http-nio-8495-exec-10] ERROR c.v.d.r.productMstDropDownRowMapper -productMstDropDownRowMapper  Method Exceptionjava.sql.SQLSyntaxErrorException: Column 'PKA_ID' not found.
				
2026-07-04 15:20:03 [http-nio-8495-exec-10] ERROR c.v.d.r.productMstDropDownRowMapper -productMstDropDownRowMapper  Method Exceptionjava.sql.SQLSyntaxErrorException: Column 'PKA_ID' not found.
				
2026-07-04 15:20:03 [http-nio-8495-exec-10] ERROR c.v.d.r.productMstDropDownRowMapper -productMstDropDownRowMapper  Method Exceptionjava.sql.SQLSyntaxErrorException: Column 'PKA_ID' not found.
				
2026-07-04 15:20:03 [http-nio-8495-exec-10] ERROR c.v.d.r.productMstDropDownRowMapper -productMstDropDownRowMapper  Method Exceptionjava.sql.SQLSyntaxErrorException: Column 'PKA_ID' not found.
				
2026-07-04 15:20:03 [http-nio-8495-exec-10] ERROR c.v.d.r.productMstDropDownRowMapper -productMstDropDownRowMapper  Method Exceptionjava.sql.SQLSyntaxErrorException: Column 'PKA_ID' not found.
				
2026-07-04 15:20:03 [http-nio-8495-exec-10] ERROR c.v.d.r.productMstDropDownRowMapper -productMstDropDownRowMapper  Method Exceptionjava.sql.SQLSyntaxErrorException: Column 'PKA_ID' not found.
				
2026-07-04 15:20:03 [http-nio-8495-exec-10] ERROR c.v.d.r.productMstDropDownRowMapper -productMstDropDownRowMapper  Method Exceptionjava.sql.SQLSyntaxErrorException: Column 'PKA_ID' not found.
				
2026-07-04 15:20:03 [http-nio-8495-exec-10] ERROR c.v.d.r.productMstDropDownRowMapper -productMstDropDownRowMapper  Method Exceptionjava.sql.SQLSyntaxErrorException: Column 'PKA_ID' not found.
				
2026-07-04 15:20:03 [http-nio-8495-exec-10] ERROR c.v.d.r.productMstDropDownRowMapper -productMstDropDownRowMapper  Method Exceptionjava.sql.SQLSyntaxErrorException: Column 'PKA_ID' not found.
				
2026-07-04 15:20:03 [http-nio-8495-exec-10] ERROR c.v.d.r.productMstDropDownRowMapper -productMstDropDownRowMapper  Method Exceptionjava.sql.SQLSyntaxErrorException: Column 'PKA_ID' not found.
				
2026-07-04 15:20:03 [http-nio-8495-exec-10] ERROR c.v.d.r.productMstDropDownRowMapper -productMstDropDownRowMapper  Method Exceptionjava.sql.SQLSyntaxErrorException: Column 'PKA_ID' not found.
				
2026-07-04 15:20:03 [http-nio-8495-exec-10] ERROR c.v.d.r.productMstDropDownRowMapper -productMstDropDownRowMapper  Method Exceptionjava.sql.SQLSyntaxErrorException: Column 'PKA_ID' not found.
				
2026-07-04 15:20:03 [http-nio-8495-exec-10] ERROR c.v.d.r.productMstDropDownRowMapper -productMstDropDownRowMapper  Method Exceptionjava.sql.SQLSyntaxErrorException: Column 'PKA_ID' not found.
				
2026-07-04 15:20:03 [http-nio-8495-exec-10] ERROR c.v.d.r.productMstDropDownRowMapper -productMstDropDownRowMapper  Method Exceptionjava.sql.SQLSyntaxErrorException: Column 'PKA_ID' not found.
				
2026-07-04 15:20:03 [http-nio-8495-exec-10] ERROR c.v.d.r.productMstDropDownRowMapper -productMstDropDownRowMapper  Method Exceptionjava.sql.SQLSyntaxErrorException: Column 'PKA_ID' not found.
				
2026-07-04 15:20:03 [http-nio-8495-exec-10] ERROR c.v.d.r.productMstDropDownRowMapper -productMstDropDownRowMapper  Method Exceptionjava.sql.SQLSyntaxErrorException: Column 'PKA_ID' not found.
				
2026-07-04 15:20:03 [http-nio-8495-exec-10] ERROR c.v.d.r.productMstDropDownRowMapper -productMstDropDownRowMapper  Method Exceptionjava.sql.SQLSyntaxErrorException: Column 'PKA_ID' not found.
				
2026-07-04 15:20:03 [http-nio-8495-exec-10] ERROR c.v.d.r.productMstDropDownRowMapper -productMstDropDownRowMapper  Method Exceptionjava.sql.SQLSyntaxErrorException: Column 'PKA_ID' not found.
				
2026-07-04 15:20:03 [http-nio-8495-exec-10] ERROR c.v.d.r.productMstDropDownRowMapper -productMstDropDownRowMapper  Method Exceptionjava.sql.SQLSyntaxErrorException: Column 'PKA_ID' not found.
				
2026-07-04 15:20:03 [http-nio-8495-exec-10] ERROR c.v.d.r.productMstDropDownRowMapper -productMstDropDownRowMapper  Method Exceptionjava.sql.SQLSyntaxErrorException: Column 'PKA_ID' not found.
				
2026-07-04 15:20:03 [http-nio-8495-exec-10] ERROR c.v.d.r.productMstDropDownRowMapper -productMstDropDownRowMapper  Method Exceptionjava.sql.SQLSyntaxErrorException: Column 'PKA_ID' not found.
				
2026-07-04 15:20:03 [http-nio-8495-exec-10] ERROR c.v.d.r.productMstDropDownRowMapper -productMstDropDownRowMapper  Method Exceptionjava.sql.SQLSyntaxErrorException: Column 'PKA_ID' not found.
				
2026-07-04 15:20:03 [http-nio-8495-exec-10] ERROR c.v.d.r.productMstDropDownRowMapper -productMstDropDownRowMapper  Method Exceptionjava.sql.SQLSyntaxErrorException: Column 'PKA_ID' not found.
				
2026-07-04 15:20:03 [http-nio-8495-exec-10] ERROR c.v.d.r.productMstDropDownRowMapper -productMstDropDownRowMapper  Method Exceptionjava.sql.SQLSyntaxErrorException: Column 'PKA_ID' not found.
				
2026-07-04 15:20:03 [http-nio-8495-exec-10] ERROR c.v.d.r.productMstDropDownRowMapper -productMstDropDownRowMapper  Method Exceptionjava.sql.SQLSyntaxErrorException: Column 'PKA_ID' not found.
				
2026-07-04 15:20:03 [http-nio-8495-exec-10] ERROR c.v.d.r.productMstDropDownRowMapper -productMstDropDownRowMapper  Method Exceptionjava.sql.SQLSyntaxErrorException: Column 'PKA_ID' not found.
				
2026-07-04 15:20:03 [http-nio-8495-exec-10] ERROR c.v.d.r.productMstDropDownRowMapper -productMstDropDownRowMapper  Method Exceptionjava.sql.SQLSyntaxErrorException: Column 'PKA_ID' not found.
				
2026-07-04 15:20:03 [http-nio-8495-exec-10] ERROR c.v.d.r.productMstDropDownRowMapper -productMstDropDownRowMapper  Method Exceptionjava.sql.SQLSyntaxErrorException: Column 'PKA_ID' not found.
				
2026-07-04 15:20:03 [http-nio-8495-exec-10] ERROR c.v.d.r.productMstDropDownRowMapper -productMstDropDownRowMapper  Method Exceptionjava.sql.SQLSyntaxErrorException: Column 'PKA_ID' not found.
				
2026-07-04 15:20:03 [http-nio-8495-exec-10] ERROR c.v.d.r.productMstDropDownRowMapper -productMstDropDownRowMapper  Method Exceptionjava.sql.SQLSyntaxErrorException: Column 'PKA_ID' not found.
				
2026-07-04 15:20:03 [http-nio-8495-exec-10] ERROR c.v.d.r.productMstDropDownRowMapper -productMstDropDownRowMapper  Method Exceptionjava.sql.SQLSyntaxErrorException: Column 'PKA_ID' not found.
				
2026-07-04 15:20:03 [http-nio-8495-exec-10] ERROR c.v.d.r.productMstDropDownRowMapper -productMstDropDownRowMapper  Method Exceptionjava.sql.SQLSyntaxErrorException: Column 'PKA_ID' not found.
				
2026-07-04 15:20:03 [http-nio-8495-exec-10] ERROR c.v.d.r.productMstDropDownRowMapper -productMstDropDownRowMapper  Method Exceptionjava.sql.SQLSyntaxErrorException: Column 'PKA_ID' not found.
				
2026-07-04 15:20:03 [http-nio-8495-exec-10] ERROR c.v.d.r.productMstDropDownRowMapper -productMstDropDownRowMapper  Method Exceptionjava.sql.SQLSyntaxErrorException: Column 'PKA_ID' not found.
				
2026-07-04 15:20:03 [http-nio-8495-exec-10] ERROR c.v.d.r.productMstDropDownRowMapper -productMstDropDownRowMapper  Method Exceptionjava.sql.SQLSyntaxErrorException: Column 'PKA_ID' not found.
				
2026-07-04 15:20:03 [http-nio-8495-exec-10] ERROR c.v.d.r.productMstDropDownRowMapper -productMstDropDownRowMapper  Method Exceptionjava.sql.SQLSyntaxErrorException: Column 'PKA_ID' not found.
				
2026-07-04 15:20:03 [http-nio-8495-exec-10] ERROR c.v.d.r.productMstDropDownRowMapper -productMstDropDownRowMapper  Method Exceptionjava.sql.SQLSyntaxErrorException: Column 'PKA_ID' not found.
				
2026-07-04 15:20:03 [http-nio-8495-exec-10] ERROR c.v.d.r.productMstDropDownRowMapper -productMstDropDownRowMapper  Method Exceptionjava.sql.SQLSyntaxErrorException: Column 'PKA_ID' not found.
				
2026-07-04 15:20:03 [http-nio-8495-exec-10] ERROR c.v.d.r.productMstDropDownRowMapper -productMstDropDownRowMapper  Method Exceptionjava.sql.SQLSyntaxErrorException: Column 'PKA_ID' not found.
				
2026-07-04 15:20:03 [http-nio-8495-exec-10] ERROR c.v.d.r.productMstDropDownRowMapper -productMstDropDownRowMapper  Method Exceptionjava.sql.SQLSyntaxErrorException: Column 'PKA_ID' not found.
				
2026-07-04 15:20:03 [http-nio-8495-exec-10] ERROR c.v.d.r.productMstDropDownRowMapper -productMstDropDownRowMapper  Method Exceptionjava.sql.SQLSyntaxErrorException: Column 'PKA_ID' not found.
				
2026-07-04 15:20:03 [http-nio-8495-exec-10] ERROR c.v.d.r.productMstDropDownRowMapper -productMstDropDownRowMapper  Method Exceptionjava.sql.SQLSyntaxErrorException: Column 'PKA_ID' not found.
				
2026-07-04 15:20:03 [http-nio-8495-exec-10] ERROR c.v.d.r.productMstDropDownRowMapper -productMstDropDownRowMapper  Method Exceptionjava.sql.SQLSyntaxErrorException: Column 'PKA_ID' not found.
				
2026-07-04 15:20:03 [http-nio-8495-exec-10] ERROR c.v.d.r.productMstDropDownRowMapper -productMstDropDownRowMapper  Method Exceptionjava.sql.SQLSyntaxErrorException: Column 'PKA_ID' not found.
				
2026-07-04 15:20:03 [http-nio-8495-exec-10] ERROR c.v.d.r.productMstDropDownRowMapper -productMstDropDownRowMapper  Method Exceptionjava.sql.SQLSyntaxErrorException: Column 'PKA_ID' not found.
				
2026-07-04 15:20:03 [http-nio-8495-exec-10] ERROR c.v.d.r.productMstDropDownRowMapper -productMstDropDownRowMapper  Method Exceptionjava.sql.SQLSyntaxErrorException: Column 'PKA_ID' not found.
				
2026-07-04 15:20:03 [http-nio-8495-exec-10] ERROR c.v.d.r.productMstDropDownRowMapper -productMstDropDownRowMapper  Method Exceptionjava.sql.SQLSyntaxErrorException: Column 'PKA_ID' not found.
				
2026-07-04 15:20:03 [http-nio-8495-exec-10] ERROR c.v.d.r.productMstDropDownRowMapper -productMstDropDownRowMapper  Method Exceptionjava.sql.SQLSyntaxErrorException: Column 'PKA_ID' not found.
				
2026-07-04 15:20:03 [http-nio-8495-exec-10] ERROR c.v.d.r.productMstDropDownRowMapper -productMstDropDownRowMapper  Method Exceptionjava.sql.SQLSyntaxErrorException: Column 'PKA_ID' not found.
				
2026-07-04 15:20:03 [http-nio-8495-exec-10] ERROR c.v.d.r.productMstDropDownRowMapper -productMstDropDownRowMapper  Method Exceptionjava.sql.SQLSyntaxErrorException: Column 'PKA_ID' not found.
				
2026-07-04 15:20:03 [http-nio-8495-exec-10] ERROR c.v.d.r.productMstDropDownRowMapper -productMstDropDownRowMapper  Method Exceptionjava.sql.SQLSyntaxErrorException: Column 'PKA_ID' not found.
				
2026-07-04 15:20:03 [http-nio-8495-exec-10] ERROR c.v.d.r.productMstDropDownRowMapper -productMstDropDownRowMapper  Method Exceptionjava.sql.SQLSyntaxErrorException: Column 'PKA_ID' not found.
				
2026-07-04 15:20:03 [http-nio-8495-exec-10] ERROR c.v.d.r.productMstDropDownRowMapper -productMstDropDownRowMapper  Method Exceptionjava.sql.SQLSyntaxErrorException: Column 'PKA_ID' not found.
				
2026-07-04 15:20:03 [http-nio-8495-exec-10] ERROR c.v.d.r.productMstDropDownRowMapper -productMstDropDownRowMapper  Method Exceptionjava.sql.SQLSyntaxErrorException: Column 'PKA_ID' not found.
				
2026-07-04 15:20:03 [http-nio-8495-exec-10] ERROR c.v.d.r.productMstDropDownRowMapper -productMstDropDownRowMapper  Method Exceptionjava.sql.SQLSyntaxErrorException: Column 'PKA_ID' not found.
				
2026-07-04 15:20:03 [http-nio-8495-exec-10] ERROR c.v.d.r.productMstDropDownRowMapper -productMstDropDownRowMapper  Method Exceptionjava.sql.SQLSyntaxErrorException: Column 'PKA_ID' not found.
				
2026-07-04 15:20:03 [http-nio-8495-exec-10] ERROR c.v.d.r.productMstDropDownRowMapper -productMstDropDownRowMapper  Method Exceptionjava.sql.SQLSyntaxErrorException: Column 'PKA_ID' not found.
				
2026-07-04 15:20:03 [http-nio-8495-exec-10] ERROR c.v.d.r.productMstDropDownRowMapper -productMstDropDownRowMapper  Method Exceptionjava.sql.SQLSyntaxErrorException: Column 'PKA_ID' not found.
				
2026-07-04 15:20:03 [http-nio-8495-exec-10] ERROR c.v.d.r.productMstDropDownRowMapper -productMstDropDownRowMapper  Method Exceptionjava.sql.SQLSyntaxErrorException: Column 'PKA_ID' not found.
				
2026-07-04 15:20:03 [http-nio-8495-exec-10] ERROR c.v.d.r.productMstDropDownRowMapper -productMstDropDownRowMapper  Method Exceptionjava.sql.SQLSyntaxErrorException: Column 'PKA_ID' not found.
				
2026-07-04 15:20:03 [http-nio-8495-exec-10] ERROR c.v.d.r.productMstDropDownRowMapper -productMstDropDownRowMapper  Method Exceptionjava.sql.SQLSyntaxErrorException: Column 'PKA_ID' not found.
				
2026-07-04 15:20:03 [http-nio-8495-exec-10] ERROR c.v.d.r.productMstDropDownRowMapper -productMstDropDownRowMapper  Method Exceptionjava.sql.SQLSyntaxErrorException: Column 'PKA_ID' not found.
				
2026-07-04 15:20:03 [http-nio-8495-exec-10] ERROR c.v.d.r.productMstDropDownRowMapper -productMstDropDownRowMapper  Method Exceptionjava.sql.SQLSyntaxErrorException: Column 'PKA_ID' not found.
				
2026-07-04 15:20:03 [http-nio-8495-exec-10] ERROR c.v.d.r.productMstDropDownRowMapper -productMstDropDownRowMapper  Method Exceptionjava.sql.SQLSyntaxErrorException: Column 'PKA_ID' not found.
				
2026-07-04 15:20:03 [http-nio-8495-exec-10] ERROR c.v.d.r.productMstDropDownRowMapper -productMstDropDownRowMapper  Method Exceptionjava.sql.SQLSyntaxErrorException: Column 'PKA_ID' not found.
				
2026-07-04 15:20:03 [http-nio-8495-exec-10] ERROR c.v.d.r.productMstDropDownRowMapper -productMstDropDownRowMapper  Method Exceptionjava.sql.SQLSyntaxErrorException: Column 'PKA_ID' not found.
				
2026-07-04 15:20:03 [http-nio-8495-exec-10] ERROR c.v.d.r.productMstDropDownRowMapper -productMstDropDownRowMapper  Method Exceptionjava.sql.SQLSyntaxErrorException: Column 'PKA_ID' not found.
				
2026-07-04 15:20:03 [http-nio-8495-exec-10] ERROR c.v.d.r.productMstDropDownRowMapper -productMstDropDownRowMapper  Method Exceptionjava.sql.SQLSyntaxErrorException: Column 'PKA_ID' not found.
				
2026-07-04 15:20:03 [http-nio-8495-exec-10] ERROR c.v.d.r.productMstDropDownRowMapper -productMstDropDownRowMapper  Method Exceptionjava.sql.SQLSyntaxErrorException: Column 'PKA_ID' not found.
				
2026-07-04 15:20:03 [http-nio-8495-exec-10] ERROR c.v.d.r.productMstDropDownRowMapper -productMstDropDownRowMapper  Method Exceptionjava.sql.SQLSyntaxErrorException: Column 'PKA_ID' not found.
				
2026-07-04 15:20:03 [http-nio-8495-exec-10] ERROR c.v.d.r.productMstDropDownRowMapper -productMstDropDownRowMapper  Method Exceptionjava.sql.SQLSyntaxErrorException: Column 'PKA_ID' not found.
				
2026-07-04 15:20:03 [http-nio-8495-exec-10] ERROR c.v.d.r.productMstDropDownRowMapper -productMstDropDownRowMapper  Method Exceptionjava.sql.SQLSyntaxErrorException: Column 'PKA_ID' not found.
				
2026-07-04 15:20:03 [http-nio-8495-exec-10] ERROR c.v.d.r.productMstDropDownRowMapper -productMstDropDownRowMapper  Method Exceptionjava.sql.SQLSyntaxErrorException: Column 'PKA_ID' not found.
				
2026-07-04 15:20:03 [http-nio-8495-exec-10] ERROR c.v.d.r.productMstDropDownRowMapper -productMstDropDownRowMapper  Method Exceptionjava.sql.SQLSyntaxErrorException: Column 'PKA_ID' not found.
				
2026-07-04 15:20:03 [http-nio-8495-exec-10] ERROR c.v.d.r.productMstDropDownRowMapper -productMstDropDownRowMapper  Method Exceptionjava.sql.SQLSyntaxErrorException: Column 'PKA_ID' not found.
				
2026-07-04 15:20:03 [http-nio-8495-exec-10] ERROR c.v.d.r.productMstDropDownRowMapper -productMstDropDownRowMapper  Method Exceptionjava.sql.SQLSyntaxErrorException: Column 'PKA_ID' not found.
				
2026-07-04 15:20:03 [http-nio-8495-exec-10] ERROR c.v.d.r.productMstDropDownRowMapper -productMstDropDownRowMapper  Method Exceptionjava.sql.SQLSyntaxErrorException: Column 'PKA_ID' not found.
				
2026-07-04 15:20:03 [http-nio-8495-exec-10] ERROR c.v.d.r.productMstDropDownRowMapper -productMstDropDownRowMapper  Method Exceptionjava.sql.SQLSyntaxErrorException: Column 'PKA_ID' not found.
				
2026-07-04 15:20:03 [http-nio-8495-exec-10] ERROR c.v.d.r.productMstDropDownRowMapper -productMstDropDownRowMapper  Method Exceptionjava.sql.SQLSyntaxErrorException: Column 'PKA_ID' not found.
				
2026-07-04 15:20:03 [http-nio-8495-exec-10] ERROR c.v.d.r.productMstDropDownRowMapper -productMstDropDownRowMapper  Method Exceptionjava.sql.SQLSyntaxErrorException: Column 'PKA_ID' not found.
				
2026-07-04 15:20:03 [http-nio-8495-exec-10] ERROR c.v.d.r.productMstDropDownRowMapper -productMstDropDownRowMapper  Method Exceptionjava.sql.SQLSyntaxErrorException: Column 'PKA_ID' not found.
				
2026-07-04 15:20:03 [http-nio-8495-exec-10] ERROR c.v.d.r.productMstDropDownRowMapper -productMstDropDownRowMapper  Method Exceptionjava.sql.SQLSyntaxErrorException: Column 'PKA_ID' not found.
				
2026-07-04 15:20:03 [http-nio-8495-exec-10] ERROR c.v.d.r.productMstDropDownRowMapper -productMstDropDownRowMapper  Method Exceptionjava.sql.SQLSyntaxErrorException: Column 'PKA_ID' not found.
				
2026-07-04 15:20:03 [http-nio-8495-exec-10] ERROR c.v.d.r.productMstDropDownRowMapper -productMstDropDownRowMapper  Method Exceptionjava.sql.SQLSyntaxErrorException: Column 'PKA_ID' not found.
				
2026-07-04 15:20:03 [http-nio-8495-exec-10] ERROR c.v.d.r.productMstDropDownRowMapper -productMstDropDownRowMapper  Method Exceptionjava.sql.SQLSyntaxErrorException: Column 'PKA_ID' not found.
				
2026-07-04 15:20:03 [http-nio-8495-exec-10] ERROR c.v.d.r.productMstDropDownRowMapper -productMstDropDownRowMapper  Method Exceptionjava.sql.SQLSyntaxErrorException: Column 'PKA_ID' not found.
				
2026-07-04 15:20:03 [http-nio-8495-exec-10] ERROR c.v.d.r.productMstDropDownRowMapper -productMstDropDownRowMapper  Method Exceptionjava.sql.SQLSyntaxErrorException: Column 'PKA_ID' not found.
				
2026-07-04 15:20:03 [http-nio-8495-exec-10] ERROR c.v.d.r.productMstDropDownRowMapper -productMstDropDownRowMapper  Method Exceptionjava.sql.SQLSyntaxErrorException: Column 'PKA_ID' not found.
				
2026-07-04 15:20:03 [http-nio-8495-exec-10] ERROR c.v.d.r.productMstDropDownRowMapper -productMstDropDownRowMapper  Method Exceptionjava.sql.SQLSyntaxErrorException: Column 'PKA_ID' not found.
				
2026-07-04 15:20:03 [http-nio-8495-exec-10] ERROR c.v.d.r.productMstDropDownRowMapper -productMstDropDownRowMapper  Method Exceptionjava.sql.SQLSyntaxErrorException: Column 'PKA_ID' not found.
				
2026-07-04 15:20:03 [http-nio-8495-exec-10] ERROR c.v.d.r.productMstDropDownRowMapper -productMstDropDownRowMapper  Method Exceptionjava.sql.SQLSyntaxErrorException: Column 'PKA_ID' not found.
				
2026-07-04 15:20:03 [http-nio-8495-exec-10] ERROR c.v.d.r.productMstDropDownRowMapper -productMstDropDownRowMapper  Method Exceptionjava.sql.SQLSyntaxErrorException: Column 'PKA_ID' not found.
				
2026-07-04 15:20:03 [http-nio-8495-exec-10] ERROR c.v.d.r.productMstDropDownRowMapper -productMstDropDownRowMapper  Method Exceptionjava.sql.SQLSyntaxErrorException: Column 'PKA_ID' not found.
				
2026-07-04 15:20:03 [http-nio-8495-exec-10] ERROR c.v.d.r.productMstDropDownRowMapper -productMstDropDownRowMapper  Method Exceptionjava.sql.SQLSyntaxErrorException: Column 'PKA_ID' not found.
				
2026-07-04 15:20:03 [http-nio-8495-exec-10] ERROR c.v.d.r.productMstDropDownRowMapper -productMstDropDownRowMapper  Method Exceptionjava.sql.SQLSyntaxErrorException: Column 'PKA_ID' not found.
				
2026-07-04 15:20:03 [http-nio-8495-exec-10] ERROR c.v.d.r.productMstDropDownRowMapper -productMstDropDownRowMapper  Method Exceptionjava.sql.SQLSyntaxErrorException: Column 'PKA_ID' not found.
				
2026-07-04 15:20:03 [http-nio-8495-exec-10] ERROR c.v.d.r.productMstDropDownRowMapper -productMstDropDownRowMapper  Method Exceptionjava.sql.SQLSyntaxErrorException: Column 'PKA_ID' not found.
				
2026-07-04 15:20:03 [http-nio-8495-exec-10] ERROR c.v.d.r.productMstDropDownRowMapper -productMstDropDownRowMapper  Method Exceptionjava.sql.SQLSyntaxErrorException: Column 'PKA_ID' not found.
				
2026-07-04 15:20:03 [http-nio-8495-exec-10] ERROR c.v.d.r.productMstDropDownRowMapper -productMstDropDownRowMapper  Method Exceptionjava.sql.SQLSyntaxErrorException: Column 'PKA_ID' not found.
				
2026-07-04 15:20:03 [http-nio-8495-exec-10] ERROR c.v.d.r.productMstDropDownRowMapper -productMstDropDownRowMapper  Method Exceptionjava.sql.SQLSyntaxErrorException: Column 'PKA_ID' not found.
				
2026-07-04 15:20:03 [http-nio-8495-exec-10] ERROR c.v.d.r.productMstDropDownRowMapper -productMstDropDownRowMapper  Method Exceptionjava.sql.SQLSyntaxErrorException: Column 'PKA_ID' not found.
				
2026-07-04 15:20:03 [http-nio-8495-exec-10] ERROR c.v.d.r.productMstDropDownRowMapper -productMstDropDownRowMapper  Method Exceptionjava.sql.SQLSyntaxErrorException: Column 'PKA_ID' not found.
				
2026-07-04 15:20:03 [http-nio-8495-exec-10] ERROR c.v.d.r.productMstDropDownRowMapper -productMstDropDownRowMapper  Method Exceptionjava.sql.SQLSyntaxErrorException: Column 'PKA_ID' not found.
				
2026-07-04 15:20:03 [http-nio-8495-exec-10] ERROR c.v.d.r.productMstDropDownRowMapper -productMstDropDownRowMapper  Method Exceptionjava.sql.SQLSyntaxErrorException: Column 'PKA_ID' not found.
				
2026-07-04 15:20:03 [http-nio-8495-exec-10] ERROR c.v.d.r.productMstDropDownRowMapper -productMstDropDownRowMapper  Method Exceptionjava.sql.SQLSyntaxErrorException: Column 'PKA_ID' not found.
				
2026-07-04 15:20:03 [http-nio-8495-exec-10] ERROR c.v.d.r.productMstDropDownRowMapper -productMstDropDownRowMapper  Method Exceptionjava.sql.SQLSyntaxErrorException: Column 'PKA_ID' not found.
				
2026-07-04 15:20:03 [http-nio-8495-exec-10] ERROR c.v.d.r.productMstDropDownRowMapper -productMstDropDownRowMapper  Method Exceptionjava.sql.SQLSyntaxErrorException: Column 'PKA_ID' not found.
				
2026-07-04 15:20:03 [http-nio-8495-exec-10] ERROR c.v.d.r.productMstDropDownRowMapper -productMstDropDownRowMapper  Method Exceptionjava.sql.SQLSyntaxErrorException: Column 'PKA_ID' not found.
				
2026-07-04 15:20:03 [http-nio-8495-exec-10] ERROR c.v.d.r.productMstDropDownRowMapper -productMstDropDownRowMapper  Method Exceptionjava.sql.SQLSyntaxErrorException: Column 'PKA_ID' not found.
				
2026-07-04 15:20:03 [http-nio-8495-exec-10] ERROR c.v.d.r.productMstDropDownRowMapper -productMstDropDownRowMapper  Method Exceptionjava.sql.SQLSyntaxErrorException: Column 'PKA_ID' not found.
				
2026-07-04 15:20:03 [http-nio-8495-exec-10] ERROR c.v.d.r.productMstDropDownRowMapper -productMstDropDownRowMapper  Method Exceptionjava.sql.SQLSyntaxErrorException: Column 'PKA_ID' not found.
				
2026-07-04 15:20:03 [http-nio-8495-exec-10] ERROR c.v.d.r.productMstDropDownRowMapper -productMstDropDownRowMapper  Method Exceptionjava.sql.SQLSyntaxErrorException: Column 'PKA_ID' not found.
				
2026-07-04 15:20:03 [http-nio-8495-exec-10] ERROR c.v.d.r.productMstDropDownRowMapper -productMstDropDownRowMapper  Method Exceptionjava.sql.SQLSyntaxErrorException: Column 'PKA_ID' not found.
				
2026-07-04 15:20:03 [http-nio-8495-exec-10] ERROR c.v.d.r.productMstDropDownRowMapper -productMstDropDownRowMapper  Method Exceptionjava.sql.SQLSyntaxErrorException: Column 'PKA_ID' not found.
				
2026-07-04 15:20:03 [http-nio-8495-exec-10] ERROR c.v.d.r.productMstDropDownRowMapper -productMstDropDownRowMapper  Method Exceptionjava.sql.SQLSyntaxErrorException: Column 'PKA_ID' not found.
				
2026-07-04 15:20:03 [http-nio-8495-exec-10] ERROR c.v.d.r.productMstDropDownRowMapper -productMstDropDownRowMapper  Method Exceptionjava.sql.SQLSyntaxErrorException: Column 'PKA_ID' not found.
				
2026-07-04 15:20:03 [http-nio-8495-exec-10] ERROR c.v.d.r.productMstDropDownRowMapper -productMstDropDownRowMapper  Method Exceptionjava.sql.SQLSyntaxErrorException: Column 'PKA_ID' not found.
				
2026-07-04 15:20:03 [http-nio-8495-exec-10] ERROR c.v.d.r.productMstDropDownRowMapper -productMstDropDownRowMapper  Method Exceptionjava.sql.SQLSyntaxErrorException: Column 'PKA_ID' not found.
				
2026-07-04 15:20:03 [http-nio-8495-exec-10] ERROR c.v.d.r.productMstDropDownRowMapper -productMstDropDownRowMapper  Method Exceptionjava.sql.SQLSyntaxErrorException: Column 'PKA_ID' not found.
				
2026-07-04 15:20:03 [http-nio-8495-exec-10] ERROR c.v.d.r.productMstDropDownRowMapper -productMstDropDownRowMapper  Method Exceptionjava.sql.SQLSyntaxErrorException: Column 'PKA_ID' not found.
				
2026-07-04 15:20:03 [http-nio-8495-exec-10] ERROR c.v.d.r.productMstDropDownRowMapper -productMstDropDownRowMapper  Method Exceptionjava.sql.SQLSyntaxErrorException: Column 'PKA_ID' not found.
				
2026-07-04 15:20:03 [http-nio-8495-exec-10] ERROR c.v.d.r.productMstDropDownRowMapper -productMstDropDownRowMapper  Method Exceptionjava.sql.SQLSyntaxErrorException: Column 'PKA_ID' not found.
				
2026-07-04 15:20:03 [http-nio-8495-exec-10] ERROR c.v.d.r.productMstDropDownRowMapper -productMstDropDownRowMapper  Method Exceptionjava.sql.SQLSyntaxErrorException: Column 'PKA_ID' not found.
				
2026-07-04 15:20:03 [http-nio-8495-exec-10] ERROR c.v.d.r.productMstDropDownRowMapper -productMstDropDownRowMapper  Method Exceptionjava.sql.SQLSyntaxErrorException: Column 'PKA_ID' not found.
				
2026-07-04 15:20:03 [http-nio-8495-exec-10] ERROR c.v.d.r.productMstDropDownRowMapper -productMstDropDownRowMapper  Method Exceptionjava.sql.SQLSyntaxErrorException: Column 'PKA_ID' not found.
				
2026-07-04 15:20:03 [http-nio-8495-exec-10] ERROR c.v.d.r.productMstDropDownRowMapper -productMstDropDownRowMapper  Method Exceptionjava.sql.SQLSyntaxErrorException: Column 'PKA_ID' not found.
				
2026-07-04 15:20:03 [http-nio-8495-exec-10] ERROR c.v.d.r.productMstDropDownRowMapper -productMstDropDownRowMapper  Method Exceptionjava.sql.SQLSyntaxErrorException: Column 'PKA_ID' not found.
				
2026-07-04 15:20:03 [http-nio-8495-exec-10] ERROR c.v.d.r.productMstDropDownRowMapper -productMstDropDownRowMapper  Method Exceptionjava.sql.SQLSyntaxErrorException: Column 'PKA_ID' not found.
				
2026-07-04 15:20:03 [http-nio-8495-exec-10] ERROR c.v.d.r.productMstDropDownRowMapper -productMstDropDownRowMapper  Method Exceptionjava.sql.SQLSyntaxErrorException: Column 'PKA_ID' not found.
				
2026-07-04 15:20:03 [http-nio-8495-exec-10] ERROR c.v.d.r.productMstDropDownRowMapper -productMstDropDownRowMapper  Method Exceptionjava.sql.SQLSyntaxErrorException: Column 'PKA_ID' not found.
				
2026-07-04 15:20:03 [http-nio-8495-exec-10] ERROR c.v.d.r.productMstDropDownRowMapper -productMstDropDownRowMapper  Method Exceptionjava.sql.SQLSyntaxErrorException: Column 'PKA_ID' not found.
				
2026-07-04 15:20:03 [http-nio-8495-exec-10] ERROR c.v.d.r.productMstDropDownRowMapper -productMstDropDownRowMapper  Method Exceptionjava.sql.SQLSyntaxErrorException: Column 'PKA_ID' not found.
				
2026-07-04 15:20:03 [http-nio-8495-exec-10] ERROR c.v.d.r.productMstDropDownRowMapper -productMstDropDownRowMapper  Method Exceptionjava.sql.SQLSyntaxErrorException: Column 'PKA_ID' not found.
				
2026-07-04 15:20:03 [http-nio-8495-exec-10] ERROR c.v.d.r.productMstDropDownRowMapper -productMstDropDownRowMapper  Method Exceptionjava.sql.SQLSyntaxErrorException: Column 'PKA_ID' not found.
				
2026-07-04 15:20:03 [http-nio-8495-exec-10] ERROR c.v.d.r.productMstDropDownRowMapper -productMstDropDownRowMapper  Method Exceptionjava.sql.SQLSyntaxErrorException: Column 'PKA_ID' not found.
				
2026-07-04 15:20:03 [http-nio-8495-exec-10] ERROR c.v.d.r.productMstDropDownRowMapper -productMstDropDownRowMapper  Method Exceptionjava.sql.SQLSyntaxErrorException: Column 'PKA_ID' not found.
				
2026-07-04 15:20:03 [http-nio-8495-exec-10] ERROR c.v.d.r.productMstDropDownRowMapper -productMstDropDownRowMapper  Method Exceptionjava.sql.SQLSyntaxErrorException: Column 'PKA_ID' not found.
				
2026-07-04 15:20:03 [http-nio-8495-exec-10] ERROR c.v.d.r.productMstDropDownRowMapper -productMstDropDownRowMapper  Method Exceptionjava.sql.SQLSyntaxErrorException: Column 'PKA_ID' not found.
				
2026-07-04 15:20:03 [http-nio-8495-exec-10] ERROR c.v.d.r.productMstDropDownRowMapper -productMstDropDownRowMapper  Method Exceptionjava.sql.SQLSyntaxErrorException: Column 'PKA_ID' not found.
				
2026-07-04 15:20:03 [http-nio-8495-exec-10] ERROR c.v.d.r.productMstDropDownRowMapper -productMstDropDownRowMapper  Method Exceptionjava.sql.SQLSyntaxErrorException: Column 'PKA_ID' not found.
				
2026-07-04 15:20:03 [http-nio-8495-exec-10] ERROR c.v.d.r.productMstDropDownRowMapper -productMstDropDownRowMapper  Method Exceptionjava.sql.SQLSyntaxErrorException: Column 'PKA_ID' not found.
				
2026-07-04 15:20:03 [http-nio-8495-exec-10] ERROR c.v.d.r.productMstDropDownRowMapper -productMstDropDownRowMapper  Method Exceptionjava.sql.SQLSyntaxErrorException: Column 'PKA_ID' not found.
				
2026-07-04 15:20:03 [http-nio-8495-exec-10] ERROR c.v.d.r.productMstDropDownRowMapper -productMstDropDownRowMapper  Method Exceptionjava.sql.SQLSyntaxErrorException: Column 'PKA_ID' not found.
				
2026-07-04 15:20:03 [http-nio-8495-exec-10] ERROR c.v.d.r.productMstDropDownRowMapper -productMstDropDownRowMapper  Method Exceptionjava.sql.SQLSyntaxErrorException: Column 'PKA_ID' not found.
				
2026-07-04 15:20:03 [http-nio-8495-exec-10] ERROR c.v.d.r.productMstDropDownRowMapper -productMstDropDownRowMapper  Method Exceptionjava.sql.SQLSyntaxErrorException: Column 'PKA_ID' not found.
				
2026-07-04 15:20:03 [http-nio-8495-exec-10] ERROR c.v.d.r.productMstDropDownRowMapper -productMstDropDownRowMapper  Method Exceptionjava.sql.SQLSyntaxErrorException: Column 'PKA_ID' not found.
				
2026-07-04 15:20:03 [http-nio-8495-exec-10] ERROR c.v.d.r.productMstDropDownRowMapper -productMstDropDownRowMapper  Method Exceptionjava.sql.SQLSyntaxErrorException: Column 'PKA_ID' not found.
				
2026-07-04 15:20:03 [http-nio-8495-exec-10] ERROR c.v.d.r.productMstDropDownRowMapper -productMstDropDownRowMapper  Method Exceptionjava.sql.SQLSyntaxErrorException: Column 'PKA_ID' not found.
				
2026-07-04 15:20:03 [http-nio-8495-exec-10] ERROR c.v.d.r.productMstDropDownRowMapper -productMstDropDownRowMapper  Method Exceptionjava.sql.SQLSyntaxErrorException: Column 'PKA_ID' not found.
				
2026-07-04 15:20:03 [http-nio-8495-exec-10] ERROR c.v.d.r.productMstDropDownRowMapper -productMstDropDownRowMapper  Method Exceptionjava.sql.SQLSyntaxErrorException: Column 'PKA_ID' not found.
				
2026-07-04 15:20:03 [http-nio-8495-exec-10] ERROR c.v.d.r.productMstDropDownRowMapper -productMstDropDownRowMapper  Method Exceptionjava.sql.SQLSyntaxErrorException: Column 'PKA_ID' not found.
				
2026-07-04 15:20:03 [http-nio-8495-exec-10] ERROR c.v.d.r.productMstDropDownRowMapper -productMstDropDownRowMapper  Method Exceptionjava.sql.SQLSyntaxErrorException: Column 'PKA_ID' not found.
				
2026-07-04 15:20:03 [http-nio-8495-exec-10] ERROR c.v.d.r.productMstDropDownRowMapper -productMstDropDownRowMapper  Method Exceptionjava.sql.SQLSyntaxErrorException: Column 'PKA_ID' not found.
				
2026-07-04 15:20:03 [http-nio-8495-exec-10] ERROR c.v.d.r.productMstDropDownRowMapper -productMstDropDownRowMapper  Method Exceptionjava.sql.SQLSyntaxErrorException: Column 'PKA_ID' not found.
				
2026-07-04 15:20:03 [http-nio-8495-exec-10] ERROR c.v.d.r.productMstDropDownRowMapper -productMstDropDownRowMapper  Method Exceptionjava.sql.SQLSyntaxErrorException: Column 'PKA_ID' not found.
				
2026-07-04 15:20:03 [http-nio-8495-exec-10] ERROR c.v.d.r.productMstDropDownRowMapper -productMstDropDownRowMapper  Method Exceptionjava.sql.SQLSyntaxErrorException: Column 'PKA_ID' not found.
				
2026-07-04 15:20:03 [http-nio-8495-exec-10] ERROR c.v.d.r.productMstDropDownRowMapper -productMstDropDownRowMapper  Method Exceptionjava.sql.SQLSyntaxErrorException: Column 'PKA_ID' not found.
				
2026-07-04 15:20:03 [http-nio-8495-exec-10] ERROR c.v.d.r.productMstDropDownRowMapper -productMstDropDownRowMapper  Method Exceptionjava.sql.SQLSyntaxErrorException: Column 'PKA_ID' not found.
				
2026-07-04 15:20:03 [http-nio-8495-exec-10] ERROR c.v.d.r.productMstDropDownRowMapper -productMstDropDownRowMapper  Method Exceptionjava.sql.SQLSyntaxErrorException: Column 'PKA_ID' not found.
				
2026-07-04 15:20:03 [http-nio-8495-exec-10] ERROR c.v.d.r.productMstDropDownRowMapper -productMstDropDownRowMapper  Method Exceptionjava.sql.SQLSyntaxErrorException: Column 'PKA_ID' not found.
				
2026-07-04 15:20:03 [http-nio-8495-exec-10] ERROR c.v.d.r.productMstDropDownRowMapper -productMstDropDownRowMapper  Method Exceptionjava.sql.SQLSyntaxErrorException: Column 'PKA_ID' not found.
				
2026-07-04 15:20:03 [http-nio-8495-exec-10] ERROR c.v.d.r.productMstDropDownRowMapper -productMstDropDownRowMapper  Method Exceptionjava.sql.SQLSyntaxErrorException: Column 'PKA_ID' not found.
				
2026-07-04 15:20:03 [http-nio-8495-exec-10] ERROR c.v.d.r.productMstDropDownRowMapper -productMstDropDownRowMapper  Method Exceptionjava.sql.SQLSyntaxErrorException: Column 'PKA_ID' not found.
				
2026-07-04 15:20:03 [http-nio-8495-exec-10] ERROR c.v.d.r.productMstDropDownRowMapper -productMstDropDownRowMapper  Method Exceptionjava.sql.SQLSyntaxErrorException: Column 'PKA_ID' not found.
				
2026-07-04 15:20:03 [http-nio-8495-exec-10] ERROR c.v.d.r.productMstDropDownRowMapper -productMstDropDownRowMapper  Method Exceptionjava.sql.SQLSyntaxErrorException: Column 'PKA_ID' not found.
				
2026-07-04 15:20:03 [http-nio-8495-exec-10] ERROR c.v.d.r.productMstDropDownRowMapper -productMstDropDownRowMapper  Method Exceptionjava.sql.SQLSyntaxErrorException: Column 'PKA_ID' not found.
				
2026-07-04 15:20:03 [http-nio-8495-exec-10] ERROR c.v.d.r.productMstDropDownRowMapper -productMstDropDownRowMapper  Method Exceptionjava.sql.SQLSyntaxErrorException: Column 'PKA_ID' not found.
				
2026-07-04 15:20:03 [http-nio-8495-exec-10] ERROR c.v.d.r.productMstDropDownRowMapper -productMstDropDownRowMapper  Method Exceptionjava.sql.SQLSyntaxErrorException: Column 'PKA_ID' not found.
				
2026-07-04 15:20:03 [http-nio-8495-exec-10] ERROR c.v.d.r.productMstDropDownRowMapper -productMstDropDownRowMapper  Method Exceptionjava.sql.SQLSyntaxErrorException: Column 'PKA_ID' not found.
				
2026-07-04 15:20:03 [http-nio-8495-exec-10] ERROR c.v.d.r.productMstDropDownRowMapper -productMstDropDownRowMapper  Method Exceptionjava.sql.SQLSyntaxErrorException: Column 'PKA_ID' not found.
				
2026-07-04 15:20:03 [http-nio-8495-exec-10] ERROR c.v.d.r.productMstDropDownRowMapper -productMstDropDownRowMapper  Method Exceptionjava.sql.SQLSyntaxErrorException: Column 'PKA_ID' not found.
				
2026-07-04 15:20:03 [http-nio-8495-exec-10] ERROR c.v.d.r.productMstDropDownRowMapper -productMstDropDownRowMapper  Method Exceptionjava.sql.SQLSyntaxErrorException: Column 'PKA_ID' not found.
				
2026-07-04 15:20:03 [http-nio-8495-exec-10] ERROR c.v.d.r.productMstDropDownRowMapper -productMstDropDownRowMapper  Method Exceptionjava.sql.SQLSyntaxErrorException: Column 'PKA_ID' not found.
				
2026-07-04 15:20:03 [http-nio-8495-exec-10] ERROR c.v.d.r.productMstDropDownRowMapper -productMstDropDownRowMapper  Method Exceptionjava.sql.SQLSyntaxErrorException: Column 'PKA_ID' not found.
				
2026-07-04 15:20:03 [http-nio-8495-exec-10] ERROR c.v.d.r.productMstDropDownRowMapper -productMstDropDownRowMapper  Method Exceptionjava.sql.SQLSyntaxErrorException: Column 'PKA_ID' not found.
				
2026-07-04 15:20:03 [http-nio-8495-exec-10] ERROR c.v.d.r.productMstDropDownRowMapper -productMstDropDownRowMapper  Method Exceptionjava.sql.SQLSyntaxErrorException: Column 'PKA_ID' not found.
				
2026-07-04 15:20:03 [http-nio-8495-exec-10] ERROR c.v.d.r.productMstDropDownRowMapper -productMstDropDownRowMapper  Method Exceptionjava.sql.SQLSyntaxErrorException: Column 'PKA_ID' not found.
				
2026-07-04 15:20:03 [http-nio-8495-exec-10] ERROR c.v.d.r.productMstDropDownRowMapper -productMstDropDownRowMapper  Method Exceptionjava.sql.SQLSyntaxErrorException: Column 'PKA_ID' not found.
				
2026-07-04 15:20:03 [http-nio-8495-exec-10] ERROR c.v.d.r.productMstDropDownRowMapper -productMstDropDownRowMapper  Method Exceptionjava.sql.SQLSyntaxErrorException: Column 'PKA_ID' not found.
				
2026-07-04 15:20:03 [http-nio-8495-exec-10] ERROR c.v.d.r.productMstDropDownRowMapper -productMstDropDownRowMapper  Method Exceptionjava.sql.SQLSyntaxErrorException: Column 'PKA_ID' not found.
				
2026-07-04 15:20:03 [http-nio-8495-exec-10] ERROR c.v.d.r.productMstDropDownRowMapper -productMstDropDownRowMapper  Method Exceptionjava.sql.SQLSyntaxErrorException: Column 'PKA_ID' not found.
				
2026-07-04 15:20:03 [http-nio-8495-exec-10] ERROR c.v.d.r.productMstDropDownRowMapper -productMstDropDownRowMapper  Method Exceptionjava.sql.SQLSyntaxErrorException: Column 'PKA_ID' not found.
				
2026-07-04 15:20:03 [http-nio-8495-exec-10] ERROR c.v.d.r.productMstDropDownRowMapper -productMstDropDownRowMapper  Method Exceptionjava.sql.SQLSyntaxErrorException: Column 'PKA_ID' not found.
				
2026-07-04 15:20:03 [http-nio-8495-exec-10] ERROR c.v.d.r.productMstDropDownRowMapper -productMstDropDownRowMapper  Method Exceptionjava.sql.SQLSyntaxErrorException: Column 'PKA_ID' not found.
				
2026-07-04 15:20:03 [http-nio-8495-exec-10] ERROR c.v.d.r.productMstDropDownRowMapper -productMstDropDownRowMapper  Method Exceptionjava.sql.SQLSyntaxErrorException: Column 'PKA_ID' not found.
				
2026-07-04 15:20:03 [http-nio-8495-exec-10] ERROR c.v.d.r.productMstDropDownRowMapper -productMstDropDownRowMapper  Method Exceptionjava.sql.SQLSyntaxErrorException: Column 'PKA_ID' not found.
				
2026-07-04 15:20:03 [http-nio-8495-exec-10] ERROR c.v.d.r.productMstDropDownRowMapper -productMstDropDownRowMapper  Method Exceptionjava.sql.SQLSyntaxErrorException: Column 'PKA_ID' not found.
				
2026-07-04 15:20:03 [http-nio-8495-exec-10] ERROR c.v.d.r.productMstDropDownRowMapper -productMstDropDownRowMapper  Method Exceptionjava.sql.SQLSyntaxErrorException: Column 'PKA_ID' not found.
				
2026-07-04 15:20:03 [http-nio-8495-exec-10] ERROR c.v.d.r.productMstDropDownRowMapper -productMstDropDownRowMapper  Method Exceptionjava.sql.SQLSyntaxErrorException: Column 'PKA_ID' not found.
				
2026-07-04 15:20:03 [http-nio-8495-exec-10] ERROR c.v.d.r.productMstDropDownRowMapper -productMstDropDownRowMapper  Method Exceptionjava.sql.SQLSyntaxErrorException: Column 'PKA_ID' not found.
				
2026-07-04 15:20:03 [http-nio-8495-exec-10] ERROR c.v.d.r.productMstDropDownRowMapper -productMstDropDownRowMapper  Method Exceptionjava.sql.SQLSyntaxErrorException: Column 'PKA_ID' not found.
				
2026-07-04 15:20:03 [http-nio-8495-exec-10] ERROR c.v.d.r.productMstDropDownRowMapper -productMstDropDownRowMapper  Method Exceptionjava.sql.SQLSyntaxErrorException: Column 'PKA_ID' not found.
				
2026-07-04 15:20:03 [http-nio-8495-exec-10] ERROR c.v.d.r.productMstDropDownRowMapper -productMstDropDownRowMapper  Method Exceptionjava.sql.SQLSyntaxErrorException: Column 'PKA_ID' not found.
				
2026-07-04 15:20:03 [http-nio-8495-exec-10] ERROR c.v.d.r.productMstDropDownRowMapper -productMstDropDownRowMapper  Method Exceptionjava.sql.SQLSyntaxErrorException: Column 'PKA_ID' not found.
				
2026-07-04 15:20:03 [http-nio-8495-exec-10] ERROR c.v.d.r.productMstDropDownRowMapper -productMstDropDownRowMapper  Method Exceptionjava.sql.SQLSyntaxErrorException: Column 'PKA_ID' not found.
				
2026-07-04 15:20:03 [http-nio-8495-exec-10] ERROR c.v.d.r.productMstDropDownRowMapper -productMstDropDownRowMapper  Method Exceptionjava.sql.SQLSyntaxErrorException: Column 'PKA_ID' not found.
				
2026-07-04 15:20:03 [http-nio-8495-exec-10] ERROR c.v.d.r.productMstDropDownRowMapper -productMstDropDownRowMapper  Method Exceptionjava.sql.SQLSyntaxErrorException: Column 'PKA_ID' not found.
				
2026-07-04 15:20:03 [http-nio-8495-exec-10] ERROR c.v.d.r.productMstDropDownRowMapper -productMstDropDownRowMapper  Method Exceptionjava.sql.SQLSyntaxErrorException: Column 'PKA_ID' not found.
				
2026-07-04 15:20:03 [http-nio-8495-exec-10] ERROR c.v.d.r.productMstDropDownRowMapper -productMstDropDownRowMapper  Method Exceptionjava.sql.SQLSyntaxErrorException: Column 'PKA_ID' not found.
				
2026-07-04 15:20:03 [http-nio-8495-exec-10] ERROR c.v.d.r.productMstDropDownRowMapper -productMstDropDownRowMapper  Method Exceptionjava.sql.SQLSyntaxErrorException: Column 'PKA_ID' not found.
				
2026-07-04 15:20:03 [http-nio-8495-exec-10] ERROR c.v.d.r.productMstDropDownRowMapper -productMstDropDownRowMapper  Method Exceptionjava.sql.SQLSyntaxErrorException: Column 'PKA_ID' not found.
				
2026-07-04 15:20:03 [http-nio-8495-exec-10] ERROR c.v.d.r.productMstDropDownRowMapper -productMstDropDownRowMapper  Method Exceptionjava.sql.SQLSyntaxErrorException: Column 'PKA_ID' not found.
				
2026-07-04 15:20:03 [http-nio-8495-exec-10] ERROR c.v.d.r.productMstDropDownRowMapper -productMstDropDownRowMapper  Method Exceptionjava.sql.SQLSyntaxErrorException: Column 'PKA_ID' not found.
				
2026-07-04 15:20:03 [http-nio-8495-exec-10] ERROR c.v.d.r.productMstDropDownRowMapper -productMstDropDownRowMapper  Method Exceptionjava.sql.SQLSyntaxErrorException: Column 'PKA_ID' not found.
				
2026-07-04 15:20:03 [http-nio-8495-exec-10] ERROR c.v.d.r.productMstDropDownRowMapper -productMstDropDownRowMapper  Method Exceptionjava.sql.SQLSyntaxErrorException: Column 'PKA_ID' not found.
				
2026-07-04 15:20:03 [http-nio-8495-exec-10] ERROR c.v.d.r.productMstDropDownRowMapper -productMstDropDownRowMapper  Method Exceptionjava.sql.SQLSyntaxErrorException: Column 'PKA_ID' not found.
				
2026-07-04 15:20:03 [http-nio-8495-exec-10] ERROR c.v.d.r.productMstDropDownRowMapper -productMstDropDownRowMapper  Method Exceptionjava.sql.SQLSyntaxErrorException: Column 'PKA_ID' not found.
				
2026-07-04 15:20:03 [http-nio-8495-exec-10] ERROR c.v.d.r.productMstDropDownRowMapper -productMstDropDownRowMapper  Method Exceptionjava.sql.SQLSyntaxErrorException: Column 'PKA_ID' not found.
				
2026-07-04 15:20:03 [http-nio-8495-exec-10] ERROR c.v.d.r.productMstDropDownRowMapper -productMstDropDownRowMapper  Method Exceptionjava.sql.SQLSyntaxErrorException: Column 'PKA_ID' not found.
				
2026-07-04 15:20:03 [http-nio-8495-exec-10] ERROR c.v.d.r.productMstDropDownRowMapper -productMstDropDownRowMapper  Method Exceptionjava.sql.SQLSyntaxErrorException: Column 'PKA_ID' not found.
				
2026-07-04 15:20:03 [http-nio-8495-exec-10] ERROR c.v.d.r.productMstDropDownRowMapper -productMstDropDownRowMapper  Method Exceptionjava.sql.SQLSyntaxErrorException: Column 'PKA_ID' not found.
				
2026-07-04 15:20:03 [http-nio-8495-exec-10] ERROR c.v.d.r.productMstDropDownRowMapper -productMstDropDownRowMapper  Method Exceptionjava.sql.SQLSyntaxErrorException: Column 'PKA_ID' not found.
				
2026-07-04 15:20:03 [http-nio-8495-exec-10] ERROR c.v.d.r.productMstDropDownRowMapper -productMstDropDownRowMapper  Method Exceptionjava.sql.SQLSyntaxErrorException: Column 'PKA_ID' not found.
				
2026-07-04 15:20:03 [http-nio-8495-exec-10] ERROR c.v.d.r.productMstDropDownRowMapper -productMstDropDownRowMapper  Method Exceptionjava.sql.SQLSyntaxErrorException: Column 'PKA_ID' not found.
				
2026-07-04 15:20:03 [http-nio-8495-exec-10] ERROR c.v.d.r.productMstDropDownRowMapper -productMstDropDownRowMapper  Method Exceptionjava.sql.SQLSyntaxErrorException: Column 'PKA_ID' not found.
				
2026-07-04 15:20:03 [http-nio-8495-exec-10] ERROR c.v.d.r.productMstDropDownRowMapper -productMstDropDownRowMapper  Method Exceptionjava.sql.SQLSyntaxErrorException: Column 'PKA_ID' not found.
				
2026-07-04 15:20:03 [http-nio-8495-exec-10] ERROR c.v.d.r.productMstDropDownRowMapper -productMstDropDownRowMapper  Method Exceptionjava.sql.SQLSyntaxErrorException: Column 'PKA_ID' not found.
				
2026-07-04 15:20:03 [http-nio-8495-exec-10] ERROR c.v.d.r.productMstDropDownRowMapper -productMstDropDownRowMapper  Method Exceptionjava.sql.SQLSyntaxErrorException: Column 'PKA_ID' not found.
				
2026-07-04 15:20:03 [http-nio-8495-exec-10] ERROR c.v.d.r.productMstDropDownRowMapper -productMstDropDownRowMapper  Method Exceptionjava.sql.SQLSyntaxErrorException: Column 'PKA_ID' not found.
				
2026-07-04 15:20:03 [http-nio-8495-exec-10] ERROR c.v.d.r.productMstDropDownRowMapper -productMstDropDownRowMapper  Method Exceptionjava.sql.SQLSyntaxErrorException: Column 'PKA_ID' not found.
				
2026-07-04 15:20:03 [http-nio-8495-exec-10] ERROR c.v.d.r.productMstDropDownRowMapper -productMstDropDownRowMapper  Method Exceptionjava.sql.SQLSyntaxErrorException: Column 'PKA_ID' not found.
				
2026-07-04 15:20:03 [http-nio-8495-exec-10] ERROR c.v.d.r.productMstDropDownRowMapper -productMstDropDownRowMapper  Method Exceptionjava.sql.SQLSyntaxErrorException: Column 'PKA_ID' not found.
				
2026-07-04 15:20:03 [http-nio-8495-exec-10] ERROR c.v.d.r.productMstDropDownRowMapper -productMstDropDownRowMapper  Method Exceptionjava.sql.SQLSyntaxErrorException: Column 'PKA_ID' not found.
				
2026-07-04 15:20:03 [http-nio-8495-exec-10] ERROR c.v.d.r.productMstDropDownRowMapper -productMstDropDownRowMapper  Method Exceptionjava.sql.SQLSyntaxErrorException: Column 'PKA_ID' not found.
				
2026-07-04 15:20:03 [http-nio-8495-exec-10] ERROR c.v.d.r.productMstDropDownRowMapper -productMstDropDownRowMapper  Method Exceptionjava.sql.SQLSyntaxErrorException: Column 'PKA_ID' not found.
				
2026-07-04 15:20:03 [http-nio-8495-exec-10] ERROR c.v.d.r.productMstDropDownRowMapper -productMstDropDownRowMapper  Method Exceptionjava.sql.SQLSyntaxErrorException: Column 'PKA_ID' not found.
				
2026-07-04 15:20:03 [http-nio-8495-exec-10] ERROR c.v.d.r.productMstDropDownRowMapper -productMstDropDownRowMapper  Method Exceptionjava.sql.SQLSyntaxErrorException: Column 'PKA_ID' not found.
				
2026-07-04 15:20:03 [http-nio-8495-exec-10] ERROR c.v.d.r.productMstDropDownRowMapper -productMstDropDownRowMapper  Method Exceptionjava.sql.SQLSyntaxErrorException: Column 'PKA_ID' not found.
				
2026-07-04 15:20:03 [http-nio-8495-exec-10] ERROR c.v.d.r.productMstDropDownRowMapper -productMstDropDownRowMapper  Method Exceptionjava.sql.SQLSyntaxErrorException: Column 'PKA_ID' not found.
				
2026-07-04 15:20:03 [http-nio-8495-exec-10] ERROR c.v.d.r.productMstDropDownRowMapper -productMstDropDownRowMapper  Method Exceptionjava.sql.SQLSyntaxErrorException: Column 'PKA_ID' not found.
				
2026-07-04 15:20:03 [http-nio-8495-exec-10] ERROR c.v.d.r.productMstDropDownRowMapper -productMstDropDownRowMapper  Method Exceptionjava.sql.SQLSyntaxErrorException: Column 'PKA_ID' not found.
				
2026-07-04 15:20:03 [http-nio-8495-exec-10] ERROR c.v.d.r.productMstDropDownRowMapper -productMstDropDownRowMapper  Method Exceptionjava.sql.SQLSyntaxErrorException: Column 'PKA_ID' not found.
				
2026-07-04 15:20:03 [http-nio-8495-exec-10] ERROR c.v.d.r.productMstDropDownRowMapper -productMstDropDownRowMapper  Method Exceptionjava.sql.SQLSyntaxErrorException: Column 'PKA_ID' not found.
				
2026-07-04 15:20:03 [http-nio-8495-exec-10] ERROR c.v.d.r.productMstDropDownRowMapper -productMstDropDownRowMapper  Method Exceptionjava.sql.SQLSyntaxErrorException: Column 'PKA_ID' not found.
				
2026-07-04 15:20:03 [http-nio-8495-exec-10] ERROR c.v.d.r.productMstDropDownRowMapper -productMstDropDownRowMapper  Method Exceptionjava.sql.SQLSyntaxErrorException: Column 'PKA_ID' not found.
				
2026-07-04 15:20:03 [http-nio-8495-exec-10] ERROR c.v.d.r.productMstDropDownRowMapper -productMstDropDownRowMapper  Method Exceptionjava.sql.SQLSyntaxErrorException: Column 'PKA_ID' not found.
				
2026-07-04 15:20:03 [http-nio-8495-exec-10] ERROR c.v.d.r.productMstDropDownRowMapper -productMstDropDownRowMapper  Method Exceptionjava.sql.SQLSyntaxErrorException: Column 'PKA_ID' not found.
				
2026-07-04 15:20:03 [http-nio-8495-exec-10] ERROR c.v.d.r.productMstDropDownRowMapper -productMstDropDownRowMapper  Method Exceptionjava.sql.SQLSyntaxErrorException: Column 'PKA_ID' not found.
				
2026-07-04 15:20:03 [http-nio-8495-exec-10] ERROR c.v.d.r.productMstDropDownRowMapper -productMstDropDownRowMapper  Method Exceptionjava.sql.SQLSyntaxErrorException: Column 'PKA_ID' not found.
				
2026-07-04 15:20:03 [http-nio-8495-exec-10] ERROR c.v.d.r.productMstDropDownRowMapper -productMstDropDownRowMapper  Method Exceptionjava.sql.SQLSyntaxErrorException: Column 'PKA_ID' not found.
				
2026-07-04 15:20:03 [http-nio-8495-exec-10] ERROR c.v.d.r.productMstDropDownRowMapper -productMstDropDownRowMapper  Method Exceptionjava.sql.SQLSyntaxErrorException: Column 'PKA_ID' not found.
				
2026-07-04 15:20:03 [http-nio-8495-exec-10] ERROR c.v.d.r.productMstDropDownRowMapper -productMstDropDownRowMapper  Method Exceptionjava.sql.SQLSyntaxErrorException: Column 'PKA_ID' not found.
				
2026-07-04 15:20:03 [http-nio-8495-exec-10] ERROR c.v.d.r.productMstDropDownRowMapper -productMstDropDownRowMapper  Method Exceptionjava.sql.SQLSyntaxErrorException: Column 'PKA_ID' not found.
				
2026-07-04 15:20:03 [http-nio-8495-exec-10] ERROR c.v.d.r.productMstDropDownRowMapper -productMstDropDownRowMapper  Method Exceptionjava.sql.SQLSyntaxErrorException: Column 'PKA_ID' not found.
				
2026-07-04 15:20:03 [http-nio-8495-exec-10] ERROR c.v.d.r.productMstDropDownRowMapper -productMstDropDownRowMapper  Method Exceptionjava.sql.SQLSyntaxErrorException: Column 'PKA_ID' not found.
				
2026-07-04 15:20:03 [http-nio-8495-exec-10] ERROR c.v.d.r.productMstDropDownRowMapper -productMstDropDownRowMapper  Method Exceptionjava.sql.SQLSyntaxErrorException: Column 'PKA_ID' not found.
				
2026-07-04 15:20:03 [http-nio-8495-exec-10] ERROR c.v.d.r.productMstDropDownRowMapper -productMstDropDownRowMapper  Method Exceptionjava.sql.SQLSyntaxErrorException: Column 'PKA_ID' not found.
				
2026-07-04 15:20:03 [http-nio-8495-exec-10] ERROR c.v.d.r.productMstDropDownRowMapper -productMstDropDownRowMapper  Method Exceptionjava.sql.SQLSyntaxErrorException: Column 'PKA_ID' not found.
				
2026-07-04 15:20:03 [http-nio-8495-exec-10] ERROR c.v.d.r.productMstDropDownRowMapper -productMstDropDownRowMapper  Method Exceptionjava.sql.SQLSyntaxErrorException: Column 'PKA_ID' not found.
				
2026-07-04 15:20:03 [http-nio-8495-exec-10] ERROR c.v.d.r.productMstDropDownRowMapper -productMstDropDownRowMapper  Method Exceptionjava.sql.SQLSyntaxErrorException: Column 'PKA_ID' not found.
				
2026-07-04 15:20:03 [http-nio-8495-exec-10] ERROR c.v.d.r.productMstDropDownRowMapper -productMstDropDownRowMapper  Method Exceptionjava.sql.SQLSyntaxErrorException: Column 'PKA_ID' not found.
				
2026-07-04 15:20:03 [http-nio-8495-exec-10] ERROR c.v.d.r.productMstDropDownRowMapper -productMstDropDownRowMapper  Method Exceptionjava.sql.SQLSyntaxErrorException: Column 'PKA_ID' not found.
				
2026-07-04 15:20:03 [http-nio-8495-exec-10] ERROR c.v.d.r.productMstDropDownRowMapper -productMstDropDownRowMapper  Method Exceptionjava.sql.SQLSyntaxErrorException: Column 'PKA_ID' not found.
				
2026-07-04 15:20:03 [http-nio-8495-exec-10] ERROR c.v.d.r.productMstDropDownRowMapper -productMstDropDownRowMapper  Method Exceptionjava.sql.SQLSyntaxErrorException: Column 'PKA_ID' not found.
				
2026-07-04 15:20:03 [http-nio-8495-exec-10] ERROR c.v.d.r.productMstDropDownRowMapper -productMstDropDownRowMapper  Method Exceptionjava.sql.SQLSyntaxErrorException: Column 'PKA_ID' not found.
				
2026-07-04 15:20:03 [http-nio-8495-exec-10] ERROR c.v.d.r.productMstDropDownRowMapper -productMstDropDownRowMapper  Method Exceptionjava.sql.SQLSyntaxErrorException: Column 'PKA_ID' not found.
				
2026-07-04 15:20:03 [http-nio-8495-exec-10] ERROR c.v.d.r.productMstDropDownRowMapper -productMstDropDownRowMapper  Method Exceptionjava.sql.SQLSyntaxErrorException: Column 'PKA_ID' not found.
				
2026-07-04 15:20:03 [http-nio-8495-exec-10] ERROR c.v.d.r.productMstDropDownRowMapper -productMstDropDownRowMapper  Method Exceptionjava.sql.SQLSyntaxErrorException: Column 'PKA_ID' not found.
				
2026-07-04 15:20:03 [http-nio-8495-exec-10] ERROR c.v.d.r.productMstDropDownRowMapper -productMstDropDownRowMapper  Method Exceptionjava.sql.SQLSyntaxErrorException: Column 'PKA_ID' not found.
				
2026-07-04 15:20:03 [http-nio-8495-exec-10] ERROR c.v.d.r.productMstDropDownRowMapper -productMstDropDownRowMapper  Method Exceptionjava.sql.SQLSyntaxErrorException: Column 'PKA_ID' not found.
				
2026-07-04 15:20:03 [http-nio-8495-exec-10] ERROR c.v.d.r.productMstDropDownRowMapper -productMstDropDownRowMapper  Method Exceptionjava.sql.SQLSyntaxErrorException: Column 'PKA_ID' not found.
				
2026-07-04 15:20:03 [http-nio-8495-exec-10] ERROR c.v.d.r.productMstDropDownRowMapper -productMstDropDownRowMapper  Method Exceptionjava.sql.SQLSyntaxErrorException: Column 'PKA_ID' not found.
				
2026-07-04 15:20:03 [http-nio-8495-exec-10] ERROR c.v.d.r.productMstDropDownRowMapper -productMstDropDownRowMapper  Method Exceptionjava.sql.SQLSyntaxErrorException: Column 'PKA_ID' not found.
				
2026-07-04 15:20:03 [http-nio-8495-exec-10] ERROR c.v.d.r.productMstDropDownRowMapper -productMstDropDownRowMapper  Method Exceptionjava.sql.SQLSyntaxErrorException: Column 'PKA_ID' not found.
				
2026-07-04 15:20:03 [http-nio-8495-exec-10] ERROR c.v.d.r.productMstDropDownRowMapper -productMstDropDownRowMapper  Method Exceptionjava.sql.SQLSyntaxErrorException: Column 'PKA_ID' not found.
				
2026-07-04 15:20:03 [http-nio-8495-exec-10] ERROR c.v.d.r.productMstDropDownRowMapper -productMstDropDownRowMapper  Method Exceptionjava.sql.SQLSyntaxErrorException: Column 'PKA_ID' not found.
				
2026-07-04 15:20:03 [http-nio-8495-exec-10] ERROR c.v.d.r.productMstDropDownRowMapper -productMstDropDownRowMapper  Method Exceptionjava.sql.SQLSyntaxErrorException: Column 'PKA_ID' not found.
				
2026-07-04 15:20:03 [http-nio-8495-exec-10] ERROR c.v.d.r.productMstDropDownRowMapper -productMstDropDownRowMapper  Method Exceptionjava.sql.SQLSyntaxErrorException: Column 'PKA_ID' not found.
				
2026-07-04 15:20:03 [http-nio-8495-exec-10] ERROR c.v.d.r.productMstDropDownRowMapper -productMstDropDownRowMapper  Method Exceptionjava.sql.SQLSyntaxErrorException: Column 'PKA_ID' not found.
				
2026-07-04 15:20:03 [http-nio-8495-exec-10] ERROR c.v.d.r.productMstDropDownRowMapper -productMstDropDownRowMapper  Method Exceptionjava.sql.SQLSyntaxErrorException: Column 'PKA_ID' not found.
				
2026-07-04 15:20:03 [http-nio-8495-exec-10] ERROR c.v.d.r.productMstDropDownRowMapper -productMstDropDownRowMapper  Method Exceptionjava.sql.SQLSyntaxErrorException: Column 'PKA_ID' not found.
				
2026-07-04 15:20:03 [http-nio-8495-exec-10] ERROR c.v.d.r.productMstDropDownRowMapper -productMstDropDownRowMapper  Method Exceptionjava.sql.SQLSyntaxErrorException: Column 'PKA_ID' not found.
				
2026-07-04 15:20:03 [http-nio-8495-exec-10] ERROR c.v.d.r.productMstDropDownRowMapper -productMstDropDownRowMapper  Method Exceptionjava.sql.SQLSyntaxErrorException: Column 'PKA_ID' not found.
				
2026-07-04 15:20:03 [http-nio-8495-exec-10] ERROR c.v.d.r.productMstDropDownRowMapper -productMstDropDownRowMapper  Method Exceptionjava.sql.SQLSyntaxErrorException: Column 'PKA_ID' not found.
				
2026-07-04 15:20:03 [http-nio-8495-exec-10] ERROR c.v.d.r.productMstDropDownRowMapper -productMstDropDownRowMapper  Method Exceptionjava.sql.SQLSyntaxErrorException: Column 'PKA_ID' not found.
				
2026-07-04 15:20:03 [http-nio-8495-exec-10] ERROR c.v.d.r.productMstDropDownRowMapper -productMstDropDownRowMapper  Method Exceptionjava.sql.SQLSyntaxErrorException: Column 'PKA_ID' not found.
				
2026-07-04 15:20:03 [http-nio-8495-exec-10] ERROR c.v.d.r.productMstDropDownRowMapper -productMstDropDownRowMapper  Method Exceptionjava.sql.SQLSyntaxErrorException: Column 'PKA_ID' not found.
				
2026-07-04 15:20:03 [http-nio-8495-exec-10] ERROR c.v.d.r.productMstDropDownRowMapper -productMstDropDownRowMapper  Method Exceptionjava.sql.SQLSyntaxErrorException: Column 'PKA_ID' not found.
				
2026-07-04 15:20:03 [http-nio-8495-exec-10] ERROR c.v.d.r.productMstDropDownRowMapper -productMstDropDownRowMapper  Method Exceptionjava.sql.SQLSyntaxErrorException: Column 'PKA_ID' not found.
				
2026-07-04 15:20:03 [http-nio-8495-exec-10] ERROR c.v.d.r.productMstDropDownRowMapper -productMstDropDownRowMapper  Method Exceptionjava.sql.SQLSyntaxErrorException: Column 'PKA_ID' not found.
				
2026-07-04 15:20:03 [http-nio-8495-exec-10] ERROR c.v.d.r.productMstDropDownRowMapper -productMstDropDownRowMapper  Method Exceptionjava.sql.SQLSyntaxErrorException: Column 'PKA_ID' not found.
				
2026-07-04 15:20:03 [http-nio-8495-exec-10] ERROR c.v.d.r.productMstDropDownRowMapper -productMstDropDownRowMapper  Method Exceptionjava.sql.SQLSyntaxErrorException: Column 'PKA_ID' not found.
				
2026-07-04 15:20:03 [http-nio-8495-exec-10] ERROR c.v.d.r.productMstDropDownRowMapper -productMstDropDownRowMapper  Method Exceptionjava.sql.SQLSyntaxErrorException: Column 'PKA_ID' not found.
				
2026-07-04 15:20:03 [http-nio-8495-exec-10] ERROR c.v.d.r.productMstDropDownRowMapper -productMstDropDownRowMapper  Method Exceptionjava.sql.SQLSyntaxErrorException: Column 'PKA_ID' not found.
				
2026-07-04 15:20:03 [http-nio-8495-exec-10] ERROR c.v.d.r.productMstDropDownRowMapper -productMstDropDownRowMapper  Method Exceptionjava.sql.SQLSyntaxErrorException: Column 'PKA_ID' not found.
				
2026-07-04 15:20:03 [http-nio-8495-exec-10] ERROR c.v.d.r.productMstDropDownRowMapper -productMstDropDownRowMapper  Method Exceptionjava.sql.SQLSyntaxErrorException: Column 'PKA_ID' not found.
				
2026-07-04 15:20:03 [http-nio-8495-exec-10] ERROR c.v.d.r.productMstDropDownRowMapper -productMstDropDownRowMapper  Method Exceptionjava.sql.SQLSyntaxErrorException: Column 'PKA_ID' not found.
				
2026-07-04 15:20:03 [http-nio-8495-exec-10] ERROR c.v.d.r.productMstDropDownRowMapper -productMstDropDownRowMapper  Method Exceptionjava.sql.SQLSyntaxErrorException: Column 'PKA_ID' not found.
				
2026-07-04 15:20:03 [http-nio-8495-exec-10] ERROR c.v.d.r.productMstDropDownRowMapper -productMstDropDownRowMapper  Method Exceptionjava.sql.SQLSyntaxErrorException: Column 'PKA_ID' not found.
				
2026-07-04 15:20:03 [http-nio-8495-exec-10] ERROR c.v.d.r.productMstDropDownRowMapper -productMstDropDownRowMapper  Method Exceptionjava.sql.SQLSyntaxErrorException: Column 'PKA_ID' not found.
				
2026-07-04 15:20:03 [http-nio-8495-exec-10] ERROR c.v.d.r.productMstDropDownRowMapper -productMstDropDownRowMapper  Method Exceptionjava.sql.SQLSyntaxErrorException: Column 'PKA_ID' not found.
				
2026-07-04 15:20:03 [http-nio-8495-exec-10] ERROR c.v.d.r.productMstDropDownRowMapper -productMstDropDownRowMapper  Method Exceptionjava.sql.SQLSyntaxErrorException: Column 'PKA_ID' not found.
				
2026-07-04 15:20:03 [http-nio-8495-exec-10] ERROR c.v.d.r.productMstDropDownRowMapper -productMstDropDownRowMapper  Method Exceptionjava.sql.SQLSyntaxErrorException: Column 'PKA_ID' not found.
				
2026-07-04 15:20:03 [http-nio-8495-exec-10] ERROR c.v.d.r.productMstDropDownRowMapper -productMstDropDownRowMapper  Method Exceptionjava.sql.SQLSyntaxErrorException: Column 'PKA_ID' not found.
				
2026-07-04 15:20:03 [http-nio-8495-exec-10] ERROR c.v.d.r.productMstDropDownRowMapper -productMstDropDownRowMapper  Method Exceptionjava.sql.SQLSyntaxErrorException: Column 'PKA_ID' not found.
				
2026-07-04 15:20:03 [http-nio-8495-exec-10] ERROR c.v.d.r.productMstDropDownRowMapper -productMstDropDownRowMapper  Method Exceptionjava.sql.SQLSyntaxErrorException: Column 'PKA_ID' not found.
				
2026-07-04 15:20:03 [http-nio-8495-exec-10] ERROR c.v.d.r.productMstDropDownRowMapper -productMstDropDownRowMapper  Method Exceptionjava.sql.SQLSyntaxErrorException: Column 'PKA_ID' not found.
				
2026-07-04 15:20:03 [http-nio-8495-exec-10] ERROR c.v.d.r.productMstDropDownRowMapper -productMstDropDownRowMapper  Method Exceptionjava.sql.SQLSyntaxErrorException: Column 'PKA_ID' not found.
				
2026-07-04 15:20:03 [http-nio-8495-exec-10] ERROR c.v.d.r.productMstDropDownRowMapper -productMstDropDownRowMapper  Method Exceptionjava.sql.SQLSyntaxErrorException: Column 'PKA_ID' not found.
				
2026-07-04 15:20:03 [http-nio-8495-exec-10] ERROR c.v.d.r.productMstDropDownRowMapper -productMstDropDownRowMapper  Method Exceptionjava.sql.SQLSyntaxErrorException: Column 'PKA_ID' not found.
				
2026-07-04 15:20:03 [http-nio-8495-exec-10] ERROR c.v.d.r.productMstDropDownRowMapper -productMstDropDownRowMapper  Method Exceptionjava.sql.SQLSyntaxErrorException: Column 'PKA_ID' not found.
				
2026-07-04 15:20:03 [http-nio-8495-exec-10] ERROR c.v.d.r.productMstDropDownRowMapper -productMstDropDownRowMapper  Method Exceptionjava.sql.SQLSyntaxErrorException: Column 'PKA_ID' not found.
				
2026-07-04 15:20:03 [http-nio-8495-exec-10] ERROR c.v.d.r.productMstDropDownRowMapper -productMstDropDownRowMapper  Method Exceptionjava.sql.SQLSyntaxErrorException: Column 'PKA_ID' not found.
				
2026-07-04 15:20:03 [http-nio-8495-exec-10] ERROR c.v.d.r.productMstDropDownRowMapper -productMstDropDownRowMapper  Method Exceptionjava.sql.SQLSyntaxErrorException: Column 'PKA_ID' not found.
				
2026-07-04 15:20:03 [http-nio-8495-exec-10] ERROR c.v.d.r.productMstDropDownRowMapper -productMstDropDownRowMapper  Method Exceptionjava.sql.SQLSyntaxErrorException: Column 'PKA_ID' not found.
				
2026-07-04 15:20:03 [http-nio-8495-exec-10] ERROR c.v.d.r.productMstDropDownRowMapper -productMstDropDownRowMapper  Method Exceptionjava.sql.SQLSyntaxErrorException: Column 'PKA_ID' not found.
				
2026-07-04 15:20:03 [http-nio-8495-exec-10] ERROR c.v.d.r.productMstDropDownRowMapper -productMstDropDownRowMapper  Method Exceptionjava.sql.SQLSyntaxErrorException: Column 'PKA_ID' not found.
				
2026-07-04 15:20:03 [http-nio-8495-exec-10] ERROR c.v.d.r.productMstDropDownRowMapper -productMstDropDownRowMapper  Method Exceptionjava.sql.SQLSyntaxErrorException: Column 'PKA_ID' not found.
				
2026-07-04 15:20:03 [http-nio-8495-exec-10] ERROR c.v.d.r.productMstDropDownRowMapper -productMstDropDownRowMapper  Method Exceptionjava.sql.SQLSyntaxErrorException: Column 'PKA_ID' not found.
				
2026-07-04 15:20:03 [http-nio-8495-exec-10] ERROR c.v.d.r.productMstDropDownRowMapper -productMstDropDownRowMapper  Method Exceptionjava.sql.SQLSyntaxErrorException: Column 'PKA_ID' not found.
				
2026-07-04 15:20:03 [http-nio-8495-exec-10] ERROR c.v.d.r.productMstDropDownRowMapper -productMstDropDownRowMapper  Method Exceptionjava.sql.SQLSyntaxErrorException: Column 'PKA_ID' not found.
				
2026-07-04 15:20:03 [http-nio-8495-exec-10] ERROR c.v.d.r.productMstDropDownRowMapper -productMstDropDownRowMapper  Method Exceptionjava.sql.SQLSyntaxErrorException: Column 'PKA_ID' not found.
				
2026-07-04 15:20:03 [http-nio-8495-exec-10] ERROR c.v.d.r.productMstDropDownRowMapper -productMstDropDownRowMapper  Method Exceptionjava.sql.SQLSyntaxErrorException: Column 'PKA_ID' not found.
				
2026-07-04 15:20:03 [http-nio-8495-exec-10] ERROR c.v.d.r.productMstDropDownRowMapper -productMstDropDownRowMapper  Method Exceptionjava.sql.SQLSyntaxErrorException: Column 'PKA_ID' not found.
				
2026-07-04 15:20:03 [http-nio-8495-exec-10] ERROR c.v.d.r.productMstDropDownRowMapper -productMstDropDownRowMapper  Method Exceptionjava.sql.SQLSyntaxErrorException: Column 'PKA_ID' not found.
				
2026-07-04 15:20:03 [http-nio-8495-exec-10] ERROR c.v.d.r.productMstDropDownRowMapper -productMstDropDownRowMapper  Method Exceptionjava.sql.SQLSyntaxErrorException: Column 'PKA_ID' not found.
				
2026-07-04 15:20:03 [http-nio-8495-exec-10] ERROR c.v.d.r.productMstDropDownRowMapper -productMstDropDownRowMapper  Method Exceptionjava.sql.SQLSyntaxErrorException: Column 'PKA_ID' not found.
				
2026-07-04 15:20:03 [http-nio-8495-exec-10] ERROR c.v.d.r.productMstDropDownRowMapper -productMstDropDownRowMapper  Method Exceptionjava.sql.SQLSyntaxErrorException: Column 'PKA_ID' not found.
				
2026-07-04 15:20:03 [http-nio-8495-exec-10] ERROR c.v.d.r.productMstDropDownRowMapper -productMstDropDownRowMapper  Method Exceptionjava.sql.SQLSyntaxErrorException: Column 'PKA_ID' not found.
				
2026-07-04 15:20:03 [http-nio-8495-exec-10] ERROR c.v.d.r.productMstDropDownRowMapper -productMstDropDownRowMapper  Method Exceptionjava.sql.SQLSyntaxErrorException: Column 'PKA_ID' not found.
				
2026-07-04 15:20:03 [http-nio-8495-exec-10] ERROR c.v.d.r.productMstDropDownRowMapper -productMstDropDownRowMapper  Method Exceptionjava.sql.SQLSyntaxErrorException: Column 'PKA_ID' not found.
				
2026-07-04 15:20:03 [http-nio-8495-exec-10] ERROR c.v.d.r.productMstDropDownRowMapper -productMstDropDownRowMapper  Method Exceptionjava.sql.SQLSyntaxErrorException: Column 'PKA_ID' not found.
				
2026-07-04 15:20:03 [http-nio-8495-exec-10] ERROR c.v.d.r.productMstDropDownRowMapper -productMstDropDownRowMapper  Method Exceptionjava.sql.SQLSyntaxErrorException: Column 'PKA_ID' not found.
				
2026-07-04 15:20:03 [http-nio-8495-exec-10] ERROR c.v.d.r.productMstDropDownRowMapper -productMstDropDownRowMapper  Method Exceptionjava.sql.SQLSyntaxErrorException: Column 'PKA_ID' not found.
				
2026-07-04 15:20:03 [http-nio-8495-exec-10] ERROR c.v.d.r.productMstDropDownRowMapper -productMstDropDownRowMapper  Method Exceptionjava.sql.SQLSyntaxErrorException: Column 'PKA_ID' not found.
				
2026-07-04 15:20:03 [http-nio-8495-exec-10] ERROR c.v.d.r.productMstDropDownRowMapper -productMstDropDownRowMapper  Method Exceptionjava.sql.SQLSyntaxErrorException: Column 'PKA_ID' not found.
				
2026-07-04 15:20:03 [http-nio-8495-exec-10] ERROR c.v.d.r.productMstDropDownRowMapper -productMstDropDownRowMapper  Method Exceptionjava.sql.SQLSyntaxErrorException: Column 'PKA_ID' not found.
				
2026-07-04 15:20:03 [http-nio-8495-exec-10] ERROR c.v.d.r.productMstDropDownRowMapper -productMstDropDownRowMapper  Method Exceptionjava.sql.SQLSyntaxErrorException: Column 'PKA_ID' not found.
				
2026-07-04 15:20:03 [http-nio-8495-exec-10] ERROR c.v.d.r.productMstDropDownRowMapper -productMstDropDownRowMapper  Method Exceptionjava.sql.SQLSyntaxErrorException: Column 'PKA_ID' not found.
				
2026-07-04 15:20:03 [http-nio-8495-exec-10] ERROR c.v.d.r.productMstDropDownRowMapper -productMstDropDownRowMapper  Method Exceptionjava.sql.SQLSyntaxErrorException: Column 'PKA_ID' not found.
				
2026-07-04 15:20:03 [http-nio-8495-exec-10] ERROR c.v.d.r.productMstDropDownRowMapper -productMstDropDownRowMapper  Method Exceptionjava.sql.SQLSyntaxErrorException: Column 'PKA_ID' not found.
				
2026-07-04 15:20:03 [http-nio-8495-exec-10] ERROR c.v.d.r.productMstDropDownRowMapper -productMstDropDownRowMapper  Method Exceptionjava.sql.SQLSyntaxErrorException: Column 'PKA_ID' not found.
				
2026-07-04 15:20:03 [http-nio-8495-exec-10] ERROR c.v.d.r.productMstDropDownRowMapper -productMstDropDownRowMapper  Method Exceptionjava.sql.SQLSyntaxErrorException: Column 'PKA_ID' not found.
				
2026-07-04 15:20:03 [http-nio-8495-exec-10] ERROR c.v.d.r.productMstDropDownRowMapper -productMstDropDownRowMapper  Method Exceptionjava.sql.SQLSyntaxErrorException: Column 'PKA_ID' not found.
				
2026-07-04 15:20:03 [http-nio-8495-exec-10] ERROR c.v.d.r.productMstDropDownRowMapper -productMstDropDownRowMapper  Method Exceptionjava.sql.SQLSyntaxErrorException: Column 'PKA_ID' not found.
				
2026-07-04 15:20:03 [http-nio-8495-exec-10] ERROR c.v.d.r.productMstDropDownRowMapper -productMstDropDownRowMapper  Method Exceptionjava.sql.SQLSyntaxErrorException: Column 'PKA_ID' not found.
				
2026-07-04 15:20:03 [http-nio-8495-exec-10] ERROR c.v.d.r.productMstDropDownRowMapper -productMstDropDownRowMapper  Method Exceptionjava.sql.SQLSyntaxErrorException: Column 'PKA_ID' not found.
				
2026-07-04 15:20:03 [http-nio-8495-exec-10] ERROR c.v.d.r.productMstDropDownRowMapper -productMstDropDownRowMapper  Method Exceptionjava.sql.SQLSyntaxErrorException: Column 'PKA_ID' not found.
				
2026-07-04 15:20:03 [http-nio-8495-exec-10] ERROR c.v.d.r.productMstDropDownRowMapper -productMstDropDownRowMapper  Method Exceptionjava.sql.SQLSyntaxErrorException: Column 'PKA_ID' not found.
				
2026-07-04 15:20:03 [http-nio-8495-exec-10] ERROR c.v.d.r.productMstDropDownRowMapper -productMstDropDownRowMapper  Method Exceptionjava.sql.SQLSyntaxErrorException: Column 'PKA_ID' not found.
				
2026-07-04 15:20:03 [http-nio-8495-exec-10] ERROR c.v.d.r.productMstDropDownRowMapper -productMstDropDownRowMapper  Method Exceptionjava.sql.SQLSyntaxErrorException: Column 'PKA_ID' not found.
				
2026-07-04 15:20:03 [http-nio-8495-exec-10] ERROR c.v.d.r.productMstDropDownRowMapper -productMstDropDownRowMapper  Method Exceptionjava.sql.SQLSyntaxErrorException: Column 'PKA_ID' not found.
				
2026-07-04 15:20:03 [http-nio-8495-exec-10] ERROR c.v.d.r.productMstDropDownRowMapper -productMstDropDownRowMapper  Method Exceptionjava.sql.SQLSyntaxErrorException: Column 'PKA_ID' not found.
				
2026-07-04 15:20:03 [http-nio-8495-exec-10] ERROR c.v.d.r.productMstDropDownRowMapper -productMstDropDownRowMapper  Method Exceptionjava.sql.SQLSyntaxErrorException: Column 'PKA_ID' not found.
				
2026-07-04 15:20:03 [http-nio-8495-exec-10] ERROR c.v.d.r.productMstDropDownRowMapper -productMstDropDownRowMapper  Method Exceptionjava.sql.SQLSyntaxErrorException: Column 'PKA_ID' not found.
				
2026-07-04 15:20:03 [http-nio-8495-exec-10] ERROR c.v.d.r.productMstDropDownRowMapper -productMstDropDownRowMapper  Method Exceptionjava.sql.SQLSyntaxErrorException: Column 'PKA_ID' not found.
				
2026-07-04 15:20:03 [http-nio-8495-exec-10] ERROR c.v.d.r.productMstDropDownRowMapper -productMstDropDownRowMapper  Method Exceptionjava.sql.SQLSyntaxErrorException: Column 'PKA_ID' not found.
				
2026-07-04 15:20:03 [http-nio-8495-exec-10] ERROR c.v.d.r.productMstDropDownRowMapper -productMstDropDownRowMapper  Method Exceptionjava.sql.SQLSyntaxErrorException: Column 'PKA_ID' not found.
				
2026-07-04 15:20:03 [http-nio-8495-exec-10] ERROR c.v.d.r.productMstDropDownRowMapper -productMstDropDownRowMapper  Method Exceptionjava.sql.SQLSyntaxErrorException: Column 'PKA_ID' not found.
				
2026-07-04 15:20:03 [http-nio-8495-exec-10] ERROR c.v.d.r.productMstDropDownRowMapper -productMstDropDownRowMapper  Method Exceptionjava.sql.SQLSyntaxErrorException: Column 'PKA_ID' not found.
				
2026-07-04 15:20:03 [http-nio-8495-exec-10] ERROR c.v.d.r.productMstDropDownRowMapper -productMstDropDownRowMapper  Method Exceptionjava.sql.SQLSyntaxErrorException: Column 'PKA_ID' not found.
				
2026-07-04 15:20:03 [http-nio-8495-exec-10] ERROR c.v.d.r.productMstDropDownRowMapper -productMstDropDownRowMapper  Method Exceptionjava.sql.SQLSyntaxErrorException: Column 'PKA_ID' not found.
				
2026-07-04 15:20:03 [http-nio-8495-exec-10] ERROR c.v.d.r.productMstDropDownRowMapper -productMstDropDownRowMapper  Method Exceptionjava.sql.SQLSyntaxErrorException: Column 'PKA_ID' not found.
				
2026-07-04 15:20:03 [http-nio-8495-exec-10] ERROR c.v.d.r.productMstDropDownRowMapper -productMstDropDownRowMapper  Method Exceptionjava.sql.SQLSyntaxErrorException: Column 'PKA_ID' not found.
				
2026-07-04 15:20:03 [http-nio-8495-exec-10] ERROR c.v.d.r.productMstDropDownRowMapper -productMstDropDownRowMapper  Method Exceptionjava.sql.SQLSyntaxErrorException: Column 'PKA_ID' not found.
				
2026-07-04 15:20:03 [http-nio-8495-exec-10] ERROR c.v.d.r.productMstDropDownRowMapper -productMstDropDownRowMapper  Method Exceptionjava.sql.SQLSyntaxErrorException: Column 'PKA_ID' not found.
				
2026-07-04 15:20:03 [http-nio-8495-exec-10] ERROR c.v.d.r.productMstDropDownRowMapper -productMstDropDownRowMapper  Method Exceptionjava.sql.SQLSyntaxErrorException: Column 'PKA_ID' not found.
				
2026-07-04 15:20:03 [http-nio-8495-exec-10] ERROR c.v.d.r.productMstDropDownRowMapper -productMstDropDownRowMapper  Method Exceptionjava.sql.SQLSyntaxErrorException: Column 'PKA_ID' not found.
				
2026-07-04 15:20:03 [http-nio-8495-exec-10] ERROR c.v.d.r.productMstDropDownRowMapper -productMstDropDownRowMapper  Method Exceptionjava.sql.SQLSyntaxErrorException: Column 'PKA_ID' not found.
				
2026-07-04 15:20:03 [http-nio-8495-exec-10] ERROR c.v.d.r.productMstDropDownRowMapper -productMstDropDownRowMapper  Method Exceptionjava.sql.SQLSyntaxErrorException: Column 'PKA_ID' not found.
				
2026-07-04 15:20:03 [http-nio-8495-exec-10] ERROR c.v.d.r.productMstDropDownRowMapper -productMstDropDownRowMapper  Method Exceptionjava.sql.SQLSyntaxErrorException: Column 'PKA_ID' not found.
				
2026-07-04 15:20:03 [http-nio-8495-exec-10] ERROR c.v.d.r.productMstDropDownRowMapper -productMstDropDownRowMapper  Method Exceptionjava.sql.SQLSyntaxErrorException: Column 'PKA_ID' not found.
				
2026-07-04 15:20:03 [http-nio-8495-exec-10] ERROR c.v.d.r.productMstDropDownRowMapper -productMstDropDownRowMapper  Method Exceptionjava.sql.SQLSyntaxErrorException: Column 'PKA_ID' not found.
				
2026-07-04 15:20:03 [http-nio-8495-exec-10] ERROR c.v.d.r.productMstDropDownRowMapper -productMstDropDownRowMapper  Method Exceptionjava.sql.SQLSyntaxErrorException: Column 'PKA_ID' not found.
				
2026-07-04 15:20:03 [http-nio-8495-exec-10] ERROR c.v.d.r.productMstDropDownRowMapper -productMstDropDownRowMapper  Method Exceptionjava.sql.SQLSyntaxErrorException: Column 'PKA_ID' not found.
				
2026-07-04 15:20:03 [http-nio-8495-exec-10] ERROR c.v.d.r.productMstDropDownRowMapper -productMstDropDownRowMapper  Method Exceptionjava.sql.SQLSyntaxErrorException: Column 'PKA_ID' not found.
				
2026-07-04 15:20:03 [http-nio-8495-exec-10] ERROR c.v.d.r.productMstDropDownRowMapper -productMstDropDownRowMapper  Method Exceptionjava.sql.SQLSyntaxErrorException: Column 'PKA_ID' not found.
				
2026-07-04 15:20:03 [http-nio-8495-exec-10] ERROR c.v.d.r.productMstDropDownRowMapper -productMstDropDownRowMapper  Method Exceptionjava.sql.SQLSyntaxErrorException: Column 'PKA_ID' not found.
				
2026-07-04 15:20:03 [http-nio-8495-exec-10] ERROR c.v.d.r.productMstDropDownRowMapper -productMstDropDownRowMapper  Method Exceptionjava.sql.SQLSyntaxErrorException: Column 'PKA_ID' not found.
				
2026-07-04 15:20:03 [http-nio-8495-exec-10] ERROR c.v.d.r.productMstDropDownRowMapper -productMstDropDownRowMapper  Method Exceptionjava.sql.SQLSyntaxErrorException: Column 'PKA_ID' not found.
				
2026-07-04 15:20:03 [http-nio-8495-exec-10] ERROR c.v.d.r.productMstDropDownRowMapper -productMstDropDownRowMapper  Method Exceptionjava.sql.SQLSyntaxErrorException: Column 'PKA_ID' not found.
				
2026-07-04 15:20:03 [http-nio-8495-exec-10] ERROR c.v.d.r.productMstDropDownRowMapper -productMstDropDownRowMapper  Method Exceptionjava.sql.SQLSyntaxErrorException: Column 'PKA_ID' not found.
				
2026-07-04 15:20:03 [http-nio-8495-exec-10] ERROR c.v.d.r.productMstDropDownRowMapper -productMstDropDownRowMapper  Method Exceptionjava.sql.SQLSyntaxErrorException: Column 'PKA_ID' not found.
				
2026-07-04 15:20:03 [http-nio-8495-exec-10] ERROR c.v.d.r.productMstDropDownRowMapper -productMstDropDownRowMapper  Method Exceptionjava.sql.SQLSyntaxErrorException: Column 'PKA_ID' not found.
				
2026-07-04 15:20:03 [http-nio-8495-exec-10] ERROR c.v.d.r.productMstDropDownRowMapper -productMstDropDownRowMapper  Method Exceptionjava.sql.SQLSyntaxErrorException: Column 'PKA_ID' not found.
				
2026-07-04 15:20:03 [http-nio-8495-exec-10] ERROR c.v.d.r.productMstDropDownRowMapper -productMstDropDownRowMapper  Method Exceptionjava.sql.SQLSyntaxErrorException: Column 'PKA_ID' not found.
				
2026-07-04 15:20:03 [http-nio-8495-exec-10] ERROR c.v.d.r.productMstDropDownRowMapper -productMstDropDownRowMapper  Method Exceptionjava.sql.SQLSyntaxErrorException: Column 'PKA_ID' not found.
				
2026-07-04 15:20:03 [http-nio-8495-exec-10] ERROR c.v.d.r.productMstDropDownRowMapper -productMstDropDownRowMapper  Method Exceptionjava.sql.SQLSyntaxErrorException: Column 'PKA_ID' not found.
				
2026-07-04 15:20:03 [http-nio-8495-exec-10] ERROR c.v.d.r.productMstDropDownRowMapper -productMstDropDownRowMapper  Method Exceptionjava.sql.SQLSyntaxErrorException: Column 'PKA_ID' not found.
				
2026-07-04 15:20:03 [http-nio-8495-exec-10] ERROR c.v.d.r.productMstDropDownRowMapper -productMstDropDownRowMapper  Method Exceptionjava.sql.SQLSyntaxErrorException: Column 'PKA_ID' not found.
				
2026-07-04 15:20:03 [http-nio-8495-exec-10] ERROR c.v.d.r.productMstDropDownRowMapper -productMstDropDownRowMapper  Method Exceptionjava.sql.SQLSyntaxErrorException: Column 'PKA_ID' not found.
				
2026-07-04 15:20:03 [http-nio-8495-exec-10] ERROR c.v.d.r.productMstDropDownRowMapper -productMstDropDownRowMapper  Method Exceptionjava.sql.SQLSyntaxErrorException: Column 'PKA_ID' not found.
				
2026-07-04 15:20:03 [http-nio-8495-exec-10] ERROR c.v.d.r.productMstDropDownRowMapper -productMstDropDownRowMapper  Method Exceptionjava.sql.SQLSyntaxErrorException: Column 'PKA_ID' not found.
				
2026-07-04 15:20:03 [http-nio-8495-exec-10] ERROR c.v.d.r.productMstDropDownRowMapper -productMstDropDownRowMapper  Method Exceptionjava.sql.SQLSyntaxErrorException: Column 'PKA_ID' not found.
				
2026-07-04 15:20:03 [http-nio-8495-exec-10] ERROR c.v.d.r.productMstDropDownRowMapper -productMstDropDownRowMapper  Method Exceptionjava.sql.SQLSyntaxErrorException: Column 'PKA_ID' not found.
				
2026-07-04 15:20:03 [http-nio-8495-exec-10] ERROR c.v.d.r.productMstDropDownRowMapper -productMstDropDownRowMapper  Method Exceptionjava.sql.SQLSyntaxErrorException: Column 'PKA_ID' not found.
				
2026-07-04 15:20:03 [http-nio-8495-exec-10] ERROR c.v.d.r.productMstDropDownRowMapper -productMstDropDownRowMapper  Method Exceptionjava.sql.SQLSyntaxErrorException: Column 'PKA_ID' not found.
				
2026-07-04 15:20:03 [http-nio-8495-exec-10] ERROR c.v.d.r.productMstDropDownRowMapper -productMstDropDownRowMapper  Method Exceptionjava.sql.SQLSyntaxErrorException: Column 'PKA_ID' not found.
				
2026-07-04 15:20:03 [http-nio-8495-exec-10] ERROR c.v.d.r.productMstDropDownRowMapper -productMstDropDownRowMapper  Method Exceptionjava.sql.SQLSyntaxErrorException: Column 'PKA_ID' not found.
				
2026-07-04 15:20:03 [http-nio-8495-exec-10] ERROR c.v.d.r.productMstDropDownRowMapper -productMstDropDownRowMapper  Method Exceptionjava.sql.SQLSyntaxErrorException: Column 'PKA_ID' not found.
				
2026-07-04 15:20:03 [http-nio-8495-exec-10] ERROR c.v.d.r.productMstDropDownRowMapper -productMstDropDownRowMapper  Method Exceptionjava.sql.SQLSyntaxErrorException: Column 'PKA_ID' not found.
				
2026-07-04 15:20:03 [http-nio-8495-exec-10] ERROR c.v.d.r.productMstDropDownRowMapper -productMstDropDownRowMapper  Method Exceptionjava.sql.SQLSyntaxErrorException: Column 'PKA_ID' not found.
				
2026-07-04 15:20:03 [http-nio-8495-exec-10] ERROR c.v.d.r.productMstDropDownRowMapper -productMstDropDownRowMapper  Method Exceptionjava.sql.SQLSyntaxErrorException: Column 'PKA_ID' not found.
				
2026-07-04 15:20:03 [http-nio-8495-exec-10] ERROR c.v.d.r.productMstDropDownRowMapper -productMstDropDownRowMapper  Method Exceptionjava.sql.SQLSyntaxErrorException: Column 'PKA_ID' not found.
				
2026-07-04 15:20:03 [http-nio-8495-exec-10] ERROR c.v.d.r.productMstDropDownRowMapper -productMstDropDownRowMapper  Method Exceptionjava.sql.SQLSyntaxErrorException: Column 'PKA_ID' not found.
				
2026-07-04 15:20:03 [http-nio-8495-exec-10] ERROR c.v.d.r.productMstDropDownRowMapper -productMstDropDownRowMapper  Method Exceptionjava.sql.SQLSyntaxErrorException: Column 'PKA_ID' not found.
				
2026-07-04 15:20:03 [http-nio-8495-exec-10] ERROR c.v.d.r.productMstDropDownRowMapper -productMstDropDownRowMapper  Method Exceptionjava.sql.SQLSyntaxErrorException: Column 'PKA_ID' not found.
				
2026-07-04 15:20:03 [http-nio-8495-exec-10] ERROR c.v.d.r.productMstDropDownRowMapper -productMstDropDownRowMapper  Method Exceptionjava.sql.SQLSyntaxErrorException: Column 'PKA_ID' not found.
				
2026-07-04 15:20:03 [http-nio-8495-exec-10] ERROR c.v.d.r.productMstDropDownRowMapper -productMstDropDownRowMapper  Method Exceptionjava.sql.SQLSyntaxErrorException: Column 'PKA_ID' not found.
				
2026-07-04 15:20:03 [http-nio-8495-exec-10] ERROR c.v.d.r.productMstDropDownRowMapper -productMstDropDownRowMapper  Method Exceptionjava.sql.SQLSyntaxErrorException: Column 'PKA_ID' not found.
				
2026-07-04 15:20:03 [http-nio-8495-exec-10] ERROR c.v.d.r.productMstDropDownRowMapper -productMstDropDownRowMapper  Method Exceptionjava.sql.SQLSyntaxErrorException: Column 'PKA_ID' not found.
				
2026-07-04 15:20:03 [http-nio-8495-exec-10] ERROR c.v.d.r.productMstDropDownRowMapper -productMstDropDownRowMapper  Method Exceptionjava.sql.SQLSyntaxErrorException: Column 'PKA_ID' not found.
				
2026-07-04 15:20:03 [http-nio-8495-exec-10] ERROR c.v.d.r.productMstDropDownRowMapper -productMstDropDownRowMapper  Method Exceptionjava.sql.SQLSyntaxErrorException: Column 'PKA_ID' not found.
				
2026-07-04 15:20:03 [http-nio-8495-exec-10] ERROR c.v.d.r.productMstDropDownRowMapper -productMstDropDownRowMapper  Method Exceptionjava.sql.SQLSyntaxErrorException: Column 'PKA_ID' not found.
				
2026-07-04 15:20:03 [http-nio-8495-exec-10] ERROR c.v.d.r.productMstDropDownRowMapper -productMstDropDownRowMapper  Method Exceptionjava.sql.SQLSyntaxErrorException: Column 'PKA_ID' not found.
				
2026-07-04 15:20:03 [http-nio-8495-exec-10] ERROR c.v.d.r.productMstDropDownRowMapper -productMstDropDownRowMapper  Method Exceptionjava.sql.SQLSyntaxErrorException: Column 'PKA_ID' not found.
				
2026-07-04 15:20:03 [http-nio-8495-exec-10] ERROR c.v.d.r.productMstDropDownRowMapper -productMstDropDownRowMapper  Method Exceptionjava.sql.SQLSyntaxErrorException: Column 'PKA_ID' not found.
				
2026-07-04 15:20:03 [http-nio-8495-exec-10] ERROR c.v.d.r.productMstDropDownRowMapper -productMstDropDownRowMapper  Method Exceptionjava.sql.SQLSyntaxErrorException: Column 'PKA_ID' not found.
				
2026-07-04 15:20:03 [http-nio-8495-exec-10] ERROR c.v.d.r.productMstDropDownRowMapper -productMstDropDownRowMapper  Method Exceptionjava.sql.SQLSyntaxErrorException: Column 'PKA_ID' not found.
				
2026-07-04 15:20:03 [http-nio-8495-exec-10] ERROR c.v.d.r.productMstDropDownRowMapper -productMstDropDownRowMapper  Method Exceptionjava.sql.SQLSyntaxErrorException: Column 'PKA_ID' not found.
				
2026-07-04 15:20:03 [http-nio-8495-exec-10] ERROR c.v.d.r.productMstDropDownRowMapper -productMstDropDownRowMapper  Method Exceptionjava.sql.SQLSyntaxErrorException: Column 'PKA_ID' not found.
				
2026-07-04 15:20:03 [http-nio-8495-exec-10] ERROR c.v.d.r.productMstDropDownRowMapper -productMstDropDownRowMapper  Method Exceptionjava.sql.SQLSyntaxErrorException: Column 'PKA_ID' not found.
				
2026-07-04 15:20:03 [http-nio-8495-exec-10] ERROR c.v.d.r.productMstDropDownRowMapper -productMstDropDownRowMapper  Method Exceptionjava.sql.SQLSyntaxErrorException: Column 'PKA_ID' not found.
				
2026-07-04 15:20:03 [http-nio-8495-exec-10] ERROR c.v.d.r.productMstDropDownRowMapper -productMstDropDownRowMapper  Method Exceptionjava.sql.SQLSyntaxErrorException: Column 'PKA_ID' not found.
				
2026-07-04 15:20:03 [http-nio-8495-exec-10] ERROR c.v.d.r.productMstDropDownRowMapper -productMstDropDownRowMapper  Method Exceptionjava.sql.SQLSyntaxErrorException: Column 'PKA_ID' not found.
				
2026-07-04 15:20:03 [http-nio-8495-exec-10] ERROR c.v.d.r.productMstDropDownRowMapper -productMstDropDownRowMapper  Method Exceptionjava.sql.SQLSyntaxErrorException: Column 'PKA_ID' not found.
				
2026-07-04 15:20:03 [http-nio-8495-exec-10] ERROR c.v.d.r.productMstDropDownRowMapper -productMstDropDownRowMapper  Method Exceptionjava.sql.SQLSyntaxErrorException: Column 'PKA_ID' not found.
				
2026-07-04 15:20:03 [http-nio-8495-exec-10] ERROR c.v.d.r.productMstDropDownRowMapper -productMstDropDownRowMapper  Method Exceptionjava.sql.SQLSyntaxErrorException: Column 'PKA_ID' not found.
				
2026-07-04 15:20:03 [http-nio-8495-exec-10] ERROR c.v.d.r.productMstDropDownRowMapper -productMstDropDownRowMapper  Method Exceptionjava.sql.SQLSyntaxErrorException: Column 'PKA_ID' not found.
				
2026-07-04 15:20:03 [http-nio-8495-exec-10] ERROR c.v.d.r.productMstDropDownRowMapper -productMstDropDownRowMapper  Method Exceptionjava.sql.SQLSyntaxErrorException: Column 'PKA_ID' not found.
				
2026-07-04 15:20:03 [http-nio-8495-exec-10] ERROR c.v.d.r.productMstDropDownRowMapper -productMstDropDownRowMapper  Method Exceptionjava.sql.SQLSyntaxErrorException: Column 'PKA_ID' not found.
				
2026-07-04 15:20:03 [http-nio-8495-exec-10] ERROR c.v.d.r.productMstDropDownRowMapper -productMstDropDownRowMapper  Method Exceptionjava.sql.SQLSyntaxErrorException: Column 'PKA_ID' not found.
				
2026-07-04 15:20:03 [http-nio-8495-exec-10] ERROR c.v.d.r.productMstDropDownRowMapper -productMstDropDownRowMapper  Method Exceptionjava.sql.SQLSyntaxErrorException: Column 'PKA_ID' not found.
				
2026-07-04 15:20:03 [http-nio-8495-exec-10] ERROR c.v.d.r.productMstDropDownRowMapper -productMstDropDownRowMapper  Method Exceptionjava.sql.SQLSyntaxErrorException: Column 'PKA_ID' not found.
				
2026-07-04 15:20:03 [http-nio-8495-exec-10] ERROR c.v.d.r.productMstDropDownRowMapper -productMstDropDownRowMapper  Method Exceptionjava.sql.SQLSyntaxErrorException: Column 'PKA_ID' not found.
				
2026-07-04 15:20:03 [http-nio-8495-exec-10] ERROR c.v.d.r.productMstDropDownRowMapper -productMstDropDownRowMapper  Method Exceptionjava.sql.SQLSyntaxErrorException: Column 'PKA_ID' not found.
				
2026-07-04 15:20:03 [http-nio-8495-exec-10] ERROR c.v.d.r.productMstDropDownRowMapper -productMstDropDownRowMapper  Method Exceptionjava.sql.SQLSyntaxErrorException: Column 'PKA_ID' not found.
				
2026-07-04 15:20:03 [http-nio-8495-exec-10] ERROR c.v.d.r.productMstDropDownRowMapper -productMstDropDownRowMapper  Method Exceptionjava.sql.SQLSyntaxErrorException: Column 'PKA_ID' not found.
				
2026-07-04 15:20:03 [http-nio-8495-exec-10] ERROR c.v.d.r.productMstDropDownRowMapper -productMstDropDownRowMapper  Method Exceptionjava.sql.SQLSyntaxErrorException: Column 'PKA_ID' not found.
				
2026-07-04 15:20:03 [http-nio-8495-exec-10] ERROR c.v.d.r.productMstDropDownRowMapper -productMstDropDownRowMapper  Method Exceptionjava.sql.SQLSyntaxErrorException: Column 'PKA_ID' not found.
				
2026-07-04 15:20:03 [http-nio-8495-exec-10] ERROR c.v.d.r.productMstDropDownRowMapper -productMstDropDownRowMapper  Method Exceptionjava.sql.SQLSyntaxErrorException: Column 'PKA_ID' not found.
				
2026-07-04 15:20:03 [http-nio-8495-exec-10] ERROR c.v.d.r.productMstDropDownRowMapper -productMstDropDownRowMapper  Method Exceptionjava.sql.SQLSyntaxErrorException: Column 'PKA_ID' not found.
				
2026-07-04 15:20:03 [http-nio-8495-exec-10] ERROR c.v.d.r.productMstDropDownRowMapper -productMstDropDownRowMapper  Method Exceptionjava.sql.SQLSyntaxErrorException: Column 'PKA_ID' not found.
				
2026-07-04 15:20:03 [http-nio-8495-exec-10] ERROR c.v.d.r.productMstDropDownRowMapper -productMstDropDownRowMapper  Method Exceptionjava.sql.SQLSyntaxErrorException: Column 'PKA_ID' not found.
				
2026-07-04 15:20:03 [http-nio-8495-exec-10] ERROR c.v.d.r.productMstDropDownRowMapper -productMstDropDownRowMapper  Method Exceptionjava.sql.SQLSyntaxErrorException: Column 'PKA_ID' not found.
				
2026-07-04 15:20:03 [http-nio-8495-exec-10] ERROR c.v.d.r.productMstDropDownRowMapper -productMstDropDownRowMapper  Method Exceptionjava.sql.SQLSyntaxErrorException: Column 'PKA_ID' not found.
				
2026-07-04 15:20:03 [http-nio-8495-exec-10] ERROR c.v.d.r.productMstDropDownRowMapper -productMstDropDownRowMapper  Method Exceptionjava.sql.SQLSyntaxErrorException: Column 'PKA_ID' not found.
				
2026-07-04 15:20:03 [http-nio-8495-exec-10] ERROR c.v.d.r.productMstDropDownRowMapper -productMstDropDownRowMapper  Method Exceptionjava.sql.SQLSyntaxErrorException: Column 'PKA_ID' not found.
				
2026-07-04 15:20:03 [http-nio-8495-exec-10] ERROR c.v.d.r.productMstDropDownRowMapper -productMstDropDownRowMapper  Method Exceptionjava.sql.SQLSyntaxErrorException: Column 'PKA_ID' not found.
				
2026-07-04 15:20:03 [http-nio-8495-exec-10] ERROR c.v.d.r.productMstDropDownRowMapper -productMstDropDownRowMapper  Method Exceptionjava.sql.SQLSyntaxErrorException: Column 'PKA_ID' not found.
				
2026-07-04 15:20:03 [http-nio-8495-exec-10] ERROR c.v.d.r.productMstDropDownRowMapper -productMstDropDownRowMapper  Method Exceptionjava.sql.SQLSyntaxErrorException: Column 'PKA_ID' not found.
				
2026-07-04 15:20:03 [http-nio-8495-exec-10] ERROR c.v.d.r.productMstDropDownRowMapper -productMstDropDownRowMapper  Method Exceptionjava.sql.SQLSyntaxErrorException: Column 'PKA_ID' not found.
				
2026-07-04 15:20:03 [http-nio-8495-exec-10] ERROR c.v.d.r.productMstDropDownRowMapper -productMstDropDownRowMapper  Method Exceptionjava.sql.SQLSyntaxErrorException: Column 'PKA_ID' not found.
				
2026-07-04 15:20:03 [http-nio-8495-exec-10] ERROR c.v.d.r.productMstDropDownRowMapper -productMstDropDownRowMapper  Method Exceptionjava.sql.SQLSyntaxErrorException: Column 'PKA_ID' not found.
				
2026-07-04 15:20:03 [http-nio-8495-exec-10] ERROR c.v.d.r.productMstDropDownRowMapper -productMstDropDownRowMapper  Method Exceptionjava.sql.SQLSyntaxErrorException: Column 'PKA_ID' not found.
				
2026-07-04 15:20:03 [http-nio-8495-exec-10] ERROR c.v.d.r.productMstDropDownRowMapper -productMstDropDownRowMapper  Method Exceptionjava.sql.SQLSyntaxErrorException: Column 'PKA_ID' not found.
				
2026-07-04 15:20:03 [http-nio-8495-exec-10] ERROR c.v.d.r.productMstDropDownRowMapper -productMstDropDownRowMapper  Method Exceptionjava.sql.SQLSyntaxErrorException: Column 'PKA_ID' not found.
				
2026-07-04 15:20:03 [http-nio-8495-exec-10] ERROR c.v.d.r.productMstDropDownRowMapper -productMstDropDownRowMapper  Method Exceptionjava.sql.SQLSyntaxErrorException: Column 'PKA_ID' not found.
				
2026-07-04 15:20:03 [http-nio-8495-exec-10] ERROR c.v.d.r.productMstDropDownRowMapper -productMstDropDownRowMapper  Method Exceptionjava.sql.SQLSyntaxErrorException: Column 'PKA_ID' not found.
				
2026-07-04 15:20:03 [http-nio-8495-exec-10] ERROR c.v.d.r.productMstDropDownRowMapper -productMstDropDownRowMapper  Method Exceptionjava.sql.SQLSyntaxErrorException: Column 'PKA_ID' not found.
				
2026-07-04 15:20:03 [http-nio-8495-exec-10] ERROR c.v.d.r.productMstDropDownRowMapper -productMstDropDownRowMapper  Method Exceptionjava.sql.SQLSyntaxErrorException: Column 'PKA_ID' not found.
				
2026-07-04 15:20:03 [http-nio-8495-exec-10] ERROR c.v.d.r.productMstDropDownRowMapper -productMstDropDownRowMapper  Method Exceptionjava.sql.SQLSyntaxErrorException: Column 'PKA_ID' not found.
				
2026-07-04 15:20:03 [http-nio-8495-exec-10] ERROR c.v.d.r.productMstDropDownRowMapper -productMstDropDownRowMapper  Method Exceptionjava.sql.SQLSyntaxErrorException: Column 'PKA_ID' not found.
				
2026-07-04 15:20:03 [http-nio-8495-exec-10] ERROR c.v.d.r.productMstDropDownRowMapper -productMstDropDownRowMapper  Method Exceptionjava.sql.SQLSyntaxErrorException: Column 'PKA_ID' not found.
				
2026-07-04 15:20:03 [http-nio-8495-exec-10] ERROR c.v.d.r.productMstDropDownRowMapper -productMstDropDownRowMapper  Method Exceptionjava.sql.SQLSyntaxErrorException: Column 'PKA_ID' not found.
				
2026-07-04 15:20:03 [http-nio-8495-exec-10] ERROR c.v.d.r.productMstDropDownRowMapper -productMstDropDownRowMapper  Method Exceptionjava.sql.SQLSyntaxErrorException: Column 'PKA_ID' not found.
				
2026-07-04 15:20:03 [http-nio-8495-exec-10] ERROR c.v.d.r.productMstDropDownRowMapper -productMstDropDownRowMapper  Method Exceptionjava.sql.SQLSyntaxErrorException: Column 'PKA_ID' not found.
				
2026-07-04 15:20:03 [http-nio-8495-exec-10] ERROR c.v.d.r.productMstDropDownRowMapper -productMstDropDownRowMapper  Method Exceptionjava.sql.SQLSyntaxErrorException: Column 'PKA_ID' not found.
				
2026-07-04 15:20:03 [http-nio-8495-exec-10] ERROR c.v.d.r.productMstDropDownRowMapper -productMstDropDownRowMapper  Method Exceptionjava.sql.SQLSyntaxErrorException: Column 'PKA_ID' not found.
				
2026-07-04 15:20:03 [http-nio-8495-exec-10] ERROR c.v.d.r.productMstDropDownRowMapper -productMstDropDownRowMapper  Method Exceptionjava.sql.SQLSyntaxErrorException: Column 'PKA_ID' not found.
				
2026-07-04 15:20:03 [http-nio-8495-exec-10] ERROR c.v.d.r.productMstDropDownRowMapper -productMstDropDownRowMapper  Method Exceptionjava.sql.SQLSyntaxErrorException: Column 'PKA_ID' not found.
				
2026-07-04 15:20:03 [http-nio-8495-exec-10] ERROR c.v.d.r.productMstDropDownRowMapper -productMstDropDownRowMapper  Method Exceptionjava.sql.SQLSyntaxErrorException: Column 'PKA_ID' not found.
				
2026-07-04 15:20:03 [http-nio-8495-exec-10] ERROR c.v.d.r.productMstDropDownRowMapper -productMstDropDownRowMapper  Method Exceptionjava.sql.SQLSyntaxErrorException: Column 'PKA_ID' not found.
				
2026-07-04 15:20:03 [http-nio-8495-exec-10] ERROR c.v.d.r.productMstDropDownRowMapper -productMstDropDownRowMapper  Method Exceptionjava.sql.SQLSyntaxErrorException: Column 'PKA_ID' not found.
				
2026-07-04 15:20:03 [http-nio-8495-exec-10] ERROR c.v.d.r.productMstDropDownRowMapper -productMstDropDownRowMapper  Method Exceptionjava.sql.SQLSyntaxErrorException: Column 'PKA_ID' not found.
				
2026-07-04 15:20:03 [http-nio-8495-exec-9] INFO  c.v.g.c.NotificationGeneralController -getNotificationDetails   method Start
				
2026-07-04 15:20:05 [http-nio-8495-exec-2] INFO  c.v.i.c.InventoryMaterialTransferController -getProjectdropdown Controller  method Start
				
2026-07-04 15:20:05 [http-nio-8495-exec-6] INFO  c.v.i.c.InventoryMaterialTransferController -getAvailableQty Controller  method Start
				
2026-07-04 15:20:05 [http-nio-8495-exec-8] INFO  c.v.i.c.InventoryMaterialTransferController -getBins Controller method Start
				
2026-07-04 15:20:05 [http-nio-8495-exec-4] INFO  c.v.i.c.InventoryMaterialTransferController -getQtyAvailableLocations Controller  method Start
				
2026-07-04 15:20:05 [http-nio-8495-exec-2] INFO  c.v.i.c.InventoryMaterialTransferController -getProjectdropdown Controller  method End
				
2026-07-04 15:20:05 [http-nio-8495-exec-2] INFO  c.v.g.c.NotificationGeneralController -getNotificationDetails   method Start
				
2026-07-04 15:20:05 [http-nio-8495-exec-3] INFO  c.v.g.c.NotificationGeneralController -getNotificationDetails   method Start
				
2026-07-04 15:20:05 [http-nio-8495-exec-9] INFO  c.v.g.c.NotificationGeneralController -getNotificationDetails   method Start
				
2026-07-04 15:20:05 [http-nio-8495-exec-10] INFO  c.v.g.c.NotificationGeneralController -getNotificationDetails   method Start
				
2026-07-04 15:20:09 [http-nio-8495-exec-1] INFO  c.v.i.c.InventoryMaterialTransferController -getAvailableQty Controller  method Start
				
2026-07-04 15:20:09 [http-nio-8495-exec-5] INFO  c.v.i.c.InventoryMaterialTransferController -getQtyAvailableLocations Controller  method Start
				
2026-07-04 15:20:09 [http-nio-8495-exec-7] INFO  c.v.i.c.InventoryMaterialTransferController -getProjectdropdown Controller  method Start
				
2026-07-04 15:20:09 [http-nio-8495-exec-4] INFO  c.v.i.c.InventoryMaterialTransferController -getBins Controller method Start
				
2026-07-04 15:20:09 [http-nio-8495-exec-7] INFO  c.v.i.c.InventoryMaterialTransferController -getProjectdropdown Controller  method End
				
2026-07-04 15:20:09 [http-nio-8495-exec-6] INFO  c.v.g.c.NotificationGeneralController -getNotificationDetails   method Start
				
2026-07-04 15:20:09 [http-nio-8495-exec-8] INFO  c.v.g.c.NotificationGeneralController -getNotificationDetails   method Start
				
2026-07-04 15:20:09 [http-nio-8495-exec-3] INFO  c.v.g.c.NotificationGeneralController -getNotificationDetails   method Start
				
2026-07-04 15:20:09 [http-nio-8495-exec-2] INFO  c.v.g.c.NotificationGeneralController -getNotificationDetails   method Start
				
2026-07-04 15:20:11 [http-nio-8495-exec-10] INFO  c.v.i.c.InventoryMaterialTransferController -getProjectdropdown Controller  method Start
				
2026-07-04 15:20:11 [http-nio-8495-exec-7] INFO  c.v.i.c.InventoryMaterialTransferController -getQtyAvailableLocations Controller  method Start
				
2026-07-04 15:20:11 [http-nio-8495-exec-9] INFO  c.v.i.c.InventoryMaterialTransferController -getAvailableQty Controller  method Start
				
2026-07-04 15:20:11 [http-nio-8495-exec-4] INFO  c.v.i.c.InventoryMaterialTransferController -getBins Controller method Start
				
2026-07-04 15:20:11 [http-nio-8495-exec-10] INFO  c.v.i.c.InventoryMaterialTransferController -getProjectdropdown Controller  method End
				
2026-07-04 15:20:11 [http-nio-8495-exec-9] INFO  c.v.g.c.NotificationGeneralController -getNotificationDetails   method Start
				
2026-07-04 15:20:11 [http-nio-8495-exec-1] INFO  c.v.g.c.NotificationGeneralController -getNotificationDetails   method Start
				
2026-07-04 15:20:11 [http-nio-8495-exec-5] INFO  c.v.g.c.NotificationGeneralController -getNotificationDetails   method Start
				
2026-07-04 15:20:11 [http-nio-8495-exec-8] INFO  c.v.g.c.NotificationGeneralController -getNotificationDetails   method Start
				
2026-07-04 15:27:48 [http-nio-8495-exec-4] INFO  c.v.i.c.InventoryMaterialTransferController -getProjectdropdown Controller  method Start
				
2026-07-04 15:27:48 [http-nio-8495-exec-4] INFO  c.v.i.c.InventoryMaterialTransferController -getProjectdropdown Controller  method End
				
2026-07-04 15:27:48 [http-nio-8495-exec-10] INFO  c.v.g.c.NotificationGeneralController -getNotificationDetails   method Start
				
2026-07-04 15:31:04 [http-nio-8495-exec-8] INFO  c.v.i.c.InventoryMaterialTransferController -getProductdropdown Controller  method Start
				
2026-07-04 15:31:04 [http-nio-8495-exec-8] ERROR c.v.d.r.productMstDropDownRowMapper -productMstDropDownRowMapper  Method Exceptionjava.sql.SQLSyntaxErrorException: Column 'PKA_ID' not found.
				
2026-07-04 15:31:04 [http-nio-8495-exec-8] ERROR c.v.d.r.productMstDropDownRowMapper -productMstDropDownRowMapper  Method Exceptionjava.sql.SQLSyntaxErrorException: Column 'PKA_ID' not found.
				
2026-07-04 15:31:04 [http-nio-8495-exec-8] ERROR c.v.d.r.productMstDropDownRowMapper -productMstDropDownRowMapper  Method Exceptionjava.sql.SQLSyntaxErrorException: Column 'PKA_ID' not found.
				
2026-07-04 15:31:04 [http-nio-8495-exec-8] ERROR c.v.d.r.productMstDropDownRowMapper -productMstDropDownRowMapper  Method Exceptionjava.sql.SQLSyntaxErrorException: Column 'PKA_ID' not found.
				
2026-07-04 15:31:04 [http-nio-8495-exec-8] ERROR c.v.d.r.productMstDropDownRowMapper -productMstDropDownRowMapper  Method Exceptionjava.sql.SQLSyntaxErrorException: Column 'PKA_ID' not found.
				
2026-07-04 15:31:04 [http-nio-8495-exec-8] ERROR c.v.d.r.productMstDropDownRowMapper -productMstDropDownRowMapper  Method Exceptionjava.sql.SQLSyntaxErrorException: Column 'PKA_ID' not found.
				
2026-07-04 15:31:04 [http-nio-8495-exec-8] ERROR c.v.d.r.productMstDropDownRowMapper -productMstDropDownRowMapper  Method Exceptionjava.sql.SQLSyntaxErrorException: Column 'PKA_ID' not found.
				
2026-07-04 15:31:04 [http-nio-8495-exec-8] ERROR c.v.d.r.productMstDropDownRowMapper -productMstDropDownRowMapper  Method Exceptionjava.sql.SQLSyntaxErrorException: Column 'PKA_ID' not found.
				
2026-07-04 15:31:04 [http-nio-8495-exec-8] ERROR c.v.d.r.productMstDropDownRowMapper -productMstDropDownRowMapper  Method Exceptionjava.sql.SQLSyntaxErrorException: Column 'PKA_ID' not found.
				
2026-07-04 15:31:04 [http-nio-8495-exec-8] ERROR c.v.d.r.productMstDropDownRowMapper -productMstDropDownRowMapper  Method Exceptionjava.sql.SQLSyntaxErrorException: Column 'PKA_ID' not found.
				
2026-07-04 15:31:04 [http-nio-8495-exec-8] ERROR c.v.d.r.productMstDropDownRowMapper -productMstDropDownRowMapper  Method Exceptionjava.sql.SQLSyntaxErrorException: Column 'PKA_ID' not found.
				
2026-07-04 15:31:04 [http-nio-8495-exec-8] ERROR c.v.d.r.productMstDropDownRowMapper -productMstDropDownRowMapper  Method Exceptionjava.sql.SQLSyntaxErrorException: Column 'PKA_ID' not found.
				
2026-07-04 15:31:04 [http-nio-8495-exec-8] ERROR c.v.d.r.productMstDropDownRowMapper -productMstDropDownRowMapper  Method Exceptionjava.sql.SQLSyntaxErrorException: Column 'PKA_ID' not found.
				
2026-07-04 15:31:04 [http-nio-8495-exec-8] ERROR c.v.d.r.productMstDropDownRowMapper -productMstDropDownRowMapper  Method Exceptionjava.sql.SQLSyntaxErrorException: Column 'PKA_ID' not found.
				
2026-07-04 15:31:04 [http-nio-8495-exec-8] ERROR c.v.d.r.productMstDropDownRowMapper -productMstDropDownRowMapper  Method Exceptionjava.sql.SQLSyntaxErrorException: Column 'PKA_ID' not found.
				
2026-07-04 15:31:04 [http-nio-8495-exec-8] ERROR c.v.d.r.productMstDropDownRowMapper -productMstDropDownRowMapper  Method Exceptionjava.sql.SQLSyntaxErrorException: Column 'PKA_ID' not found.
				
2026-07-04 15:31:04 [http-nio-8495-exec-8] ERROR c.v.d.r.productMstDropDownRowMapper -productMstDropDownRowMapper  Method Exceptionjava.sql.SQLSyntaxErrorException: Column 'PKA_ID' not found.
				
2026-07-04 15:31:04 [http-nio-8495-exec-8] ERROR c.v.d.r.productMstDropDownRowMapper -productMstDropDownRowMapper  Method Exceptionjava.sql.SQLSyntaxErrorException: Column 'PKA_ID' not found.
				
2026-07-04 15:31:04 [http-nio-8495-exec-8] ERROR c.v.d.r.productMstDropDownRowMapper -productMstDropDownRowMapper  Method Exceptionjava.sql.SQLSyntaxErrorException: Column 'PKA_ID' not found.
				
2026-07-04 15:31:04 [http-nio-8495-exec-8] ERROR c.v.d.r.productMstDropDownRowMapper -productMstDropDownRowMapper  Method Exceptionjava.sql.SQLSyntaxErrorException: Column 'PKA_ID' not found.
				
2026-07-04 15:31:04 [http-nio-8495-exec-8] ERROR c.v.d.r.productMstDropDownRowMapper -productMstDropDownRowMapper  Method Exceptionjava.sql.SQLSyntaxErrorException: Column 'PKA_ID' not found.
				
2026-07-04 15:31:04 [http-nio-8495-exec-8] ERROR c.v.d.r.productMstDropDownRowMapper -productMstDropDownRowMapper  Method Exceptionjava.sql.SQLSyntaxErrorException: Column 'PKA_ID' not found.
				
2026-07-04 15:31:04 [http-nio-8495-exec-8] ERROR c.v.d.r.productMstDropDownRowMapper -productMstDropDownRowMapper  Method Exceptionjava.sql.SQLSyntaxErrorException: Column 'PKA_ID' not found.
				
2026-07-04 15:31:04 [http-nio-8495-exec-8] ERROR c.v.d.r.productMstDropDownRowMapper -productMstDropDownRowMapper  Method Exceptionjava.sql.SQLSyntaxErrorException: Column 'PKA_ID' not found.
				
2026-07-04 15:31:04 [http-nio-8495-exec-8] ERROR c.v.d.r.productMstDropDownRowMapper -productMstDropDownRowMapper  Method Exceptionjava.sql.SQLSyntaxErrorException: Column 'PKA_ID' not found.
				
2026-07-04 15:31:04 [http-nio-8495-exec-8] ERROR c.v.d.r.productMstDropDownRowMapper -productMstDropDownRowMapper  Method Exceptionjava.sql.SQLSyntaxErrorException: Column 'PKA_ID' not found.
				
2026-07-04 15:31:04 [http-nio-8495-exec-8] ERROR c.v.d.r.productMstDropDownRowMapper -productMstDropDownRowMapper  Method Exceptionjava.sql.SQLSyntaxErrorException: Column 'PKA_ID' not found.
				
2026-07-04 15:31:04 [http-nio-8495-exec-8] ERROR c.v.d.r.productMstDropDownRowMapper -productMstDropDownRowMapper  Method Exceptionjava.sql.SQLSyntaxErrorException: Column 'PKA_ID' not found.
				
2026-07-04 15:31:04 [http-nio-8495-exec-8] ERROR c.v.d.r.productMstDropDownRowMapper -productMstDropDownRowMapper  Method Exceptionjava.sql.SQLSyntaxErrorException: Column 'PKA_ID' not found.
				
2026-07-04 15:31:04 [http-nio-8495-exec-8] ERROR c.v.d.r.productMstDropDownRowMapper -productMstDropDownRowMapper  Method Exceptionjava.sql.SQLSyntaxErrorException: Column 'PKA_ID' not found.
				
2026-07-04 15:31:04 [http-nio-8495-exec-8] ERROR c.v.d.r.productMstDropDownRowMapper -productMstDropDownRowMapper  Method Exceptionjava.sql.SQLSyntaxErrorException: Column 'PKA_ID' not found.
				
2026-07-04 15:31:04 [http-nio-8495-exec-8] ERROR c.v.d.r.productMstDropDownRowMapper -productMstDropDownRowMapper  Method Exceptionjava.sql.SQLSyntaxErrorException: Column 'PKA_ID' not found.
				
2026-07-04 15:31:04 [http-nio-8495-exec-8] ERROR c.v.d.r.productMstDropDownRowMapper -productMstDropDownRowMapper  Method Exceptionjava.sql.SQLSyntaxErrorException: Column 'PKA_ID' not found.
				
2026-07-04 15:31:04 [http-nio-8495-exec-8] ERROR c.v.d.r.productMstDropDownRowMapper -productMstDropDownRowMapper  Method Exceptionjava.sql.SQLSyntaxErrorException: Column 'PKA_ID' not found.
				
2026-07-04 15:31:04 [http-nio-8495-exec-8] ERROR c.v.d.r.productMstDropDownRowMapper -productMstDropDownRowMapper  Method Exceptionjava.sql.SQLSyntaxErrorException: Column 'PKA_ID' not found.
				
2026-07-04 15:31:04 [http-nio-8495-exec-8] ERROR c.v.d.r.productMstDropDownRowMapper -productMstDropDownRowMapper  Method Exceptionjava.sql.SQLSyntaxErrorException: Column 'PKA_ID' not found.
				
2026-07-04 15:31:04 [http-nio-8495-exec-8] ERROR c.v.d.r.productMstDropDownRowMapper -productMstDropDownRowMapper  Method Exceptionjava.sql.SQLSyntaxErrorException: Column 'PKA_ID' not found.
				
2026-07-04 15:31:04 [http-nio-8495-exec-8] ERROR c.v.d.r.productMstDropDownRowMapper -productMstDropDownRowMapper  Method Exceptionjava.sql.SQLSyntaxErrorException: Column 'PKA_ID' not found.
				
2026-07-04 15:31:04 [http-nio-8495-exec-8] ERROR c.v.d.r.productMstDropDownRowMapper -productMstDropDownRowMapper  Method Exceptionjava.sql.SQLSyntaxErrorException: Column 'PKA_ID' not found.
				
2026-07-04 15:31:04 [http-nio-8495-exec-8] ERROR c.v.d.r.productMstDropDownRowMapper -productMstDropDownRowMapper  Method Exceptionjava.sql.SQLSyntaxErrorException: Column 'PKA_ID' not found.
				
2026-07-04 15:31:04 [http-nio-8495-exec-8] ERROR c.v.d.r.productMstDropDownRowMapper -productMstDropDownRowMapper  Method Exceptionjava.sql.SQLSyntaxErrorException: Column 'PKA_ID' not found.
				
2026-07-04 15:31:04 [http-nio-8495-exec-8] ERROR c.v.d.r.productMstDropDownRowMapper -productMstDropDownRowMapper  Method Exceptionjava.sql.SQLSyntaxErrorException: Column 'PKA_ID' not found.
				
2026-07-04 15:31:04 [http-nio-8495-exec-8] ERROR c.v.d.r.productMstDropDownRowMapper -productMstDropDownRowMapper  Method Exceptionjava.sql.SQLSyntaxErrorException: Column 'PKA_ID' not found.
				
2026-07-04 15:31:04 [http-nio-8495-exec-8] ERROR c.v.d.r.productMstDropDownRowMapper -productMstDropDownRowMapper  Method Exceptionjava.sql.SQLSyntaxErrorException: Column 'PKA_ID' not found.
				
2026-07-04 15:31:04 [http-nio-8495-exec-8] ERROR c.v.d.r.productMstDropDownRowMapper -productMstDropDownRowMapper  Method Exceptionjava.sql.SQLSyntaxErrorException: Column 'PKA_ID' not found.
				
2026-07-04 15:31:04 [http-nio-8495-exec-8] ERROR c.v.d.r.productMstDropDownRowMapper -productMstDropDownRowMapper  Method Exceptionjava.sql.SQLSyntaxErrorException: Column 'PKA_ID' not found.
				
2026-07-04 15:31:04 [http-nio-8495-exec-8] ERROR c.v.d.r.productMstDropDownRowMapper -productMstDropDownRowMapper  Method Exceptionjava.sql.SQLSyntaxErrorException: Column 'PKA_ID' not found.
				
2026-07-04 15:31:04 [http-nio-8495-exec-8] ERROR c.v.d.r.productMstDropDownRowMapper -productMstDropDownRowMapper  Method Exceptionjava.sql.SQLSyntaxErrorException: Column 'PKA_ID' not found.
				
2026-07-04 15:31:04 [http-nio-8495-exec-8] ERROR c.v.d.r.productMstDropDownRowMapper -productMstDropDownRowMapper  Method Exceptionjava.sql.SQLSyntaxErrorException: Column 'PKA_ID' not found.
				
2026-07-04 15:31:04 [http-nio-8495-exec-8] ERROR c.v.d.r.productMstDropDownRowMapper -productMstDropDownRowMapper  Method Exceptionjava.sql.SQLSyntaxErrorException: Column 'PKA_ID' not found.
				
2026-07-04 15:31:04 [http-nio-8495-exec-8] ERROR c.v.d.r.productMstDropDownRowMapper -productMstDropDownRowMapper  Method Exceptionjava.sql.SQLSyntaxErrorException: Column 'PKA_ID' not found.
				
2026-07-04 15:31:04 [http-nio-8495-exec-8] ERROR c.v.d.r.productMstDropDownRowMapper -productMstDropDownRowMapper  Method Exceptionjava.sql.SQLSyntaxErrorException: Column 'PKA_ID' not found.
				
2026-07-04 15:31:04 [http-nio-8495-exec-8] ERROR c.v.d.r.productMstDropDownRowMapper -productMstDropDownRowMapper  Method Exceptionjava.sql.SQLSyntaxErrorException: Column 'PKA_ID' not found.
				
2026-07-04 15:31:04 [http-nio-8495-exec-8] ERROR c.v.d.r.productMstDropDownRowMapper -productMstDropDownRowMapper  Method Exceptionjava.sql.SQLSyntaxErrorException: Column 'PKA_ID' not found.
				
2026-07-04 15:31:04 [http-nio-8495-exec-8] ERROR c.v.d.r.productMstDropDownRowMapper -productMstDropDownRowMapper  Method Exceptionjava.sql.SQLSyntaxErrorException: Column 'PKA_ID' not found.
				
2026-07-04 15:31:04 [http-nio-8495-exec-8] ERROR c.v.d.r.productMstDropDownRowMapper -productMstDropDownRowMapper  Method Exceptionjava.sql.SQLSyntaxErrorException: Column 'PKA_ID' not found.
				
2026-07-04 15:31:04 [http-nio-8495-exec-8] ERROR c.v.d.r.productMstDropDownRowMapper -productMstDropDownRowMapper  Method Exceptionjava.sql.SQLSyntaxErrorException: Column 'PKA_ID' not found.
				
2026-07-04 15:31:04 [http-nio-8495-exec-8] ERROR c.v.d.r.productMstDropDownRowMapper -productMstDropDownRowMapper  Method Exceptionjava.sql.SQLSyntaxErrorException: Column 'PKA_ID' not found.
				
2026-07-04 15:31:04 [http-nio-8495-exec-8] ERROR c.v.d.r.productMstDropDownRowMapper -productMstDropDownRowMapper  Method Exceptionjava.sql.SQLSyntaxErrorException: Column 'PKA_ID' not found.
				
2026-07-04 15:31:04 [http-nio-8495-exec-8] ERROR c.v.d.r.productMstDropDownRowMapper -productMstDropDownRowMapper  Method Exceptionjava.sql.SQLSyntaxErrorException: Column 'PKA_ID' not found.
				
2026-07-04 15:31:04 [http-nio-8495-exec-8] ERROR c.v.d.r.productMstDropDownRowMapper -productMstDropDownRowMapper  Method Exceptionjava.sql.SQLSyntaxErrorException: Column 'PKA_ID' not found.
				
2026-07-04 15:31:04 [http-nio-8495-exec-8] ERROR c.v.d.r.productMstDropDownRowMapper -productMstDropDownRowMapper  Method Exceptionjava.sql.SQLSyntaxErrorException: Column 'PKA_ID' not found.
				
2026-07-04 15:31:04 [http-nio-8495-exec-8] ERROR c.v.d.r.productMstDropDownRowMapper -productMstDropDownRowMapper  Method Exceptionjava.sql.SQLSyntaxErrorException: Column 'PKA_ID' not found.
				
2026-07-04 15:31:04 [http-nio-8495-exec-8] ERROR c.v.d.r.productMstDropDownRowMapper -productMstDropDownRowMapper  Method Exceptionjava.sql.SQLSyntaxErrorException: Column 'PKA_ID' not found.
				
2026-07-04 15:31:04 [http-nio-8495-exec-8] ERROR c.v.d.r.productMstDropDownRowMapper -productMstDropDownRowMapper  Method Exceptionjava.sql.SQLSyntaxErrorException: Column 'PKA_ID' not found.
				
2026-07-04 15:31:04 [http-nio-8495-exec-8] ERROR c.v.d.r.productMstDropDownRowMapper -productMstDropDownRowMapper  Method Exceptionjava.sql.SQLSyntaxErrorException: Column 'PKA_ID' not found.
				
2026-07-04 15:31:04 [http-nio-8495-exec-8] ERROR c.v.d.r.productMstDropDownRowMapper -productMstDropDownRowMapper  Method Exceptionjava.sql.SQLSyntaxErrorException: Column 'PKA_ID' not found.
				
2026-07-04 15:31:04 [http-nio-8495-exec-8] ERROR c.v.d.r.productMstDropDownRowMapper -productMstDropDownRowMapper  Method Exceptionjava.sql.SQLSyntaxErrorException: Column 'PKA_ID' not found.
				
2026-07-04 15:31:04 [http-nio-8495-exec-8] ERROR c.v.d.r.productMstDropDownRowMapper -productMstDropDownRowMapper  Method Exceptionjava.sql.SQLSyntaxErrorException: Column 'PKA_ID' not found.
				
2026-07-04 15:31:04 [http-nio-8495-exec-8] ERROR c.v.d.r.productMstDropDownRowMapper -productMstDropDownRowMapper  Method Exceptionjava.sql.SQLSyntaxErrorException: Column 'PKA_ID' not found.
				
2026-07-04 15:31:04 [http-nio-8495-exec-8] ERROR c.v.d.r.productMstDropDownRowMapper -productMstDropDownRowMapper  Method Exceptionjava.sql.SQLSyntaxErrorException: Column 'PKA_ID' not found.
				
2026-07-04 15:31:04 [http-nio-8495-exec-8] ERROR c.v.d.r.productMstDropDownRowMapper -productMstDropDownRowMapper  Method Exceptionjava.sql.SQLSyntaxErrorException: Column 'PKA_ID' not found.
				
2026-07-04 15:31:04 [http-nio-8495-exec-8] ERROR c.v.d.r.productMstDropDownRowMapper -productMstDropDownRowMapper  Method Exceptionjava.sql.SQLSyntaxErrorException: Column 'PKA_ID' not found.
				
2026-07-04 15:31:04 [http-nio-8495-exec-8] ERROR c.v.d.r.productMstDropDownRowMapper -productMstDropDownRowMapper  Method Exceptionjava.sql.SQLSyntaxErrorException: Column 'PKA_ID' not found.
				
2026-07-04 15:31:04 [http-nio-8495-exec-8] ERROR c.v.d.r.productMstDropDownRowMapper -productMstDropDownRowMapper  Method Exceptionjava.sql.SQLSyntaxErrorException: Column 'PKA_ID' not found.
				
2026-07-04 15:31:04 [http-nio-8495-exec-8] ERROR c.v.d.r.productMstDropDownRowMapper -productMstDropDownRowMapper  Method Exceptionjava.sql.SQLSyntaxErrorException: Column 'PKA_ID' not found.
				
2026-07-04 15:31:04 [http-nio-8495-exec-8] ERROR c.v.d.r.productMstDropDownRowMapper -productMstDropDownRowMapper  Method Exceptionjava.sql.SQLSyntaxErrorException: Column 'PKA_ID' not found.
				
2026-07-04 15:31:04 [http-nio-8495-exec-8] ERROR c.v.d.r.productMstDropDownRowMapper -productMstDropDownRowMapper  Method Exceptionjava.sql.SQLSyntaxErrorException: Column 'PKA_ID' not found.
				
2026-07-04 15:31:04 [http-nio-8495-exec-8] ERROR c.v.d.r.productMstDropDownRowMapper -productMstDropDownRowMapper  Method Exceptionjava.sql.SQLSyntaxErrorException: Column 'PKA_ID' not found.
				
2026-07-04 15:31:04 [http-nio-8495-exec-8] ERROR c.v.d.r.productMstDropDownRowMapper -productMstDropDownRowMapper  Method Exceptionjava.sql.SQLSyntaxErrorException: Column 'PKA_ID' not found.
				
2026-07-04 15:31:04 [http-nio-8495-exec-8] ERROR c.v.d.r.productMstDropDownRowMapper -productMstDropDownRowMapper  Method Exceptionjava.sql.SQLSyntaxErrorException: Column 'PKA_ID' not found.
				
2026-07-04 15:31:04 [http-nio-8495-exec-8] ERROR c.v.d.r.productMstDropDownRowMapper -productMstDropDownRowMapper  Method Exceptionjava.sql.SQLSyntaxErrorException: Column 'PKA_ID' not found.
				
2026-07-04 15:31:04 [http-nio-8495-exec-8] ERROR c.v.d.r.productMstDropDownRowMapper -productMstDropDownRowMapper  Method Exceptionjava.sql.SQLSyntaxErrorException: Column 'PKA_ID' not found.
				
2026-07-04 15:31:04 [http-nio-8495-exec-8] ERROR c.v.d.r.productMstDropDownRowMapper -productMstDropDownRowMapper  Method Exceptionjava.sql.SQLSyntaxErrorException: Column 'PKA_ID' not found.
				
2026-07-04 15:31:04 [http-nio-8495-exec-8] ERROR c.v.d.r.productMstDropDownRowMapper -productMstDropDownRowMapper  Method Exceptionjava.sql.SQLSyntaxErrorException: Column 'PKA_ID' not found.
				
2026-07-04 15:31:04 [http-nio-8495-exec-8] ERROR c.v.d.r.productMstDropDownRowMapper -productMstDropDownRowMapper  Method Exceptionjava.sql.SQLSyntaxErrorException: Column 'PKA_ID' not found.
				
2026-07-04 15:31:04 [http-nio-8495-exec-8] ERROR c.v.d.r.productMstDropDownRowMapper -productMstDropDownRowMapper  Method Exceptionjava.sql.SQLSyntaxErrorException: Column 'PKA_ID' not found.
				
2026-07-04 15:31:04 [http-nio-8495-exec-8] ERROR c.v.d.r.productMstDropDownRowMapper -productMstDropDownRowMapper  Method Exceptionjava.sql.SQLSyntaxErrorException: Column 'PKA_ID' not found.
				
2026-07-04 15:31:04 [http-nio-8495-exec-8] ERROR c.v.d.r.productMstDropDownRowMapper -productMstDropDownRowMapper  Method Exceptionjava.sql.SQLSyntaxErrorException: Column 'PKA_ID' not found.
				
2026-07-04 15:31:04 [http-nio-8495-exec-8] ERROR c.v.d.r.productMstDropDownRowMapper -productMstDropDownRowMapper  Method Exceptionjava.sql.SQLSyntaxErrorException: Column 'PKA_ID' not found.
				
2026-07-04 15:31:04 [http-nio-8495-exec-8] ERROR c.v.d.r.productMstDropDownRowMapper -productMstDropDownRowMapper  Method Exceptionjava.sql.SQLSyntaxErrorException: Column 'PKA_ID' not found.
				
2026-07-04 15:31:04 [http-nio-8495-exec-8] ERROR c.v.d.r.productMstDropDownRowMapper -productMstDropDownRowMapper  Method Exceptionjava.sql.SQLSyntaxErrorException: Column 'PKA_ID' not found.
				
2026-07-04 15:31:04 [http-nio-8495-exec-8] ERROR c.v.d.r.productMstDropDownRowMapper -productMstDropDownRowMapper  Method Exceptionjava.sql.SQLSyntaxErrorException: Column 'PKA_ID' not found.
				
2026-07-04 15:31:04 [http-nio-8495-exec-8] ERROR c.v.d.r.productMstDropDownRowMapper -productMstDropDownRowMapper  Method Exceptionjava.sql.SQLSyntaxErrorException: Column 'PKA_ID' not found.
				
2026-07-04 15:31:04 [http-nio-8495-exec-8] ERROR c.v.d.r.productMstDropDownRowMapper -productMstDropDownRowMapper  Method Exceptionjava.sql.SQLSyntaxErrorException: Column 'PKA_ID' not found.
				
2026-07-04 15:31:04 [http-nio-8495-exec-8] ERROR c.v.d.r.productMstDropDownRowMapper -productMstDropDownRowMapper  Method Exceptionjava.sql.SQLSyntaxErrorException: Column 'PKA_ID' not found.
				
2026-07-04 15:31:04 [http-nio-8495-exec-8] ERROR c.v.d.r.productMstDropDownRowMapper -productMstDropDownRowMapper  Method Exceptionjava.sql.SQLSyntaxErrorException: Column 'PKA_ID' not found.
				
2026-07-04 15:31:04 [http-nio-8495-exec-8] ERROR c.v.d.r.productMstDropDownRowMapper -productMstDropDownRowMapper  Method Exceptionjava.sql.SQLSyntaxErrorException: Column 'PKA_ID' not found.
				
2026-07-04 15:31:04 [http-nio-8495-exec-8] ERROR c.v.d.r.productMstDropDownRowMapper -productMstDropDownRowMapper  Method Exceptionjava.sql.SQLSyntaxErrorException: Column 'PKA_ID' not found.
				
2026-07-04 15:31:04 [http-nio-8495-exec-8] ERROR c.v.d.r.productMstDropDownRowMapper -productMstDropDownRowMapper  Method Exceptionjava.sql.SQLSyntaxErrorException: Column 'PKA_ID' not found.
				
2026-07-04 15:31:04 [http-nio-8495-exec-8] ERROR c.v.d.r.productMstDropDownRowMapper -productMstDropDownRowMapper  Method Exceptionjava.sql.SQLSyntaxErrorException: Column 'PKA_ID' not found.
				
2026-07-04 15:31:04 [http-nio-8495-exec-8] ERROR c.v.d.r.productMstDropDownRowMapper -productMstDropDownRowMapper  Method Exceptionjava.sql.SQLSyntaxErrorException: Column 'PKA_ID' not found.
				
2026-07-04 15:31:04 [http-nio-8495-exec-8] ERROR c.v.d.r.productMstDropDownRowMapper -productMstDropDownRowMapper  Method Exceptionjava.sql.SQLSyntaxErrorException: Column 'PKA_ID' not found.
				
2026-07-04 15:31:04 [http-nio-8495-exec-8] ERROR c.v.d.r.productMstDropDownRowMapper -productMstDropDownRowMapper  Method Exceptionjava.sql.SQLSyntaxErrorException: Column 'PKA_ID' not found.
				
2026-07-04 15:31:04 [http-nio-8495-exec-8] ERROR c.v.d.r.productMstDropDownRowMapper -productMstDropDownRowMapper  Method Exceptionjava.sql.SQLSyntaxErrorException: Column 'PKA_ID' not found.
				
2026-07-04 15:31:04 [http-nio-8495-exec-8] ERROR c.v.d.r.productMstDropDownRowMapper -productMstDropDownRowMapper  Method Exceptionjava.sql.SQLSyntaxErrorException: Column 'PKA_ID' not found.
				
2026-07-04 15:31:04 [http-nio-8495-exec-8] ERROR c.v.d.r.productMstDropDownRowMapper -productMstDropDownRowMapper  Method Exceptionjava.sql.SQLSyntaxErrorException: Column 'PKA_ID' not found.
				
2026-07-04 15:31:04 [http-nio-8495-exec-8] ERROR c.v.d.r.productMstDropDownRowMapper -productMstDropDownRowMapper  Method Exceptionjava.sql.SQLSyntaxErrorException: Column 'PKA_ID' not found.
				
2026-07-04 15:31:04 [http-nio-8495-exec-8] ERROR c.v.d.r.productMstDropDownRowMapper -productMstDropDownRowMapper  Method Exceptionjava.sql.SQLSyntaxErrorException: Column 'PKA_ID' not found.
				
2026-07-04 15:31:04 [http-nio-8495-exec-8] ERROR c.v.d.r.productMstDropDownRowMapper -productMstDropDownRowMapper  Method Exceptionjava.sql.SQLSyntaxErrorException: Column 'PKA_ID' not found.
				
2026-07-04 15:31:04 [http-nio-8495-exec-8] ERROR c.v.d.r.productMstDropDownRowMapper -productMstDropDownRowMapper  Method Exceptionjava.sql.SQLSyntaxErrorException: Column 'PKA_ID' not found.
				
2026-07-04 15:31:04 [http-nio-8495-exec-8] ERROR c.v.d.r.productMstDropDownRowMapper -productMstDropDownRowMapper  Method Exceptionjava.sql.SQLSyntaxErrorException: Column 'PKA_ID' not found.
				
2026-07-04 15:31:04 [http-nio-8495-exec-8] ERROR c.v.d.r.productMstDropDownRowMapper -productMstDropDownRowMapper  Method Exceptionjava.sql.SQLSyntaxErrorException: Column 'PKA_ID' not found.
				
2026-07-04 15:31:04 [http-nio-8495-exec-8] ERROR c.v.d.r.productMstDropDownRowMapper -productMstDropDownRowMapper  Method Exceptionjava.sql.SQLSyntaxErrorException: Column 'PKA_ID' not found.
				
2026-07-04 15:31:04 [http-nio-8495-exec-8] ERROR c.v.d.r.productMstDropDownRowMapper -productMstDropDownRowMapper  Method Exceptionjava.sql.SQLSyntaxErrorException: Column 'PKA_ID' not found.
				
2026-07-04 15:31:04 [http-nio-8495-exec-8] ERROR c.v.d.r.productMstDropDownRowMapper -productMstDropDownRowMapper  Method Exceptionjava.sql.SQLSyntaxErrorException: Column 'PKA_ID' not found.
				
2026-07-04 15:31:04 [http-nio-8495-exec-8] ERROR c.v.d.r.productMstDropDownRowMapper -productMstDropDownRowMapper  Method Exceptionjava.sql.SQLSyntaxErrorException: Column 'PKA_ID' not found.
				
2026-07-04 15:31:04 [http-nio-8495-exec-8] ERROR c.v.d.r.productMstDropDownRowMapper -productMstDropDownRowMapper  Method Exceptionjava.sql.SQLSyntaxErrorException: Column 'PKA_ID' not found.
				
2026-07-04 15:31:04 [http-nio-8495-exec-8] ERROR c.v.d.r.productMstDropDownRowMapper -productMstDropDownRowMapper  Method Exceptionjava.sql.SQLSyntaxErrorException: Column 'PKA_ID' not found.
				
2026-07-04 15:31:04 [http-nio-8495-exec-8] ERROR c.v.d.r.productMstDropDownRowMapper -productMstDropDownRowMapper  Method Exceptionjava.sql.SQLSyntaxErrorException: Column 'PKA_ID' not found.
				
2026-07-04 15:31:04 [http-nio-8495-exec-8] ERROR c.v.d.r.productMstDropDownRowMapper -productMstDropDownRowMapper  Method Exceptionjava.sql.SQLSyntaxErrorException: Column 'PKA_ID' not found.
				
2026-07-04 15:31:04 [http-nio-8495-exec-8] ERROR c.v.d.r.productMstDropDownRowMapper -productMstDropDownRowMapper  Method Exceptionjava.sql.SQLSyntaxErrorException: Column 'PKA_ID' not found.
				
2026-07-04 15:31:04 [http-nio-8495-exec-8] ERROR c.v.d.r.productMstDropDownRowMapper -productMstDropDownRowMapper  Method Exceptionjava.sql.SQLSyntaxErrorException: Column 'PKA_ID' not found.
				
2026-07-04 15:31:04 [http-nio-8495-exec-8] ERROR c.v.d.r.productMstDropDownRowMapper -productMstDropDownRowMapper  Method Exceptionjava.sql.SQLSyntaxErrorException: Column 'PKA_ID' not found.
				
2026-07-04 15:31:04 [http-nio-8495-exec-8] ERROR c.v.d.r.productMstDropDownRowMapper -productMstDropDownRowMapper  Method Exceptionjava.sql.SQLSyntaxErrorException: Column 'PKA_ID' not found.
				
2026-07-04 15:31:04 [http-nio-8495-exec-8] ERROR c.v.d.r.productMstDropDownRowMapper -productMstDropDownRowMapper  Method Exceptionjava.sql.SQLSyntaxErrorException: Column 'PKA_ID' not found.
				
2026-07-04 15:31:04 [http-nio-8495-exec-8] ERROR c.v.d.r.productMstDropDownRowMapper -productMstDropDownRowMapper  Method Exceptionjava.sql.SQLSyntaxErrorException: Column 'PKA_ID' not found.
				
2026-07-04 15:31:04 [http-nio-8495-exec-8] ERROR c.v.d.r.productMstDropDownRowMapper -productMstDropDownRowMapper  Method Exceptionjava.sql.SQLSyntaxErrorException: Column 'PKA_ID' not found.
				
2026-07-04 15:31:04 [http-nio-8495-exec-8] ERROR c.v.d.r.productMstDropDownRowMapper -productMstDropDownRowMapper  Method Exceptionjava.sql.SQLSyntaxErrorException: Column 'PKA_ID' not found.
				
2026-07-04 15:31:04 [http-nio-8495-exec-8] ERROR c.v.d.r.productMstDropDownRowMapper -productMstDropDownRowMapper  Method Exceptionjava.sql.SQLSyntaxErrorException: Column 'PKA_ID' not found.
				
2026-07-04 15:31:04 [http-nio-8495-exec-8] ERROR c.v.d.r.productMstDropDownRowMapper -productMstDropDownRowMapper  Method Exceptionjava.sql.SQLSyntaxErrorException: Column 'PKA_ID' not found.
				
2026-07-04 15:31:04 [http-nio-8495-exec-8] ERROR c.v.d.r.productMstDropDownRowMapper -productMstDropDownRowMapper  Method Exceptionjava.sql.SQLSyntaxErrorException: Column 'PKA_ID' not found.
				
2026-07-04 15:31:04 [http-nio-8495-exec-8] ERROR c.v.d.r.productMstDropDownRowMapper -productMstDropDownRowMapper  Method Exceptionjava.sql.SQLSyntaxErrorException: Column 'PKA_ID' not found.
				
2026-07-04 15:31:04 [http-nio-8495-exec-8] ERROR c.v.d.r.productMstDropDownRowMapper -productMstDropDownRowMapper  Method Exceptionjava.sql.SQLSyntaxErrorException: Column 'PKA_ID' not found.
				
2026-07-04 15:31:04 [http-nio-8495-exec-8] ERROR c.v.d.r.productMstDropDownRowMapper -productMstDropDownRowMapper  Method Exceptionjava.sql.SQLSyntaxErrorException: Column 'PKA_ID' not found.
				
2026-07-04 15:31:04 [http-nio-8495-exec-8] ERROR c.v.d.r.productMstDropDownRowMapper -productMstDropDownRowMapper  Method Exceptionjava.sql.SQLSyntaxErrorException: Column 'PKA_ID' not found.
				
2026-07-04 15:31:04 [http-nio-8495-exec-8] ERROR c.v.d.r.productMstDropDownRowMapper -productMstDropDownRowMapper  Method Exceptionjava.sql.SQLSyntaxErrorException: Column 'PKA_ID' not found.
				
2026-07-04 15:31:04 [http-nio-8495-exec-8] ERROR c.v.d.r.productMstDropDownRowMapper -productMstDropDownRowMapper  Method Exceptionjava.sql.SQLSyntaxErrorException: Column 'PKA_ID' not found.
				
2026-07-04 15:31:04 [http-nio-8495-exec-8] ERROR c.v.d.r.productMstDropDownRowMapper -productMstDropDownRowMapper  Method Exceptionjava.sql.SQLSyntaxErrorException: Column 'PKA_ID' not found.
				
2026-07-04 15:31:04 [http-nio-8495-exec-8] ERROR c.v.d.r.productMstDropDownRowMapper -productMstDropDownRowMapper  Method Exceptionjava.sql.SQLSyntaxErrorException: Column 'PKA_ID' not found.
				
2026-07-04 15:31:04 [http-nio-8495-exec-8] ERROR c.v.d.r.productMstDropDownRowMapper -productMstDropDownRowMapper  Method Exceptionjava.sql.SQLSyntaxErrorException: Column 'PKA_ID' not found.
				
2026-07-04 15:31:04 [http-nio-8495-exec-8] ERROR c.v.d.r.productMstDropDownRowMapper -productMstDropDownRowMapper  Method Exceptionjava.sql.SQLSyntaxErrorException: Column 'PKA_ID' not found.
				
2026-07-04 15:31:04 [http-nio-8495-exec-8] ERROR c.v.d.r.productMstDropDownRowMapper -productMstDropDownRowMapper  Method Exceptionjava.sql.SQLSyntaxErrorException: Column 'PKA_ID' not found.
				
2026-07-04 15:31:04 [http-nio-8495-exec-8] ERROR c.v.d.r.productMstDropDownRowMapper -productMstDropDownRowMapper  Method Exceptionjava.sql.SQLSyntaxErrorException: Column 'PKA_ID' not found.
				
2026-07-04 15:31:04 [http-nio-8495-exec-8] ERROR c.v.d.r.productMstDropDownRowMapper -productMstDropDownRowMapper  Method Exceptionjava.sql.SQLSyntaxErrorException: Column 'PKA_ID' not found.
				
2026-07-04 15:31:04 [http-nio-8495-exec-8] ERROR c.v.d.r.productMstDropDownRowMapper -productMstDropDownRowMapper  Method Exceptionjava.sql.SQLSyntaxErrorException: Column 'PKA_ID' not found.
				
2026-07-04 15:31:04 [http-nio-8495-exec-8] ERROR c.v.d.r.productMstDropDownRowMapper -productMstDropDownRowMapper  Method Exceptionjava.sql.SQLSyntaxErrorException: Column 'PKA_ID' not found.
				
2026-07-04 15:31:04 [http-nio-8495-exec-8] ERROR c.v.d.r.productMstDropDownRowMapper -productMstDropDownRowMapper  Method Exceptionjava.sql.SQLSyntaxErrorException: Column 'PKA_ID' not found.
				
2026-07-04 15:31:04 [http-nio-8495-exec-8] ERROR c.v.d.r.productMstDropDownRowMapper -productMstDropDownRowMapper  Method Exceptionjava.sql.SQLSyntaxErrorException: Column 'PKA_ID' not found.
				
2026-07-04 15:31:04 [http-nio-8495-exec-8] ERROR c.v.d.r.productMstDropDownRowMapper -productMstDropDownRowMapper  Method Exceptionjava.sql.SQLSyntaxErrorException: Column 'PKA_ID' not found.
				
2026-07-04 15:31:04 [http-nio-8495-exec-8] ERROR c.v.d.r.productMstDropDownRowMapper -productMstDropDownRowMapper  Method Exceptionjava.sql.SQLSyntaxErrorException: Column 'PKA_ID' not found.
				
2026-07-04 15:31:04 [http-nio-8495-exec-8] ERROR c.v.d.r.productMstDropDownRowMapper -productMstDropDownRowMapper  Method Exceptionjava.sql.SQLSyntaxErrorException: Column 'PKA_ID' not found.
				
2026-07-04 15:31:04 [http-nio-8495-exec-8] ERROR c.v.d.r.productMstDropDownRowMapper -productMstDropDownRowMapper  Method Exceptionjava.sql.SQLSyntaxErrorException: Column 'PKA_ID' not found.
				
2026-07-04 15:31:04 [http-nio-8495-exec-8] ERROR c.v.d.r.productMstDropDownRowMapper -productMstDropDownRowMapper  Method Exceptionjava.sql.SQLSyntaxErrorException: Column 'PKA_ID' not found.
				
2026-07-04 15:31:04 [http-nio-8495-exec-8] ERROR c.v.d.r.productMstDropDownRowMapper -productMstDropDownRowMapper  Method Exceptionjava.sql.SQLSyntaxErrorException: Column 'PKA_ID' not found.
				
2026-07-04 15:31:04 [http-nio-8495-exec-8] ERROR c.v.d.r.productMstDropDownRowMapper -productMstDropDownRowMapper  Method Exceptionjava.sql.SQLSyntaxErrorException: Column 'PKA_ID' not found.
				
2026-07-04 15:31:04 [http-nio-8495-exec-8] ERROR c.v.d.r.productMstDropDownRowMapper -productMstDropDownRowMapper  Method Exceptionjava.sql.SQLSyntaxErrorException: Column 'PKA_ID' not found.
				
2026-07-04 15:31:04 [http-nio-8495-exec-8] ERROR c.v.d.r.productMstDropDownRowMapper -productMstDropDownRowMapper  Method Exceptionjava.sql.SQLSyntaxErrorException: Column 'PKA_ID' not found.
				
2026-07-04 15:31:04 [http-nio-8495-exec-8] ERROR c.v.d.r.productMstDropDownRowMapper -productMstDropDownRowMapper  Method Exceptionjava.sql.SQLSyntaxErrorException: Column 'PKA_ID' not found.
				
2026-07-04 15:31:04 [http-nio-8495-exec-8] ERROR c.v.d.r.productMstDropDownRowMapper -productMstDropDownRowMapper  Method Exceptionjava.sql.SQLSyntaxErrorException: Column 'PKA_ID' not found.
				
2026-07-04 15:31:04 [http-nio-8495-exec-8] ERROR c.v.d.r.productMstDropDownRowMapper -productMstDropDownRowMapper  Method Exceptionjava.sql.SQLSyntaxErrorException: Column 'PKA_ID' not found.
				
2026-07-04 15:31:04 [http-nio-8495-exec-8] ERROR c.v.d.r.productMstDropDownRowMapper -productMstDropDownRowMapper  Method Exceptionjava.sql.SQLSyntaxErrorException: Column 'PKA_ID' not found.
				
2026-07-04 15:31:04 [http-nio-8495-exec-8] ERROR c.v.d.r.productMstDropDownRowMapper -productMstDropDownRowMapper  Method Exceptionjava.sql.SQLSyntaxErrorException: Column 'PKA_ID' not found.
				
2026-07-04 15:31:04 [http-nio-8495-exec-8] ERROR c.v.d.r.productMstDropDownRowMapper -productMstDropDownRowMapper  Method Exceptionjava.sql.SQLSyntaxErrorException: Column 'PKA_ID' not found.
				
2026-07-04 15:31:04 [http-nio-8495-exec-8] ERROR c.v.d.r.productMstDropDownRowMapper -productMstDropDownRowMapper  Method Exceptionjava.sql.SQLSyntaxErrorException: Column 'PKA_ID' not found.
				
2026-07-04 15:31:04 [http-nio-8495-exec-8] ERROR c.v.d.r.productMstDropDownRowMapper -productMstDropDownRowMapper  Method Exceptionjava.sql.SQLSyntaxErrorException: Column 'PKA_ID' not found.
				
2026-07-04 15:31:04 [http-nio-8495-exec-8] ERROR c.v.d.r.productMstDropDownRowMapper -productMstDropDownRowMapper  Method Exceptionjava.sql.SQLSyntaxErrorException: Column 'PKA_ID' not found.
				
2026-07-04 15:31:04 [http-nio-8495-exec-8] ERROR c.v.d.r.productMstDropDownRowMapper -productMstDropDownRowMapper  Method Exceptionjava.sql.SQLSyntaxErrorException: Column 'PKA_ID' not found.
				
2026-07-04 15:31:04 [http-nio-8495-exec-8] ERROR c.v.d.r.productMstDropDownRowMapper -productMstDropDownRowMapper  Method Exceptionjava.sql.SQLSyntaxErrorException: Column 'PKA_ID' not found.
				
2026-07-04 15:31:04 [http-nio-8495-exec-8] ERROR c.v.d.r.productMstDropDownRowMapper -productMstDropDownRowMapper  Method Exceptionjava.sql.SQLSyntaxErrorException: Column 'PKA_ID' not found.
				
2026-07-04 15:31:04 [http-nio-8495-exec-8] ERROR c.v.d.r.productMstDropDownRowMapper -productMstDropDownRowMapper  Method Exceptionjava.sql.SQLSyntaxErrorException: Column 'PKA_ID' not found.
				
2026-07-04 15:31:04 [http-nio-8495-exec-8] ERROR c.v.d.r.productMstDropDownRowMapper -productMstDropDownRowMapper  Method Exceptionjava.sql.SQLSyntaxErrorException: Column 'PKA_ID' not found.
				
2026-07-04 15:31:04 [http-nio-8495-exec-8] ERROR c.v.d.r.productMstDropDownRowMapper -productMstDropDownRowMapper  Method Exceptionjava.sql.SQLSyntaxErrorException: Column 'PKA_ID' not found.
				
2026-07-04 15:31:04 [http-nio-8495-exec-8] ERROR c.v.d.r.productMstDropDownRowMapper -productMstDropDownRowMapper  Method Exceptionjava.sql.SQLSyntaxErrorException: Column 'PKA_ID' not found.
				
2026-07-04 15:31:04 [http-nio-8495-exec-8] ERROR c.v.d.r.productMstDropDownRowMapper -productMstDropDownRowMapper  Method Exceptionjava.sql.SQLSyntaxErrorException: Column 'PKA_ID' not found.
				
2026-07-04 15:31:04 [http-nio-8495-exec-8] ERROR c.v.d.r.productMstDropDownRowMapper -productMstDropDownRowMapper  Method Exceptionjava.sql.SQLSyntaxErrorException: Column 'PKA_ID' not found.
				
2026-07-04 15:31:04 [http-nio-8495-exec-8] ERROR c.v.d.r.productMstDropDownRowMapper -productMstDropDownRowMapper  Method Exceptionjava.sql.SQLSyntaxErrorException: Column 'PKA_ID' not found.
				
2026-07-04 15:31:04 [http-nio-8495-exec-8] ERROR c.v.d.r.productMstDropDownRowMapper -productMstDropDownRowMapper  Method Exceptionjava.sql.SQLSyntaxErrorException: Column 'PKA_ID' not found.
				
2026-07-04 15:31:04 [http-nio-8495-exec-8] ERROR c.v.d.r.productMstDropDownRowMapper -productMstDropDownRowMapper  Method Exceptionjava.sql.SQLSyntaxErrorException: Column 'PKA_ID' not found.
				
2026-07-04 15:31:04 [http-nio-8495-exec-8] ERROR c.v.d.r.productMstDropDownRowMapper -productMstDropDownRowMapper  Method Exceptionjava.sql.SQLSyntaxErrorException: Column 'PKA_ID' not found.
				
2026-07-04 15:31:04 [http-nio-8495-exec-8] ERROR c.v.d.r.productMstDropDownRowMapper -productMstDropDownRowMapper  Method Exceptionjava.sql.SQLSyntaxErrorException: Column 'PKA_ID' not found.
				
2026-07-04 15:31:04 [http-nio-8495-exec-8] ERROR c.v.d.r.productMstDropDownRowMapper -productMstDropDownRowMapper  Method Exceptionjava.sql.SQLSyntaxErrorException: Column 'PKA_ID' not found.
				
2026-07-04 15:31:04 [http-nio-8495-exec-8] ERROR c.v.d.r.productMstDropDownRowMapper -productMstDropDownRowMapper  Method Exceptionjava.sql.SQLSyntaxErrorException: Column 'PKA_ID' not found.
				
2026-07-04 15:31:04 [http-nio-8495-exec-8] ERROR c.v.d.r.productMstDropDownRowMapper -productMstDropDownRowMapper  Method Exceptionjava.sql.SQLSyntaxErrorException: Column 'PKA_ID' not found.
				
2026-07-04 15:31:04 [http-nio-8495-exec-8] ERROR c.v.d.r.productMstDropDownRowMapper -productMstDropDownRowMapper  Method Exceptionjava.sql.SQLSyntaxErrorException: Column 'PKA_ID' not found.
				
2026-07-04 15:31:04 [http-nio-8495-exec-8] ERROR c.v.d.r.productMstDropDownRowMapper -productMstDropDownRowMapper  Method Exceptionjava.sql.SQLSyntaxErrorException: Column 'PKA_ID' not found.
				
2026-07-04 15:31:04 [http-nio-8495-exec-8] ERROR c.v.d.r.productMstDropDownRowMapper -productMstDropDownRowMapper  Method Exceptionjava.sql.SQLSyntaxErrorException: Column 'PKA_ID' not found.
				
2026-07-04 15:31:04 [http-nio-8495-exec-8] ERROR c.v.d.r.productMstDropDownRowMapper -productMstDropDownRowMapper  Method Exceptionjava.sql.SQLSyntaxErrorException: Column 'PKA_ID' not found.
				
2026-07-04 15:31:04 [http-nio-8495-exec-8] ERROR c.v.d.r.productMstDropDownRowMapper -productMstDropDownRowMapper  Method Exceptionjava.sql.SQLSyntaxErrorException: Column 'PKA_ID' not found.
				
2026-07-04 15:31:04 [http-nio-8495-exec-8] ERROR c.v.d.r.productMstDropDownRowMapper -productMstDropDownRowMapper  Method Exceptionjava.sql.SQLSyntaxErrorException: Column 'PKA_ID' not found.
				
2026-07-04 15:31:04 [http-nio-8495-exec-8] ERROR c.v.d.r.productMstDropDownRowMapper -productMstDropDownRowMapper  Method Exceptionjava.sql.SQLSyntaxErrorException: Column 'PKA_ID' not found.
				
2026-07-04 15:31:04 [http-nio-8495-exec-8] ERROR c.v.d.r.productMstDropDownRowMapper -productMstDropDownRowMapper  Method Exceptionjava.sql.SQLSyntaxErrorException: Column 'PKA_ID' not found.
				
2026-07-04 15:31:04 [http-nio-8495-exec-8] ERROR c.v.d.r.productMstDropDownRowMapper -productMstDropDownRowMapper  Method Exceptionjava.sql.SQLSyntaxErrorException: Column 'PKA_ID' not found.
				
2026-07-04 15:31:04 [http-nio-8495-exec-8] ERROR c.v.d.r.productMstDropDownRowMapper -productMstDropDownRowMapper  Method Exceptionjava.sql.SQLSyntaxErrorException: Column 'PKA_ID' not found.
				
2026-07-04 15:31:04 [http-nio-8495-exec-8] ERROR c.v.d.r.productMstDropDownRowMapper -productMstDropDownRowMapper  Method Exceptionjava.sql.SQLSyntaxErrorException: Column 'PKA_ID' not found.
				
2026-07-04 15:31:04 [http-nio-8495-exec-8] ERROR c.v.d.r.productMstDropDownRowMapper -productMstDropDownRowMapper  Method Exceptionjava.sql.SQLSyntaxErrorException: Column 'PKA_ID' not found.
				
2026-07-04 15:31:04 [http-nio-8495-exec-8] ERROR c.v.d.r.productMstDropDownRowMapper -productMstDropDownRowMapper  Method Exceptionjava.sql.SQLSyntaxErrorException: Column 'PKA_ID' not found.
				
2026-07-04 15:31:04 [http-nio-8495-exec-8] ERROR c.v.d.r.productMstDropDownRowMapper -productMstDropDownRowMapper  Method Exceptionjava.sql.SQLSyntaxErrorException: Column 'PKA_ID' not found.
				
2026-07-04 15:31:04 [http-nio-8495-exec-8] ERROR c.v.d.r.productMstDropDownRowMapper -productMstDropDownRowMapper  Method Exceptionjava.sql.SQLSyntaxErrorException: Column 'PKA_ID' not found.
				
2026-07-04 15:31:04 [http-nio-8495-exec-8] ERROR c.v.d.r.productMstDropDownRowMapper -productMstDropDownRowMapper  Method Exceptionjava.sql.SQLSyntaxErrorException: Column 'PKA_ID' not found.
				
2026-07-04 15:31:04 [http-nio-8495-exec-8] ERROR c.v.d.r.productMstDropDownRowMapper -productMstDropDownRowMapper  Method Exceptionjava.sql.SQLSyntaxErrorException: Column 'PKA_ID' not found.
				
2026-07-04 15:31:04 [http-nio-8495-exec-8] ERROR c.v.d.r.productMstDropDownRowMapper -productMstDropDownRowMapper  Method Exceptionjava.sql.SQLSyntaxErrorException: Column 'PKA_ID' not found.
				
2026-07-04 15:31:04 [http-nio-8495-exec-8] ERROR c.v.d.r.productMstDropDownRowMapper -productMstDropDownRowMapper  Method Exceptionjava.sql.SQLSyntaxErrorException: Column 'PKA_ID' not found.
				
2026-07-04 15:31:04 [http-nio-8495-exec-8] ERROR c.v.d.r.productMstDropDownRowMapper -productMstDropDownRowMapper  Method Exceptionjava.sql.SQLSyntaxErrorException: Column 'PKA_ID' not found.
				
2026-07-04 15:31:04 [http-nio-8495-exec-8] ERROR c.v.d.r.productMstDropDownRowMapper -productMstDropDownRowMapper  Method Exceptionjava.sql.SQLSyntaxErrorException: Column 'PKA_ID' not found.
				
2026-07-04 15:31:04 [http-nio-8495-exec-8] ERROR c.v.d.r.productMstDropDownRowMapper -productMstDropDownRowMapper  Method Exceptionjava.sql.SQLSyntaxErrorException: Column 'PKA_ID' not found.
				
2026-07-04 15:31:04 [http-nio-8495-exec-8] ERROR c.v.d.r.productMstDropDownRowMapper -productMstDropDownRowMapper  Method Exceptionjava.sql.SQLSyntaxErrorException: Column 'PKA_ID' not found.
				
2026-07-04 15:31:04 [http-nio-8495-exec-8] ERROR c.v.d.r.productMstDropDownRowMapper -productMstDropDownRowMapper  Method Exceptionjava.sql.SQLSyntaxErrorException: Column 'PKA_ID' not found.
				
2026-07-04 15:31:04 [http-nio-8495-exec-8] ERROR c.v.d.r.productMstDropDownRowMapper -productMstDropDownRowMapper  Method Exceptionjava.sql.SQLSyntaxErrorException: Column 'PKA_ID' not found.
				
2026-07-04 15:31:04 [http-nio-8495-exec-8] ERROR c.v.d.r.productMstDropDownRowMapper -productMstDropDownRowMapper  Method Exceptionjava.sql.SQLSyntaxErrorException: Column 'PKA_ID' not found.
				
2026-07-04 15:31:04 [http-nio-8495-exec-8] ERROR c.v.d.r.productMstDropDownRowMapper -productMstDropDownRowMapper  Method Exceptionjava.sql.SQLSyntaxErrorException: Column 'PKA_ID' not found.
				
2026-07-04 15:31:04 [http-nio-8495-exec-8] ERROR c.v.d.r.productMstDropDownRowMapper -productMstDropDownRowMapper  Method Exceptionjava.sql.SQLSyntaxErrorException: Column 'PKA_ID' not found.
				
2026-07-04 15:31:04 [http-nio-8495-exec-8] ERROR c.v.d.r.productMstDropDownRowMapper -productMstDropDownRowMapper  Method Exceptionjava.sql.SQLSyntaxErrorException: Column 'PKA_ID' not found.
				
2026-07-04 15:31:04 [http-nio-8495-exec-8] ERROR c.v.d.r.productMstDropDownRowMapper -productMstDropDownRowMapper  Method Exceptionjava.sql.SQLSyntaxErrorException: Column 'PKA_ID' not found.
				
2026-07-04 15:31:04 [http-nio-8495-exec-8] ERROR c.v.d.r.productMstDropDownRowMapper -productMstDropDownRowMapper  Method Exceptionjava.sql.SQLSyntaxErrorException: Column 'PKA_ID' not found.
				
2026-07-04 15:31:04 [http-nio-8495-exec-8] ERROR c.v.d.r.productMstDropDownRowMapper -productMstDropDownRowMapper  Method Exceptionjava.sql.SQLSyntaxErrorException: Column 'PKA_ID' not found.
				
2026-07-04 15:31:04 [http-nio-8495-exec-8] ERROR c.v.d.r.productMstDropDownRowMapper -productMstDropDownRowMapper  Method Exceptionjava.sql.SQLSyntaxErrorException: Column 'PKA_ID' not found.
				
2026-07-04 15:31:04 [http-nio-8495-exec-8] ERROR c.v.d.r.productMstDropDownRowMapper -productMstDropDownRowMapper  Method Exceptionjava.sql.SQLSyntaxErrorException: Column 'PKA_ID' not found.
				
2026-07-04 15:31:04 [http-nio-8495-exec-8] ERROR c.v.d.r.productMstDropDownRowMapper -productMstDropDownRowMapper  Method Exceptionjava.sql.SQLSyntaxErrorException: Column 'PKA_ID' not found.
				
2026-07-04 15:31:04 [http-nio-8495-exec-8] ERROR c.v.d.r.productMstDropDownRowMapper -productMstDropDownRowMapper  Method Exceptionjava.sql.SQLSyntaxErrorException: Column 'PKA_ID' not found.
				
2026-07-04 15:31:04 [http-nio-8495-exec-8] ERROR c.v.d.r.productMstDropDownRowMapper -productMstDropDownRowMapper  Method Exceptionjava.sql.SQLSyntaxErrorException: Column 'PKA_ID' not found.
				
2026-07-04 15:31:04 [http-nio-8495-exec-8] ERROR c.v.d.r.productMstDropDownRowMapper -productMstDropDownRowMapper  Method Exceptionjava.sql.SQLSyntaxErrorException: Column 'PKA_ID' not found.
				
2026-07-04 15:31:04 [http-nio-8495-exec-8] ERROR c.v.d.r.productMstDropDownRowMapper -productMstDropDownRowMapper  Method Exceptionjava.sql.SQLSyntaxErrorException: Column 'PKA_ID' not found.
				
2026-07-04 15:31:04 [http-nio-8495-exec-8] ERROR c.v.d.r.productMstDropDownRowMapper -productMstDropDownRowMapper  Method Exceptionjava.sql.SQLSyntaxErrorException: Column 'PKA_ID' not found.
				
2026-07-04 15:31:04 [http-nio-8495-exec-8] ERROR c.v.d.r.productMstDropDownRowMapper -productMstDropDownRowMapper  Method Exceptionjava.sql.SQLSyntaxErrorException: Column 'PKA_ID' not found.
				
2026-07-04 15:31:04 [http-nio-8495-exec-8] ERROR c.v.d.r.productMstDropDownRowMapper -productMstDropDownRowMapper  Method Exceptionjava.sql.SQLSyntaxErrorException: Column 'PKA_ID' not found.
				
2026-07-04 15:31:04 [http-nio-8495-exec-8] ERROR c.v.d.r.productMstDropDownRowMapper -productMstDropDownRowMapper  Method Exceptionjava.sql.SQLSyntaxErrorException: Column 'PKA_ID' not found.
				
2026-07-04 15:31:04 [http-nio-8495-exec-8] ERROR c.v.d.r.productMstDropDownRowMapper -productMstDropDownRowMapper  Method Exceptionjava.sql.SQLSyntaxErrorException: Column 'PKA_ID' not found.
				
2026-07-04 15:31:04 [http-nio-8495-exec-8] ERROR c.v.d.r.productMstDropDownRowMapper -productMstDropDownRowMapper  Method Exceptionjava.sql.SQLSyntaxErrorException: Column 'PKA_ID' not found.
				
2026-07-04 15:31:04 [http-nio-8495-exec-8] ERROR c.v.d.r.productMstDropDownRowMapper -productMstDropDownRowMapper  Method Exceptionjava.sql.SQLSyntaxErrorException: Column 'PKA_ID' not found.
				
2026-07-04 15:31:04 [http-nio-8495-exec-8] ERROR c.v.d.r.productMstDropDownRowMapper -productMstDropDownRowMapper  Method Exceptionjava.sql.SQLSyntaxErrorException: Column 'PKA_ID' not found.
				
2026-07-04 15:31:04 [http-nio-8495-exec-8] ERROR c.v.d.r.productMstDropDownRowMapper -productMstDropDownRowMapper  Method Exceptionjava.sql.SQLSyntaxErrorException: Column 'PKA_ID' not found.
				
2026-07-04 15:31:04 [http-nio-8495-exec-8] ERROR c.v.d.r.productMstDropDownRowMapper -productMstDropDownRowMapper  Method Exceptionjava.sql.SQLSyntaxErrorException: Column 'PKA_ID' not found.
				
2026-07-04 15:31:04 [http-nio-8495-exec-8] ERROR c.v.d.r.productMstDropDownRowMapper -productMstDropDownRowMapper  Method Exceptionjava.sql.SQLSyntaxErrorException: Column 'PKA_ID' not found.
				
2026-07-04 15:31:04 [http-nio-8495-exec-8] ERROR c.v.d.r.productMstDropDownRowMapper -productMstDropDownRowMapper  Method Exceptionjava.sql.SQLSyntaxErrorException: Column 'PKA_ID' not found.
				
2026-07-04 15:31:04 [http-nio-8495-exec-8] ERROR c.v.d.r.productMstDropDownRowMapper -productMstDropDownRowMapper  Method Exceptionjava.sql.SQLSyntaxErrorException: Column 'PKA_ID' not found.
				
2026-07-04 15:31:04 [http-nio-8495-exec-8] ERROR c.v.d.r.productMstDropDownRowMapper -productMstDropDownRowMapper  Method Exceptionjava.sql.SQLSyntaxErrorException: Column 'PKA_ID' not found.
				
2026-07-04 15:31:04 [http-nio-8495-exec-8] ERROR c.v.d.r.productMstDropDownRowMapper -productMstDropDownRowMapper  Method Exceptionjava.sql.SQLSyntaxErrorException: Column 'PKA_ID' not found.
				
2026-07-04 15:31:04 [http-nio-8495-exec-8] ERROR c.v.d.r.productMstDropDownRowMapper -productMstDropDownRowMapper  Method Exceptionjava.sql.SQLSyntaxErrorException: Column 'PKA_ID' not found.
				
2026-07-04 15:31:04 [http-nio-8495-exec-8] ERROR c.v.d.r.productMstDropDownRowMapper -productMstDropDownRowMapper  Method Exceptionjava.sql.SQLSyntaxErrorException: Column 'PKA_ID' not found.
				
2026-07-04 15:31:04 [http-nio-8495-exec-8] ERROR c.v.d.r.productMstDropDownRowMapper -productMstDropDownRowMapper  Method Exceptionjava.sql.SQLSyntaxErrorException: Column 'PKA_ID' not found.
				
2026-07-04 15:31:04 [http-nio-8495-exec-8] ERROR c.v.d.r.productMstDropDownRowMapper -productMstDropDownRowMapper  Method Exceptionjava.sql.SQLSyntaxErrorException: Column 'PKA_ID' not found.
				
2026-07-04 15:31:04 [http-nio-8495-exec-8] ERROR c.v.d.r.productMstDropDownRowMapper -productMstDropDownRowMapper  Method Exceptionjava.sql.SQLSyntaxErrorException: Column 'PKA_ID' not found.
				
2026-07-04 15:31:04 [http-nio-8495-exec-8] ERROR c.v.d.r.productMstDropDownRowMapper -productMstDropDownRowMapper  Method Exceptionjava.sql.SQLSyntaxErrorException: Column 'PKA_ID' not found.
				
2026-07-04 15:31:04 [http-nio-8495-exec-8] ERROR c.v.d.r.productMstDropDownRowMapper -productMstDropDownRowMapper  Method Exceptionjava.sql.SQLSyntaxErrorException: Column 'PKA_ID' not found.
				
2026-07-04 15:31:04 [http-nio-8495-exec-8] ERROR c.v.d.r.productMstDropDownRowMapper -productMstDropDownRowMapper  Method Exceptionjava.sql.SQLSyntaxErrorException: Column 'PKA_ID' not found.
				
2026-07-04 15:31:04 [http-nio-8495-exec-8] ERROR c.v.d.r.productMstDropDownRowMapper -productMstDropDownRowMapper  Method Exceptionjava.sql.SQLSyntaxErrorException: Column 'PKA_ID' not found.
				
2026-07-04 15:31:04 [http-nio-8495-exec-8] ERROR c.v.d.r.productMstDropDownRowMapper -productMstDropDownRowMapper  Method Exceptionjava.sql.SQLSyntaxErrorException: Column 'PKA_ID' not found.
				
2026-07-04 15:31:04 [http-nio-8495-exec-8] ERROR c.v.d.r.productMstDropDownRowMapper -productMstDropDownRowMapper  Method Exceptionjava.sql.SQLSyntaxErrorException: Column 'PKA_ID' not found.
				
2026-07-04 15:31:04 [http-nio-8495-exec-8] ERROR c.v.d.r.productMstDropDownRowMapper -productMstDropDownRowMapper  Method Exceptionjava.sql.SQLSyntaxErrorException: Column 'PKA_ID' not found.
				
2026-07-04 15:31:04 [http-nio-8495-exec-8] ERROR c.v.d.r.productMstDropDownRowMapper -productMstDropDownRowMapper  Method Exceptionjava.sql.SQLSyntaxErrorException: Column 'PKA_ID' not found.
				
2026-07-04 15:31:04 [http-nio-8495-exec-8] ERROR c.v.d.r.productMstDropDownRowMapper -productMstDropDownRowMapper  Method Exceptionjava.sql.SQLSyntaxErrorException: Column 'PKA_ID' not found.
				
2026-07-04 15:31:04 [http-nio-8495-exec-8] ERROR c.v.d.r.productMstDropDownRowMapper -productMstDropDownRowMapper  Method Exceptionjava.sql.SQLSyntaxErrorException: Column 'PKA_ID' not found.
				
2026-07-04 15:31:04 [http-nio-8495-exec-8] ERROR c.v.d.r.productMstDropDownRowMapper -productMstDropDownRowMapper  Method Exceptionjava.sql.SQLSyntaxErrorException: Column 'PKA_ID' not found.
				
2026-07-04 15:31:04 [http-nio-8495-exec-8] ERROR c.v.d.r.productMstDropDownRowMapper -productMstDropDownRowMapper  Method Exceptionjava.sql.SQLSyntaxErrorException: Column 'PKA_ID' not found.
				
2026-07-04 15:31:04 [http-nio-8495-exec-8] ERROR c.v.d.r.productMstDropDownRowMapper -productMstDropDownRowMapper  Method Exceptionjava.sql.SQLSyntaxErrorException: Column 'PKA_ID' not found.
				
2026-07-04 15:31:04 [http-nio-8495-exec-8] ERROR c.v.d.r.productMstDropDownRowMapper -productMstDropDownRowMapper  Method Exceptionjava.sql.SQLSyntaxErrorException: Column 'PKA_ID' not found.
				
2026-07-04 15:31:04 [http-nio-8495-exec-8] ERROR c.v.d.r.productMstDropDownRowMapper -productMstDropDownRowMapper  Method Exceptionjava.sql.SQLSyntaxErrorException: Column 'PKA_ID' not found.
				
2026-07-04 15:31:04 [http-nio-8495-exec-8] ERROR c.v.d.r.productMstDropDownRowMapper -productMstDropDownRowMapper  Method Exceptionjava.sql.SQLSyntaxErrorException: Column 'PKA_ID' not found.
				
2026-07-04 15:31:04 [http-nio-8495-exec-8] ERROR c.v.d.r.productMstDropDownRowMapper -productMstDropDownRowMapper  Method Exceptionjava.sql.SQLSyntaxErrorException: Column 'PKA_ID' not found.
				
2026-07-04 15:31:04 [http-nio-8495-exec-8] ERROR c.v.d.r.productMstDropDownRowMapper -productMstDropDownRowMapper  Method Exceptionjava.sql.SQLSyntaxErrorException: Column 'PKA_ID' not found.
				
2026-07-04 15:31:04 [http-nio-8495-exec-8] ERROR c.v.d.r.productMstDropDownRowMapper -productMstDropDownRowMapper  Method Exceptionjava.sql.SQLSyntaxErrorException: Column 'PKA_ID' not found.
				
2026-07-04 15:31:04 [http-nio-8495-exec-8] ERROR c.v.d.r.productMstDropDownRowMapper -productMstDropDownRowMapper  Method Exceptionjava.sql.SQLSyntaxErrorException: Column 'PKA_ID' not found.
				
2026-07-04 15:31:04 [http-nio-8495-exec-8] ERROR c.v.d.r.productMstDropDownRowMapper -productMstDropDownRowMapper  Method Exceptionjava.sql.SQLSyntaxErrorException: Column 'PKA_ID' not found.
				
2026-07-04 15:31:04 [http-nio-8495-exec-8] ERROR c.v.d.r.productMstDropDownRowMapper -productMstDropDownRowMapper  Method Exceptionjava.sql.SQLSyntaxErrorException: Column 'PKA_ID' not found.
				
2026-07-04 15:31:04 [http-nio-8495-exec-8] ERROR c.v.d.r.productMstDropDownRowMapper -productMstDropDownRowMapper  Method Exceptionjava.sql.SQLSyntaxErrorException: Column 'PKA_ID' not found.
				
2026-07-04 15:31:04 [http-nio-8495-exec-8] ERROR c.v.d.r.productMstDropDownRowMapper -productMstDropDownRowMapper  Method Exceptionjava.sql.SQLSyntaxErrorException: Column 'PKA_ID' not found.
				
2026-07-04 15:31:04 [http-nio-8495-exec-8] ERROR c.v.d.r.productMstDropDownRowMapper -productMstDropDownRowMapper  Method Exceptionjava.sql.SQLSyntaxErrorException: Column 'PKA_ID' not found.
				
2026-07-04 15:31:04 [http-nio-8495-exec-8] ERROR c.v.d.r.productMstDropDownRowMapper -productMstDropDownRowMapper  Method Exceptionjava.sql.SQLSyntaxErrorException: Column 'PKA_ID' not found.
				
2026-07-04 15:31:04 [http-nio-8495-exec-8] ERROR c.v.d.r.productMstDropDownRowMapper -productMstDropDownRowMapper  Method Exceptionjava.sql.SQLSyntaxErrorException: Column 'PKA_ID' not found.
				
2026-07-04 15:31:04 [http-nio-8495-exec-8] ERROR c.v.d.r.productMstDropDownRowMapper -productMstDropDownRowMapper  Method Exceptionjava.sql.SQLSyntaxErrorException: Column 'PKA_ID' not found.
				
2026-07-04 15:31:04 [http-nio-8495-exec-8] ERROR c.v.d.r.productMstDropDownRowMapper -productMstDropDownRowMapper  Method Exceptionjava.sql.SQLSyntaxErrorException: Column 'PKA_ID' not found.
				
2026-07-04 15:31:04 [http-nio-8495-exec-8] ERROR c.v.d.r.productMstDropDownRowMapper -productMstDropDownRowMapper  Method Exceptionjava.sql.SQLSyntaxErrorException: Column 'PKA_ID' not found.
				
2026-07-04 15:31:04 [http-nio-8495-exec-8] ERROR c.v.d.r.productMstDropDownRowMapper -productMstDropDownRowMapper  Method Exceptionjava.sql.SQLSyntaxErrorException: Column 'PKA_ID' not found.
				
2026-07-04 15:31:04 [http-nio-8495-exec-8] ERROR c.v.d.r.productMstDropDownRowMapper -productMstDropDownRowMapper  Method Exceptionjava.sql.SQLSyntaxErrorException: Column 'PKA_ID' not found.
				
2026-07-04 15:31:04 [http-nio-8495-exec-8] ERROR c.v.d.r.productMstDropDownRowMapper -productMstDropDownRowMapper  Method Exceptionjava.sql.SQLSyntaxErrorException: Column 'PKA_ID' not found.
				
2026-07-04 15:31:04 [http-nio-8495-exec-8] ERROR c.v.d.r.productMstDropDownRowMapper -productMstDropDownRowMapper  Method Exceptionjava.sql.SQLSyntaxErrorException: Column 'PKA_ID' not found.
				
2026-07-04 15:31:04 [http-nio-8495-exec-8] ERROR c.v.d.r.productMstDropDownRowMapper -productMstDropDownRowMapper  Method Exceptionjava.sql.SQLSyntaxErrorException: Column 'PKA_ID' not found.
				
2026-07-04 15:31:04 [http-nio-8495-exec-8] ERROR c.v.d.r.productMstDropDownRowMapper -productMstDropDownRowMapper  Method Exceptionjava.sql.SQLSyntaxErrorException: Column 'PKA_ID' not found.
				
2026-07-04 15:31:04 [http-nio-8495-exec-8] ERROR c.v.d.r.productMstDropDownRowMapper -productMstDropDownRowMapper  Method Exceptionjava.sql.SQLSyntaxErrorException: Column 'PKA_ID' not found.
				
2026-07-04 15:31:04 [http-nio-8495-exec-8] ERROR c.v.d.r.productMstDropDownRowMapper -productMstDropDownRowMapper  Method Exceptionjava.sql.SQLSyntaxErrorException: Column 'PKA_ID' not found.
				
2026-07-04 15:31:04 [http-nio-8495-exec-8] ERROR c.v.d.r.productMstDropDownRowMapper -productMstDropDownRowMapper  Method Exceptionjava.sql.SQLSyntaxErrorException: Column 'PKA_ID' not found.
				
2026-07-04 15:31:04 [http-nio-8495-exec-8] ERROR c.v.d.r.productMstDropDownRowMapper -productMstDropDownRowMapper  Method Exceptionjava.sql.SQLSyntaxErrorException: Column 'PKA_ID' not found.
				
2026-07-04 15:31:04 [http-nio-8495-exec-8] ERROR c.v.d.r.productMstDropDownRowMapper -productMstDropDownRowMapper  Method Exceptionjava.sql.SQLSyntaxErrorException: Column 'PKA_ID' not found.
				
2026-07-04 15:31:04 [http-nio-8495-exec-8] ERROR c.v.d.r.productMstDropDownRowMapper -productMstDropDownRowMapper  Method Exceptionjava.sql.SQLSyntaxErrorException: Column 'PKA_ID' not found.
				
2026-07-04 15:31:04 [http-nio-8495-exec-8] ERROR c.v.d.r.productMstDropDownRowMapper -productMstDropDownRowMapper  Method Exceptionjava.sql.SQLSyntaxErrorException: Column 'PKA_ID' not found.
				
2026-07-04 15:31:04 [http-nio-8495-exec-8] ERROR c.v.d.r.productMstDropDownRowMapper -productMstDropDownRowMapper  Method Exceptionjava.sql.SQLSyntaxErrorException: Column 'PKA_ID' not found.
				
2026-07-04 15:31:04 [http-nio-8495-exec-8] ERROR c.v.d.r.productMstDropDownRowMapper -productMstDropDownRowMapper  Method Exceptionjava.sql.SQLSyntaxErrorException: Column 'PKA_ID' not found.
				
2026-07-04 15:31:04 [http-nio-8495-exec-8] ERROR c.v.d.r.productMstDropDownRowMapper -productMstDropDownRowMapper  Method Exceptionjava.sql.SQLSyntaxErrorException: Column 'PKA_ID' not found.
				
2026-07-04 15:31:04 [http-nio-8495-exec-8] ERROR c.v.d.r.productMstDropDownRowMapper -productMstDropDownRowMapper  Method Exceptionjava.sql.SQLSyntaxErrorException: Column 'PKA_ID' not found.
				
2026-07-04 15:31:04 [http-nio-8495-exec-8] ERROR c.v.d.r.productMstDropDownRowMapper -productMstDropDownRowMapper  Method Exceptionjava.sql.SQLSyntaxErrorException: Column 'PKA_ID' not found.
				
2026-07-04 15:31:04 [http-nio-8495-exec-8] ERROR c.v.d.r.productMstDropDownRowMapper -productMstDropDownRowMapper  Method Exceptionjava.sql.SQLSyntaxErrorException: Column 'PKA_ID' not found.
				
2026-07-04 15:31:04 [http-nio-8495-exec-8] ERROR c.v.d.r.productMstDropDownRowMapper -productMstDropDownRowMapper  Method Exceptionjava.sql.SQLSyntaxErrorException: Column 'PKA_ID' not found.
				
2026-07-04 15:31:04 [http-nio-8495-exec-8] ERROR c.v.d.r.productMstDropDownRowMapper -productMstDropDownRowMapper  Method Exceptionjava.sql.SQLSyntaxErrorException: Column 'PKA_ID' not found.
				
2026-07-04 15:31:04 [http-nio-8495-exec-8] ERROR c.v.d.r.productMstDropDownRowMapper -productMstDropDownRowMapper  Method Exceptionjava.sql.SQLSyntaxErrorException: Column 'PKA_ID' not found.
				
2026-07-04 15:31:04 [http-nio-8495-exec-8] ERROR c.v.d.r.productMstDropDownRowMapper -productMstDropDownRowMapper  Method Exceptionjava.sql.SQLSyntaxErrorException: Column 'PKA_ID' not found.
				
2026-07-04 15:31:04 [http-nio-8495-exec-8] ERROR c.v.d.r.productMstDropDownRowMapper -productMstDropDownRowMapper  Method Exceptionjava.sql.SQLSyntaxErrorException: Column 'PKA_ID' not found.
				
2026-07-04 15:31:04 [http-nio-8495-exec-8] ERROR c.v.d.r.productMstDropDownRowMapper -productMstDropDownRowMapper  Method Exceptionjava.sql.SQLSyntaxErrorException: Column 'PKA_ID' not found.
				
2026-07-04 15:31:04 [http-nio-8495-exec-8] ERROR c.v.d.r.productMstDropDownRowMapper -productMstDropDownRowMapper  Method Exceptionjava.sql.SQLSyntaxErrorException: Column 'PKA_ID' not found.
				
2026-07-04 15:31:04 [http-nio-8495-exec-8] ERROR c.v.d.r.productMstDropDownRowMapper -productMstDropDownRowMapper  Method Exceptionjava.sql.SQLSyntaxErrorException: Column 'PKA_ID' not found.
				
2026-07-04 15:31:04 [http-nio-8495-exec-8] ERROR c.v.d.r.productMstDropDownRowMapper -productMstDropDownRowMapper  Method Exceptionjava.sql.SQLSyntaxErrorException: Column 'PKA_ID' not found.
				
2026-07-04 15:31:04 [http-nio-8495-exec-8] ERROR c.v.d.r.productMstDropDownRowMapper -productMstDropDownRowMapper  Method Exceptionjava.sql.SQLSyntaxErrorException: Column 'PKA_ID' not found.
				
2026-07-04 15:31:04 [http-nio-8495-exec-8] ERROR c.v.d.r.productMstDropDownRowMapper -productMstDropDownRowMapper  Method Exceptionjava.sql.SQLSyntaxErrorException: Column 'PKA_ID' not found.
				
2026-07-04 15:31:04 [http-nio-8495-exec-8] ERROR c.v.d.r.productMstDropDownRowMapper -productMstDropDownRowMapper  Method Exceptionjava.sql.SQLSyntaxErrorException: Column 'PKA_ID' not found.
				
2026-07-04 15:31:04 [http-nio-8495-exec-8] ERROR c.v.d.r.productMstDropDownRowMapper -productMstDropDownRowMapper  Method Exceptionjava.sql.SQLSyntaxErrorException: Column 'PKA_ID' not found.
				
2026-07-04 15:31:04 [http-nio-8495-exec-8] ERROR c.v.d.r.productMstDropDownRowMapper -productMstDropDownRowMapper  Method Exceptionjava.sql.SQLSyntaxErrorException: Column 'PKA_ID' not found.
				
2026-07-04 15:31:04 [http-nio-8495-exec-8] ERROR c.v.d.r.productMstDropDownRowMapper -productMstDropDownRowMapper  Method Exceptionjava.sql.SQLSyntaxErrorException: Column 'PKA_ID' not found.
				
2026-07-04 15:31:04 [http-nio-8495-exec-8] ERROR c.v.d.r.productMstDropDownRowMapper -productMstDropDownRowMapper  Method Exceptionjava.sql.SQLSyntaxErrorException: Column 'PKA_ID' not found.
				
2026-07-04 15:31:04 [http-nio-8495-exec-8] ERROR c.v.d.r.productMstDropDownRowMapper -productMstDropDownRowMapper  Method Exceptionjava.sql.SQLSyntaxErrorException: Column 'PKA_ID' not found.
				
2026-07-04 15:31:04 [http-nio-8495-exec-8] ERROR c.v.d.r.productMstDropDownRowMapper -productMstDropDownRowMapper  Method Exceptionjava.sql.SQLSyntaxErrorException: Column 'PKA_ID' not found.
				
2026-07-04 15:31:04 [http-nio-8495-exec-8] ERROR c.v.d.r.productMstDropDownRowMapper -productMstDropDownRowMapper  Method Exceptionjava.sql.SQLSyntaxErrorException: Column 'PKA_ID' not found.
				
2026-07-04 15:31:04 [http-nio-8495-exec-8] ERROR c.v.d.r.productMstDropDownRowMapper -productMstDropDownRowMapper  Method Exceptionjava.sql.SQLSyntaxErrorException: Column 'PKA_ID' not found.
				
2026-07-04 15:31:04 [http-nio-8495-exec-8] ERROR c.v.d.r.productMstDropDownRowMapper -productMstDropDownRowMapper  Method Exceptionjava.sql.SQLSyntaxErrorException: Column 'PKA_ID' not found.
				
2026-07-04 15:31:04 [http-nio-8495-exec-8] ERROR c.v.d.r.productMstDropDownRowMapper -productMstDropDownRowMapper  Method Exceptionjava.sql.SQLSyntaxErrorException: Column 'PKA_ID' not found.
				
2026-07-04 15:31:04 [http-nio-8495-exec-8] ERROR c.v.d.r.productMstDropDownRowMapper -productMstDropDownRowMapper  Method Exceptionjava.sql.SQLSyntaxErrorException: Column 'PKA_ID' not found.
				
2026-07-04 15:31:04 [http-nio-8495-exec-8] ERROR c.v.d.r.productMstDropDownRowMapper -productMstDropDownRowMapper  Method Exceptionjava.sql.SQLSyntaxErrorException: Column 'PKA_ID' not found.
				
2026-07-04 15:31:04 [http-nio-8495-exec-8] ERROR c.v.d.r.productMstDropDownRowMapper -productMstDropDownRowMapper  Method Exceptionjava.sql.SQLSyntaxErrorException: Column 'PKA_ID' not found.
				
2026-07-04 15:31:04 [http-nio-8495-exec-8] ERROR c.v.d.r.productMstDropDownRowMapper -productMstDropDownRowMapper  Method Exceptionjava.sql.SQLSyntaxErrorException: Column 'PKA_ID' not found.
				
2026-07-04 15:31:04 [http-nio-8495-exec-8] ERROR c.v.d.r.productMstDropDownRowMapper -productMstDropDownRowMapper  Method Exceptionjava.sql.SQLSyntaxErrorException: Column 'PKA_ID' not found.
				
2026-07-04 15:31:04 [http-nio-8495-exec-8] ERROR c.v.d.r.productMstDropDownRowMapper -productMstDropDownRowMapper  Method Exceptionjava.sql.SQLSyntaxErrorException: Column 'PKA_ID' not found.
				
2026-07-04 15:31:04 [http-nio-8495-exec-8] ERROR c.v.d.r.productMstDropDownRowMapper -productMstDropDownRowMapper  Method Exceptionjava.sql.SQLSyntaxErrorException: Column 'PKA_ID' not found.
				
2026-07-04 15:31:04 [http-nio-8495-exec-8] ERROR c.v.d.r.productMstDropDownRowMapper -productMstDropDownRowMapper  Method Exceptionjava.sql.SQLSyntaxErrorException: Column 'PKA_ID' not found.
				
2026-07-04 15:31:04 [http-nio-8495-exec-8] ERROR c.v.d.r.productMstDropDownRowMapper -productMstDropDownRowMapper  Method Exceptionjava.sql.SQLSyntaxErrorException: Column 'PKA_ID' not found.
				
2026-07-04 15:31:04 [http-nio-8495-exec-8] ERROR c.v.d.r.productMstDropDownRowMapper -productMstDropDownRowMapper  Method Exceptionjava.sql.SQLSyntaxErrorException: Column 'PKA_ID' not found.
				
2026-07-04 15:31:04 [http-nio-8495-exec-8] ERROR c.v.d.r.productMstDropDownRowMapper -productMstDropDownRowMapper  Method Exceptionjava.sql.SQLSyntaxErrorException: Column 'PKA_ID' not found.
				
2026-07-04 15:31:04 [http-nio-8495-exec-8] ERROR c.v.d.r.productMstDropDownRowMapper -productMstDropDownRowMapper  Method Exceptionjava.sql.SQLSyntaxErrorException: Column 'PKA_ID' not found.
				
2026-07-04 15:31:04 [http-nio-8495-exec-8] ERROR c.v.d.r.productMstDropDownRowMapper -productMstDropDownRowMapper  Method Exceptionjava.sql.SQLSyntaxErrorException: Column 'PKA_ID' not found.
				
2026-07-04 15:31:04 [http-nio-8495-exec-8] ERROR c.v.d.r.productMstDropDownRowMapper -productMstDropDownRowMapper  Method Exceptionjava.sql.SQLSyntaxErrorException: Column 'PKA_ID' not found.
				
2026-07-04 15:31:04 [http-nio-8495-exec-8] ERROR c.v.d.r.productMstDropDownRowMapper -productMstDropDownRowMapper  Method Exceptionjava.sql.SQLSyntaxErrorException: Column 'PKA_ID' not found.
				
2026-07-04 15:31:04 [http-nio-8495-exec-8] ERROR c.v.d.r.productMstDropDownRowMapper -productMstDropDownRowMapper  Method Exceptionjava.sql.SQLSyntaxErrorException: Column 'PKA_ID' not found.
				
2026-07-04 15:31:04 [http-nio-8495-exec-8] ERROR c.v.d.r.productMstDropDownRowMapper -productMstDropDownRowMapper  Method Exceptionjava.sql.SQLSyntaxErrorException: Column 'PKA_ID' not found.
				
2026-07-04 15:31:04 [http-nio-8495-exec-8] ERROR c.v.d.r.productMstDropDownRowMapper -productMstDropDownRowMapper  Method Exceptionjava.sql.SQLSyntaxErrorException: Column 'PKA_ID' not found.
				
2026-07-04 15:31:04 [http-nio-8495-exec-8] ERROR c.v.d.r.productMstDropDownRowMapper -productMstDropDownRowMapper  Method Exceptionjava.sql.SQLSyntaxErrorException: Column 'PKA_ID' not found.
				
2026-07-04 15:31:04 [http-nio-8495-exec-8] ERROR c.v.d.r.productMstDropDownRowMapper -productMstDropDownRowMapper  Method Exceptionjava.sql.SQLSyntaxErrorException: Column 'PKA_ID' not found.
				
2026-07-04 15:31:04 [http-nio-8495-exec-8] ERROR c.v.d.r.productMstDropDownRowMapper -productMstDropDownRowMapper  Method Exceptionjava.sql.SQLSyntaxErrorException: Column 'PKA_ID' not found.
				
2026-07-04 15:31:04 [http-nio-8495-exec-8] ERROR c.v.d.r.productMstDropDownRowMapper -productMstDropDownRowMapper  Method Exceptionjava.sql.SQLSyntaxErrorException: Column 'PKA_ID' not found.
				
2026-07-04 15:31:04 [http-nio-8495-exec-8] ERROR c.v.d.r.productMstDropDownRowMapper -productMstDropDownRowMapper  Method Exceptionjava.sql.SQLSyntaxErrorException: Column 'PKA_ID' not found.
				
2026-07-04 15:31:04 [http-nio-8495-exec-8] ERROR c.v.d.r.productMstDropDownRowMapper -productMstDropDownRowMapper  Method Exceptionjava.sql.SQLSyntaxErrorException: Column 'PKA_ID' not found.
				
2026-07-04 15:31:04 [http-nio-8495-exec-8] ERROR c.v.d.r.productMstDropDownRowMapper -productMstDropDownRowMapper  Method Exceptionjava.sql.SQLSyntaxErrorException: Column 'PKA_ID' not found.
				
2026-07-04 15:31:04 [http-nio-8495-exec-8] ERROR c.v.d.r.productMstDropDownRowMapper -productMstDropDownRowMapper  Method Exceptionjava.sql.SQLSyntaxErrorException: Column 'PKA_ID' not found.
				
2026-07-04 15:31:04 [http-nio-8495-exec-8] ERROR c.v.d.r.productMstDropDownRowMapper -productMstDropDownRowMapper  Method Exceptionjava.sql.SQLSyntaxErrorException: Column 'PKA_ID' not found.
				
2026-07-04 15:31:04 [http-nio-8495-exec-8] ERROR c.v.d.r.productMstDropDownRowMapper -productMstDropDownRowMapper  Method Exceptionjava.sql.SQLSyntaxErrorException: Column 'PKA_ID' not found.
				
2026-07-04 15:31:04 [http-nio-8495-exec-8] ERROR c.v.d.r.productMstDropDownRowMapper -productMstDropDownRowMapper  Method Exceptionjava.sql.SQLSyntaxErrorException: Column 'PKA_ID' not found.
				
2026-07-04 15:31:04 [http-nio-8495-exec-8] ERROR c.v.d.r.productMstDropDownRowMapper -productMstDropDownRowMapper  Method Exceptionjava.sql.SQLSyntaxErrorException: Column 'PKA_ID' not found.
				
2026-07-04 15:31:04 [http-nio-8495-exec-8] ERROR c.v.d.r.productMstDropDownRowMapper -productMstDropDownRowMapper  Method Exceptionjava.sql.SQLSyntaxErrorException: Column 'PKA_ID' not found.
				
2026-07-04 15:31:04 [http-nio-8495-exec-8] ERROR c.v.d.r.productMstDropDownRowMapper -productMstDropDownRowMapper  Method Exceptionjava.sql.SQLSyntaxErrorException: Column 'PKA_ID' not found.
				
2026-07-04 15:31:04 [http-nio-8495-exec-8] ERROR c.v.d.r.productMstDropDownRowMapper -productMstDropDownRowMapper  Method Exceptionjava.sql.SQLSyntaxErrorException: Column 'PKA_ID' not found.
				
2026-07-04 15:31:04 [http-nio-8495-exec-8] ERROR c.v.d.r.productMstDropDownRowMapper -productMstDropDownRowMapper  Method Exceptionjava.sql.SQLSyntaxErrorException: Column 'PKA_ID' not found.
				
2026-07-04 15:31:04 [http-nio-8495-exec-8] ERROR c.v.d.r.productMstDropDownRowMapper -productMstDropDownRowMapper  Method Exceptionjava.sql.SQLSyntaxErrorException: Column 'PKA_ID' not found.
				
2026-07-04 15:31:04 [http-nio-8495-exec-8] ERROR c.v.d.r.productMstDropDownRowMapper -productMstDropDownRowMapper  Method Exceptionjava.sql.SQLSyntaxErrorException: Column 'PKA_ID' not found.
				
2026-07-04 15:31:04 [http-nio-8495-exec-8] ERROR c.v.d.r.productMstDropDownRowMapper -productMstDropDownRowMapper  Method Exceptionjava.sql.SQLSyntaxErrorException: Column 'PKA_ID' not found.
				
2026-07-04 15:31:04 [http-nio-8495-exec-8] ERROR c.v.d.r.productMstDropDownRowMapper -productMstDropDownRowMapper  Method Exceptionjava.sql.SQLSyntaxErrorException: Column 'PKA_ID' not found.
				
2026-07-04 15:31:04 [http-nio-8495-exec-8] ERROR c.v.d.r.productMstDropDownRowMapper -productMstDropDownRowMapper  Method Exceptionjava.sql.SQLSyntaxErrorException: Column 'PKA_ID' not found.
				
2026-07-04 15:31:04 [http-nio-8495-exec-8] ERROR c.v.d.r.productMstDropDownRowMapper -productMstDropDownRowMapper  Method Exceptionjava.sql.SQLSyntaxErrorException: Column 'PKA_ID' not found.
				
2026-07-04 15:31:04 [http-nio-8495-exec-8] ERROR c.v.d.r.productMstDropDownRowMapper -productMstDropDownRowMapper  Method Exceptionjava.sql.SQLSyntaxErrorException: Column 'PKA_ID' not found.
				
2026-07-04 15:31:04 [http-nio-8495-exec-8] ERROR c.v.d.r.productMstDropDownRowMapper -productMstDropDownRowMapper  Method Exceptionjava.sql.SQLSyntaxErrorException: Column 'PKA_ID' not found.
				
2026-07-04 15:31:04 [http-nio-8495-exec-8] ERROR c.v.d.r.productMstDropDownRowMapper -productMstDropDownRowMapper  Method Exceptionjava.sql.SQLSyntaxErrorException: Column 'PKA_ID' not found.
				
2026-07-04 15:31:04 [http-nio-8495-exec-8] ERROR c.v.d.r.productMstDropDownRowMapper -productMstDropDownRowMapper  Method Exceptionjava.sql.SQLSyntaxErrorException: Column 'PKA_ID' not found.
				
2026-07-04 15:31:04 [http-nio-8495-exec-8] ERROR c.v.d.r.productMstDropDownRowMapper -productMstDropDownRowMapper  Method Exceptionjava.sql.SQLSyntaxErrorException: Column 'PKA_ID' not found.
				
2026-07-04 15:31:04 [http-nio-8495-exec-8] ERROR c.v.d.r.productMstDropDownRowMapper -productMstDropDownRowMapper  Method Exceptionjava.sql.SQLSyntaxErrorException: Column 'PKA_ID' not found.
				
2026-07-04 15:31:04 [http-nio-8495-exec-8] ERROR c.v.d.r.productMstDropDownRowMapper -productMstDropDownRowMapper  Method Exceptionjava.sql.SQLSyntaxErrorException: Column 'PKA_ID' not found.
				
2026-07-04 15:31:04 [http-nio-8495-exec-8] ERROR c.v.d.r.productMstDropDownRowMapper -productMstDropDownRowMapper  Method Exceptionjava.sql.SQLSyntaxErrorException: Column 'PKA_ID' not found.
				
2026-07-04 15:31:04 [http-nio-8495-exec-8] ERROR c.v.d.r.productMstDropDownRowMapper -productMstDropDownRowMapper  Method Exceptionjava.sql.SQLSyntaxErrorException: Column 'PKA_ID' not found.
				
2026-07-04 15:31:04 [http-nio-8495-exec-8] ERROR c.v.d.r.productMstDropDownRowMapper -productMstDropDownRowMapper  Method Exceptionjava.sql.SQLSyntaxErrorException: Column 'PKA_ID' not found.
				
2026-07-04 15:31:04 [http-nio-8495-exec-8] ERROR c.v.d.r.productMstDropDownRowMapper -productMstDropDownRowMapper  Method Exceptionjava.sql.SQLSyntaxErrorException: Column 'PKA_ID' not found.
				
2026-07-04 15:31:04 [http-nio-8495-exec-8] ERROR c.v.d.r.productMstDropDownRowMapper -productMstDropDownRowMapper  Method Exceptionjava.sql.SQLSyntaxErrorException: Column 'PKA_ID' not found.
				
2026-07-04 15:31:04 [http-nio-8495-exec-8] ERROR c.v.d.r.productMstDropDownRowMapper -productMstDropDownRowMapper  Method Exceptionjava.sql.SQLSyntaxErrorException: Column 'PKA_ID' not found.
				
2026-07-04 15:31:04 [http-nio-8495-exec-8] ERROR c.v.d.r.productMstDropDownRowMapper -productMstDropDownRowMapper  Method Exceptionjava.sql.SQLSyntaxErrorException: Column 'PKA_ID' not found.
				
2026-07-04 15:31:04 [http-nio-8495-exec-8] ERROR c.v.d.r.productMstDropDownRowMapper -productMstDropDownRowMapper  Method Exceptionjava.sql.SQLSyntaxErrorException: Column 'PKA_ID' not found.
				
2026-07-04 15:31:04 [http-nio-8495-exec-8] ERROR c.v.d.r.productMstDropDownRowMapper -productMstDropDownRowMapper  Method Exceptionjava.sql.SQLSyntaxErrorException: Column 'PKA_ID' not found.
				
2026-07-04 15:31:04 [http-nio-8495-exec-8] ERROR c.v.d.r.productMstDropDownRowMapper -productMstDropDownRowMapper  Method Exceptionjava.sql.SQLSyntaxErrorException: Column 'PKA_ID' not found.
				
2026-07-04 15:31:04 [http-nio-8495-exec-8] ERROR c.v.d.r.productMstDropDownRowMapper -productMstDropDownRowMapper  Method Exceptionjava.sql.SQLSyntaxErrorException: Column 'PKA_ID' not found.
				
2026-07-04 15:31:04 [http-nio-8495-exec-8] ERROR c.v.d.r.productMstDropDownRowMapper -productMstDropDownRowMapper  Method Exceptionjava.sql.SQLSyntaxErrorException: Column 'PKA_ID' not found.
				
2026-07-04 15:31:04 [http-nio-8495-exec-8] ERROR c.v.d.r.productMstDropDownRowMapper -productMstDropDownRowMapper  Method Exceptionjava.sql.SQLSyntaxErrorException: Column 'PKA_ID' not found.
				
2026-07-04 15:31:04 [http-nio-8495-exec-8] ERROR c.v.d.r.productMstDropDownRowMapper -productMstDropDownRowMapper  Method Exceptionjava.sql.SQLSyntaxErrorException: Column 'PKA_ID' not found.
				
2026-07-04 15:31:04 [http-nio-8495-exec-8] ERROR c.v.d.r.productMstDropDownRowMapper -productMstDropDownRowMapper  Method Exceptionjava.sql.SQLSyntaxErrorException: Column 'PKA_ID' not found.
				
2026-07-04 15:31:04 [http-nio-8495-exec-8] ERROR c.v.d.r.productMstDropDownRowMapper -productMstDropDownRowMapper  Method Exceptionjava.sql.SQLSyntaxErrorException: Column 'PKA_ID' not found.
				
2026-07-04 15:31:04 [http-nio-8495-exec-8] ERROR c.v.d.r.productMstDropDownRowMapper -productMstDropDownRowMapper  Method Exceptionjava.sql.SQLSyntaxErrorException: Column 'PKA_ID' not found.
				
2026-07-04 15:31:04 [http-nio-8495-exec-8] ERROR c.v.d.r.productMstDropDownRowMapper -productMstDropDownRowMapper  Method Exceptionjava.sql.SQLSyntaxErrorException: Column 'PKA_ID' not found.
				
2026-07-04 15:31:04 [http-nio-8495-exec-8] ERROR c.v.d.r.productMstDropDownRowMapper -productMstDropDownRowMapper  Method Exceptionjava.sql.SQLSyntaxErrorException: Column 'PKA_ID' not found.
				
2026-07-04 15:31:04 [http-nio-8495-exec-8] ERROR c.v.d.r.productMstDropDownRowMapper -productMstDropDownRowMapper  Method Exceptionjava.sql.SQLSyntaxErrorException: Column 'PKA_ID' not found.
				
2026-07-04 15:31:04 [http-nio-8495-exec-8] ERROR c.v.d.r.productMstDropDownRowMapper -productMstDropDownRowMapper  Method Exceptionjava.sql.SQLSyntaxErrorException: Column 'PKA_ID' not found.
				
2026-07-04 15:31:04 [http-nio-8495-exec-8] ERROR c.v.d.r.productMstDropDownRowMapper -productMstDropDownRowMapper  Method Exceptionjava.sql.SQLSyntaxErrorException: Column 'PKA_ID' not found.
				
2026-07-04 15:31:04 [http-nio-8495-exec-8] ERROR c.v.d.r.productMstDropDownRowMapper -productMstDropDownRowMapper  Method Exceptionjava.sql.SQLSyntaxErrorException: Column 'PKA_ID' not found.
				
2026-07-04 15:31:04 [http-nio-8495-exec-8] ERROR c.v.d.r.productMstDropDownRowMapper -productMstDropDownRowMapper  Method Exceptionjava.sql.SQLSyntaxErrorException: Column 'PKA_ID' not found.
				
2026-07-04 15:31:04 [http-nio-8495-exec-8] ERROR c.v.d.r.productMstDropDownRowMapper -productMstDropDownRowMapper  Method Exceptionjava.sql.SQLSyntaxErrorException: Column 'PKA_ID' not found.
				
2026-07-04 15:31:04 [http-nio-8495-exec-8] ERROR c.v.d.r.productMstDropDownRowMapper -productMstDropDownRowMapper  Method Exceptionjava.sql.SQLSyntaxErrorException: Column 'PKA_ID' not found.
				
2026-07-04 15:31:04 [http-nio-8495-exec-8] ERROR c.v.d.r.productMstDropDownRowMapper -productMstDropDownRowMapper  Method Exceptionjava.sql.SQLSyntaxErrorException: Column 'PKA_ID' not found.
				
2026-07-04 15:31:04 [http-nio-8495-exec-8] ERROR c.v.d.r.productMstDropDownRowMapper -productMstDropDownRowMapper  Method Exceptionjava.sql.SQLSyntaxErrorException: Column 'PKA_ID' not found.
				
2026-07-04 15:31:04 [http-nio-8495-exec-8] ERROR c.v.d.r.productMstDropDownRowMapper -productMstDropDownRowMapper  Method Exceptionjava.sql.SQLSyntaxErrorException: Column 'PKA_ID' not found.
				
2026-07-04 15:31:04 [http-nio-8495-exec-8] ERROR c.v.d.r.productMstDropDownRowMapper -productMstDropDownRowMapper  Method Exceptionjava.sql.SQLSyntaxErrorException: Column 'PKA_ID' not found.
				
2026-07-04 15:31:04 [http-nio-8495-exec-8] ERROR c.v.d.r.productMstDropDownRowMapper -productMstDropDownRowMapper  Method Exceptionjava.sql.SQLSyntaxErrorException: Column 'PKA_ID' not found.
				
2026-07-04 15:31:04 [http-nio-8495-exec-8] ERROR c.v.d.r.productMstDropDownRowMapper -productMstDropDownRowMapper  Method Exceptionjava.sql.SQLSyntaxErrorException: Column 'PKA_ID' not found.
				
2026-07-04 15:31:04 [http-nio-8495-exec-8] ERROR c.v.d.r.productMstDropDownRowMapper -productMstDropDownRowMapper  Method Exceptionjava.sql.SQLSyntaxErrorException: Column 'PKA_ID' not found.
				
2026-07-04 15:31:04 [http-nio-8495-exec-8] ERROR c.v.d.r.productMstDropDownRowMapper -productMstDropDownRowMapper  Method Exceptionjava.sql.SQLSyntaxErrorException: Column 'PKA_ID' not found.
				
2026-07-04 15:31:04 [http-nio-8495-exec-8] ERROR c.v.d.r.productMstDropDownRowMapper -productMstDropDownRowMapper  Method Exceptionjava.sql.SQLSyntaxErrorException: Column 'PKA_ID' not found.
				
2026-07-04 15:31:04 [http-nio-8495-exec-8] ERROR c.v.d.r.productMstDropDownRowMapper -productMstDropDownRowMapper  Method Exceptionjava.sql.SQLSyntaxErrorException: Column 'PKA_ID' not found.
				
2026-07-04 15:31:04 [http-nio-8495-exec-8] ERROR c.v.d.r.productMstDropDownRowMapper -productMstDropDownRowMapper  Method Exceptionjava.sql.SQLSyntaxErrorException: Column 'PKA_ID' not found.
				
2026-07-04 15:31:04 [http-nio-8495-exec-8] ERROR c.v.d.r.productMstDropDownRowMapper -productMstDropDownRowMapper  Method Exceptionjava.sql.SQLSyntaxErrorException: Column 'PKA_ID' not found.
				
2026-07-04 15:31:04 [http-nio-8495-exec-8] ERROR c.v.d.r.productMstDropDownRowMapper -productMstDropDownRowMapper  Method Exceptionjava.sql.SQLSyntaxErrorException: Column 'PKA_ID' not found.
				
2026-07-04 15:31:04 [http-nio-8495-exec-8] ERROR c.v.d.r.productMstDropDownRowMapper -productMstDropDownRowMapper  Method Exceptionjava.sql.SQLSyntaxErrorException: Column 'PKA_ID' not found.
				
2026-07-04 15:31:04 [http-nio-8495-exec-8] ERROR c.v.d.r.productMstDropDownRowMapper -productMstDropDownRowMapper  Method Exceptionjava.sql.SQLSyntaxErrorException: Column 'PKA_ID' not found.
				
2026-07-04 15:31:04 [http-nio-8495-exec-8] ERROR c.v.d.r.productMstDropDownRowMapper -productMstDropDownRowMapper  Method Exceptionjava.sql.SQLSyntaxErrorException: Column 'PKA_ID' not found.
				
2026-07-04 15:31:04 [http-nio-8495-exec-8] ERROR c.v.d.r.productMstDropDownRowMapper -productMstDropDownRowMapper  Method Exceptionjava.sql.SQLSyntaxErrorException: Column 'PKA_ID' not found.
				
2026-07-04 15:31:04 [http-nio-8495-exec-8] ERROR c.v.d.r.productMstDropDownRowMapper -productMstDropDownRowMapper  Method Exceptionjava.sql.SQLSyntaxErrorException: Column 'PKA_ID' not found.
				
2026-07-04 15:31:04 [http-nio-8495-exec-8] ERROR c.v.d.r.productMstDropDownRowMapper -productMstDropDownRowMapper  Method Exceptionjava.sql.SQLSyntaxErrorException: Column 'PKA_ID' not found.
				
2026-07-04 15:31:04 [http-nio-8495-exec-8] ERROR c.v.d.r.productMstDropDownRowMapper -productMstDropDownRowMapper  Method Exceptionjava.sql.SQLSyntaxErrorException: Column 'PKA_ID' not found.
				
2026-07-04 15:31:04 [http-nio-8495-exec-8] ERROR c.v.d.r.productMstDropDownRowMapper -productMstDropDownRowMapper  Method Exceptionjava.sql.SQLSyntaxErrorException: Column 'PKA_ID' not found.
				
2026-07-04 15:31:04 [http-nio-8495-exec-8] ERROR c.v.d.r.productMstDropDownRowMapper -productMstDropDownRowMapper  Method Exceptionjava.sql.SQLSyntaxErrorException: Column 'PKA_ID' not found.
				
2026-07-04 15:31:04 [http-nio-8495-exec-8] ERROR c.v.d.r.productMstDropDownRowMapper -productMstDropDownRowMapper  Method Exceptionjava.sql.SQLSyntaxErrorException: Column 'PKA_ID' not found.
				
2026-07-04 15:31:04 [http-nio-8495-exec-8] ERROR c.v.d.r.productMstDropDownRowMapper -productMstDropDownRowMapper  Method Exceptionjava.sql.SQLSyntaxErrorException: Column 'PKA_ID' not found.
				
2026-07-04 15:31:04 [http-nio-8495-exec-8] ERROR c.v.d.r.productMstDropDownRowMapper -productMstDropDownRowMapper  Method Exceptionjava.sql.SQLSyntaxErrorException: Column 'PKA_ID' not found.
				
2026-07-04 15:31:04 [http-nio-8495-exec-8] ERROR c.v.d.r.productMstDropDownRowMapper -productMstDropDownRowMapper  Method Exceptionjava.sql.SQLSyntaxErrorException: Column 'PKA_ID' not found.
				
2026-07-04 15:31:04 [http-nio-8495-exec-8] ERROR c.v.d.r.productMstDropDownRowMapper -productMstDropDownRowMapper  Method Exceptionjava.sql.SQLSyntaxErrorException: Column 'PKA_ID' not found.
				
2026-07-04 15:31:04 [http-nio-8495-exec-8] ERROR c.v.d.r.productMstDropDownRowMapper -productMstDropDownRowMapper  Method Exceptionjava.sql.SQLSyntaxErrorException: Column 'PKA_ID' not found.
				
2026-07-04 15:31:04 [http-nio-8495-exec-8] ERROR c.v.d.r.productMstDropDownRowMapper -productMstDropDownRowMapper  Method Exceptionjava.sql.SQLSyntaxErrorException: Column 'PKA_ID' not found.
				
2026-07-04 15:31:04 [http-nio-8495-exec-8] ERROR c.v.d.r.productMstDropDownRowMapper -productMstDropDownRowMapper  Method Exceptionjava.sql.SQLSyntaxErrorException: Column 'PKA_ID' not found.
				
2026-07-04 15:31:04 [http-nio-8495-exec-8] ERROR c.v.d.r.productMstDropDownRowMapper -productMstDropDownRowMapper  Method Exceptionjava.sql.SQLSyntaxErrorException: Column 'PKA_ID' not found.
				
2026-07-04 15:31:04 [http-nio-8495-exec-8] ERROR c.v.d.r.productMstDropDownRowMapper -productMstDropDownRowMapper  Method Exceptionjava.sql.SQLSyntaxErrorException: Column 'PKA_ID' not found.
				
2026-07-04 15:31:04 [http-nio-8495-exec-8] ERROR c.v.d.r.productMstDropDownRowMapper -productMstDropDownRowMapper  Method Exceptionjava.sql.SQLSyntaxErrorException: Column 'PKA_ID' not found.
				
2026-07-04 15:31:04 [http-nio-8495-exec-8] ERROR c.v.d.r.productMstDropDownRowMapper -productMstDropDownRowMapper  Method Exceptionjava.sql.SQLSyntaxErrorException: Column 'PKA_ID' not found.
				
2026-07-04 15:31:04 [http-nio-8495-exec-8] ERROR c.v.d.r.productMstDropDownRowMapper -productMstDropDownRowMapper  Method Exceptionjava.sql.SQLSyntaxErrorException: Column 'PKA_ID' not found.
				
2026-07-04 15:31:04 [http-nio-8495-exec-8] ERROR c.v.d.r.productMstDropDownRowMapper -productMstDropDownRowMapper  Method Exceptionjava.sql.SQLSyntaxErrorException: Column 'PKA_ID' not found.
				
2026-07-04 15:31:04 [http-nio-8495-exec-8] ERROR c.v.d.r.productMstDropDownRowMapper -productMstDropDownRowMapper  Method Exceptionjava.sql.SQLSyntaxErrorException: Column 'PKA_ID' not found.
				
2026-07-04 15:31:04 [http-nio-8495-exec-8] ERROR c.v.d.r.productMstDropDownRowMapper -productMstDropDownRowMapper  Method Exceptionjava.sql.SQLSyntaxErrorException: Column 'PKA_ID' not found.
				
2026-07-04 15:31:04 [http-nio-8495-exec-8] ERROR c.v.d.r.productMstDropDownRowMapper -productMstDropDownRowMapper  Method Exceptionjava.sql.SQLSyntaxErrorException: Column 'PKA_ID' not found.
				
2026-07-04 15:31:04 [http-nio-8495-exec-8] ERROR c.v.d.r.productMstDropDownRowMapper -productMstDropDownRowMapper  Method Exceptionjava.sql.SQLSyntaxErrorException: Column 'PKA_ID' not found.
				
2026-07-04 15:31:04 [http-nio-8495-exec-8] ERROR c.v.d.r.productMstDropDownRowMapper -productMstDropDownRowMapper  Method Exceptionjava.sql.SQLSyntaxErrorException: Column 'PKA_ID' not found.
				
2026-07-04 15:31:04 [http-nio-8495-exec-8] ERROR c.v.d.r.productMstDropDownRowMapper -productMstDropDownRowMapper  Method Exceptionjava.sql.SQLSyntaxErrorException: Column 'PKA_ID' not found.
				
2026-07-04 15:31:04 [http-nio-8495-exec-8] ERROR c.v.d.r.productMstDropDownRowMapper -productMstDropDownRowMapper  Method Exceptionjava.sql.SQLSyntaxErrorException: Column 'PKA_ID' not found.
				
2026-07-04 15:31:04 [http-nio-8495-exec-8] ERROR c.v.d.r.productMstDropDownRowMapper -productMstDropDownRowMapper  Method Exceptionjava.sql.SQLSyntaxErrorException: Column 'PKA_ID' not found.
				
2026-07-04 15:31:04 [http-nio-8495-exec-8] ERROR c.v.d.r.productMstDropDownRowMapper -productMstDropDownRowMapper  Method Exceptionjava.sql.SQLSyntaxErrorException: Column 'PKA_ID' not found.
				
2026-07-04 15:31:04 [http-nio-8495-exec-8] ERROR c.v.d.r.productMstDropDownRowMapper -productMstDropDownRowMapper  Method Exceptionjava.sql.SQLSyntaxErrorException: Column 'PKA_ID' not found.
				
2026-07-04 15:31:04 [http-nio-8495-exec-8] ERROR c.v.d.r.productMstDropDownRowMapper -productMstDropDownRowMapper  Method Exceptionjava.sql.SQLSyntaxErrorException: Column 'PKA_ID' not found.
				
2026-07-04 15:31:04 [http-nio-8495-exec-8] ERROR c.v.d.r.productMstDropDownRowMapper -productMstDropDownRowMapper  Method Exceptionjava.sql.SQLSyntaxErrorException: Column 'PKA_ID' not found.
				
2026-07-04 15:31:04 [http-nio-8495-exec-8] ERROR c.v.d.r.productMstDropDownRowMapper -productMstDropDownRowMapper  Method Exceptionjava.sql.SQLSyntaxErrorException: Column 'PKA_ID' not found.
				
2026-07-04 15:31:04 [http-nio-8495-exec-8] ERROR c.v.d.r.productMstDropDownRowMapper -productMstDropDownRowMapper  Method Exceptionjava.sql.SQLSyntaxErrorException: Column 'PKA_ID' not found.
				
2026-07-04 15:31:04 [http-nio-8495-exec-8] ERROR c.v.d.r.productMstDropDownRowMapper -productMstDropDownRowMapper  Method Exceptionjava.sql.SQLSyntaxErrorException: Column 'PKA_ID' not found.
				
2026-07-04 15:31:04 [http-nio-8495-exec-8] ERROR c.v.d.r.productMstDropDownRowMapper -productMstDropDownRowMapper  Method Exceptionjava.sql.SQLSyntaxErrorException: Column 'PKA_ID' not found.
				
2026-07-04 15:31:04 [http-nio-8495-exec-8] ERROR c.v.d.r.productMstDropDownRowMapper -productMstDropDownRowMapper  Method Exceptionjava.sql.SQLSyntaxErrorException: Column 'PKA_ID' not found.
				
2026-07-04 15:31:04 [http-nio-8495-exec-8] ERROR c.v.d.r.productMstDropDownRowMapper -productMstDropDownRowMapper  Method Exceptionjava.sql.SQLSyntaxErrorException: Column 'PKA_ID' not found.
				
2026-07-04 15:31:04 [http-nio-8495-exec-8] ERROR c.v.d.r.productMstDropDownRowMapper -productMstDropDownRowMapper  Method Exceptionjava.sql.SQLSyntaxErrorException: Column 'PKA_ID' not found.
				
2026-07-04 15:31:04 [http-nio-8495-exec-8] ERROR c.v.d.r.productMstDropDownRowMapper -productMstDropDownRowMapper  Method Exceptionjava.sql.SQLSyntaxErrorException: Column 'PKA_ID' not found.
				
2026-07-04 15:31:04 [http-nio-8495-exec-8] ERROR c.v.d.r.productMstDropDownRowMapper -productMstDropDownRowMapper  Method Exceptionjava.sql.SQLSyntaxErrorException: Column 'PKA_ID' not found.
				
2026-07-04 15:31:04 [http-nio-8495-exec-8] ERROR c.v.d.r.productMstDropDownRowMapper -productMstDropDownRowMapper  Method Exceptionjava.sql.SQLSyntaxErrorException: Column 'PKA_ID' not found.
				
2026-07-04 15:31:04 [http-nio-8495-exec-8] ERROR c.v.d.r.productMstDropDownRowMapper -productMstDropDownRowMapper  Method Exceptionjava.sql.SQLSyntaxErrorException: Column 'PKA_ID' not found.
				
2026-07-04 15:31:04 [http-nio-8495-exec-8] ERROR c.v.d.r.productMstDropDownRowMapper -productMstDropDownRowMapper  Method Exceptionjava.sql.SQLSyntaxErrorException: Column 'PKA_ID' not found.
				
2026-07-04 15:31:04 [http-nio-8495-exec-8] ERROR c.v.d.r.productMstDropDownRowMapper -productMstDropDownRowMapper  Method Exceptionjava.sql.SQLSyntaxErrorException: Column 'PKA_ID' not found.
				
2026-07-04 15:31:04 [http-nio-8495-exec-8] ERROR c.v.d.r.productMstDropDownRowMapper -productMstDropDownRowMapper  Method Exceptionjava.sql.SQLSyntaxErrorException: Column 'PKA_ID' not found.
				
2026-07-04 15:31:04 [http-nio-8495-exec-8] ERROR c.v.d.r.productMstDropDownRowMapper -productMstDropDownRowMapper  Method Exceptionjava.sql.SQLSyntaxErrorException: Column 'PKA_ID' not found.
				
2026-07-04 15:31:04 [http-nio-8495-exec-8] ERROR c.v.d.r.productMstDropDownRowMapper -productMstDropDownRowMapper  Method Exceptionjava.sql.SQLSyntaxErrorException: Column 'PKA_ID' not found.
				
2026-07-04 15:31:04 [http-nio-8495-exec-8] ERROR c.v.d.r.productMstDropDownRowMapper -productMstDropDownRowMapper  Method Exceptionjava.sql.SQLSyntaxErrorException: Column 'PKA_ID' not found.
				
2026-07-04 15:31:04 [http-nio-8495-exec-8] ERROR c.v.d.r.productMstDropDownRowMapper -productMstDropDownRowMapper  Method Exceptionjava.sql.SQLSyntaxErrorException: Column 'PKA_ID' not found.
				
2026-07-04 15:31:04 [http-nio-8495-exec-8] ERROR c.v.d.r.productMstDropDownRowMapper -productMstDropDownRowMapper  Method Exceptionjava.sql.SQLSyntaxErrorException: Column 'PKA_ID' not found.
				
2026-07-04 15:31:04 [http-nio-8495-exec-8] ERROR c.v.d.r.productMstDropDownRowMapper -productMstDropDownRowMapper  Method Exceptionjava.sql.SQLSyntaxErrorException: Column 'PKA_ID' not found.
				
2026-07-04 15:31:04 [http-nio-8495-exec-8] ERROR c.v.d.r.productMstDropDownRowMapper -productMstDropDownRowMapper  Method Exceptionjava.sql.SQLSyntaxErrorException: Column 'PKA_ID' not found.
				
2026-07-04 15:31:04 [http-nio-8495-exec-8] ERROR c.v.d.r.productMstDropDownRowMapper -productMstDropDownRowMapper  Method Exceptionjava.sql.SQLSyntaxErrorException: Column 'PKA_ID' not found.
				
2026-07-04 15:31:04 [http-nio-8495-exec-8] ERROR c.v.d.r.productMstDropDownRowMapper -productMstDropDownRowMapper  Method Exceptionjava.sql.SQLSyntaxErrorException: Column 'PKA_ID' not found.
				
2026-07-04 15:31:04 [http-nio-8495-exec-8] ERROR c.v.d.r.productMstDropDownRowMapper -productMstDropDownRowMapper  Method Exceptionjava.sql.SQLSyntaxErrorException: Column 'PKA_ID' not found.
				
2026-07-04 15:31:04 [http-nio-8495-exec-8] ERROR c.v.d.r.productMstDropDownRowMapper -productMstDropDownRowMapper  Method Exceptionjava.sql.SQLSyntaxErrorException: Column 'PKA_ID' not found.
				
2026-07-04 15:31:04 [http-nio-8495-exec-8] ERROR c.v.d.r.productMstDropDownRowMapper -productMstDropDownRowMapper  Method Exceptionjava.sql.SQLSyntaxErrorException: Column 'PKA_ID' not found.
				
2026-07-04 15:31:04 [http-nio-8495-exec-8] ERROR c.v.d.r.productMstDropDownRowMapper -productMstDropDownRowMapper  Method Exceptionjava.sql.SQLSyntaxErrorException: Column 'PKA_ID' not found.
				
2026-07-04 15:31:04 [http-nio-8495-exec-8] ERROR c.v.d.r.productMstDropDownRowMapper -productMstDropDownRowMapper  Method Exceptionjava.sql.SQLSyntaxErrorException: Column 'PKA_ID' not found.
				
2026-07-04 15:31:04 [http-nio-8495-exec-8] ERROR c.v.d.r.productMstDropDownRowMapper -productMstDropDownRowMapper  Method Exceptionjava.sql.SQLSyntaxErrorException: Column 'PKA_ID' not found.
				
2026-07-04 15:31:04 [http-nio-8495-exec-8] ERROR c.v.d.r.productMstDropDownRowMapper -productMstDropDownRowMapper  Method Exceptionjava.sql.SQLSyntaxErrorException: Column 'PKA_ID' not found.
				
2026-07-04 15:31:04 [http-nio-8495-exec-8] ERROR c.v.d.r.productMstDropDownRowMapper -productMstDropDownRowMapper  Method Exceptionjava.sql.SQLSyntaxErrorException: Column 'PKA_ID' not found.
				
2026-07-04 15:31:04 [http-nio-8495-exec-8] ERROR c.v.d.r.productMstDropDownRowMapper -productMstDropDownRowMapper  Method Exceptionjava.sql.SQLSyntaxErrorException: Column 'PKA_ID' not found.
				
2026-07-04 15:31:04 [http-nio-8495-exec-8] ERROR c.v.d.r.productMstDropDownRowMapper -productMstDropDownRowMapper  Method Exceptionjava.sql.SQLSyntaxErrorException: Column 'PKA_ID' not found.
				
2026-07-04 15:31:04 [http-nio-8495-exec-8] ERROR c.v.d.r.productMstDropDownRowMapper -productMstDropDownRowMapper  Method Exceptionjava.sql.SQLSyntaxErrorException: Column 'PKA_ID' not found.
				
2026-07-04 15:31:04 [http-nio-8495-exec-8] ERROR c.v.d.r.productMstDropDownRowMapper -productMstDropDownRowMapper  Method Exceptionjava.sql.SQLSyntaxErrorException: Column 'PKA_ID' not found.
				
2026-07-04 15:31:04 [http-nio-8495-exec-8] ERROR c.v.d.r.productMstDropDownRowMapper -productMstDropDownRowMapper  Method Exceptionjava.sql.SQLSyntaxErrorException: Column 'PKA_ID' not found.
				
2026-07-04 15:31:04 [http-nio-8495-exec-8] ERROR c.v.d.r.productMstDropDownRowMapper -productMstDropDownRowMapper  Method Exceptionjava.sql.SQLSyntaxErrorException: Column 'PKA_ID' not found.
				
2026-07-04 15:31:04 [http-nio-8495-exec-8] ERROR c.v.d.r.productMstDropDownRowMapper -productMstDropDownRowMapper  Method Exceptionjava.sql.SQLSyntaxErrorException: Column 'PKA_ID' not found.
				
2026-07-04 15:31:04 [http-nio-8495-exec-8] ERROR c.v.d.r.productMstDropDownRowMapper -productMstDropDownRowMapper  Method Exceptionjava.sql.SQLSyntaxErrorException: Column 'PKA_ID' not found.
				
2026-07-04 15:31:04 [http-nio-8495-exec-8] ERROR c.v.d.r.productMstDropDownRowMapper -productMstDropDownRowMapper  Method Exceptionjava.sql.SQLSyntaxErrorException: Column 'PKA_ID' not found.
				
2026-07-04 15:31:04 [http-nio-8495-exec-8] ERROR c.v.d.r.productMstDropDownRowMapper -productMstDropDownRowMapper  Method Exceptionjava.sql.SQLSyntaxErrorException: Column 'PKA_ID' not found.
				
2026-07-04 15:31:04 [http-nio-8495-exec-8] ERROR c.v.d.r.productMstDropDownRowMapper -productMstDropDownRowMapper  Method Exceptionjava.sql.SQLSyntaxErrorException: Column 'PKA_ID' not found.
				
2026-07-04 15:31:04 [http-nio-8495-exec-8] ERROR c.v.d.r.productMstDropDownRowMapper -productMstDropDownRowMapper  Method Exceptionjava.sql.SQLSyntaxErrorException: Column 'PKA_ID' not found.
				
2026-07-04 15:31:04 [http-nio-8495-exec-8] ERROR c.v.d.r.productMstDropDownRowMapper -productMstDropDownRowMapper  Method Exceptionjava.sql.SQLSyntaxErrorException: Column 'PKA_ID' not found.
				
2026-07-04 15:31:04 [http-nio-8495-exec-8] ERROR c.v.d.r.productMstDropDownRowMapper -productMstDropDownRowMapper  Method Exceptionjava.sql.SQLSyntaxErrorException: Column 'PKA_ID' not found.
				
2026-07-04 15:31:04 [http-nio-8495-exec-8] ERROR c.v.d.r.productMstDropDownRowMapper -productMstDropDownRowMapper  Method Exceptionjava.sql.SQLSyntaxErrorException: Column 'PKA_ID' not found.
				
2026-07-04 15:31:04 [http-nio-8495-exec-8] ERROR c.v.d.r.productMstDropDownRowMapper -productMstDropDownRowMapper  Method Exceptionjava.sql.SQLSyntaxErrorException: Column 'PKA_ID' not found.
				
2026-07-04 15:31:04 [http-nio-8495-exec-8] ERROR c.v.d.r.productMstDropDownRowMapper -productMstDropDownRowMapper  Method Exceptionjava.sql.SQLSyntaxErrorException: Column 'PKA_ID' not found.
				
2026-07-04 15:31:04 [http-nio-8495-exec-8] ERROR c.v.d.r.productMstDropDownRowMapper -productMstDropDownRowMapper  Method Exceptionjava.sql.SQLSyntaxErrorException: Column 'PKA_ID' not found.
				
2026-07-04 15:31:04 [http-nio-8495-exec-8] ERROR c.v.d.r.productMstDropDownRowMapper -productMstDropDownRowMapper  Method Exceptionjava.sql.SQLSyntaxErrorException: Column 'PKA_ID' not found.
				
2026-07-04 15:31:04 [http-nio-8495-exec-8] ERROR c.v.d.r.productMstDropDownRowMapper -productMstDropDownRowMapper  Method Exceptionjava.sql.SQLSyntaxErrorException: Column 'PKA_ID' not found.
				
2026-07-04 15:31:04 [http-nio-8495-exec-8] ERROR c.v.d.r.productMstDropDownRowMapper -productMstDropDownRowMapper  Method Exceptionjava.sql.SQLSyntaxErrorException: Column 'PKA_ID' not found.
				
2026-07-04 15:31:04 [http-nio-8495-exec-8] ERROR c.v.d.r.productMstDropDownRowMapper -productMstDropDownRowMapper  Method Exceptionjava.sql.SQLSyntaxErrorException: Column 'PKA_ID' not found.
				
2026-07-04 15:31:04 [http-nio-8495-exec-8] ERROR c.v.d.r.productMstDropDownRowMapper -productMstDropDownRowMapper  Method Exceptionjava.sql.SQLSyntaxErrorException: Column 'PKA_ID' not found.
				
2026-07-04 15:31:04 [http-nio-8495-exec-8] ERROR c.v.d.r.productMstDropDownRowMapper -productMstDropDownRowMapper  Method Exceptionjava.sql.SQLSyntaxErrorException: Column 'PKA_ID' not found.
				
2026-07-04 15:31:04 [http-nio-8495-exec-8] ERROR c.v.d.r.productMstDropDownRowMapper -productMstDropDownRowMapper  Method Exceptionjava.sql.SQLSyntaxErrorException: Column 'PKA_ID' not found.
				
2026-07-04 15:31:04 [http-nio-8495-exec-8] ERROR c.v.d.r.productMstDropDownRowMapper -productMstDropDownRowMapper  Method Exceptionjava.sql.SQLSyntaxErrorException: Column 'PKA_ID' not found.
				
2026-07-04 15:31:04 [http-nio-8495-exec-8] ERROR c.v.d.r.productMstDropDownRowMapper -productMstDropDownRowMapper  Method Exceptionjava.sql.SQLSyntaxErrorException: Column 'PKA_ID' not found.
				
2026-07-04 15:31:04 [http-nio-8495-exec-8] ERROR c.v.d.r.productMstDropDownRowMapper -productMstDropDownRowMapper  Method Exceptionjava.sql.SQLSyntaxErrorException: Column 'PKA_ID' not found.
				
2026-07-04 15:31:04 [http-nio-8495-exec-8] ERROR c.v.d.r.productMstDropDownRowMapper -productMstDropDownRowMapper  Method Exceptionjava.sql.SQLSyntaxErrorException: Column 'PKA_ID' not found.
				
2026-07-04 15:31:04 [http-nio-8495-exec-8] ERROR c.v.d.r.productMstDropDownRowMapper -productMstDropDownRowMapper  Method Exceptionjava.sql.SQLSyntaxErrorException: Column 'PKA_ID' not found.
				
2026-07-04 15:31:04 [http-nio-8495-exec-8] ERROR c.v.d.r.productMstDropDownRowMapper -productMstDropDownRowMapper  Method Exceptionjava.sql.SQLSyntaxErrorException: Column 'PKA_ID' not found.
				
2026-07-04 15:31:04 [http-nio-8495-exec-8] ERROR c.v.d.r.productMstDropDownRowMapper -productMstDropDownRowMapper  Method Exceptionjava.sql.SQLSyntaxErrorException: Column 'PKA_ID' not found.
				
2026-07-04 15:31:04 [http-nio-8495-exec-8] ERROR c.v.d.r.productMstDropDownRowMapper -productMstDropDownRowMapper  Method Exceptionjava.sql.SQLSyntaxErrorException: Column 'PKA_ID' not found.
				
2026-07-04 15:31:04 [http-nio-8495-exec-8] ERROR c.v.d.r.productMstDropDownRowMapper -productMstDropDownRowMapper  Method Exceptionjava.sql.SQLSyntaxErrorException: Column 'PKA_ID' not found.
				
2026-07-04 15:31:04 [http-nio-8495-exec-8] ERROR c.v.d.r.productMstDropDownRowMapper -productMstDropDownRowMapper  Method Exceptionjava.sql.SQLSyntaxErrorException: Column 'PKA_ID' not found.
				
2026-07-04 15:31:04 [http-nio-8495-exec-8] ERROR c.v.d.r.productMstDropDownRowMapper -productMstDropDownRowMapper  Method Exceptionjava.sql.SQLSyntaxErrorException: Column 'PKA_ID' not found.
				
2026-07-04 15:31:04 [http-nio-8495-exec-8] ERROR c.v.d.r.productMstDropDownRowMapper -productMstDropDownRowMapper  Method Exceptionjava.sql.SQLSyntaxErrorException: Column 'PKA_ID' not found.
				
2026-07-04 15:31:04 [http-nio-8495-exec-8] ERROR c.v.d.r.productMstDropDownRowMapper -productMstDropDownRowMapper  Method Exceptionjava.sql.SQLSyntaxErrorException: Column 'PKA_ID' not found.
				
2026-07-04 15:31:04 [http-nio-8495-exec-8] ERROR c.v.d.r.productMstDropDownRowMapper -productMstDropDownRowMapper  Method Exceptionjava.sql.SQLSyntaxErrorException: Column 'PKA_ID' not found.
				
2026-07-04 15:31:04 [http-nio-8495-exec-8] ERROR c.v.d.r.productMstDropDownRowMapper -productMstDropDownRowMapper  Method Exceptionjava.sql.SQLSyntaxErrorException: Column 'PKA_ID' not found.
				
2026-07-04 15:31:04 [http-nio-8495-exec-8] ERROR c.v.d.r.productMstDropDownRowMapper -productMstDropDownRowMapper  Method Exceptionjava.sql.SQLSyntaxErrorException: Column 'PKA_ID' not found.
				
2026-07-04 15:31:04 [http-nio-8495-exec-8] ERROR c.v.d.r.productMstDropDownRowMapper -productMstDropDownRowMapper  Method Exceptionjava.sql.SQLSyntaxErrorException: Column 'PKA_ID' not found.
				
2026-07-04 15:31:04 [http-nio-8495-exec-8] ERROR c.v.d.r.productMstDropDownRowMapper -productMstDropDownRowMapper  Method Exceptionjava.sql.SQLSyntaxErrorException: Column 'PKA_ID' not found.
				
2026-07-04 15:31:04 [http-nio-8495-exec-8] ERROR c.v.d.r.productMstDropDownRowMapper -productMstDropDownRowMapper  Method Exceptionjava.sql.SQLSyntaxErrorException: Column 'PKA_ID' not found.
				
2026-07-04 15:31:04 [http-nio-8495-exec-8] ERROR c.v.d.r.productMstDropDownRowMapper -productMstDropDownRowMapper  Method Exceptionjava.sql.SQLSyntaxErrorException: Column 'PKA_ID' not found.
				
2026-07-04 15:31:04 [http-nio-8495-exec-8] ERROR c.v.d.r.productMstDropDownRowMapper -productMstDropDownRowMapper  Method Exceptionjava.sql.SQLSyntaxErrorException: Column 'PKA_ID' not found.
				
2026-07-04 15:31:04 [http-nio-8495-exec-8] ERROR c.v.d.r.productMstDropDownRowMapper -productMstDropDownRowMapper  Method Exceptionjava.sql.SQLSyntaxErrorException: Column 'PKA_ID' not found.
				
2026-07-04 15:31:04 [http-nio-8495-exec-8] ERROR c.v.d.r.productMstDropDownRowMapper -productMstDropDownRowMapper  Method Exceptionjava.sql.SQLSyntaxErrorException: Column 'PKA_ID' not found.
				
2026-07-04 15:31:04 [http-nio-8495-exec-8] ERROR c.v.d.r.productMstDropDownRowMapper -productMstDropDownRowMapper  Method Exceptionjava.sql.SQLSyntaxErrorException: Column 'PKA_ID' not found.
				
2026-07-04 15:31:04 [http-nio-8495-exec-8] ERROR c.v.d.r.productMstDropDownRowMapper -productMstDropDownRowMapper  Method Exceptionjava.sql.SQLSyntaxErrorException: Column 'PKA_ID' not found.
				
2026-07-04 15:31:04 [http-nio-8495-exec-8] ERROR c.v.d.r.productMstDropDownRowMapper -productMstDropDownRowMapper  Method Exceptionjava.sql.SQLSyntaxErrorException: Column 'PKA_ID' not found.
				
2026-07-04 15:31:04 [http-nio-8495-exec-8] ERROR c.v.d.r.productMstDropDownRowMapper -productMstDropDownRowMapper  Method Exceptionjava.sql.SQLSyntaxErrorException: Column 'PKA_ID' not found.
				
2026-07-04 15:31:04 [http-nio-8495-exec-8] ERROR c.v.d.r.productMstDropDownRowMapper -productMstDropDownRowMapper  Method Exceptionjava.sql.SQLSyntaxErrorException: Column 'PKA_ID' not found.
				
2026-07-04 15:31:04 [http-nio-8495-exec-8] ERROR c.v.d.r.productMstDropDownRowMapper -productMstDropDownRowMapper  Method Exceptionjava.sql.SQLSyntaxErrorException: Column 'PKA_ID' not found.
				
2026-07-04 15:31:04 [http-nio-8495-exec-8] ERROR c.v.d.r.productMstDropDownRowMapper -productMstDropDownRowMapper  Method Exceptionjava.sql.SQLSyntaxErrorException: Column 'PKA_ID' not found.
				
2026-07-04 15:31:04 [http-nio-8495-exec-8] ERROR c.v.d.r.productMstDropDownRowMapper -productMstDropDownRowMapper  Method Exceptionjava.sql.SQLSyntaxErrorException: Column 'PKA_ID' not found.
				
2026-07-04 15:31:04 [http-nio-8495-exec-8] ERROR c.v.d.r.productMstDropDownRowMapper -productMstDropDownRowMapper  Method Exceptionjava.sql.SQLSyntaxErrorException: Column 'PKA_ID' not found.
				
2026-07-04 15:31:04 [http-nio-8495-exec-8] ERROR c.v.d.r.productMstDropDownRowMapper -productMstDropDownRowMapper  Method Exceptionjava.sql.SQLSyntaxErrorException: Column 'PKA_ID' not found.
				
2026-07-04 15:31:04 [http-nio-8495-exec-8] ERROR c.v.d.r.productMstDropDownRowMapper -productMstDropDownRowMapper  Method Exceptionjava.sql.SQLSyntaxErrorException: Column 'PKA_ID' not found.
				
2026-07-04 15:31:04 [http-nio-8495-exec-8] ERROR c.v.d.r.productMstDropDownRowMapper -productMstDropDownRowMapper  Method Exceptionjava.sql.SQLSyntaxErrorException: Column 'PKA_ID' not found.
				
2026-07-04 15:31:04 [http-nio-8495-exec-8] ERROR c.v.d.r.productMstDropDownRowMapper -productMstDropDownRowMapper  Method Exceptionjava.sql.SQLSyntaxErrorException: Column 'PKA_ID' not found.
				
2026-07-04 15:31:04 [http-nio-8495-exec-8] ERROR c.v.d.r.productMstDropDownRowMapper -productMstDropDownRowMapper  Method Exceptionjava.sql.SQLSyntaxErrorException: Column 'PKA_ID' not found.
				
2026-07-04 15:31:04 [http-nio-8495-exec-8] ERROR c.v.d.r.productMstDropDownRowMapper -productMstDropDownRowMapper  Method Exceptionjava.sql.SQLSyntaxErrorException: Column 'PKA_ID' not found.
				
2026-07-04 15:31:04 [http-nio-8495-exec-8] ERROR c.v.d.r.productMstDropDownRowMapper -productMstDropDownRowMapper  Method Exceptionjava.sql.SQLSyntaxErrorException: Column 'PKA_ID' not found.
				
2026-07-04 15:31:04 [http-nio-8495-exec-8] ERROR c.v.d.r.productMstDropDownRowMapper -productMstDropDownRowMapper  Method Exceptionjava.sql.SQLSyntaxErrorException: Column 'PKA_ID' not found.
				
2026-07-04 15:31:04 [http-nio-8495-exec-8] ERROR c.v.d.r.productMstDropDownRowMapper -productMstDropDownRowMapper  Method Exceptionjava.sql.SQLSyntaxErrorException: Column 'PKA_ID' not found.
				
2026-07-04 15:31:04 [http-nio-8495-exec-8] ERROR c.v.d.r.productMstDropDownRowMapper -productMstDropDownRowMapper  Method Exceptionjava.sql.SQLSyntaxErrorException: Column 'PKA_ID' not found.
				
2026-07-04 15:31:04 [http-nio-8495-exec-8] ERROR c.v.d.r.productMstDropDownRowMapper -productMstDropDownRowMapper  Method Exceptionjava.sql.SQLSyntaxErrorException: Column 'PKA_ID' not found.
				
2026-07-04 15:31:04 [http-nio-8495-exec-8] ERROR c.v.d.r.productMstDropDownRowMapper -productMstDropDownRowMapper  Method Exceptionjava.sql.SQLSyntaxErrorException: Column 'PKA_ID' not found.
				
2026-07-04 15:31:04 [http-nio-8495-exec-8] ERROR c.v.d.r.productMstDropDownRowMapper -productMstDropDownRowMapper  Method Exceptionjava.sql.SQLSyntaxErrorException: Column 'PKA_ID' not found.
				
2026-07-04 15:31:04 [http-nio-8495-exec-8] ERROR c.v.d.r.productMstDropDownRowMapper -productMstDropDownRowMapper  Method Exceptionjava.sql.SQLSyntaxErrorException: Column 'PKA_ID' not found.
				
2026-07-04 15:31:04 [http-nio-8495-exec-8] ERROR c.v.d.r.productMstDropDownRowMapper -productMstDropDownRowMapper  Method Exceptionjava.sql.SQLSyntaxErrorException: Column 'PKA_ID' not found.
				
2026-07-04 15:31:04 [http-nio-8495-exec-8] ERROR c.v.d.r.productMstDropDownRowMapper -productMstDropDownRowMapper  Method Exceptionjava.sql.SQLSyntaxErrorException: Column 'PKA_ID' not found.
				
2026-07-04 15:31:04 [http-nio-8495-exec-8] ERROR c.v.d.r.productMstDropDownRowMapper -productMstDropDownRowMapper  Method Exceptionjava.sql.SQLSyntaxErrorException: Column 'PKA_ID' not found.
				
2026-07-04 15:31:04 [http-nio-8495-exec-8] ERROR c.v.d.r.productMstDropDownRowMapper -productMstDropDownRowMapper  Method Exceptionjava.sql.SQLSyntaxErrorException: Column 'PKA_ID' not found.
				
2026-07-04 15:31:04 [http-nio-8495-exec-8] ERROR c.v.d.r.productMstDropDownRowMapper -productMstDropDownRowMapper  Method Exceptionjava.sql.SQLSyntaxErrorException: Column 'PKA_ID' not found.
				
2026-07-04 15:31:04 [http-nio-8495-exec-8] ERROR c.v.d.r.productMstDropDownRowMapper -productMstDropDownRowMapper  Method Exceptionjava.sql.SQLSyntaxErrorException: Column 'PKA_ID' not found.
				
2026-07-04 15:31:04 [http-nio-8495-exec-8] ERROR c.v.d.r.productMstDropDownRowMapper -productMstDropDownRowMapper  Method Exceptionjava.sql.SQLSyntaxErrorException: Column 'PKA_ID' not found.
				
2026-07-04 15:31:04 [http-nio-8495-exec-8] ERROR c.v.d.r.productMstDropDownRowMapper -productMstDropDownRowMapper  Method Exceptionjava.sql.SQLSyntaxErrorException: Column 'PKA_ID' not found.
				
2026-07-04 15:31:04 [http-nio-8495-exec-8] ERROR c.v.d.r.productMstDropDownRowMapper -productMstDropDownRowMapper  Method Exceptionjava.sql.SQLSyntaxErrorException: Column 'PKA_ID' not found.
				
2026-07-04 15:31:04 [http-nio-8495-exec-8] ERROR c.v.d.r.productMstDropDownRowMapper -productMstDropDownRowMapper  Method Exceptionjava.sql.SQLSyntaxErrorException: Column 'PKA_ID' not found.
				
2026-07-04 15:31:04 [http-nio-8495-exec-8] ERROR c.v.d.r.productMstDropDownRowMapper -productMstDropDownRowMapper  Method Exceptionjava.sql.SQLSyntaxErrorException: Column 'PKA_ID' not found.
				
2026-07-04 15:31:04 [http-nio-8495-exec-8] ERROR c.v.d.r.productMstDropDownRowMapper -productMstDropDownRowMapper  Method Exceptionjava.sql.SQLSyntaxErrorException: Column 'PKA_ID' not found.
				
2026-07-04 15:31:04 [http-nio-8495-exec-8] ERROR c.v.d.r.productMstDropDownRowMapper -productMstDropDownRowMapper  Method Exceptionjava.sql.SQLSyntaxErrorException: Column 'PKA_ID' not found.
				
2026-07-04 15:31:04 [http-nio-8495-exec-8] ERROR c.v.d.r.productMstDropDownRowMapper -productMstDropDownRowMapper  Method Exceptionjava.sql.SQLSyntaxErrorException: Column 'PKA_ID' not found.
				
2026-07-04 15:31:04 [http-nio-8495-exec-8] ERROR c.v.d.r.productMstDropDownRowMapper -productMstDropDownRowMapper  Method Exceptionjava.sql.SQLSyntaxErrorException: Column 'PKA_ID' not found.
				
2026-07-04 15:31:04 [http-nio-8495-exec-8] ERROR c.v.d.r.productMstDropDownRowMapper -productMstDropDownRowMapper  Method Exceptionjava.sql.SQLSyntaxErrorException: Column 'PKA_ID' not found.
				
2026-07-04 15:31:04 [http-nio-8495-exec-8] ERROR c.v.d.r.productMstDropDownRowMapper -productMstDropDownRowMapper  Method Exceptionjava.sql.SQLSyntaxErrorException: Column 'PKA_ID' not found.
				
2026-07-04 15:31:04 [http-nio-8495-exec-8] ERROR c.v.d.r.productMstDropDownRowMapper -productMstDropDownRowMapper  Method Exceptionjava.sql.SQLSyntaxErrorException: Column 'PKA_ID' not found.
				
2026-07-04 15:31:04 [http-nio-8495-exec-8] ERROR c.v.d.r.productMstDropDownRowMapper -productMstDropDownRowMapper  Method Exceptionjava.sql.SQLSyntaxErrorException: Column 'PKA_ID' not found.
				
2026-07-04 15:31:04 [http-nio-8495-exec-8] ERROR c.v.d.r.productMstDropDownRowMapper -productMstDropDownRowMapper  Method Exceptionjava.sql.SQLSyntaxErrorException: Column 'PKA_ID' not found.
				
2026-07-04 15:31:04 [http-nio-8495-exec-8] ERROR c.v.d.r.productMstDropDownRowMapper -productMstDropDownRowMapper  Method Exceptionjava.sql.SQLSyntaxErrorException: Column 'PKA_ID' not found.
				
2026-07-04 15:31:04 [http-nio-8495-exec-8] ERROR c.v.d.r.productMstDropDownRowMapper -productMstDropDownRowMapper  Method Exceptionjava.sql.SQLSyntaxErrorException: Column 'PKA_ID' not found.
				
2026-07-04 15:31:04 [http-nio-8495-exec-8] ERROR c.v.d.r.productMstDropDownRowMapper -productMstDropDownRowMapper  Method Exceptionjava.sql.SQLSyntaxErrorException: Column 'PKA_ID' not found.
				
2026-07-04 15:31:04 [http-nio-8495-exec-8] ERROR c.v.d.r.productMstDropDownRowMapper -productMstDropDownRowMapper  Method Exceptionjava.sql.SQLSyntaxErrorException: Column 'PKA_ID' not found.
				
2026-07-04 15:31:04 [http-nio-8495-exec-8] ERROR c.v.d.r.productMstDropDownRowMapper -productMstDropDownRowMapper  Method Exceptionjava.sql.SQLSyntaxErrorException: Column 'PKA_ID' not found.
				
2026-07-04 15:31:04 [http-nio-8495-exec-8] ERROR c.v.d.r.productMstDropDownRowMapper -productMstDropDownRowMapper  Method Exceptionjava.sql.SQLSyntaxErrorException: Column 'PKA_ID' not found.
				
2026-07-04 15:31:04 [http-nio-8495-exec-8] ERROR c.v.d.r.productMstDropDownRowMapper -productMstDropDownRowMapper  Method Exceptionjava.sql.SQLSyntaxErrorException: Column 'PKA_ID' not found.
				
2026-07-04 15:31:04 [http-nio-8495-exec-8] ERROR c.v.d.r.productMstDropDownRowMapper -productMstDropDownRowMapper  Method Exceptionjava.sql.SQLSyntaxErrorException: Column 'PKA_ID' not found.
				
2026-07-04 15:31:04 [http-nio-8495-exec-8] ERROR c.v.d.r.productMstDropDownRowMapper -productMstDropDownRowMapper  Method Exceptionjava.sql.SQLSyntaxErrorException: Column 'PKA_ID' not found.
				
2026-07-04 15:31:04 [http-nio-8495-exec-8] ERROR c.v.d.r.productMstDropDownRowMapper -productMstDropDownRowMapper  Method Exceptionjava.sql.SQLSyntaxErrorException: Column 'PKA_ID' not found.
				
2026-07-04 15:31:04 [http-nio-8495-exec-8] ERROR c.v.d.r.productMstDropDownRowMapper -productMstDropDownRowMapper  Method Exceptionjava.sql.SQLSyntaxErrorException: Column 'PKA_ID' not found.
				
2026-07-04 15:31:04 [http-nio-8495-exec-8] ERROR c.v.d.r.productMstDropDownRowMapper -productMstDropDownRowMapper  Method Exceptionjava.sql.SQLSyntaxErrorException: Column 'PKA_ID' not found.
				
2026-07-04 15:31:04 [http-nio-8495-exec-8] ERROR c.v.d.r.productMstDropDownRowMapper -productMstDropDownRowMapper  Method Exceptionjava.sql.SQLSyntaxErrorException: Column 'PKA_ID' not found.
				
2026-07-04 15:31:04 [http-nio-8495-exec-8] ERROR c.v.d.r.productMstDropDownRowMapper -productMstDropDownRowMapper  Method Exceptionjava.sql.SQLSyntaxErrorException: Column 'PKA_ID' not found.
				
2026-07-04 15:31:04 [http-nio-8495-exec-8] ERROR c.v.d.r.productMstDropDownRowMapper -productMstDropDownRowMapper  Method Exceptionjava.sql.SQLSyntaxErrorException: Column 'PKA_ID' not found.
				
2026-07-04 15:31:04 [http-nio-8495-exec-8] ERROR c.v.d.r.productMstDropDownRowMapper -productMstDropDownRowMapper  Method Exceptionjava.sql.SQLSyntaxErrorException: Column 'PKA_ID' not found.
				
2026-07-04 15:31:04 [http-nio-8495-exec-8] ERROR c.v.d.r.productMstDropDownRowMapper -productMstDropDownRowMapper  Method Exceptionjava.sql.SQLSyntaxErrorException: Column 'PKA_ID' not found.
				
2026-07-04 15:31:04 [http-nio-8495-exec-8] ERROR c.v.d.r.productMstDropDownRowMapper -productMstDropDownRowMapper  Method Exceptionjava.sql.SQLSyntaxErrorException: Column 'PKA_ID' not found.
				
2026-07-04 15:31:04 [http-nio-8495-exec-8] ERROR c.v.d.r.productMstDropDownRowMapper -productMstDropDownRowMapper  Method Exceptionjava.sql.SQLSyntaxErrorException: Column 'PKA_ID' not found.
				
2026-07-04 15:31:04 [http-nio-8495-exec-8] ERROR c.v.d.r.productMstDropDownRowMapper -productMstDropDownRowMapper  Method Exceptionjava.sql.SQLSyntaxErrorException: Column 'PKA_ID' not found.
				
2026-07-04 15:31:04 [http-nio-8495-exec-8] ERROR c.v.d.r.productMstDropDownRowMapper -productMstDropDownRowMapper  Method Exceptionjava.sql.SQLSyntaxErrorException: Column 'PKA_ID' not found.
				
2026-07-04 15:31:04 [http-nio-8495-exec-8] ERROR c.v.d.r.productMstDropDownRowMapper -productMstDropDownRowMapper  Method Exceptionjava.sql.SQLSyntaxErrorException: Column 'PKA_ID' not found.
				
2026-07-04 15:31:04 [http-nio-8495-exec-8] ERROR c.v.d.r.productMstDropDownRowMapper -productMstDropDownRowMapper  Method Exceptionjava.sql.SQLSyntaxErrorException: Column 'PKA_ID' not found.
				
2026-07-04 15:31:04 [http-nio-8495-exec-8] ERROR c.v.d.r.productMstDropDownRowMapper -productMstDropDownRowMapper  Method Exceptionjava.sql.SQLSyntaxErrorException: Column 'PKA_ID' not found.
				
2026-07-04 15:31:04 [http-nio-8495-exec-8] ERROR c.v.d.r.productMstDropDownRowMapper -productMstDropDownRowMapper  Method Exceptionjava.sql.SQLSyntaxErrorException: Column 'PKA_ID' not found.
				
2026-07-04 15:31:04 [http-nio-8495-exec-8] ERROR c.v.d.r.productMstDropDownRowMapper -productMstDropDownRowMapper  Method Exceptionjava.sql.SQLSyntaxErrorException: Column 'PKA_ID' not found.
				
2026-07-04 15:31:04 [http-nio-8495-exec-8] ERROR c.v.d.r.productMstDropDownRowMapper -productMstDropDownRowMapper  Method Exceptionjava.sql.SQLSyntaxErrorException: Column 'PKA_ID' not found.
				
2026-07-04 15:31:04 [http-nio-8495-exec-8] ERROR c.v.d.r.productMstDropDownRowMapper -productMstDropDownRowMapper  Method Exceptionjava.sql.SQLSyntaxErrorException: Column 'PKA_ID' not found.
				
2026-07-04 15:31:04 [http-nio-8495-exec-8] ERROR c.v.d.r.productMstDropDownRowMapper -productMstDropDownRowMapper  Method Exceptionjava.sql.SQLSyntaxErrorException: Column 'PKA_ID' not found.
				
2026-07-04 15:31:04 [http-nio-8495-exec-8] ERROR c.v.d.r.productMstDropDownRowMapper -productMstDropDownRowMapper  Method Exceptionjava.sql.SQLSyntaxErrorException: Column 'PKA_ID' not found.
				
2026-07-04 15:31:04 [http-nio-8495-exec-8] ERROR c.v.d.r.productMstDropDownRowMapper -productMstDropDownRowMapper  Method Exceptionjava.sql.SQLSyntaxErrorException: Column 'PKA_ID' not found.
				
2026-07-04 15:31:04 [http-nio-8495-exec-8] ERROR c.v.d.r.productMstDropDownRowMapper -productMstDropDownRowMapper  Method Exceptionjava.sql.SQLSyntaxErrorException: Column 'PKA_ID' not found.
				
2026-07-04 15:31:04 [http-nio-8495-exec-8] ERROR c.v.d.r.productMstDropDownRowMapper -productMstDropDownRowMapper  Method Exceptionjava.sql.SQLSyntaxErrorException: Column 'PKA_ID' not found.
				
2026-07-04 15:31:04 [http-nio-8495-exec-8] ERROR c.v.d.r.productMstDropDownRowMapper -productMstDropDownRowMapper  Method Exceptionjava.sql.SQLSyntaxErrorException: Column 'PKA_ID' not found.
				
2026-07-04 15:31:04 [http-nio-8495-exec-8] ERROR c.v.d.r.productMstDropDownRowMapper -productMstDropDownRowMapper  Method Exceptionjava.sql.SQLSyntaxErrorException: Column 'PKA_ID' not found.
				
2026-07-04 15:31:04 [http-nio-8495-exec-8] ERROR c.v.d.r.productMstDropDownRowMapper -productMstDropDownRowMapper  Method Exceptionjava.sql.SQLSyntaxErrorException: Column 'PKA_ID' not found.
				
2026-07-04 15:31:04 [http-nio-8495-exec-8] ERROR c.v.d.r.productMstDropDownRowMapper -productMstDropDownRowMapper  Method Exceptionjava.sql.SQLSyntaxErrorException: Column 'PKA_ID' not found.
				
2026-07-04 15:31:04 [http-nio-8495-exec-8] ERROR c.v.d.r.productMstDropDownRowMapper -productMstDropDownRowMapper  Method Exceptionjava.sql.SQLSyntaxErrorException: Column 'PKA_ID' not found.
				
2026-07-04 15:31:04 [http-nio-8495-exec-8] ERROR c.v.d.r.productMstDropDownRowMapper -productMstDropDownRowMapper  Method Exceptionjava.sql.SQLSyntaxErrorException: Column 'PKA_ID' not found.
				
2026-07-04 15:31:04 [http-nio-8495-exec-8] ERROR c.v.d.r.productMstDropDownRowMapper -productMstDropDownRowMapper  Method Exceptionjava.sql.SQLSyntaxErrorException: Column 'PKA_ID' not found.
				
2026-07-04 15:31:04 [http-nio-8495-exec-8] ERROR c.v.d.r.productMstDropDownRowMapper -productMstDropDownRowMapper  Method Exceptionjava.sql.SQLSyntaxErrorException: Column 'PKA_ID' not found.
				
2026-07-04 15:31:04 [http-nio-8495-exec-8] ERROR c.v.d.r.productMstDropDownRowMapper -productMstDropDownRowMapper  Method Exceptionjava.sql.SQLSyntaxErrorException: Column 'PKA_ID' not found.
				
2026-07-04 15:31:04 [http-nio-8495-exec-8] ERROR c.v.d.r.productMstDropDownRowMapper -productMstDropDownRowMapper  Method Exceptionjava.sql.SQLSyntaxErrorException: Column 'PKA_ID' not found.
				
2026-07-04 15:31:04 [http-nio-8495-exec-8] ERROR c.v.d.r.productMstDropDownRowMapper -productMstDropDownRowMapper  Method Exceptionjava.sql.SQLSyntaxErrorException: Column 'PKA_ID' not found.
				
2026-07-04 15:31:04 [http-nio-8495-exec-8] ERROR c.v.d.r.productMstDropDownRowMapper -productMstDropDownRowMapper  Method Exceptionjava.sql.SQLSyntaxErrorException: Column 'PKA_ID' not found.
				
2026-07-04 15:31:04 [http-nio-8495-exec-8] ERROR c.v.d.r.productMstDropDownRowMapper -productMstDropDownRowMapper  Method Exceptionjava.sql.SQLSyntaxErrorException: Column 'PKA_ID' not found.
				
2026-07-04 15:31:04 [http-nio-8495-exec-8] ERROR c.v.d.r.productMstDropDownRowMapper -productMstDropDownRowMapper  Method Exceptionjava.sql.SQLSyntaxErrorException: Column 'PKA_ID' not found.
				
2026-07-04 15:31:04 [http-nio-8495-exec-8] ERROR c.v.d.r.productMstDropDownRowMapper -productMstDropDownRowMapper  Method Exceptionjava.sql.SQLSyntaxErrorException: Column 'PKA_ID' not found.
				
2026-07-04 15:31:04 [http-nio-8495-exec-8] ERROR c.v.d.r.productMstDropDownRowMapper -productMstDropDownRowMapper  Method Exceptionjava.sql.SQLSyntaxErrorException: Column 'PKA_ID' not found.
				
2026-07-04 15:31:04 [http-nio-8495-exec-8] ERROR c.v.d.r.productMstDropDownRowMapper -productMstDropDownRowMapper  Method Exceptionjava.sql.SQLSyntaxErrorException: Column 'PKA_ID' not found.
				
2026-07-04 15:31:04 [http-nio-8495-exec-8] ERROR c.v.d.r.productMstDropDownRowMapper -productMstDropDownRowMapper  Method Exceptionjava.sql.SQLSyntaxErrorException: Column 'PKA_ID' not found.
				
2026-07-04 15:31:04 [http-nio-8495-exec-8] ERROR c.v.d.r.productMstDropDownRowMapper -productMstDropDownRowMapper  Method Exceptionjava.sql.SQLSyntaxErrorException: Column 'PKA_ID' not found.
				
2026-07-04 15:31:04 [http-nio-8495-exec-8] ERROR c.v.d.r.productMstDropDownRowMapper -productMstDropDownRowMapper  Method Exceptionjava.sql.SQLSyntaxErrorException: Column 'PKA_ID' not found.
				
2026-07-04 15:31:04 [http-nio-8495-exec-8] ERROR c.v.d.r.productMstDropDownRowMapper -productMstDropDownRowMapper  Method Exceptionjava.sql.SQLSyntaxErrorException: Column 'PKA_ID' not found.
				
2026-07-04 15:31:04 [http-nio-8495-exec-8] ERROR c.v.d.r.productMstDropDownRowMapper -productMstDropDownRowMapper  Method Exceptionjava.sql.SQLSyntaxErrorException: Column 'PKA_ID' not found.
				
2026-07-04 15:31:04 [http-nio-8495-exec-8] ERROR c.v.d.r.productMstDropDownRowMapper -productMstDropDownRowMapper  Method Exceptionjava.sql.SQLSyntaxErrorException: Column 'PKA_ID' not found.
				
2026-07-04 15:31:04 [http-nio-8495-exec-8] ERROR c.v.d.r.productMstDropDownRowMapper -productMstDropDownRowMapper  Method Exceptionjava.sql.SQLSyntaxErrorException: Column 'PKA_ID' not found.
				
2026-07-04 15:31:04 [http-nio-8495-exec-8] ERROR c.v.d.r.productMstDropDownRowMapper -productMstDropDownRowMapper  Method Exceptionjava.sql.SQLSyntaxErrorException: Column 'PKA_ID' not found.
				
2026-07-04 15:31:04 [http-nio-8495-exec-8] ERROR c.v.d.r.productMstDropDownRowMapper -productMstDropDownRowMapper  Method Exceptionjava.sql.SQLSyntaxErrorException: Column 'PKA_ID' not found.
				
2026-07-04 15:31:04 [http-nio-8495-exec-8] ERROR c.v.d.r.productMstDropDownRowMapper -productMstDropDownRowMapper  Method Exceptionjava.sql.SQLSyntaxErrorException: Column 'PKA_ID' not found.
				
2026-07-04 15:31:04 [http-nio-8495-exec-8] ERROR c.v.d.r.productMstDropDownRowMapper -productMstDropDownRowMapper  Method Exceptionjava.sql.SQLSyntaxErrorException: Column 'PKA_ID' not found.
				
2026-07-04 15:31:04 [http-nio-8495-exec-8] ERROR c.v.d.r.productMstDropDownRowMapper -productMstDropDownRowMapper  Method Exceptionjava.sql.SQLSyntaxErrorException: Column 'PKA_ID' not found.
				
2026-07-04 15:31:04 [http-nio-8495-exec-8] ERROR c.v.d.r.productMstDropDownRowMapper -productMstDropDownRowMapper  Method Exceptionjava.sql.SQLSyntaxErrorException: Column 'PKA_ID' not found.
				
2026-07-04 15:31:04 [http-nio-8495-exec-8] ERROR c.v.d.r.productMstDropDownRowMapper -productMstDropDownRowMapper  Method Exceptionjava.sql.SQLSyntaxErrorException: Column 'PKA_ID' not found.
				
2026-07-04 15:31:04 [http-nio-8495-exec-8] ERROR c.v.d.r.productMstDropDownRowMapper -productMstDropDownRowMapper  Method Exceptionjava.sql.SQLSyntaxErrorException: Column 'PKA_ID' not found.
				
2026-07-04 15:31:04 [http-nio-8495-exec-8] ERROR c.v.d.r.productMstDropDownRowMapper -productMstDropDownRowMapper  Method Exceptionjava.sql.SQLSyntaxErrorException: Column 'PKA_ID' not found.
				
2026-07-04 15:31:04 [http-nio-8495-exec-8] ERROR c.v.d.r.productMstDropDownRowMapper -productMstDropDownRowMapper  Method Exceptionjava.sql.SQLSyntaxErrorException: Column 'PKA_ID' not found.
				
2026-07-04 15:31:04 [http-nio-8495-exec-8] ERROR c.v.d.r.productMstDropDownRowMapper -productMstDropDownRowMapper  Method Exceptionjava.sql.SQLSyntaxErrorException: Column 'PKA_ID' not found.
				
2026-07-04 15:31:04 [http-nio-8495-exec-8] ERROR c.v.d.r.productMstDropDownRowMapper -productMstDropDownRowMapper  Method Exceptionjava.sql.SQLSyntaxErrorException: Column 'PKA_ID' not found.
				
2026-07-04 15:31:04 [http-nio-8495-exec-8] ERROR c.v.d.r.productMstDropDownRowMapper -productMstDropDownRowMapper  Method Exceptionjava.sql.SQLSyntaxErrorException: Column 'PKA_ID' not found.
				
2026-07-04 15:31:04 [http-nio-8495-exec-8] ERROR c.v.d.r.productMstDropDownRowMapper -productMstDropDownRowMapper  Method Exceptionjava.sql.SQLSyntaxErrorException: Column 'PKA_ID' not found.
				
2026-07-04 15:31:04 [http-nio-8495-exec-8] ERROR c.v.d.r.productMstDropDownRowMapper -productMstDropDownRowMapper  Method Exceptionjava.sql.SQLSyntaxErrorException: Column 'PKA_ID' not found.
				
2026-07-04 15:31:04 [http-nio-8495-exec-8] ERROR c.v.d.r.productMstDropDownRowMapper -productMstDropDownRowMapper  Method Exceptionjava.sql.SQLSyntaxErrorException: Column 'PKA_ID' not found.
				
2026-07-04 15:31:04 [http-nio-8495-exec-8] ERROR c.v.d.r.productMstDropDownRowMapper -productMstDropDownRowMapper  Method Exceptionjava.sql.SQLSyntaxErrorException: Column 'PKA_ID' not found.
				
2026-07-04 15:31:04 [http-nio-8495-exec-8] ERROR c.v.d.r.productMstDropDownRowMapper -productMstDropDownRowMapper  Method Exceptionjava.sql.SQLSyntaxErrorException: Column 'PKA_ID' not found.
				
2026-07-04 15:31:04 [http-nio-8495-exec-8] ERROR c.v.d.r.productMstDropDownRowMapper -productMstDropDownRowMapper  Method Exceptionjava.sql.SQLSyntaxErrorException: Column 'PKA_ID' not found.
				
2026-07-04 15:31:04 [http-nio-8495-exec-8] ERROR c.v.d.r.productMstDropDownRowMapper -productMstDropDownRowMapper  Method Exceptionjava.sql.SQLSyntaxErrorException: Column 'PKA_ID' not found.
				
2026-07-04 15:31:04 [http-nio-8495-exec-8] ERROR c.v.d.r.productMstDropDownRowMapper -productMstDropDownRowMapper  Method Exceptionjava.sql.SQLSyntaxErrorException: Column 'PKA_ID' not found.
				
2026-07-04 15:31:04 [http-nio-8495-exec-8] ERROR c.v.d.r.productMstDropDownRowMapper -productMstDropDownRowMapper  Method Exceptionjava.sql.SQLSyntaxErrorException: Column 'PKA_ID' not found.
				
2026-07-04 15:31:04 [http-nio-8495-exec-8] ERROR c.v.d.r.productMstDropDownRowMapper -productMstDropDownRowMapper  Method Exceptionjava.sql.SQLSyntaxErrorException: Column 'PKA_ID' not found.
				
2026-07-04 15:31:04 [http-nio-8495-exec-8] ERROR c.v.d.r.productMstDropDownRowMapper -productMstDropDownRowMapper  Method Exceptionjava.sql.SQLSyntaxErrorException: Column 'PKA_ID' not found.
				
2026-07-04 15:31:04 [http-nio-8495-exec-8] ERROR c.v.d.r.productMstDropDownRowMapper -productMstDropDownRowMapper  Method Exceptionjava.sql.SQLSyntaxErrorException: Column 'PKA_ID' not found.
				
2026-07-04 15:31:04 [http-nio-8495-exec-8] ERROR c.v.d.r.productMstDropDownRowMapper -productMstDropDownRowMapper  Method Exceptionjava.sql.SQLSyntaxErrorException: Column 'PKA_ID' not found.
				
2026-07-04 15:31:04 [http-nio-8495-exec-8] ERROR c.v.d.r.productMstDropDownRowMapper -productMstDropDownRowMapper  Method Exceptionjava.sql.SQLSyntaxErrorException: Column 'PKA_ID' not found.
				
2026-07-04 15:31:04 [http-nio-8495-exec-8] ERROR c.v.d.r.productMstDropDownRowMapper -productMstDropDownRowMapper  Method Exceptionjava.sql.SQLSyntaxErrorException: Column 'PKA_ID' not found.
				
2026-07-04 15:31:04 [http-nio-8495-exec-8] ERROR c.v.d.r.productMstDropDownRowMapper -productMstDropDownRowMapper  Method Exceptionjava.sql.SQLSyntaxErrorException: Column 'PKA_ID' not found.
				
2026-07-04 15:31:04 [http-nio-8495-exec-8] ERROR c.v.d.r.productMstDropDownRowMapper -productMstDropDownRowMapper  Method Exceptionjava.sql.SQLSyntaxErrorException: Column 'PKA_ID' not found.
				
2026-07-04 15:31:04 [http-nio-8495-exec-8] ERROR c.v.d.r.productMstDropDownRowMapper -productMstDropDownRowMapper  Method Exceptionjava.sql.SQLSyntaxErrorException: Column 'PKA_ID' not found.
				
2026-07-04 15:31:04 [http-nio-8495-exec-8] ERROR c.v.d.r.productMstDropDownRowMapper -productMstDropDownRowMapper  Method Exceptionjava.sql.SQLSyntaxErrorException: Column 'PKA_ID' not found.
				
2026-07-04 15:31:04 [http-nio-8495-exec-8] ERROR c.v.d.r.productMstDropDownRowMapper -productMstDropDownRowMapper  Method Exceptionjava.sql.SQLSyntaxErrorException: Column 'PKA_ID' not found.
				
2026-07-04 15:31:04 [http-nio-8495-exec-8] ERROR c.v.d.r.productMstDropDownRowMapper -productMstDropDownRowMapper  Method Exceptionjava.sql.SQLSyntaxErrorException: Column 'PKA_ID' not found.
				
2026-07-04 15:31:04 [http-nio-8495-exec-8] ERROR c.v.d.r.productMstDropDownRowMapper -productMstDropDownRowMapper  Method Exceptionjava.sql.SQLSyntaxErrorException: Column 'PKA_ID' not found.
				
2026-07-04 15:31:04 [http-nio-8495-exec-8] ERROR c.v.d.r.productMstDropDownRowMapper -productMstDropDownRowMapper  Method Exceptionjava.sql.SQLSyntaxErrorException: Column 'PKA_ID' not found.
				
2026-07-04 15:31:04 [http-nio-8495-exec-8] ERROR c.v.d.r.productMstDropDownRowMapper -productMstDropDownRowMapper  Method Exceptionjava.sql.SQLSyntaxErrorException: Column 'PKA_ID' not found.
				
2026-07-04 15:31:04 [http-nio-8495-exec-8] ERROR c.v.d.r.productMstDropDownRowMapper -productMstDropDownRowMapper  Method Exceptionjava.sql.SQLSyntaxErrorException: Column 'PKA_ID' not found.
				
2026-07-04 15:31:04 [http-nio-8495-exec-8] ERROR c.v.d.r.productMstDropDownRowMapper -productMstDropDownRowMapper  Method Exceptionjava.sql.SQLSyntaxErrorException: Column 'PKA_ID' not found.
				
2026-07-04 15:31:04 [http-nio-8495-exec-8] ERROR c.v.d.r.productMstDropDownRowMapper -productMstDropDownRowMapper  Method Exceptionjava.sql.SQLSyntaxErrorException: Column 'PKA_ID' not found.
				
2026-07-04 15:31:04 [http-nio-8495-exec-8] ERROR c.v.d.r.productMstDropDownRowMapper -productMstDropDownRowMapper  Method Exceptionjava.sql.SQLSyntaxErrorException: Column 'PKA_ID' not found.
				
2026-07-04 15:31:04 [http-nio-8495-exec-8] ERROR c.v.d.r.productMstDropDownRowMapper -productMstDropDownRowMapper  Method Exceptionjava.sql.SQLSyntaxErrorException: Column 'PKA_ID' not found.
				
2026-07-04 15:31:04 [http-nio-8495-exec-8] ERROR c.v.d.r.productMstDropDownRowMapper -productMstDropDownRowMapper  Method Exceptionjava.sql.SQLSyntaxErrorException: Column 'PKA_ID' not found.
				
2026-07-04 15:31:04 [http-nio-8495-exec-8] ERROR c.v.d.r.productMstDropDownRowMapper -productMstDropDownRowMapper  Method Exceptionjava.sql.SQLSyntaxErrorException: Column 'PKA_ID' not found.
				
2026-07-04 15:31:04 [http-nio-8495-exec-8] ERROR c.v.d.r.productMstDropDownRowMapper -productMstDropDownRowMapper  Method Exceptionjava.sql.SQLSyntaxErrorException: Column 'PKA_ID' not found.
				
2026-07-04 15:31:04 [http-nio-8495-exec-8] ERROR c.v.d.r.productMstDropDownRowMapper -productMstDropDownRowMapper  Method Exceptionjava.sql.SQLSyntaxErrorException: Column 'PKA_ID' not found.
				
2026-07-04 15:31:04 [http-nio-8495-exec-8] ERROR c.v.d.r.productMstDropDownRowMapper -productMstDropDownRowMapper  Method Exceptionjava.sql.SQLSyntaxErrorException: Column 'PKA_ID' not found.
				
2026-07-04 15:31:04 [http-nio-8495-exec-8] ERROR c.v.d.r.productMstDropDownRowMapper -productMstDropDownRowMapper  Method Exceptionjava.sql.SQLSyntaxErrorException: Column 'PKA_ID' not found.
				
2026-07-04 15:31:04 [http-nio-8495-exec-8] ERROR c.v.d.r.productMstDropDownRowMapper -productMstDropDownRowMapper  Method Exceptionjava.sql.SQLSyntaxErrorException: Column 'PKA_ID' not found.
				
2026-07-04 15:31:04 [http-nio-8495-exec-8] ERROR c.v.d.r.productMstDropDownRowMapper -productMstDropDownRowMapper  Method Exceptionjava.sql.SQLSyntaxErrorException: Column 'PKA_ID' not found.
				
2026-07-04 15:31:04 [http-nio-8495-exec-8] ERROR c.v.d.r.productMstDropDownRowMapper -productMstDropDownRowMapper  Method Exceptionjava.sql.SQLSyntaxErrorException: Column 'PKA_ID' not found.
				
2026-07-04 15:31:04 [http-nio-8495-exec-8] ERROR c.v.d.r.productMstDropDownRowMapper -productMstDropDownRowMapper  Method Exceptionjava.sql.SQLSyntaxErrorException: Column 'PKA_ID' not found.
				
2026-07-04 15:31:04 [http-nio-8495-exec-8] ERROR c.v.d.r.productMstDropDownRowMapper -productMstDropDownRowMapper  Method Exceptionjava.sql.SQLSyntaxErrorException: Column 'PKA_ID' not found.
				
2026-07-04 15:31:04 [http-nio-8495-exec-8] ERROR c.v.d.r.productMstDropDownRowMapper -productMstDropDownRowMapper  Method Exceptionjava.sql.SQLSyntaxErrorException: Column 'PKA_ID' not found.
				
2026-07-04 15:31:04 [http-nio-8495-exec-8] ERROR c.v.d.r.productMstDropDownRowMapper -productMstDropDownRowMapper  Method Exceptionjava.sql.SQLSyntaxErrorException: Column 'PKA_ID' not found.
				
2026-07-04 15:31:04 [http-nio-8495-exec-8] ERROR c.v.d.r.productMstDropDownRowMapper -productMstDropDownRowMapper  Method Exceptionjava.sql.SQLSyntaxErrorException: Column 'PKA_ID' not found.
				
2026-07-04 15:31:04 [http-nio-8495-exec-8] ERROR c.v.d.r.productMstDropDownRowMapper -productMstDropDownRowMapper  Method Exceptionjava.sql.SQLSyntaxErrorException: Column 'PKA_ID' not found.
				
2026-07-04 15:31:04 [http-nio-8495-exec-8] ERROR c.v.d.r.productMstDropDownRowMapper -productMstDropDownRowMapper  Method Exceptionjava.sql.SQLSyntaxErrorException: Column 'PKA_ID' not found.
				
2026-07-04 15:31:04 [http-nio-8495-exec-8] ERROR c.v.d.r.productMstDropDownRowMapper -productMstDropDownRowMapper  Method Exceptionjava.sql.SQLSyntaxErrorException: Column 'PKA_ID' not found.
				
2026-07-04 15:31:04 [http-nio-8495-exec-8] ERROR c.v.d.r.productMstDropDownRowMapper -productMstDropDownRowMapper  Method Exceptionjava.sql.SQLSyntaxErrorException: Column 'PKA_ID' not found.
				
2026-07-04 15:31:04 [http-nio-8495-exec-8] ERROR c.v.d.r.productMstDropDownRowMapper -productMstDropDownRowMapper  Method Exceptionjava.sql.SQLSyntaxErrorException: Column 'PKA_ID' not found.
				
2026-07-04 15:31:04 [http-nio-8495-exec-8] ERROR c.v.d.r.productMstDropDownRowMapper -productMstDropDownRowMapper  Method Exceptionjava.sql.SQLSyntaxErrorException: Column 'PKA_ID' not found.
				
2026-07-04 15:31:04 [http-nio-8495-exec-8] ERROR c.v.d.r.productMstDropDownRowMapper -productMstDropDownRowMapper  Method Exceptionjava.sql.SQLSyntaxErrorException: Column 'PKA_ID' not found.
				
2026-07-04 15:31:04 [http-nio-8495-exec-8] ERROR c.v.d.r.productMstDropDownRowMapper -productMstDropDownRowMapper  Method Exceptionjava.sql.SQLSyntaxErrorException: Column 'PKA_ID' not found.
				
2026-07-04 15:31:04 [http-nio-8495-exec-8] ERROR c.v.d.r.productMstDropDownRowMapper -productMstDropDownRowMapper  Method Exceptionjava.sql.SQLSyntaxErrorException: Column 'PKA_ID' not found.
				
2026-07-04 15:31:04 [http-nio-8495-exec-8] ERROR c.v.d.r.productMstDropDownRowMapper -productMstDropDownRowMapper  Method Exceptionjava.sql.SQLSyntaxErrorException: Column 'PKA_ID' not found.
				
2026-07-04 15:31:04 [http-nio-8495-exec-8] ERROR c.v.d.r.productMstDropDownRowMapper -productMstDropDownRowMapper  Method Exceptionjava.sql.SQLSyntaxErrorException: Column 'PKA_ID' not found.
				
2026-07-04 15:31:04 [http-nio-8495-exec-8] ERROR c.v.d.r.productMstDropDownRowMapper -productMstDropDownRowMapper  Method Exceptionjava.sql.SQLSyntaxErrorException: Column 'PKA_ID' not found.
				
2026-07-04 15:31:04 [http-nio-8495-exec-8] ERROR c.v.d.r.productMstDropDownRowMapper -productMstDropDownRowMapper  Method Exceptionjava.sql.SQLSyntaxErrorException: Column 'PKA_ID' not found.
				
2026-07-04 15:31:04 [http-nio-8495-exec-8] ERROR c.v.d.r.productMstDropDownRowMapper -productMstDropDownRowMapper  Method Exceptionjava.sql.SQLSyntaxErrorException: Column 'PKA_ID' not found.
				
2026-07-04 15:31:04 [http-nio-8495-exec-8] ERROR c.v.d.r.productMstDropDownRowMapper -productMstDropDownRowMapper  Method Exceptionjava.sql.SQLSyntaxErrorException: Column 'PKA_ID' not found.
				
2026-07-04 15:31:04 [http-nio-8495-exec-8] ERROR c.v.d.r.productMstDropDownRowMapper -productMstDropDownRowMapper  Method Exceptionjava.sql.SQLSyntaxErrorException: Column 'PKA_ID' not found.
				
2026-07-04 15:31:04 [http-nio-8495-exec-8] ERROR c.v.d.r.productMstDropDownRowMapper -productMstDropDownRowMapper  Method Exceptionjava.sql.SQLSyntaxErrorException: Column 'PKA_ID' not found.
				
2026-07-04 15:31:04 [http-nio-8495-exec-8] ERROR c.v.d.r.productMstDropDownRowMapper -productMstDropDownRowMapper  Method Exceptionjava.sql.SQLSyntaxErrorException: Column 'PKA_ID' not found.
				
2026-07-04 15:31:04 [http-nio-8495-exec-8] ERROR c.v.d.r.productMstDropDownRowMapper -productMstDropDownRowMapper  Method Exceptionjava.sql.SQLSyntaxErrorException: Column 'PKA_ID' not found.
				
2026-07-04 15:31:04 [http-nio-8495-exec-8] ERROR c.v.d.r.productMstDropDownRowMapper -productMstDropDownRowMapper  Method Exceptionjava.sql.SQLSyntaxErrorException: Column 'PKA_ID' not found.
				
2026-07-04 15:31:04 [http-nio-8495-exec-8] ERROR c.v.d.r.productMstDropDownRowMapper -productMstDropDownRowMapper  Method Exceptionjava.sql.SQLSyntaxErrorException: Column 'PKA_ID' not found.
				
2026-07-04 15:31:04 [http-nio-8495-exec-8] ERROR c.v.d.r.productMstDropDownRowMapper -productMstDropDownRowMapper  Method Exceptionjava.sql.SQLSyntaxErrorException: Column 'PKA_ID' not found.
				
2026-07-04 15:31:04 [http-nio-8495-exec-8] ERROR c.v.d.r.productMstDropDownRowMapper -productMstDropDownRowMapper  Method Exceptionjava.sql.SQLSyntaxErrorException: Column 'PKA_ID' not found.
				
2026-07-04 15:31:04 [http-nio-8495-exec-8] ERROR c.v.d.r.productMstDropDownRowMapper -productMstDropDownRowMapper  Method Exceptionjava.sql.SQLSyntaxErrorException: Column 'PKA_ID' not found.
				
2026-07-04 15:31:04 [http-nio-8495-exec-8] ERROR c.v.d.r.productMstDropDownRowMapper -productMstDropDownRowMapper  Method Exceptionjava.sql.SQLSyntaxErrorException: Column 'PKA_ID' not found.
				
2026-07-04 15:31:04 [http-nio-8495-exec-8] ERROR c.v.d.r.productMstDropDownRowMapper -productMstDropDownRowMapper  Method Exceptionjava.sql.SQLSyntaxErrorException: Column 'PKA_ID' not found.
				
2026-07-04 15:31:04 [http-nio-8495-exec-8] ERROR c.v.d.r.productMstDropDownRowMapper -productMstDropDownRowMapper  Method Exceptionjava.sql.SQLSyntaxErrorException: Column 'PKA_ID' not found.
				
2026-07-04 15:31:04 [http-nio-8495-exec-8] ERROR c.v.d.r.productMstDropDownRowMapper -productMstDropDownRowMapper  Method Exceptionjava.sql.SQLSyntaxErrorException: Column 'PKA_ID' not found.
				
2026-07-04 15:31:04 [http-nio-8495-exec-8] ERROR c.v.d.r.productMstDropDownRowMapper -productMstDropDownRowMapper  Method Exceptionjava.sql.SQLSyntaxErrorException: Column 'PKA_ID' not found.
				
2026-07-04 15:31:04 [http-nio-8495-exec-8] ERROR c.v.d.r.productMstDropDownRowMapper -productMstDropDownRowMapper  Method Exceptionjava.sql.SQLSyntaxErrorException: Column 'PKA_ID' not found.
				
2026-07-04 15:31:04 [http-nio-8495-exec-8] ERROR c.v.d.r.productMstDropDownRowMapper -productMstDropDownRowMapper  Method Exceptionjava.sql.SQLSyntaxErrorException: Column 'PKA_ID' not found.
				
2026-07-04 15:31:04 [http-nio-8495-exec-8] ERROR c.v.d.r.productMstDropDownRowMapper -productMstDropDownRowMapper  Method Exceptionjava.sql.SQLSyntaxErrorException: Column 'PKA_ID' not found.
				
2026-07-04 15:31:04 [http-nio-8495-exec-8] ERROR c.v.d.r.productMstDropDownRowMapper -productMstDropDownRowMapper  Method Exceptionjava.sql.SQLSyntaxErrorException: Column 'PKA_ID' not found.
				
2026-07-04 15:31:04 [http-nio-8495-exec-8] ERROR c.v.d.r.productMstDropDownRowMapper -productMstDropDownRowMapper  Method Exceptionjava.sql.SQLSyntaxErrorException: Column 'PKA_ID' not found.
				
2026-07-04 15:31:04 [http-nio-8495-exec-8] ERROR c.v.d.r.productMstDropDownRowMapper -productMstDropDownRowMapper  Method Exceptionjava.sql.SQLSyntaxErrorException: Column 'PKA_ID' not found.
				
2026-07-04 15:31:04 [http-nio-8495-exec-8] ERROR c.v.d.r.productMstDropDownRowMapper -productMstDropDownRowMapper  Method Exceptionjava.sql.SQLSyntaxErrorException: Column 'PKA_ID' not found.
				
2026-07-04 15:31:04 [http-nio-8495-exec-8] ERROR c.v.d.r.productMstDropDownRowMapper -productMstDropDownRowMapper  Method Exceptionjava.sql.SQLSyntaxErrorException: Column 'PKA_ID' not found.
				
2026-07-04 15:31:04 [http-nio-8495-exec-8] ERROR c.v.d.r.productMstDropDownRowMapper -productMstDropDownRowMapper  Method Exceptionjava.sql.SQLSyntaxErrorException: Column 'PKA_ID' not found.
				
2026-07-04 15:31:04 [http-nio-8495-exec-8] ERROR c.v.d.r.productMstDropDownRowMapper -productMstDropDownRowMapper  Method Exceptionjava.sql.SQLSyntaxErrorException: Column 'PKA_ID' not found.
				
2026-07-04 15:31:04 [http-nio-8495-exec-8] ERROR c.v.d.r.productMstDropDownRowMapper -productMstDropDownRowMapper  Method Exceptionjava.sql.SQLSyntaxErrorException: Column 'PKA_ID' not found.
				
2026-07-04 15:31:04 [http-nio-8495-exec-8] ERROR c.v.d.r.productMstDropDownRowMapper -productMstDropDownRowMapper  Method Exceptionjava.sql.SQLSyntaxErrorException: Column 'PKA_ID' not found.
				
2026-07-04 15:31:04 [http-nio-8495-exec-8] ERROR c.v.d.r.productMstDropDownRowMapper -productMstDropDownRowMapper  Method Exceptionjava.sql.SQLSyntaxErrorException: Column 'PKA_ID' not found.
				
2026-07-04 15:31:04 [http-nio-8495-exec-8] ERROR c.v.d.r.productMstDropDownRowMapper -productMstDropDownRowMapper  Method Exceptionjava.sql.SQLSyntaxErrorException: Column 'PKA_ID' not found.
				
2026-07-04 15:31:04 [http-nio-8495-exec-8] ERROR c.v.d.r.productMstDropDownRowMapper -productMstDropDownRowMapper  Method Exceptionjava.sql.SQLSyntaxErrorException: Column 'PKA_ID' not found.
				
2026-07-04 15:31:04 [http-nio-8495-exec-8] ERROR c.v.d.r.productMstDropDownRowMapper -productMstDropDownRowMapper  Method Exceptionjava.sql.SQLSyntaxErrorException: Column 'PKA_ID' not found.
				
2026-07-04 15:31:04 [http-nio-8495-exec-8] ERROR c.v.d.r.productMstDropDownRowMapper -productMstDropDownRowMapper  Method Exceptionjava.sql.SQLSyntaxErrorException: Column 'PKA_ID' not found.
				
2026-07-04 15:31:04 [http-nio-8495-exec-8] ERROR c.v.d.r.productMstDropDownRowMapper -productMstDropDownRowMapper  Method Exceptionjava.sql.SQLSyntaxErrorException: Column 'PKA_ID' not found.
				
2026-07-04 15:31:04 [http-nio-8495-exec-8] ERROR c.v.d.r.productMstDropDownRowMapper -productMstDropDownRowMapper  Method Exceptionjava.sql.SQLSyntaxErrorException: Column 'PKA_ID' not found.
				
2026-07-04 15:31:04 [http-nio-8495-exec-8] ERROR c.v.d.r.productMstDropDownRowMapper -productMstDropDownRowMapper  Method Exceptionjava.sql.SQLSyntaxErrorException: Column 'PKA_ID' not found.
				
2026-07-04 15:31:04 [http-nio-8495-exec-8] ERROR c.v.d.r.productMstDropDownRowMapper -productMstDropDownRowMapper  Method Exceptionjava.sql.SQLSyntaxErrorException: Column 'PKA_ID' not found.
				
2026-07-04 15:31:04 [http-nio-8495-exec-8] ERROR c.v.d.r.productMstDropDownRowMapper -productMstDropDownRowMapper  Method Exceptionjava.sql.SQLSyntaxErrorException: Column 'PKA_ID' not found.
				
2026-07-04 15:31:04 [http-nio-8495-exec-8] ERROR c.v.d.r.productMstDropDownRowMapper -productMstDropDownRowMapper  Method Exceptionjava.sql.SQLSyntaxErrorException: Column 'PKA_ID' not found.
				
2026-07-04 15:31:04 [http-nio-8495-exec-8] ERROR c.v.d.r.productMstDropDownRowMapper -productMstDropDownRowMapper  Method Exceptionjava.sql.SQLSyntaxErrorException: Column 'PKA_ID' not found.
				
2026-07-04 15:31:04 [http-nio-8495-exec-8] ERROR c.v.d.r.productMstDropDownRowMapper -productMstDropDownRowMapper  Method Exceptionjava.sql.SQLSyntaxErrorException: Column 'PKA_ID' not found.
				
2026-07-04 15:31:04 [http-nio-8495-exec-8] ERROR c.v.d.r.productMstDropDownRowMapper -productMstDropDownRowMapper  Method Exceptionjava.sql.SQLSyntaxErrorException: Column 'PKA_ID' not found.
				
2026-07-04 15:31:04 [http-nio-8495-exec-8] ERROR c.v.d.r.productMstDropDownRowMapper -productMstDropDownRowMapper  Method Exceptionjava.sql.SQLSyntaxErrorException: Column 'PKA_ID' not found.
				
2026-07-04 15:31:04 [http-nio-8495-exec-8] ERROR c.v.d.r.productMstDropDownRowMapper -productMstDropDownRowMapper  Method Exceptionjava.sql.SQLSyntaxErrorException: Column 'PKA_ID' not found.
				
2026-07-04 15:31:04 [http-nio-8495-exec-8] ERROR c.v.d.r.productMstDropDownRowMapper -productMstDropDownRowMapper  Method Exceptionjava.sql.SQLSyntaxErrorException: Column 'PKA_ID' not found.
				
2026-07-04 15:31:04 [http-nio-8495-exec-8] ERROR c.v.d.r.productMstDropDownRowMapper -productMstDropDownRowMapper  Method Exceptionjava.sql.SQLSyntaxErrorException: Column 'PKA_ID' not found.
				
2026-07-04 15:31:04 [http-nio-8495-exec-8] ERROR c.v.d.r.productMstDropDownRowMapper -productMstDropDownRowMapper  Method Exceptionjava.sql.SQLSyntaxErrorException: Column 'PKA_ID' not found.
				
2026-07-04 15:31:04 [http-nio-8495-exec-8] ERROR c.v.d.r.productMstDropDownRowMapper -productMstDropDownRowMapper  Method Exceptionjava.sql.SQLSyntaxErrorException: Column 'PKA_ID' not found.
				
2026-07-04 15:31:04 [http-nio-8495-exec-8] ERROR c.v.d.r.productMstDropDownRowMapper -productMstDropDownRowMapper  Method Exceptionjava.sql.SQLSyntaxErrorException: Column 'PKA_ID' not found.
				
2026-07-04 15:31:04 [http-nio-8495-exec-8] ERROR c.v.d.r.productMstDropDownRowMapper -productMstDropDownRowMapper  Method Exceptionjava.sql.SQLSyntaxErrorException: Column 'PKA_ID' not found.
				
2026-07-04 15:31:04 [http-nio-8495-exec-8] ERROR c.v.d.r.productMstDropDownRowMapper -productMstDropDownRowMapper  Method Exceptionjava.sql.SQLSyntaxErrorException: Column 'PKA_ID' not found.
				
2026-07-04 15:31:04 [http-nio-8495-exec-8] ERROR c.v.d.r.productMstDropDownRowMapper -productMstDropDownRowMapper  Method Exceptionjava.sql.SQLSyntaxErrorException: Column 'PKA_ID' not found.
				
2026-07-04 15:31:04 [http-nio-8495-exec-8] ERROR c.v.d.r.productMstDropDownRowMapper -productMstDropDownRowMapper  Method Exceptionjava.sql.SQLSyntaxErrorException: Column 'PKA_ID' not found.
				
2026-07-04 15:31:04 [http-nio-8495-exec-8] ERROR c.v.d.r.productMstDropDownRowMapper -productMstDropDownRowMapper  Method Exceptionjava.sql.SQLSyntaxErrorException: Column 'PKA_ID' not found.
				
2026-07-04 15:31:04 [http-nio-8495-exec-8] ERROR c.v.d.r.productMstDropDownRowMapper -productMstDropDownRowMapper  Method Exceptionjava.sql.SQLSyntaxErrorException: Column 'PKA_ID' not found.
				
2026-07-04 15:31:04 [http-nio-8495-exec-8] ERROR c.v.d.r.productMstDropDownRowMapper -productMstDropDownRowMapper  Method Exceptionjava.sql.SQLSyntaxErrorException: Column 'PKA_ID' not found.
				
2026-07-04 15:31:04 [http-nio-8495-exec-8] ERROR c.v.d.r.productMstDropDownRowMapper -productMstDropDownRowMapper  Method Exceptionjava.sql.SQLSyntaxErrorException: Column 'PKA_ID' not found.
				
2026-07-04 15:31:04 [http-nio-8495-exec-8] ERROR c.v.d.r.productMstDropDownRowMapper -productMstDropDownRowMapper  Method Exceptionjava.sql.SQLSyntaxErrorException: Column 'PKA_ID' not found.
				
2026-07-04 15:31:04 [http-nio-8495-exec-8] ERROR c.v.d.r.productMstDropDownRowMapper -productMstDropDownRowMapper  Method Exceptionjava.sql.SQLSyntaxErrorException: Column 'PKA_ID' not found.
				
2026-07-04 15:31:04 [http-nio-8495-exec-8] ERROR c.v.d.r.productMstDropDownRowMapper -productMstDropDownRowMapper  Method Exceptionjava.sql.SQLSyntaxErrorException: Column 'PKA_ID' not found.
				
2026-07-04 15:31:04 [http-nio-8495-exec-8] ERROR c.v.d.r.productMstDropDownRowMapper -productMstDropDownRowMapper  Method Exceptionjava.sql.SQLSyntaxErrorException: Column 'PKA_ID' not found.
				
2026-07-04 15:31:04 [http-nio-8495-exec-8] ERROR c.v.d.r.productMstDropDownRowMapper -productMstDropDownRowMapper  Method Exceptionjava.sql.SQLSyntaxErrorException: Column 'PKA_ID' not found.
				
2026-07-04 15:31:04 [http-nio-8495-exec-8] ERROR c.v.d.r.productMstDropDownRowMapper -productMstDropDownRowMapper  Method Exceptionjava.sql.SQLSyntaxErrorException: Column 'PKA_ID' not found.
				
2026-07-04 15:31:04 [http-nio-8495-exec-8] ERROR c.v.d.r.productMstDropDownRowMapper -productMstDropDownRowMapper  Method Exceptionjava.sql.SQLSyntaxErrorException: Column 'PKA_ID' not found.
				
2026-07-04 15:31:04 [http-nio-8495-exec-8] ERROR c.v.d.r.productMstDropDownRowMapper -productMstDropDownRowMapper  Method Exceptionjava.sql.SQLSyntaxErrorException: Column 'PKA_ID' not found.
				
2026-07-04 15:31:04 [http-nio-8495-exec-8] ERROR c.v.d.r.productMstDropDownRowMapper -productMstDropDownRowMapper  Method Exceptionjava.sql.SQLSyntaxErrorException: Column 'PKA_ID' not found.
				
2026-07-04 15:31:04 [http-nio-8495-exec-8] ERROR c.v.d.r.productMstDropDownRowMapper -productMstDropDownRowMapper  Method Exceptionjava.sql.SQLSyntaxErrorException: Column 'PKA_ID' not found.
				
2026-07-04 15:31:04 [http-nio-8495-exec-8] ERROR c.v.d.r.productMstDropDownRowMapper -productMstDropDownRowMapper  Method Exceptionjava.sql.SQLSyntaxErrorException: Column 'PKA_ID' not found.
				
2026-07-04 15:31:04 [http-nio-8495-exec-8] ERROR c.v.d.r.productMstDropDownRowMapper -productMstDropDownRowMapper  Method Exceptionjava.sql.SQLSyntaxErrorException: Column 'PKA_ID' not found.
				
2026-07-04 15:31:04 [http-nio-8495-exec-8] ERROR c.v.d.r.productMstDropDownRowMapper -productMstDropDownRowMapper  Method Exceptionjava.sql.SQLSyntaxErrorException: Column 'PKA_ID' not found.
				
2026-07-04 15:31:04 [http-nio-8495-exec-8] ERROR c.v.d.r.productMstDropDownRowMapper -productMstDropDownRowMapper  Method Exceptionjava.sql.SQLSyntaxErrorException: Column 'PKA_ID' not found.
				
2026-07-04 15:31:04 [http-nio-8495-exec-8] ERROR c.v.d.r.productMstDropDownRowMapper -productMstDropDownRowMapper  Method Exceptionjava.sql.SQLSyntaxErrorException: Column 'PKA_ID' not found.
				
2026-07-04 15:31:04 [http-nio-8495-exec-8] ERROR c.v.d.r.productMstDropDownRowMapper -productMstDropDownRowMapper  Method Exceptionjava.sql.SQLSyntaxErrorException: Column 'PKA_ID' not found.
				
2026-07-04 15:31:04 [http-nio-8495-exec-8] ERROR c.v.d.r.productMstDropDownRowMapper -productMstDropDownRowMapper  Method Exceptionjava.sql.SQLSyntaxErrorException: Column 'PKA_ID' not found.
				
2026-07-04 15:31:04 [http-nio-8495-exec-8] ERROR c.v.d.r.productMstDropDownRowMapper -productMstDropDownRowMapper  Method Exceptionjava.sql.SQLSyntaxErrorException: Column 'PKA_ID' not found.
				
2026-07-04 15:31:04 [http-nio-8495-exec-8] ERROR c.v.d.r.productMstDropDownRowMapper -productMstDropDownRowMapper  Method Exceptionjava.sql.SQLSyntaxErrorException: Column 'PKA_ID' not found.
				
2026-07-04 15:31:04 [http-nio-8495-exec-8] ERROR c.v.d.r.productMstDropDownRowMapper -productMstDropDownRowMapper  Method Exceptionjava.sql.SQLSyntaxErrorException: Column 'PKA_ID' not found.
				
2026-07-04 15:31:04 [http-nio-8495-exec-8] ERROR c.v.d.r.productMstDropDownRowMapper -productMstDropDownRowMapper  Method Exceptionjava.sql.SQLSyntaxErrorException: Column 'PKA_ID' not found.
				
2026-07-04 15:31:04 [http-nio-8495-exec-8] ERROR c.v.d.r.productMstDropDownRowMapper -productMstDropDownRowMapper  Method Exceptionjava.sql.SQLSyntaxErrorException: Column 'PKA_ID' not found.
				
2026-07-04 15:31:04 [http-nio-8495-exec-8] ERROR c.v.d.r.productMstDropDownRowMapper -productMstDropDownRowMapper  Method Exceptionjava.sql.SQLSyntaxErrorException: Column 'PKA_ID' not found.
				
2026-07-04 15:31:04 [http-nio-8495-exec-8] ERROR c.v.d.r.productMstDropDownRowMapper -productMstDropDownRowMapper  Method Exceptionjava.sql.SQLSyntaxErrorException: Column 'PKA_ID' not found.
				
2026-07-04 15:31:04 [http-nio-8495-exec-8] ERROR c.v.d.r.productMstDropDownRowMapper -productMstDropDownRowMapper  Method Exceptionjava.sql.SQLSyntaxErrorException: Column 'PKA_ID' not found.
				
2026-07-04 15:31:04 [http-nio-8495-exec-8] ERROR c.v.d.r.productMstDropDownRowMapper -productMstDropDownRowMapper  Method Exceptionjava.sql.SQLSyntaxErrorException: Column 'PKA_ID' not found.
				
2026-07-04 15:31:04 [http-nio-8495-exec-8] ERROR c.v.d.r.productMstDropDownRowMapper -productMstDropDownRowMapper  Method Exceptionjava.sql.SQLSyntaxErrorException: Column 'PKA_ID' not found.
				
2026-07-04 15:31:04 [http-nio-8495-exec-8] ERROR c.v.d.r.productMstDropDownRowMapper -productMstDropDownRowMapper  Method Exceptionjava.sql.SQLSyntaxErrorException: Column 'PKA_ID' not found.
				
2026-07-04 15:31:04 [http-nio-8495-exec-8] ERROR c.v.d.r.productMstDropDownRowMapper -productMstDropDownRowMapper  Method Exceptionjava.sql.SQLSyntaxErrorException: Column 'PKA_ID' not found.
				
2026-07-04 15:31:04 [http-nio-8495-exec-8] ERROR c.v.d.r.productMstDropDownRowMapper -productMstDropDownRowMapper  Method Exceptionjava.sql.SQLSyntaxErrorException: Column 'PKA_ID' not found.
				
2026-07-04 15:31:04 [http-nio-8495-exec-8] ERROR c.v.d.r.productMstDropDownRowMapper -productMstDropDownRowMapper  Method Exceptionjava.sql.SQLSyntaxErrorException: Column 'PKA_ID' not found.
				
2026-07-04 15:31:04 [http-nio-8495-exec-8] ERROR c.v.d.r.productMstDropDownRowMapper -productMstDropDownRowMapper  Method Exceptionjava.sql.SQLSyntaxErrorException: Column 'PKA_ID' not found.
				
2026-07-04 15:31:04 [http-nio-8495-exec-8] ERROR c.v.d.r.productMstDropDownRowMapper -productMstDropDownRowMapper  Method Exceptionjava.sql.SQLSyntaxErrorException: Column 'PKA_ID' not found.
				
2026-07-04 15:31:04 [http-nio-8495-exec-8] ERROR c.v.d.r.productMstDropDownRowMapper -productMstDropDownRowMapper  Method Exceptionjava.sql.SQLSyntaxErrorException: Column 'PKA_ID' not found.
				
2026-07-04 15:31:04 [http-nio-8495-exec-8] ERROR c.v.d.r.productMstDropDownRowMapper -productMstDropDownRowMapper  Method Exceptionjava.sql.SQLSyntaxErrorException: Column 'PKA_ID' not found.
				
2026-07-04 15:31:04 [http-nio-8495-exec-8] ERROR c.v.d.r.productMstDropDownRowMapper -productMstDropDownRowMapper  Method Exceptionjava.sql.SQLSyntaxErrorException: Column 'PKA_ID' not found.
				
2026-07-04 15:31:04 [http-nio-8495-exec-8] ERROR c.v.d.r.productMstDropDownRowMapper -productMstDropDownRowMapper  Method Exceptionjava.sql.SQLSyntaxErrorException: Column 'PKA_ID' not found.
				
2026-07-04 15:31:04 [http-nio-8495-exec-8] ERROR c.v.d.r.productMstDropDownRowMapper -productMstDropDownRowMapper  Method Exceptionjava.sql.SQLSyntaxErrorException: Column 'PKA_ID' not found.
				
2026-07-04 15:31:04 [http-nio-8495-exec-8] ERROR c.v.d.r.productMstDropDownRowMapper -productMstDropDownRowMapper  Method Exceptionjava.sql.SQLSyntaxErrorException: Column 'PKA_ID' not found.
				
2026-07-04 15:31:04 [http-nio-8495-exec-8] ERROR c.v.d.r.productMstDropDownRowMapper -productMstDropDownRowMapper  Method Exceptionjava.sql.SQLSyntaxErrorException: Column 'PKA_ID' not found.
				
2026-07-04 15:31:04 [http-nio-8495-exec-8] ERROR c.v.d.r.productMstDropDownRowMapper -productMstDropDownRowMapper  Method Exceptionjava.sql.SQLSyntaxErrorException: Column 'PKA_ID' not found.
				
2026-07-04 15:31:04 [http-nio-8495-exec-8] ERROR c.v.d.r.productMstDropDownRowMapper -productMstDropDownRowMapper  Method Exceptionjava.sql.SQLSyntaxErrorException: Column 'PKA_ID' not found.
				
2026-07-04 15:31:04 [http-nio-8495-exec-8] ERROR c.v.d.r.productMstDropDownRowMapper -productMstDropDownRowMapper  Method Exceptionjava.sql.SQLSyntaxErrorException: Column 'PKA_ID' not found.
				
2026-07-04 15:31:04 [http-nio-8495-exec-8] ERROR c.v.d.r.productMstDropDownRowMapper -productMstDropDownRowMapper  Method Exceptionjava.sql.SQLSyntaxErrorException: Column 'PKA_ID' not found.
				
2026-07-04 15:31:04 [http-nio-8495-exec-8] ERROR c.v.d.r.productMstDropDownRowMapper -productMstDropDownRowMapper  Method Exceptionjava.sql.SQLSyntaxErrorException: Column 'PKA_ID' not found.
				
2026-07-04 15:31:04 [http-nio-8495-exec-8] ERROR c.v.d.r.productMstDropDownRowMapper -productMstDropDownRowMapper  Method Exceptionjava.sql.SQLSyntaxErrorException: Column 'PKA_ID' not found.
				
2026-07-04 15:31:04 [http-nio-8495-exec-8] ERROR c.v.d.r.productMstDropDownRowMapper -productMstDropDownRowMapper  Method Exceptionjava.sql.SQLSyntaxErrorException: Column 'PKA_ID' not found.
				
2026-07-04 15:31:04 [http-nio-8495-exec-8] ERROR c.v.d.r.productMstDropDownRowMapper -productMstDropDownRowMapper  Method Exceptionjava.sql.SQLSyntaxErrorException: Column 'PKA_ID' not found.
				
2026-07-04 15:31:04 [http-nio-8495-exec-8] ERROR c.v.d.r.productMstDropDownRowMapper -productMstDropDownRowMapper  Method Exceptionjava.sql.SQLSyntaxErrorException: Column 'PKA_ID' not found.
				
2026-07-04 15:31:04 [http-nio-8495-exec-8] ERROR c.v.d.r.productMstDropDownRowMapper -productMstDropDownRowMapper  Method Exceptionjava.sql.SQLSyntaxErrorException: Column 'PKA_ID' not found.
				
2026-07-04 15:31:04 [http-nio-8495-exec-8] ERROR c.v.d.r.productMstDropDownRowMapper -productMstDropDownRowMapper  Method Exceptionjava.sql.SQLSyntaxErrorException: Column 'PKA_ID' not found.
				
2026-07-04 15:31:04 [http-nio-8495-exec-8] ERROR c.v.d.r.productMstDropDownRowMapper -productMstDropDownRowMapper  Method Exceptionjava.sql.SQLSyntaxErrorException: Column 'PKA_ID' not found.
				
2026-07-04 15:31:04 [http-nio-8495-exec-8] ERROR c.v.d.r.productMstDropDownRowMapper -productMstDropDownRowMapper  Method Exceptionjava.sql.SQLSyntaxErrorException: Column 'PKA_ID' not found.
				
2026-07-04 15:31:04 [http-nio-8495-exec-8] ERROR c.v.d.r.productMstDropDownRowMapper -productMstDropDownRowMapper  Method Exceptionjava.sql.SQLSyntaxErrorException: Column 'PKA_ID' not found.
				
2026-07-04 15:31:04 [http-nio-8495-exec-8] ERROR c.v.d.r.productMstDropDownRowMapper -productMstDropDownRowMapper  Method Exceptionjava.sql.SQLSyntaxErrorException: Column 'PKA_ID' not found.
				
2026-07-04 15:31:04 [http-nio-8495-exec-8] ERROR c.v.d.r.productMstDropDownRowMapper -productMstDropDownRowMapper  Method Exceptionjava.sql.SQLSyntaxErrorException: Column 'PKA_ID' not found.
				
2026-07-04 15:31:04 [http-nio-8495-exec-8] ERROR c.v.d.r.productMstDropDownRowMapper -productMstDropDownRowMapper  Method Exceptionjava.sql.SQLSyntaxErrorException: Column 'PKA_ID' not found.
				
2026-07-04 15:31:04 [http-nio-8495-exec-8] ERROR c.v.d.r.productMstDropDownRowMapper -productMstDropDownRowMapper  Method Exceptionjava.sql.SQLSyntaxErrorException: Column 'PKA_ID' not found.
				
2026-07-04 15:31:04 [http-nio-8495-exec-8] ERROR c.v.d.r.productMstDropDownRowMapper -productMstDropDownRowMapper  Method Exceptionjava.sql.SQLSyntaxErrorException: Column 'PKA_ID' not found.
				
2026-07-04 15:31:04 [http-nio-8495-exec-8] ERROR c.v.d.r.productMstDropDownRowMapper -productMstDropDownRowMapper  Method Exceptionjava.sql.SQLSyntaxErrorException: Column 'PKA_ID' not found.
				
2026-07-04 15:31:04 [http-nio-8495-exec-8] ERROR c.v.d.r.productMstDropDownRowMapper -productMstDropDownRowMapper  Method Exceptionjava.sql.SQLSyntaxErrorException: Column 'PKA_ID' not found.
				
2026-07-04 15:31:04 [http-nio-8495-exec-8] ERROR c.v.d.r.productMstDropDownRowMapper -productMstDropDownRowMapper  Method Exceptionjava.sql.SQLSyntaxErrorException: Column 'PKA_ID' not found.
				
2026-07-04 15:31:04 [http-nio-8495-exec-8] ERROR c.v.d.r.productMstDropDownRowMapper -productMstDropDownRowMapper  Method Exceptionjava.sql.SQLSyntaxErrorException: Column 'PKA_ID' not found.
				
2026-07-04 15:31:04 [http-nio-8495-exec-8] ERROR c.v.d.r.productMstDropDownRowMapper -productMstDropDownRowMapper  Method Exceptionjava.sql.SQLSyntaxErrorException: Column 'PKA_ID' not found.
				
2026-07-04 15:31:04 [http-nio-8495-exec-8] ERROR c.v.d.r.productMstDropDownRowMapper -productMstDropDownRowMapper  Method Exceptionjava.sql.SQLSyntaxErrorException: Column 'PKA_ID' not found.
				
2026-07-04 15:31:04 [http-nio-8495-exec-8] ERROR c.v.d.r.productMstDropDownRowMapper -productMstDropDownRowMapper  Method Exceptionjava.sql.SQLSyntaxErrorException: Column 'PKA_ID' not found.
				
2026-07-04 15:31:04 [http-nio-8495-exec-8] ERROR c.v.d.r.productMstDropDownRowMapper -productMstDropDownRowMapper  Method Exceptionjava.sql.SQLSyntaxErrorException: Column 'PKA_ID' not found.
				
2026-07-04 15:31:04 [http-nio-8495-exec-8] ERROR c.v.d.r.productMstDropDownRowMapper -productMstDropDownRowMapper  Method Exceptionjava.sql.SQLSyntaxErrorException: Column 'PKA_ID' not found.
				
2026-07-04 15:31:04 [http-nio-8495-exec-8] ERROR c.v.d.r.productMstDropDownRowMapper -productMstDropDownRowMapper  Method Exceptionjava.sql.SQLSyntaxErrorException: Column 'PKA_ID' not found.
				
2026-07-04 15:31:04 [http-nio-8495-exec-8] ERROR c.v.d.r.productMstDropDownRowMapper -productMstDropDownRowMapper  Method Exceptionjava.sql.SQLSyntaxErrorException: Column 'PKA_ID' not found.
				
2026-07-04 15:31:04 [http-nio-8495-exec-8] ERROR c.v.d.r.productMstDropDownRowMapper -productMstDropDownRowMapper  Method Exceptionjava.sql.SQLSyntaxErrorException: Column 'PKA_ID' not found.
				
2026-07-04 15:31:04 [http-nio-8495-exec-8] ERROR c.v.d.r.productMstDropDownRowMapper -productMstDropDownRowMapper  Method Exceptionjava.sql.SQLSyntaxErrorException: Column 'PKA_ID' not found.
				
2026-07-04 15:31:04 [http-nio-8495-exec-8] ERROR c.v.d.r.productMstDropDownRowMapper -productMstDropDownRowMapper  Method Exceptionjava.sql.SQLSyntaxErrorException: Column 'PKA_ID' not found.
				
2026-07-04 15:31:04 [http-nio-8495-exec-8] ERROR c.v.d.r.productMstDropDownRowMapper -productMstDropDownRowMapper  Method Exceptionjava.sql.SQLSyntaxErrorException: Column 'PKA_ID' not found.
				
2026-07-04 15:31:04 [http-nio-8495-exec-8] ERROR c.v.d.r.productMstDropDownRowMapper -productMstDropDownRowMapper  Method Exceptionjava.sql.SQLSyntaxErrorException: Column 'PKA_ID' not found.
				
2026-07-04 15:31:04 [http-nio-8495-exec-8] ERROR c.v.d.r.productMstDropDownRowMapper -productMstDropDownRowMapper  Method Exceptionjava.sql.SQLSyntaxErrorException: Column 'PKA_ID' not found.
				
2026-07-04 15:31:04 [http-nio-8495-exec-8] ERROR c.v.d.r.productMstDropDownRowMapper -productMstDropDownRowMapper  Method Exceptionjava.sql.SQLSyntaxErrorException: Column 'PKA_ID' not found.
				
2026-07-04 15:31:04 [http-nio-8495-exec-8] ERROR c.v.d.r.productMstDropDownRowMapper -productMstDropDownRowMapper  Method Exceptionjava.sql.SQLSyntaxErrorException: Column 'PKA_ID' not found.
				
2026-07-04 15:31:04 [http-nio-8495-exec-8] ERROR c.v.d.r.productMstDropDownRowMapper -productMstDropDownRowMapper  Method Exceptionjava.sql.SQLSyntaxErrorException: Column 'PKA_ID' not found.
				
2026-07-04 15:31:04 [http-nio-8495-exec-8] ERROR c.v.d.r.productMstDropDownRowMapper -productMstDropDownRowMapper  Method Exceptionjava.sql.SQLSyntaxErrorException: Column 'PKA_ID' not found.
				
2026-07-04 15:31:04 [http-nio-8495-exec-8] ERROR c.v.d.r.productMstDropDownRowMapper -productMstDropDownRowMapper  Method Exceptionjava.sql.SQLSyntaxErrorException: Column 'PKA_ID' not found.
				
2026-07-04 15:31:04 [http-nio-8495-exec-8] ERROR c.v.d.r.productMstDropDownRowMapper -productMstDropDownRowMapper  Method Exceptionjava.sql.SQLSyntaxErrorException: Column 'PKA_ID' not found.
				
2026-07-04 15:31:04 [http-nio-8495-exec-8] ERROR c.v.d.r.productMstDropDownRowMapper -productMstDropDownRowMapper  Method Exceptionjava.sql.SQLSyntaxErrorException: Column 'PKA_ID' not found.
				
2026-07-04 15:31:04 [http-nio-8495-exec-8] ERROR c.v.d.r.productMstDropDownRowMapper -productMstDropDownRowMapper  Method Exceptionjava.sql.SQLSyntaxErrorException: Column 'PKA_ID' not found.
				
2026-07-04 15:31:04 [http-nio-8495-exec-8] ERROR c.v.d.r.productMstDropDownRowMapper -productMstDropDownRowMapper  Method Exceptionjava.sql.SQLSyntaxErrorException: Column 'PKA_ID' not found.
				
2026-07-04 15:31:04 [http-nio-8495-exec-8] ERROR c.v.d.r.productMstDropDownRowMapper -productMstDropDownRowMapper  Method Exceptionjava.sql.SQLSyntaxErrorException: Column 'PKA_ID' not found.
				
2026-07-04 15:31:04 [http-nio-8495-exec-8] ERROR c.v.d.r.productMstDropDownRowMapper -productMstDropDownRowMapper  Method Exceptionjava.sql.SQLSyntaxErrorException: Column 'PKA_ID' not found.
				
2026-07-04 15:31:04 [http-nio-8495-exec-8] ERROR c.v.d.r.productMstDropDownRowMapper -productMstDropDownRowMapper  Method Exceptionjava.sql.SQLSyntaxErrorException: Column 'PKA_ID' not found.
				
2026-07-04 15:31:04 [http-nio-8495-exec-8] ERROR c.v.d.r.productMstDropDownRowMapper -productMstDropDownRowMapper  Method Exceptionjava.sql.SQLSyntaxErrorException: Column 'PKA_ID' not found.
				
2026-07-04 15:31:04 [http-nio-8495-exec-8] ERROR c.v.d.r.productMstDropDownRowMapper -productMstDropDownRowMapper  Method Exceptionjava.sql.SQLSyntaxErrorException: Column 'PKA_ID' not found.
				
2026-07-04 15:31:04 [http-nio-8495-exec-8] ERROR c.v.d.r.productMstDropDownRowMapper -productMstDropDownRowMapper  Method Exceptionjava.sql.SQLSyntaxErrorException: Column 'PKA_ID' not found.
				
2026-07-04 15:31:04 [http-nio-8495-exec-8] ERROR c.v.d.r.productMstDropDownRowMapper -productMstDropDownRowMapper  Method Exceptionjava.sql.SQLSyntaxErrorException: Column 'PKA_ID' not found.
				
2026-07-04 15:31:04 [http-nio-8495-exec-8] ERROR c.v.d.r.productMstDropDownRowMapper -productMstDropDownRowMapper  Method Exceptionjava.sql.SQLSyntaxErrorException: Column 'PKA_ID' not found.
				
2026-07-04 15:31:04 [http-nio-8495-exec-8] ERROR c.v.d.r.productMstDropDownRowMapper -productMstDropDownRowMapper  Method Exceptionjava.sql.SQLSyntaxErrorException: Column 'PKA_ID' not found.
				
2026-07-04 15:31:04 [http-nio-8495-exec-8] ERROR c.v.d.r.productMstDropDownRowMapper -productMstDropDownRowMapper  Method Exceptionjava.sql.SQLSyntaxErrorException: Column 'PKA_ID' not found.
				
2026-07-04 15:31:04 [http-nio-8495-exec-8] ERROR c.v.d.r.productMstDropDownRowMapper -productMstDropDownRowMapper  Method Exceptionjava.sql.SQLSyntaxErrorException: Column 'PKA_ID' not found.
				
2026-07-04 15:31:04 [http-nio-8495-exec-8] ERROR c.v.d.r.productMstDropDownRowMapper -productMstDropDownRowMapper  Method Exceptionjava.sql.SQLSyntaxErrorException: Column 'PKA_ID' not found.
				
2026-07-04 15:31:04 [http-nio-8495-exec-8] ERROR c.v.d.r.productMstDropDownRowMapper -productMstDropDownRowMapper  Method Exceptionjava.sql.SQLSyntaxErrorException: Column 'PKA_ID' not found.
				
2026-07-04 15:31:04 [http-nio-8495-exec-8] ERROR c.v.d.r.productMstDropDownRowMapper -productMstDropDownRowMapper  Method Exceptionjava.sql.SQLSyntaxErrorException: Column 'PKA_ID' not found.
				
2026-07-04 15:31:04 [http-nio-8495-exec-8] ERROR c.v.d.r.productMstDropDownRowMapper -productMstDropDownRowMapper  Method Exceptionjava.sql.SQLSyntaxErrorException: Column 'PKA_ID' not found.
				
2026-07-04 15:31:04 [http-nio-8495-exec-8] ERROR c.v.d.r.productMstDropDownRowMapper -productMstDropDownRowMapper  Method Exceptionjava.sql.SQLSyntaxErrorException: Column 'PKA_ID' not found.
				
2026-07-04 15:31:04 [http-nio-8495-exec-8] ERROR c.v.d.r.productMstDropDownRowMapper -productMstDropDownRowMapper  Method Exceptionjava.sql.SQLSyntaxErrorException: Column 'PKA_ID' not found.
				
2026-07-04 15:31:04 [http-nio-8495-exec-8] ERROR c.v.d.r.productMstDropDownRowMapper -productMstDropDownRowMapper  Method Exceptionjava.sql.SQLSyntaxErrorException: Column 'PKA_ID' not found.
				
2026-07-04 15:31:04 [http-nio-8495-exec-8] ERROR c.v.d.r.productMstDropDownRowMapper -productMstDropDownRowMapper  Method Exceptionjava.sql.SQLSyntaxErrorException: Column 'PKA_ID' not found.
				
2026-07-04 15:31:04 [http-nio-8495-exec-8] ERROR c.v.d.r.productMstDropDownRowMapper -productMstDropDownRowMapper  Method Exceptionjava.sql.SQLSyntaxErrorException: Column 'PKA_ID' not found.
				
2026-07-04 15:31:04 [http-nio-8495-exec-8] ERROR c.v.d.r.productMstDropDownRowMapper -productMstDropDownRowMapper  Method Exceptionjava.sql.SQLSyntaxErrorException: Column 'PKA_ID' not found.
				
2026-07-04 15:31:04 [http-nio-8495-exec-8] ERROR c.v.d.r.productMstDropDownRowMapper -productMstDropDownRowMapper  Method Exceptionjava.sql.SQLSyntaxErrorException: Column 'PKA_ID' not found.
				
2026-07-04 15:31:04 [http-nio-8495-exec-8] ERROR c.v.d.r.productMstDropDownRowMapper -productMstDropDownRowMapper  Method Exceptionjava.sql.SQLSyntaxErrorException: Column 'PKA_ID' not found.
				
2026-07-04 15:31:04 [http-nio-8495-exec-8] ERROR c.v.d.r.productMstDropDownRowMapper -productMstDropDownRowMapper  Method Exceptionjava.sql.SQLSyntaxErrorException: Column 'PKA_ID' not found.
				
2026-07-04 15:31:04 [http-nio-8495-exec-8] ERROR c.v.d.r.productMstDropDownRowMapper -productMstDropDownRowMapper  Method Exceptionjava.sql.SQLSyntaxErrorException: Column 'PKA_ID' not found.
				
2026-07-04 15:31:04 [http-nio-8495-exec-8] ERROR c.v.d.r.productMstDropDownRowMapper -productMstDropDownRowMapper  Method Exceptionjava.sql.SQLSyntaxErrorException: Column 'PKA_ID' not found.
				
2026-07-04 15:31:04 [http-nio-8495-exec-8] ERROR c.v.d.r.productMstDropDownRowMapper -productMstDropDownRowMapper  Method Exceptionjava.sql.SQLSyntaxErrorException: Column 'PKA_ID' not found.
				
2026-07-04 15:31:04 [http-nio-8495-exec-8] ERROR c.v.d.r.productMstDropDownRowMapper -productMstDropDownRowMapper  Method Exceptionjava.sql.SQLSyntaxErrorException: Column 'PKA_ID' not found.
				
2026-07-04 15:31:04 [http-nio-8495-exec-8] ERROR c.v.d.r.productMstDropDownRowMapper -productMstDropDownRowMapper  Method Exceptionjava.sql.SQLSyntaxErrorException: Column 'PKA_ID' not found.
				
2026-07-04 15:31:04 [http-nio-8495-exec-8] ERROR c.v.d.r.productMstDropDownRowMapper -productMstDropDownRowMapper  Method Exceptionjava.sql.SQLSyntaxErrorException: Column 'PKA_ID' not found.
				
2026-07-04 15:31:04 [http-nio-8495-exec-8] ERROR c.v.d.r.productMstDropDownRowMapper -productMstDropDownRowMapper  Method Exceptionjava.sql.SQLSyntaxErrorException: Column 'PKA_ID' not found.
				
2026-07-04 15:31:04 [http-nio-8495-exec-8] ERROR c.v.d.r.productMstDropDownRowMapper -productMstDropDownRowMapper  Method Exceptionjava.sql.SQLSyntaxErrorException: Column 'PKA_ID' not found.
				
2026-07-04 15:31:04 [http-nio-8495-exec-8] ERROR c.v.d.r.productMstDropDownRowMapper -productMstDropDownRowMapper  Method Exceptionjava.sql.SQLSyntaxErrorException: Column 'PKA_ID' not found.
				
2026-07-04 15:31:04 [http-nio-8495-exec-8] ERROR c.v.d.r.productMstDropDownRowMapper -productMstDropDownRowMapper  Method Exceptionjava.sql.SQLSyntaxErrorException: Column 'PKA_ID' not found.
				
2026-07-04 15:31:04 [http-nio-8495-exec-8] ERROR c.v.d.r.productMstDropDownRowMapper -productMstDropDownRowMapper  Method Exceptionjava.sql.SQLSyntaxErrorException: Column 'PKA_ID' not found.
				
2026-07-04 15:31:04 [http-nio-8495-exec-8] ERROR c.v.d.r.productMstDropDownRowMapper -productMstDropDownRowMapper  Method Exceptionjava.sql.SQLSyntaxErrorException: Column 'PKA_ID' not found.
				
2026-07-04 15:31:04 [http-nio-8495-exec-8] ERROR c.v.d.r.productMstDropDownRowMapper -productMstDropDownRowMapper  Method Exceptionjava.sql.SQLSyntaxErrorException: Column 'PKA_ID' not found.
				
2026-07-04 15:31:04 [http-nio-8495-exec-8] ERROR c.v.d.r.productMstDropDownRowMapper -productMstDropDownRowMapper  Method Exceptionjava.sql.SQLSyntaxErrorException: Column 'PKA_ID' not found.
				
2026-07-04 15:31:04 [http-nio-8495-exec-8] ERROR c.v.d.r.productMstDropDownRowMapper -productMstDropDownRowMapper  Method Exceptionjava.sql.SQLSyntaxErrorException: Column 'PKA_ID' not found.
				
2026-07-04 15:31:04 [http-nio-8495-exec-8] ERROR c.v.d.r.productMstDropDownRowMapper -productMstDropDownRowMapper  Method Exceptionjava.sql.SQLSyntaxErrorException: Column 'PKA_ID' not found.
				
2026-07-04 15:31:04 [http-nio-8495-exec-8] ERROR c.v.d.r.productMstDropDownRowMapper -productMstDropDownRowMapper  Method Exceptionjava.sql.SQLSyntaxErrorException: Column 'PKA_ID' not found.
				
2026-07-04 15:31:04 [http-nio-8495-exec-8] ERROR c.v.d.r.productMstDropDownRowMapper -productMstDropDownRowMapper  Method Exceptionjava.sql.SQLSyntaxErrorException: Column 'PKA_ID' not found.
				
2026-07-04 15:31:04 [http-nio-8495-exec-8] ERROR c.v.d.r.productMstDropDownRowMapper -productMstDropDownRowMapper  Method Exceptionjava.sql.SQLSyntaxErrorException: Column 'PKA_ID' not found.
				
2026-07-04 15:31:04 [http-nio-8495-exec-8] ERROR c.v.d.r.productMstDropDownRowMapper -productMstDropDownRowMapper  Method Exceptionjava.sql.SQLSyntaxErrorException: Column 'PKA_ID' not found.
				
2026-07-04 15:31:04 [http-nio-8495-exec-8] ERROR c.v.d.r.productMstDropDownRowMapper -productMstDropDownRowMapper  Method Exceptionjava.sql.SQLSyntaxErrorException: Column 'PKA_ID' not found.
				
2026-07-04 15:31:04 [http-nio-8495-exec-8] ERROR c.v.d.r.productMstDropDownRowMapper -productMstDropDownRowMapper  Method Exceptionjava.sql.SQLSyntaxErrorException: Column 'PKA_ID' not found.
				
2026-07-04 15:31:04 [http-nio-8495-exec-8] ERROR c.v.d.r.productMstDropDownRowMapper -productMstDropDownRowMapper  Method Exceptionjava.sql.SQLSyntaxErrorException: Column 'PKA_ID' not found.
				
2026-07-04 15:31:04 [http-nio-8495-exec-8] ERROR c.v.d.r.productMstDropDownRowMapper -productMstDropDownRowMapper  Method Exceptionjava.sql.SQLSyntaxErrorException: Column 'PKA_ID' not found.
				
2026-07-04 15:31:04 [http-nio-8495-exec-8] ERROR c.v.d.r.productMstDropDownRowMapper -productMstDropDownRowMapper  Method Exceptionjava.sql.SQLSyntaxErrorException: Column 'PKA_ID' not found.
				
2026-07-04 15:31:04 [http-nio-8495-exec-8] ERROR c.v.d.r.productMstDropDownRowMapper -productMstDropDownRowMapper  Method Exceptionjava.sql.SQLSyntaxErrorException: Column 'PKA_ID' not found.
				
2026-07-04 15:31:04 [http-nio-8495-exec-8] ERROR c.v.d.r.productMstDropDownRowMapper -productMstDropDownRowMapper  Method Exceptionjava.sql.SQLSyntaxErrorException: Column 'PKA_ID' not found.
				
2026-07-04 15:31:04 [http-nio-8495-exec-8] ERROR c.v.d.r.productMstDropDownRowMapper -productMstDropDownRowMapper  Method Exceptionjava.sql.SQLSyntaxErrorException: Column 'PKA_ID' not found.
				
2026-07-04 15:31:04 [http-nio-8495-exec-8] ERROR c.v.d.r.productMstDropDownRowMapper -productMstDropDownRowMapper  Method Exceptionjava.sql.SQLSyntaxErrorException: Column 'PKA_ID' not found.
				
2026-07-04 15:31:04 [http-nio-8495-exec-8] ERROR c.v.d.r.productMstDropDownRowMapper -productMstDropDownRowMapper  Method Exceptionjava.sql.SQLSyntaxErrorException: Column 'PKA_ID' not found.
				
2026-07-04 15:31:04 [http-nio-8495-exec-8] ERROR c.v.d.r.productMstDropDownRowMapper -productMstDropDownRowMapper  Method Exceptionjava.sql.SQLSyntaxErrorException: Column 'PKA_ID' not found.
				
2026-07-04 15:31:04 [http-nio-8495-exec-8] ERROR c.v.d.r.productMstDropDownRowMapper -productMstDropDownRowMapper  Method Exceptionjava.sql.SQLSyntaxErrorException: Column 'PKA_ID' not found.
				
2026-07-04 15:31:04 [http-nio-8495-exec-8] ERROR c.v.d.r.productMstDropDownRowMapper -productMstDropDownRowMapper  Method Exceptionjava.sql.SQLSyntaxErrorException: Column 'PKA_ID' not found.
				
2026-07-04 15:31:04 [http-nio-8495-exec-8] ERROR c.v.d.r.productMstDropDownRowMapper -productMstDropDownRowMapper  Method Exceptionjava.sql.SQLSyntaxErrorException: Column 'PKA_ID' not found.
				
2026-07-04 15:31:04 [http-nio-8495-exec-8] ERROR c.v.d.r.productMstDropDownRowMapper -productMstDropDownRowMapper  Method Exceptionjava.sql.SQLSyntaxErrorException: Column 'PKA_ID' not found.
				
2026-07-04 15:31:04 [http-nio-8495-exec-8] ERROR c.v.d.r.productMstDropDownRowMapper -productMstDropDownRowMapper  Method Exceptionjava.sql.SQLSyntaxErrorException: Column 'PKA_ID' not found.
				
2026-07-04 15:31:04 [http-nio-8495-exec-8] ERROR c.v.d.r.productMstDropDownRowMapper -productMstDropDownRowMapper  Method Exceptionjava.sql.SQLSyntaxErrorException: Column 'PKA_ID' not found.
				
2026-07-04 15:31:04 [http-nio-8495-exec-8] ERROR c.v.d.r.productMstDropDownRowMapper -productMstDropDownRowMapper  Method Exceptionjava.sql.SQLSyntaxErrorException: Column 'PKA_ID' not found.
				
2026-07-04 15:31:04 [http-nio-8495-exec-8] ERROR c.v.d.r.productMstDropDownRowMapper -productMstDropDownRowMapper  Method Exceptionjava.sql.SQLSyntaxErrorException: Column 'PKA_ID' not found.
				
2026-07-04 15:31:04 [http-nio-8495-exec-8] ERROR c.v.d.r.productMstDropDownRowMapper -productMstDropDownRowMapper  Method Exceptionjava.sql.SQLSyntaxErrorException: Column 'PKA_ID' not found.
				
2026-07-04 15:31:04 [http-nio-8495-exec-8] ERROR c.v.d.r.productMstDropDownRowMapper -productMstDropDownRowMapper  Method Exceptionjava.sql.SQLSyntaxErrorException: Column 'PKA_ID' not found.
				
2026-07-04 15:31:04 [http-nio-8495-exec-8] ERROR c.v.d.r.productMstDropDownRowMapper -productMstDropDownRowMapper  Method Exceptionjava.sql.SQLSyntaxErrorException: Column 'PKA_ID' not found.
				
2026-07-04 15:31:04 [http-nio-8495-exec-8] ERROR c.v.d.r.productMstDropDownRowMapper -productMstDropDownRowMapper  Method Exceptionjava.sql.SQLSyntaxErrorException: Column 'PKA_ID' not found.
				
2026-07-04 15:31:04 [http-nio-8495-exec-8] ERROR c.v.d.r.productMstDropDownRowMapper -productMstDropDownRowMapper  Method Exceptionjava.sql.SQLSyntaxErrorException: Column 'PKA_ID' not found.
				
2026-07-04 15:31:04 [http-nio-8495-exec-8] ERROR c.v.d.r.productMstDropDownRowMapper -productMstDropDownRowMapper  Method Exceptionjava.sql.SQLSyntaxErrorException: Column 'PKA_ID' not found.
				
2026-07-04 15:31:04 [http-nio-8495-exec-8] ERROR c.v.d.r.productMstDropDownRowMapper -productMstDropDownRowMapper  Method Exceptionjava.sql.SQLSyntaxErrorException: Column 'PKA_ID' not found.
				
2026-07-04 15:31:04 [http-nio-8495-exec-8] ERROR c.v.d.r.productMstDropDownRowMapper -productMstDropDownRowMapper  Method Exceptionjava.sql.SQLSyntaxErrorException: Column 'PKA_ID' not found.
				
2026-07-04 15:31:04 [http-nio-8495-exec-8] ERROR c.v.d.r.productMstDropDownRowMapper -productMstDropDownRowMapper  Method Exceptionjava.sql.SQLSyntaxErrorException: Column 'PKA_ID' not found.
				
2026-07-04 15:31:04 [http-nio-8495-exec-8] ERROR c.v.d.r.productMstDropDownRowMapper -productMstDropDownRowMapper  Method Exceptionjava.sql.SQLSyntaxErrorException: Column 'PKA_ID' not found.
				
2026-07-04 15:31:04 [http-nio-8495-exec-8] ERROR c.v.d.r.productMstDropDownRowMapper -productMstDropDownRowMapper  Method Exceptionjava.sql.SQLSyntaxErrorException: Column 'PKA_ID' not found.
				
2026-07-04 15:31:04 [http-nio-8495-exec-8] ERROR c.v.d.r.productMstDropDownRowMapper -productMstDropDownRowMapper  Method Exceptionjava.sql.SQLSyntaxErrorException: Column 'PKA_ID' not found.
				
2026-07-04 15:31:04 [http-nio-8495-exec-8] ERROR c.v.d.r.productMstDropDownRowMapper -productMstDropDownRowMapper  Method Exceptionjava.sql.SQLSyntaxErrorException: Column 'PKA_ID' not found.
				
2026-07-04 15:31:04 [http-nio-8495-exec-8] ERROR c.v.d.r.productMstDropDownRowMapper -productMstDropDownRowMapper  Method Exceptionjava.sql.SQLSyntaxErrorException: Column 'PKA_ID' not found.
				
2026-07-04 15:31:04 [http-nio-8495-exec-8] ERROR c.v.d.r.productMstDropDownRowMapper -productMstDropDownRowMapper  Method Exceptionjava.sql.SQLSyntaxErrorException: Column 'PKA_ID' not found.
				
2026-07-04 15:31:04 [http-nio-8495-exec-8] ERROR c.v.d.r.productMstDropDownRowMapper -productMstDropDownRowMapper  Method Exceptionjava.sql.SQLSyntaxErrorException: Column 'PKA_ID' not found.
				
2026-07-04 15:31:04 [http-nio-8495-exec-8] ERROR c.v.d.r.productMstDropDownRowMapper -productMstDropDownRowMapper  Method Exceptionjava.sql.SQLSyntaxErrorException: Column 'PKA_ID' not found.
				
2026-07-04 15:31:04 [http-nio-8495-exec-8] ERROR c.v.d.r.productMstDropDownRowMapper -productMstDropDownRowMapper  Method Exceptionjava.sql.SQLSyntaxErrorException: Column 'PKA_ID' not found.
				
2026-07-04 15:31:04 [http-nio-8495-exec-8] ERROR c.v.d.r.productMstDropDownRowMapper -productMstDropDownRowMapper  Method Exceptionjava.sql.SQLSyntaxErrorException: Column 'PKA_ID' not found.
				
2026-07-04 15:31:04 [http-nio-8495-exec-8] ERROR c.v.d.r.productMstDropDownRowMapper -productMstDropDownRowMapper  Method Exceptionjava.sql.SQLSyntaxErrorException: Column 'PKA_ID' not found.
				
2026-07-04 15:31:04 [http-nio-8495-exec-8] ERROR c.v.d.r.productMstDropDownRowMapper -productMstDropDownRowMapper  Method Exceptionjava.sql.SQLSyntaxErrorException: Column 'PKA_ID' not found.
				
2026-07-04 15:31:04 [http-nio-8495-exec-8] ERROR c.v.d.r.productMstDropDownRowMapper -productMstDropDownRowMapper  Method Exceptionjava.sql.SQLSyntaxErrorException: Column 'PKA_ID' not found.
				
2026-07-04 15:31:04 [http-nio-8495-exec-8] ERROR c.v.d.r.productMstDropDownRowMapper -productMstDropDownRowMapper  Method Exceptionjava.sql.SQLSyntaxErrorException: Column 'PKA_ID' not found.
				
2026-07-04 15:31:04 [http-nio-8495-exec-8] ERROR c.v.d.r.productMstDropDownRowMapper -productMstDropDownRowMapper  Method Exceptionjava.sql.SQLSyntaxErrorException: Column 'PKA_ID' not found.
				
2026-07-04 15:31:04 [http-nio-8495-exec-8] ERROR c.v.d.r.productMstDropDownRowMapper -productMstDropDownRowMapper  Method Exceptionjava.sql.SQLSyntaxErrorException: Column 'PKA_ID' not found.
				
2026-07-04 15:31:04 [http-nio-8495-exec-8] ERROR c.v.d.r.productMstDropDownRowMapper -productMstDropDownRowMapper  Method Exceptionjava.sql.SQLSyntaxErrorException: Column 'PKA_ID' not found.
				
2026-07-04 15:31:04 [http-nio-8495-exec-8] ERROR c.v.d.r.productMstDropDownRowMapper -productMstDropDownRowMapper  Method Exceptionjava.sql.SQLSyntaxErrorException: Column 'PKA_ID' not found.
				
2026-07-04 15:31:04 [http-nio-8495-exec-8] ERROR c.v.d.r.productMstDropDownRowMapper -productMstDropDownRowMapper  Method Exceptionjava.sql.SQLSyntaxErrorException: Column 'PKA_ID' not found.
				
2026-07-04 15:31:04 [http-nio-8495-exec-8] ERROR c.v.d.r.productMstDropDownRowMapper -productMstDropDownRowMapper  Method Exceptionjava.sql.SQLSyntaxErrorException: Column 'PKA_ID' not found.
				
2026-07-04 15:31:04 [http-nio-8495-exec-8] ERROR c.v.d.r.productMstDropDownRowMapper -productMstDropDownRowMapper  Method Exceptionjava.sql.SQLSyntaxErrorException: Column 'PKA_ID' not found.
				
2026-07-04 15:31:04 [http-nio-8495-exec-8] ERROR c.v.d.r.productMstDropDownRowMapper -productMstDropDownRowMapper  Method Exceptionjava.sql.SQLSyntaxErrorException: Column 'PKA_ID' not found.
				
2026-07-04 15:31:04 [http-nio-8495-exec-8] ERROR c.v.d.r.productMstDropDownRowMapper -productMstDropDownRowMapper  Method Exceptionjava.sql.SQLSyntaxErrorException: Column 'PKA_ID' not found.
				
2026-07-04 15:31:04 [http-nio-8495-exec-8] ERROR c.v.d.r.productMstDropDownRowMapper -productMstDropDownRowMapper  Method Exceptionjava.sql.SQLSyntaxErrorException: Column 'PKA_ID' not found.
				
2026-07-04 15:31:04 [http-nio-8495-exec-8] ERROR c.v.d.r.productMstDropDownRowMapper -productMstDropDownRowMapper  Method Exceptionjava.sql.SQLSyntaxErrorException: Column 'PKA_ID' not found.
				
2026-07-04 15:31:04 [http-nio-8495-exec-8] ERROR c.v.d.r.productMstDropDownRowMapper -productMstDropDownRowMapper  Method Exceptionjava.sql.SQLSyntaxErrorException: Column 'PKA_ID' not found.
				
2026-07-04 15:31:04 [http-nio-8495-exec-8] ERROR c.v.d.r.productMstDropDownRowMapper -productMstDropDownRowMapper  Method Exceptionjava.sql.SQLSyntaxErrorException: Column 'PKA_ID' not found.
				
2026-07-04 15:31:04 [http-nio-8495-exec-8] ERROR c.v.d.r.productMstDropDownRowMapper -productMstDropDownRowMapper  Method Exceptionjava.sql.SQLSyntaxErrorException: Column 'PKA_ID' not found.
				
2026-07-04 15:31:04 [http-nio-8495-exec-8] ERROR c.v.d.r.productMstDropDownRowMapper -productMstDropDownRowMapper  Method Exceptionjava.sql.SQLSyntaxErrorException: Column 'PKA_ID' not found.
				
2026-07-04 15:31:04 [http-nio-8495-exec-8] ERROR c.v.d.r.productMstDropDownRowMapper -productMstDropDownRowMapper  Method Exceptionjava.sql.SQLSyntaxErrorException: Column 'PKA_ID' not found.
				
2026-07-04 15:31:04 [http-nio-8495-exec-8] ERROR c.v.d.r.productMstDropDownRowMapper -productMstDropDownRowMapper  Method Exceptionjava.sql.SQLSyntaxErrorException: Column 'PKA_ID' not found.
				
2026-07-04 15:31:04 [http-nio-8495-exec-5] INFO  c.v.g.c.NotificationGeneralController -getNotificationDetails   method Start
				
2026-07-04 15:31:06 [http-nio-8495-exec-9] INFO  c.v.i.c.InventoryMaterialTransferController -getProjectdropdown Controller  method Start
				
2026-07-04 15:31:06 [http-nio-8495-exec-2] INFO  c.v.i.c.InventoryMaterialTransferController -getQtyAvailableLocations Controller  method Start
				
2026-07-04 15:31:06 [http-nio-8495-exec-7] INFO  c.v.i.c.InventoryMaterialTransferController -getBins Controller method Start
				
2026-07-04 15:31:06 [http-nio-8495-exec-3] INFO  c.v.i.c.InventoryMaterialTransferController -getAvailableQty Controller  method Start
				
2026-07-04 15:31:06 [http-nio-8495-exec-9] INFO  c.v.i.c.InventoryMaterialTransferController -getProjectdropdown Controller  method End
				
2026-07-04 15:31:06 [http-nio-8495-exec-4] INFO  c.v.g.c.NotificationGeneralController -getNotificationDetails   method Start
				
2026-07-04 15:31:06 [http-nio-8495-exec-6] INFO  c.v.g.c.NotificationGeneralController -getNotificationDetails   method Start
				
2026-07-04 15:31:06 [http-nio-8495-exec-10] INFO  c.v.g.c.NotificationGeneralController -getNotificationDetails   method Start
				
2026-07-04 15:31:06 [http-nio-8495-exec-1] INFO  c.v.g.c.NotificationGeneralController -getNotificationDetails   method Start
				
2026-07-04 16:27:03 [HikariPool-1 housekeeper] WARN  com.zaxxer.hikari.pool.HikariPool -HikariPool-1 - Thread starvation or clock leap detected (housekeeper delta=15m51s119ms).
				
2026-07-04 16:44:14 [HikariPool-1 housekeeper] WARN  com.zaxxer.hikari.pool.HikariPool -HikariPool-1 - Thread starvation or clock leap detected (housekeeper delta=16m41s456ms).
				
2026-07-04 17:00:20 [HikariPool-1 housekeeper] WARN  com.zaxxer.hikari.pool.HikariPool -HikariPool-1 - Thread starvation or clock leap detected (housekeeper delta=15m35s437ms).
				
2026-07-04 17:16:53 [HikariPool-1 housekeeper] WARN  com.zaxxer.hikari.pool.HikariPool -HikariPool-1 - Thread starvation or clock leap detected (housekeeper delta=16m33s477ms).
				
2026-07-04 17:21:20 [HikariPool-1 housekeeper] WARN  com.zaxxer.hikari.pool.HikariPool -HikariPool-1 - Thread starvation or clock leap detected (housekeeper delta=3m56s305ms).
				
2026-07-04 17:38:31 [HikariPool-1 housekeeper] WARN  com.zaxxer.hikari.pool.HikariPool -HikariPool-1 - Thread starvation or clock leap detected (housekeeper delta=16m40s988ms).
				
2026-07-04 17:50:32 [HikariPool-1 housekeeper] WARN  com.zaxxer.hikari.pool.HikariPool -HikariPool-1 - Thread starvation or clock leap detected (housekeeper delta=11m31s209ms).
				
2026-07-04 18:07:29 [HikariPool-1 housekeeper] WARN  com.zaxxer.hikari.pool.HikariPool -HikariPool-1 - Thread starvation or clock leap detected (housekeeper delta=16m57s127ms).
				
2026-07-04 18:23:42 [HikariPool-1 housekeeper] WARN  com.zaxxer.hikari.pool.HikariPool -HikariPool-1 - Thread starvation or clock leap detected (housekeeper delta=15m42s478ms).
				
2026-07-04 18:33:15 [HikariPool-1 housekeeper] WARN  com.zaxxer.hikari.pool.HikariPool -HikariPool-1 - Thread starvation or clock leap detected (housekeeper delta=9m3s156ms).
				
2026-07-04 18:38:14 [SpringApplicationShutdownHook] INFO  com.zaxxer.hikari.HikariDataSource -HikariPool-1 - Shutdown initiated...
				
2026-07-04 18:38:14 [SpringApplicationShutdownHook] INFO  com.zaxxer.hikari.HikariDataSource -HikariPool-1 - Shutdown completed.
				
