2026-06-05 09:45:47 [background-preinit] INFO  o.h.validator.internal.util.Version -HV000001: Hibernate Validator 6.2.3.Final
				
2026-06-05 09:45:49 [restartedMain] INFO  o.s.boot.SpringApplication -

                                ooooooo &&&&&&&&                              
                              oo     oo &.     &                              
                    ooooooo  oo      oo &:     &&                             
                 oo        oooo      oo &&       *&&&&  &&&&&&                
               oo            oo      oo &&                    &&&             
              oo                     oo &&&&&                  &o             
              oo                     oo &&     &&&&&           &              
              oo           ooo       oo &&           &&&       &&             
           ooooo           o:        oo &&              &        &&           
       ooo     *oo       oo          oo &&                        &&&&&&&     
     oo           ooooooo            oo &&                              &&    
    o&                                      &&&&*       &&               &&   
   oo                                            &&       &&              &&  
   o     ooooo                  @     @@    @@     &&:     &&           &&    
  oo ooo       ooo          @@@@@@@@@@@@@@@@@@@@@    &&     &&         &&     
  ooo            oo         @@ @@@ @@@@@@@@@@@  @     &&     &&         &     
  oo               o      @@@@ @@@ @@@@@@@@@@@  @@@    &&     &         &&    
  o&               oo       @@ @@@ @@@@@@@@@@@  @       &     &         &&    
  oo               oo       @@ @@ @ @@@@        @       &&                &&& 
  oo                      @@@@ @@@@@@@@@@@@@@@  @@@:    &&                  &&
  oo                        @@ @@@@@@@@@@@ @@@  @       &&        o&        &&
   o                        @@ @@@@@ @@@  @@@@  @       &         &&        &.
   oo                     @@@@ @@@ @@@@@@@@@@@  @@@@   &          &    .&&&&  
    o         oooo          @@                  @     &.         &&    &&     
    oo    ooo      &oo          @     @@    @@      &&          &&    &&      
     oo oo            oo        @     @     @@    &&           &&    &&       
      ooo              oo                      &&&           &&      &&       
         oooooooo       oo           oo &&&&&&              &&         &      
              oo        oo           oo &&         &      &&           &&     
              o        :o            oo &&  .&&&&&     &&.           &&       
              o       oo             oo &&                    &&&&&&&&        
              oo    ooo              oo &&                  &&                
                oo                   oo &&                &&                  
                  oo        oooo     oo &&                &                   
                     ooooooo  &o     oo &&      &&&       &                   
                                oo   oo && :&&&   .&& &&&*                    
                                   &ooo &&&                                   

==============================================
SmartRun Product by SmartRun Tech. All rights reserved.
==============================================
Application Version : 2.6.7
Application Title : SmartRun MES
Contact : support@smartruntech.com
==============================================

				
2026-06-05 09:45:49 [restartedMain] INFO  com.vmfg.VMFGApplication -Starting VMFGApplication using Java 1.8.0_482 on Peachs-Mac-mini.local with PID 1297 (/Users/peach/Spring_Boot_Projects/bgr/OneDrive_1_4-15-2026/BGR-SOURCE_CODE/SmartRun_ProjectManagement_Java/SR_Management/target/classes started by peach in /Users/peach/Spring_Boot_Projects/bgr/OneDrive_1_4-15-2026/BGR-SOURCE_CODE/SmartRun_ProjectManagement_Java/SR_Management)
				
2026-06-05 09:45:49 [restartedMain] INFO  com.vmfg.VMFGApplication -The following 1 profile is active: "dev"
				
2026-06-05 09:45:49 [restartedMain] INFO  o.s.b.d.e.DevToolsPropertyDefaultsPostProcessor -Devtools property defaults active! Set 'spring.devtools.add-properties' to 'false' to disable
				
2026-06-05 09:45:49 [restartedMain] INFO  o.s.b.d.e.DevToolsPropertyDefaultsPostProcessor -For additional web related logging consider setting the 'logging.level.web' property to 'DEBUG'
				
2026-06-05 09:45:52 [restartedMain] INFO  o.s.d.r.c.RepositoryConfigurationDelegate -Bootstrapping Spring Data JDBC repositories in DEFAULT mode.
				
2026-06-05 09:45:52 [restartedMain] INFO  o.s.d.r.c.RepositoryConfigurationDelegate -Finished Spring Data repository scanning in 85 ms. Found 0 JDBC repository interfaces.
				
2026-06-05 09:45:53 [restartedMain] INFO  o.s.b.w.e.tomcat.TomcatWebServer -Tomcat initialized with port(s): 8495 (http)
				
2026-06-05 09:45:53 [restartedMain] INFO  o.a.coyote.http11.Http11NioProtocol -Initializing ProtocolHandler ["http-nio-8495"]
				
2026-06-05 09:45:53 [restartedMain] INFO  o.a.catalina.core.StandardService -Starting service [Tomcat]
				
2026-06-05 09:45:53 [restartedMain] INFO  o.a.catalina.core.StandardEngine -Starting Servlet engine: [Apache Tomcat/9.0.63]
				
2026-06-05 09:45:53 [restartedMain] INFO  o.a.c.c.C.[.[localhost].[/smartrun] -Initializing Spring embedded WebApplicationContext
				
2026-06-05 09:45:53 [restartedMain] INFO  o.s.b.w.s.c.ServletWebServerApplicationContext -Root WebApplicationContext: initialization completed in 3895 ms
				
2026-06-05 09:45:56 [restartedMain] INFO  s.d.s.w.PropertySourcedRequestMappingHandlerMapping -Mapped URL path [/v2/api-docs] onto method [springfox.documentation.swagger2.web.Swagger2Controller#getDocumentation(String, HttpServletRequest)]
				
2026-06-05 09:45:57 [restartedMain] INFO  o.s.s.web.DefaultSecurityFilterChain -Will secure any request with [org.springframework.security.web.session.DisableEncodeUrlFilter@709ac716, org.springframework.security.web.context.request.async.WebAsyncManagerIntegrationFilter@7fd2a759, org.springframework.security.web.context.SecurityContextPersistenceFilter@88de392, org.springframework.security.web.header.HeaderWriterFilter@71f12ecb, org.springframework.web.filter.CorsFilter@17ca269e, org.springframework.security.web.authentication.logout.LogoutFilter@6260998, com.vmfg.security.config.JwtRequestFilter@7834544a, org.springframework.security.web.savedrequest.RequestCacheAwareFilter@7062551c, org.springframework.security.web.servletapi.SecurityContextHolderAwareRequestFilter@62ec4439, org.springframework.security.web.authentication.AnonymousAuthenticationFilter@25ce5fe7, org.springframework.security.web.session.SessionManagementFilter@772e4c6d, org.springframework.security.web.access.ExceptionTranslationFilter@21b10916, org.springframework.security.web.access.intercept.FilterSecurityInterceptor@ea4da5c]
				
2026-06-05 09:45:57 [restartedMain] INFO  o.s.b.d.a.OptionalLiveReloadServer -LiveReload server is running on port 35729
				
2026-06-05 09:45:57 [restartedMain] INFO  com.zaxxer.hikari.HikariDataSource -HikariPool-1 - Starting...
				
2026-06-05 09:45:57 [restartedMain] INFO  com.zaxxer.hikari.HikariDataSource -HikariPool-1 - Start completed.
				
2026-06-05 09:45:58 [restartedMain] INFO  o.a.coyote.http11.Http11NioProtocol -Starting ProtocolHandler ["http-nio-8495"]
				
2026-06-05 09:45:58 [restartedMain] INFO  o.s.b.w.e.tomcat.TomcatWebServer -Tomcat started on port(s): 8495 (http) with context path '/smartrun'
				
2026-06-05 09:45:58 [restartedMain] INFO  s.d.s.w.p.DocumentationPluginsBootstrapper -Context refreshed
				
2026-06-05 09:45:58 [restartedMain] INFO  s.d.s.w.p.DocumentationPluginsBootstrapper -Found 1 custom documentation plugin(s)
				
2026-06-05 09:45:58 [restartedMain] INFO  s.d.s.w.s.ApiListingReferenceScanner -Scanning for api listing references
				
2026-06-05 09:45:59 [restartedMain] INFO  s.d.s.w.r.o.CachingOperationNameGenerator -Generating unique operation named: insertOrUpdateSalesBudgetSheetHdrAndDtlUsingPOST_1
				
2026-06-05 09:45:59 [restartedMain] INFO  s.d.s.w.r.o.CachingOperationNameGenerator -Generating unique operation named: getVendorDetailHdrViewUsingPOST_1
				
2026-06-05 09:46:00 [restartedMain] INFO  s.d.s.w.r.o.CachingOperationNameGenerator -Generating unique operation named: updateUserRoleMappingUsingPOST_1
				
2026-06-05 09:46:00 [restartedMain] INFO  com.vmfg.VMFGApplication -Started VMFGApplication in 12.937 seconds (JVM running for 13.823)
				
2026-06-05 09:46:00 [main] ERROR com.vmfg.VMFGApplication -SmartRun Application Start Exception--->org.springframework.boot.devtools.restart.SilentExitExceptionHandler$SilentExitException
				
2026-06-05 09:46:37 [http-nio-8495-exec-3] INFO  o.a.c.c.C.[.[localhost].[/smartrun] -Initializing Spring DispatcherServlet 'dispatcherServlet'
				
2026-06-05 09:46:37 [http-nio-8495-exec-3] INFO  o.s.web.servlet.DispatcherServlet -Initializing Servlet 'dispatcherServlet'
				
2026-06-05 09:46:37 [http-nio-8495-exec-3] INFO  o.s.web.servlet.DispatcherServlet -Completed initialization in 6 ms
				
2026-06-05 09:46:38 [http-nio-8495-exec-7] ERROR com.vmfg.util.GetPropertyValue -getTenantPropertyVal Method Exception|||org.springframework.dao.EmptyResultDataAccessException: Incorrect result size: expected 1, actual 0
				
2026-06-05 09:46:38 [http-nio-8495-exec-7] ERROR com.vmfg.util.GetPropertyValue -getTenantPropertyValByTenantId Method Exception|||org.springframework.dao.EmptyResultDataAccessException: Incorrect result size: expected 1, actual 0
				
2026-06-05 09:46:38 [http-nio-8495-exec-7] INFO  com.vmfg.util.CommonBase64Class -CommonBase64Class getBasesBinary method Start
				
2026-06-05 09:46:38 [http-nio-8495-exec-7] ERROR com.vmfg.util.CommonBase64Class -CommonBase64Class getBasesBinary Method FileNotFoundException---->java.io.FileNotFoundException:  (No such file or directory)
				
2026-06-05 09:46:38 [http-nio-8495-exec-7] ERROR c.v.authentication.UserLoginService -getImageUrl DAO Method Exceptionjava.lang.NullPointerException
				
2026-06-05 09:47:50 [http-nio-8495-exec-1] INFO  com.vmfg.authentication.UserLoginDAO - getUserDtlForAuth DAO method Start
				
2026-06-05 09:47:50 [http-nio-8495-exec-1] INFO  com.vmfg.authentication.UserLoginDAO -getUserLoginInfo DAO method end
				
2026-06-05 09:47:51 [http-nio-8495-exec-6] INFO  c.v.g.c.NotificationGeneralController -getNotificationDetails   method Start
				
2026-06-05 09:47:51 [http-nio-8495-exec-7] INFO  c.v.g.c.NotificationGeneralController -getNotificationDetails   method Start
				
2026-06-05 09:47:51 [http-nio-8495-exec-5] INFO  c.v.g.c.NotificationGeneralController -getNotificationDetails   method Start
				
2026-06-05 09:47:51 [http-nio-8495-exec-1] INFO  c.v.s.c.IndentManagementController -getScmHdrBasedDtl   method Start
				
2026-06-05 09:47:51 [http-nio-8495-exec-2] INFO  c.v.s.c.IndentManagementController -getIndentProjectDtlsByDate Controller  method Start
				
2026-06-05 09:47:51 [http-nio-8495-exec-3] INFO  c.v.g.services.impl.TileViewService -getSaleTileView  method start
				
2026-06-05 09:47:51 [http-nio-8495-exec-2] INFO  c.v.s.c.IndentManagementController -getIndentProjectDtlsByDate Controller  method end
				
2026-06-05 09:47:51 [http-nio-8495-exec-2] INFO  c.v.g.c.NotificationGeneralController -getNotificationDetails   method Start
				
2026-06-05 09:47:54 [http-nio-8495-exec-1] INFO  c.v.s.c.IndentManagementController -getScmHdrBasedDtl  method end
				
2026-06-05 09:47:54 [http-nio-8495-exec-4] INFO  c.v.g.c.NotificationGeneralController -getNotificationDetails   method Start
				
2026-06-05 09:47:54 [http-nio-8495-exec-3] INFO  c.v.g.c.StageManagementController -getSCMTitleView   method end
				
2026-06-05 09:47:54 [http-nio-8495-exec-10] INFO  c.v.g.c.NotificationGeneralController -getNotificationDetails   method Start
				
2026-06-05 09:48:00 [http-nio-8495-exec-9] INFO  c.v.g.services.impl.TileViewService -getSaleTileView  method start
				
2026-06-05 09:48:00 [http-nio-8495-exec-8] INFO  c.v.s.c.IndentManagementController -getScmHdrBasedDtl   method Start
				
2026-06-05 09:48:00 [http-nio-8495-exec-8] INFO  c.v.s.c.IndentManagementController -getScmHdrBasedDtl  method end
				
2026-06-05 09:48:00 [http-nio-8495-exec-9] INFO  c.v.g.c.StageManagementController -getSCMTitleView   method end
				
2026-06-05 09:48:00 [http-nio-8495-exec-5] INFO  c.v.g.c.NotificationGeneralController -getNotificationDetails   method Start
				
2026-06-05 09:48:00 [http-nio-8495-exec-2] INFO  c.v.g.c.NotificationGeneralController -getNotificationDetails   method Start
				
2026-06-05 09:48:00 [http-nio-8495-exec-1] INFO  c.v.g.c.NotificationGeneralController -getNotificationDetails   method Start
				
2026-06-05 09:48:00 [http-nio-8495-exec-2] INFO  c.v.g.c.DepartmentAndEmployeeInfoController -getprocessAssignedTeam   method Start
				
2026-06-05 09:48:00 [http-nio-8495-exec-2] INFO  c.v.g.s.i.DepartmentAndEmployeeService -getprocessAssignedTeam  method start
				
2026-06-05 09:48:01 [http-nio-8495-exec-10] INFO  c.v.g.c.NotificationGeneralController -getNotificationDetails   method Start
				
2026-06-05 09:48:01 [http-nio-8495-exec-8] INFO  c.v.g.c.NotificationGeneralController -getNotificationDetails   method Start
				
2026-06-05 09:48:01 [http-nio-8495-exec-3] INFO  c.v.g.c.NotificationGeneralController -getNotificationDetails   method Start
				
2026-06-05 09:48:01 [http-nio-8495-exec-9] INFO  c.v.g.c.NotificationGeneralController -getNotificationDetails   method Start
				
2026-06-05 09:48:01 [http-nio-8495-exec-4] INFO  c.v.g.c.NotificationGeneralController -getNotificationDetails   method Start
				
2026-06-05 09:48:09 [http-nio-8495-exec-10] INFO  c.v.g.c.NotificationGeneralController -getNotificationDetails   method Start
				
2026-06-05 09:48:09 [http-nio-8495-exec-1] INFO  c.v.s.c.IndentManagementController -getIndentHdrDtlsByIndentId Controller  method Start
				
2026-06-05 09:48:09 [http-nio-8495-exec-2] INFO  c.v.s.c.IndentManagementController -indentHdrDropDownByProjectCode Controller  method Start
				
2026-06-05 09:48:09 [http-nio-8495-exec-2] INFO  c.v.s.c.IndentManagementController -indentHdrDropDownByProjectCode Controller  method end
				
2026-06-05 09:48:09 [http-nio-8495-exec-8] INFO  c.v.g.c.NotificationGeneralController -getNotificationDetails   method Start
				
2026-06-05 09:48:09 [http-nio-8495-exec-1] ERROR com.vmfg.task.dao.impl.DesignTaskDAO -getNextSeqandStatusByDoc Errororg.springframework.dao.EmptyResultDataAccessException: Incorrect result size: expected 1, actual 0
				
2026-06-05 09:48:09 [http-nio-8495-exec-1] ERROR com.vmfg.task.dao.impl.DesignTaskDAO -getNextSeqandStatusByDoc Errororg.springframework.dao.EmptyResultDataAccessException: Incorrect result size: expected 1, actual 0
				
2026-06-05 09:48:09 [http-nio-8495-exec-1] ERROR com.vmfg.task.dao.impl.DesignTaskDAO -getNextSeqandStatusByDoc Errororg.springframework.dao.EmptyResultDataAccessException: Incorrect result size: expected 1, actual 0
				
2026-06-05 09:48:09 [http-nio-8495-exec-1] ERROR com.vmfg.task.dao.impl.DesignTaskDAO -getNextSeqandStatusByDoc Errororg.springframework.dao.EmptyResultDataAccessException: Incorrect result size: expected 1, actual 0
				
2026-06-05 09:48:09 [http-nio-8495-exec-1] ERROR com.vmfg.task.dao.impl.DesignTaskDAO -getNextSeqandStatusByDoc Errororg.springframework.dao.EmptyResultDataAccessException: Incorrect result size: expected 1, actual 0
				
2026-06-05 09:48:09 [http-nio-8495-exec-1] ERROR com.vmfg.task.dao.impl.DesignTaskDAO -getNextSeqandStatusByDoc Errororg.springframework.dao.EmptyResultDataAccessException: Incorrect result size: expected 1, actual 0
				
2026-06-05 09:48:09 [http-nio-8495-exec-1] ERROR com.vmfg.task.dao.impl.DesignTaskDAO -getNextSeqandStatusByDoc Errororg.springframework.dao.EmptyResultDataAccessException: Incorrect result size: expected 1, actual 0
				
2026-06-05 09:48:09 [http-nio-8495-exec-1] INFO  c.v.s.c.IndentManagementController -getIndentHdrDtlsByIndentId Controller  method end
				
2026-06-05 09:48:09 [http-nio-8495-exec-3] INFO  c.v.g.c.NotificationGeneralController -getNotificationDetails   method Start
				
2026-06-05 09:49:06 [http-nio-8495-exec-5] INFO  c.v.s.c.IndentManagementController -getIndentProjectDtlsByDateAndIndent Controller  method Start
				
2026-06-05 09:49:06 [http-nio-8495-exec-7] INFO  com.vmfg.scm.services.impl.PoService -getDCTypeDtl Service start 
				
2026-06-05 09:49:06 [http-nio-8495-exec-10] ERROR c.v.design.dao.impl.IndentUploadDAO -getPmSeqByPmHdrId Method Exception --->org.springframework.dao.EmptyResultDataAccessException: Incorrect result size: expected 1, actual 0
				
2026-06-05 09:49:06 [http-nio-8495-exec-5] INFO  c.v.s.c.IndentManagementController -getIndentProjectDtlsByDateAndIndent Controller  method end
				
2026-06-05 09:49:06 [http-nio-8495-exec-2] ERROR c.v.design.dao.impl.IndentUploadDAO -getPmSeqByPmHdrId Method Exception --->org.springframework.dao.EmptyResultDataAccessException: Incorrect result size: expected 1, actual 0
				
2026-06-05 09:49:06 [http-nio-8495-exec-10] ERROR c.v.design.dao.impl.IndentUploadDAO -getStartIndentReqStatus Method Exception --->org.springframework.dao.EmptyResultDataAccessException: Incorrect result size: expected 1, actual 0
				
2026-06-05 09:49:06 [http-nio-8495-exec-2] ERROR c.v.design.dao.impl.IndentUploadDAO -getStartIndentReqStatus Method Exception --->org.springframework.dao.EmptyResultDataAccessException: Incorrect result size: expected 1, actual 0
				
2026-06-05 09:49:06 [http-nio-8495-exec-8] INFO  c.v.g.c.NotificationGeneralController -getNotificationDetails   method Start
				
2026-06-05 09:49:06 [http-nio-8495-exec-3] INFO  c.v.g.c.NotificationGeneralController -getNotificationDetails   method Start
				
2026-06-05 09:49:06 [http-nio-8495-exec-1] INFO  c.v.g.c.NotificationGeneralController -getNotificationDetails   method Start
				
2026-06-05 09:49:06 [http-nio-8495-exec-6] INFO  c.v.g.c.NotificationGeneralController -getNotificationDetails   method Start
				
2026-06-05 09:49:06 [http-nio-8495-exec-7] INFO  com.vmfg.scm.services.impl.PoService -getDCTypeDtl Service end 
				
2026-06-05 09:49:06 [http-nio-8495-exec-4] INFO  c.v.g.c.NotificationGeneralController -getNotificationDetails   method Start
				
2026-06-05 09:49:16 [http-nio-8495-exec-5] INFO  c.v.d.c.IndentUploadController -getIndentHdrDtlsByProjectId Controller  method Start
				
2026-06-05 09:49:16 [http-nio-8495-exec-9] INFO  c.v.p.service.impl.ProjectService -Service - getIsInternalOrNot called with tenantId=bgrn, projectCode=114
				
2026-06-05 09:49:16 [http-nio-8495-exec-9] INFO  com.vmfg.project.dao.impl.ProjectDAO -DAO - Running query: SELECT se.IS_INTERNAL FROM project_hdr ph, sales_enq_hdr se WHERE ph.ENQUIRY_ID = se.SE_ID AND ph.TENANT_ID = ? AND ph.PM_HDR_ID = ? with tenantId=bgrn and pmHdrId=114
				
2026-06-05 09:49:16 [http-nio-8495-exec-9] INFO  com.vmfg.project.dao.impl.ProjectDAO -DAO - Query result size: 1
				
2026-06-05 09:49:16 [http-nio-8495-exec-9] INFO  com.vmfg.project.dao.impl.ProjectDAO -DAO - First result: com.vmfg.project.response.ProjectInternalResponse@12cc67ce
				
2026-06-05 09:49:16 [http-nio-8495-exec-9] INFO  c.v.p.service.impl.ProjectService -Service - DAO returned: com.vmfg.project.response.ProjectInternalResponse@12cc67ce
				
2026-06-05 09:49:16 [ForkJoinPool.commonPool-worker-1] ERROR com.vmfg.task.dao.impl.DesignTaskDAO -getNextSeqandStatusByDoc Errororg.springframework.dao.EmptyResultDataAccessException: Incorrect result size: expected 1, actual 0
				
2026-06-05 09:49:16 [ForkJoinPool.commonPool-worker-7] ERROR com.vmfg.task.dao.impl.DesignTaskDAO -getNextSeqandStatusByDoc Errororg.springframework.dao.EmptyResultDataAccessException: Incorrect result size: expected 1, actual 0
				
2026-06-05 09:49:16 [ForkJoinPool.commonPool-worker-2] ERROR com.vmfg.task.dao.impl.DesignTaskDAO -getNextSeqandStatusByDoc Errororg.springframework.dao.EmptyResultDataAccessException: Incorrect result size: expected 1, actual 0
				
2026-06-05 09:49:16 [ForkJoinPool.commonPool-worker-3] ERROR com.vmfg.task.dao.impl.DesignTaskDAO -getNextSeqandStatusByDoc Errororg.springframework.dao.EmptyResultDataAccessException: Incorrect result size: expected 1, actual 0
				
2026-06-05 09:49:16 [ForkJoinPool.commonPool-worker-4] ERROR c.v.scm.dao.impl.IndentManagementDAO -indentVerCheck Method Exception ---> org.springframework.dao.EmptyResultDataAccessException: Incorrect result size: expected 1, actual 0
				
2026-06-05 09:49:16 [http-nio-8495-exec-10] INFO  c.v.g.c.NotificationGeneralController -getNotificationDetails   method Start
				
2026-06-05 09:49:16 [ForkJoinPool.commonPool-worker-7] ERROR com.vmfg.task.dao.impl.DesignTaskDAO -getNextSeqandStatusByDoc Errororg.springframework.dao.EmptyResultDataAccessException: Incorrect result size: expected 1, actual 0
				
2026-06-05 09:49:16 [ForkJoinPool.commonPool-worker-2] ERROR com.vmfg.task.dao.impl.DesignTaskDAO -getNextSeqandStatusByDoc Errororg.springframework.dao.EmptyResultDataAccessException: Incorrect result size: expected 1, actual 0
				
2026-06-05 09:49:16 [ForkJoinPool.commonPool-worker-5] ERROR com.vmfg.task.dao.impl.DesignTaskDAO -getNextSeqandStatusByDoc Errororg.springframework.dao.EmptyResultDataAccessException: Incorrect result size: expected 1, actual 0
				
2026-06-05 09:49:16 [http-nio-8495-exec-5] INFO  c.v.d.c.IndentUploadController -getIndentHdrDtlsByProjectId Controller  method end
				
2026-06-05 09:49:16 [http-nio-8495-exec-2] INFO  c.v.g.c.NotificationGeneralController -getNotificationDetails   method Start
				
2026-06-05 09:49:16 [http-nio-8495-exec-1] INFO  c.v.g.c.NotificationGeneralController -getNotificationDetails   method Start
				
2026-06-05 09:50:15 [http-nio-8495-exec-7] INFO  c.v.g.c.NotificationGeneralController -getNotificationDetails   method Start
				
2026-06-05 09:50:15 [http-nio-8495-exec-9] INFO  c.v.s.c.IndentManagementController -getIndentProjectDtlsByDate Controller  method Start
				
2026-06-05 09:50:15 [http-nio-8495-exec-4] INFO  c.v.s.c.IndentManagementController -getScmHdrBasedDtl   method Start
				
2026-06-05 09:50:15 [http-nio-8495-exec-5] INFO  c.v.g.services.impl.TileViewService -getSaleTileView  method start
				
2026-06-05 09:50:15 [http-nio-8495-exec-9] INFO  c.v.s.c.IndentManagementController -getIndentProjectDtlsByDate Controller  method end
				
2026-06-05 09:50:15 [http-nio-8495-exec-10] INFO  c.v.g.c.NotificationGeneralController -getNotificationDetails   method Start
				
2026-06-05 09:50:17 [http-nio-8495-exec-4] INFO  c.v.s.c.IndentManagementController -getScmHdrBasedDtl  method end
				
2026-06-05 09:50:17 [http-nio-8495-exec-2] INFO  c.v.g.c.NotificationGeneralController -getNotificationDetails   method Start
				
2026-06-05 09:50:17 [http-nio-8495-exec-5] INFO  c.v.g.c.StageManagementController -getSCMTitleView   method end
				
2026-06-05 09:50:17 [http-nio-8495-exec-1] INFO  c.v.g.c.NotificationGeneralController -getNotificationDetails   method Start
				
2026-06-05 09:50:23 [http-nio-8495-exec-3] INFO  c.v.s.c.IndentManagementController -getScmHdrBasedDtl   method Start
				
2026-06-05 09:50:23 [http-nio-8495-exec-8] INFO  c.v.g.services.impl.TileViewService -getSaleTileView  method start
				
2026-06-05 09:50:23 [http-nio-8495-exec-3] INFO  c.v.s.c.IndentManagementController -getScmHdrBasedDtl  method end
				
2026-06-05 09:50:23 [http-nio-8495-exec-8] INFO  c.v.g.c.StageManagementController -getSCMTitleView   method end
				
2026-06-05 09:50:23 [http-nio-8495-exec-6] INFO  c.v.g.c.NotificationGeneralController -getNotificationDetails   method Start
				
2026-06-05 09:50:23 [http-nio-8495-exec-7] INFO  c.v.g.c.NotificationGeneralController -getNotificationDetails   method Start
				
2026-06-05 09:50:24 [http-nio-8495-exec-10] INFO  c.v.g.c.NotificationGeneralController -getNotificationDetails   method Start
				
2026-06-05 09:50:24 [http-nio-8495-exec-5] INFO  c.v.g.c.DepartmentAndEmployeeInfoController -getprocessAssignedTeam   method Start
				
2026-06-05 09:50:24 [http-nio-8495-exec-5] INFO  c.v.g.s.i.DepartmentAndEmployeeService -getprocessAssignedTeam  method start
				
2026-06-05 09:50:24 [http-nio-8495-exec-9] INFO  c.v.g.c.NotificationGeneralController -getNotificationDetails   method Start
				
2026-06-05 09:50:24 [http-nio-8495-exec-8] INFO  c.v.g.c.NotificationGeneralController -getNotificationDetails   method Start
				
2026-06-05 09:50:24 [http-nio-8495-exec-4] INFO  c.v.g.c.NotificationGeneralController -getNotificationDetails   method Start
				
2026-06-05 09:50:24 [http-nio-8495-exec-2] INFO  c.v.g.c.NotificationGeneralController -getNotificationDetails   method Start
				
2026-06-05 09:50:24 [http-nio-8495-exec-6] INFO  c.v.g.c.NotificationGeneralController -getNotificationDetails   method Start
				
2026-06-05 09:50:30 [http-nio-8495-exec-1] INFO  c.v.g.c.NotificationGeneralController -getNotificationDetails   method Start
				
2026-06-05 09:50:30 [http-nio-8495-exec-3] INFO  c.v.s.c.IndentManagementController -indentHdrDropDownByProjectCode Controller  method Start
				
2026-06-05 09:50:30 [http-nio-8495-exec-3] INFO  c.v.s.c.IndentManagementController -indentHdrDropDownByProjectCode Controller  method end
				
2026-06-05 09:50:30 [http-nio-8495-exec-3] INFO  c.v.g.c.NotificationGeneralController -getNotificationDetails   method Start
				
2026-06-05 09:50:31 [http-nio-8495-exec-4] INFO  c.v.g.c.NotificationGeneralController -getNotificationDetails   method Start
				
2026-06-05 10:28:38 [http-nio-8495-exec-10] INFO  c.v.s.c.IndentManagementController -getIndentProjectDtlsByDate Controller  method Start
				
2026-06-05 10:28:38 [http-nio-8495-exec-10] INFO  c.v.s.c.IndentManagementController -getIndentProjectDtlsByDate Controller  method end
				
2026-06-05 10:28:39 [http-nio-8495-exec-10] INFO  c.v.g.c.NotificationGeneralController -getNotificationDetails   method Start
				
2026-06-05 10:28:39 [http-nio-8495-exec-1] INFO  c.v.s.c.IndentManagementController -indentHdrDropDownByProjectCode Controller  method Start
				
2026-06-05 10:28:39 [http-nio-8495-exec-1] INFO  c.v.s.c.IndentManagementController -indentHdrDropDownByProjectCode Controller  method end
				
2026-06-05 10:28:39 [http-nio-8495-exec-3] INFO  c.v.g.c.NotificationGeneralController -getNotificationDetails   method Start
				
2026-06-05 11:07:12 [SpringApplicationShutdownHook] INFO  com.zaxxer.hikari.HikariDataSource -HikariPool-1 - Shutdown initiated...
				
2026-06-05 11:07:12 [SpringApplicationShutdownHook] INFO  com.zaxxer.hikari.HikariDataSource -HikariPool-1 - Shutdown completed.
				
2026-06-05 11:20:03 [background-preinit] INFO  o.h.validator.internal.util.Version -HV000001: Hibernate Validator 6.2.3.Final
				
2026-06-05 11:20:04 [restartedMain] INFO  o.s.boot.SpringApplication -

                                ooooooo &&&&&&&&                              
                              oo     oo &.     &                              
                    ooooooo  oo      oo &:     &&                             
                 oo        oooo      oo &&       *&&&&  &&&&&&                
               oo            oo      oo &&                    &&&             
              oo                     oo &&&&&                  &o             
              oo                     oo &&     &&&&&           &              
              oo           ooo       oo &&           &&&       &&             
           ooooo           o:        oo &&              &        &&           
       ooo     *oo       oo          oo &&                        &&&&&&&     
     oo           ooooooo            oo &&                              &&    
    o&                                      &&&&*       &&               &&   
   oo                                            &&       &&              &&  
   o     ooooo                  @     @@    @@     &&:     &&           &&    
  oo ooo       ooo          @@@@@@@@@@@@@@@@@@@@@    &&     &&         &&     
  ooo            oo         @@ @@@ @@@@@@@@@@@  @     &&     &&         &     
  oo               o      @@@@ @@@ @@@@@@@@@@@  @@@    &&     &         &&    
  o&               oo       @@ @@@ @@@@@@@@@@@  @       &     &         &&    
  oo               oo       @@ @@ @ @@@@        @       &&                &&& 
  oo                      @@@@ @@@@@@@@@@@@@@@  @@@:    &&                  &&
  oo                        @@ @@@@@@@@@@@ @@@  @       &&        o&        &&
   o                        @@ @@@@@ @@@  @@@@  @       &         &&        &.
   oo                     @@@@ @@@ @@@@@@@@@@@  @@@@   &          &    .&&&&  
    o         oooo          @@                  @     &.         &&    &&     
    oo    ooo      &oo          @     @@    @@      &&          &&    &&      
     oo oo            oo        @     @     @@    &&           &&    &&       
      ooo              oo                      &&&           &&      &&       
         oooooooo       oo           oo &&&&&&              &&         &      
              oo        oo           oo &&         &      &&           &&     
              o        :o            oo &&  .&&&&&     &&.           &&       
              o       oo             oo &&                    &&&&&&&&        
              oo    ooo              oo &&                  &&                
                oo                   oo &&                &&                  
                  oo        oooo     oo &&                &                   
                     ooooooo  &o     oo &&      &&&       &                   
                                oo   oo && :&&&   .&& &&&*                    
                                   &ooo &&&                                   

==============================================
SmartRun Product by SmartRun Tech. All rights reserved.
==============================================
Application Version : 2.6.7
Application Title : SmartRun MES
Contact : support@smartruntech.com
==============================================

				
2026-06-05 11:20:04 [restartedMain] INFO  com.vmfg.VMFGApplication -Starting VMFGApplication using Java 1.8.0_482 on Peachs-Mac-mini.local with PID 2923 (/Users/peach/Spring_Boot_Projects/bgr/OneDrive_1_4-15-2026/BGR-SOURCE_CODE/SmartRun_ProjectManagement_Java/SR_Management/target/classes started by peach in /Users/peach/Spring_Boot_Projects/bgr/OneDrive_1_4-15-2026/BGR-SOURCE_CODE/SmartRun_ProjectManagement_Java/SR_Management)
				
2026-06-05 11:20:04 [restartedMain] INFO  com.vmfg.VMFGApplication -The following 1 profile is active: "dev"
				
2026-06-05 11:20:05 [restartedMain] INFO  o.s.b.d.e.DevToolsPropertyDefaultsPostProcessor -Devtools property defaults active! Set 'spring.devtools.add-properties' to 'false' to disable
				
2026-06-05 11:20:05 [restartedMain] INFO  o.s.b.d.e.DevToolsPropertyDefaultsPostProcessor -For additional web related logging consider setting the 'logging.level.web' property to 'DEBUG'
				
2026-06-05 11:20:07 [restartedMain] INFO  o.s.d.r.c.RepositoryConfigurationDelegate -Bootstrapping Spring Data JDBC repositories in DEFAULT mode.
				
2026-06-05 11:20:07 [restartedMain] INFO  o.s.d.r.c.RepositoryConfigurationDelegate -Finished Spring Data repository scanning in 80 ms. Found 0 JDBC repository interfaces.
				
2026-06-05 11:20:09 [restartedMain] INFO  o.s.b.w.e.tomcat.TomcatWebServer -Tomcat initialized with port(s): 8495 (http)
				
2026-06-05 11:20:09 [restartedMain] INFO  o.a.coyote.http11.Http11NioProtocol -Initializing ProtocolHandler ["http-nio-8495"]
				
2026-06-05 11:20:09 [restartedMain] INFO  o.a.catalina.core.StandardService -Starting service [Tomcat]
				
2026-06-05 11:20:09 [restartedMain] INFO  o.a.catalina.core.StandardEngine -Starting Servlet engine: [Apache Tomcat/9.0.63]
				
2026-06-05 11:20:09 [restartedMain] INFO  o.a.c.c.C.[.[localhost].[/smartrun] -Initializing Spring embedded WebApplicationContext
				
2026-06-05 11:20:09 [restartedMain] INFO  o.s.b.w.s.c.ServletWebServerApplicationContext -Root WebApplicationContext: initialization completed in 3905 ms
				
2026-06-05 11:20:12 [restartedMain] INFO  s.d.s.w.PropertySourcedRequestMappingHandlerMapping -Mapped URL path [/v2/api-docs] onto method [springfox.documentation.swagger2.web.Swagger2Controller#getDocumentation(String, HttpServletRequest)]
				
2026-06-05 11:20:12 [restartedMain] INFO  o.s.s.web.DefaultSecurityFilterChain -Will secure any request with [org.springframework.security.web.session.DisableEncodeUrlFilter@7ec2ac00, org.springframework.security.web.context.request.async.WebAsyncManagerIntegrationFilter@4017fdac, org.springframework.security.web.context.SecurityContextPersistenceFilter@3e5d5bc2, org.springframework.security.web.header.HeaderWriterFilter@376ab9cb, org.springframework.web.filter.CorsFilter@53d0e6d5, org.springframework.security.web.authentication.logout.LogoutFilter@402a447e, com.vmfg.security.config.JwtRequestFilter@498fb209, org.springframework.security.web.savedrequest.RequestCacheAwareFilter@3c4142af, org.springframework.security.web.servletapi.SecurityContextHolderAwareRequestFilter@7c7a9aa2, org.springframework.security.web.authentication.AnonymousAuthenticationFilter@554ee24c, org.springframework.security.web.session.SessionManagementFilter@390ec3de, org.springframework.security.web.access.ExceptionTranslationFilter@71ca551d, org.springframework.security.web.access.intercept.FilterSecurityInterceptor@7def9d81]
				
2026-06-05 11:20:12 [restartedMain] INFO  o.s.b.d.a.OptionalLiveReloadServer -LiveReload server is running on port 35729
				
2026-06-05 11:20:12 [restartedMain] INFO  com.zaxxer.hikari.HikariDataSource -HikariPool-1 - Starting...
				
2026-06-05 11:20:13 [restartedMain] INFO  com.zaxxer.hikari.HikariDataSource -HikariPool-1 - Start completed.
				
2026-06-05 11:20:13 [restartedMain] INFO  o.a.coyote.http11.Http11NioProtocol -Starting ProtocolHandler ["http-nio-8495"]
				
2026-06-05 11:20:13 [restartedMain] INFO  o.s.b.w.e.tomcat.TomcatWebServer -Tomcat started on port(s): 8495 (http) with context path '/smartrun'
				
2026-06-05 11:20:13 [restartedMain] INFO  s.d.s.w.p.DocumentationPluginsBootstrapper -Context refreshed
				
2026-06-05 11:20:13 [restartedMain] INFO  s.d.s.w.p.DocumentationPluginsBootstrapper -Found 1 custom documentation plugin(s)
				
2026-06-05 11:20:14 [restartedMain] INFO  s.d.s.w.s.ApiListingReferenceScanner -Scanning for api listing references
				
2026-06-05 11:20:15 [restartedMain] INFO  s.d.s.w.r.o.CachingOperationNameGenerator -Generating unique operation named: insertOrUpdateSalesBudgetSheetHdrAndDtlUsingPOST_1
				
2026-06-05 11:20:15 [restartedMain] INFO  s.d.s.w.r.o.CachingOperationNameGenerator -Generating unique operation named: getVendorDetailHdrViewUsingPOST_1
				
2026-06-05 11:20:15 [restartedMain] INFO  s.d.s.w.r.o.CachingOperationNameGenerator -Generating unique operation named: updateUserRoleMappingUsingPOST_1
				
2026-06-05 11:20:15 [restartedMain] INFO  com.vmfg.VMFGApplication -Started VMFGApplication in 13.033 seconds (JVM running for 14.334)
				
2026-06-05 11:20:15 [main] ERROR com.vmfg.VMFGApplication -SmartRun Application Start Exception--->org.springframework.boot.devtools.restart.SilentExitExceptionHandler$SilentExitException
				
2026-06-05 11:21:06 [http-nio-8495-exec-2] INFO  o.a.c.c.C.[.[localhost].[/smartrun] -Initializing Spring DispatcherServlet 'dispatcherServlet'
				
2026-06-05 11:21:06 [http-nio-8495-exec-2] INFO  o.s.web.servlet.DispatcherServlet -Initializing Servlet 'dispatcherServlet'
				
2026-06-05 11:21:06 [http-nio-8495-exec-2] INFO  o.s.web.servlet.DispatcherServlet -Completed initialization in 6 ms
				
2026-06-05 11:21:07 [http-nio-8495-exec-5] INFO  c.v.g.c.NotificationGeneralController -getNotificationDetails   method Start
				
2026-06-05 11:21:07 [http-nio-8495-exec-6] INFO  c.v.g.c.NotificationGeneralController -getNotificationDetails   method Start
				
2026-06-05 11:21:07 [http-nio-8495-exec-7] INFO  c.v.g.c.NotificationGeneralController -getNotificationDetails   method Start
				
2026-06-05 11:21:08 [http-nio-8495-exec-2] INFO  c.v.g.services.impl.TileViewService -getSaleTileView  method start
				
2026-06-05 11:21:08 [http-nio-8495-exec-1] INFO  c.v.s.c.IndentManagementController -getScmHdrBasedDtl   method Start
				
2026-06-05 11:21:08 [http-nio-8495-exec-10] INFO  c.v.s.c.IndentManagementController -getIndentProjectDtlsByDate Controller  method Start
				
2026-06-05 11:21:08 [http-nio-8495-exec-10] INFO  c.v.s.c.IndentManagementController -getIndentProjectDtlsByDate Controller  method end
				
2026-06-05 11:21:08 [http-nio-8495-exec-3] INFO  c.v.g.c.NotificationGeneralController -getNotificationDetails   method Start
				
2026-06-05 11:21:09 [http-nio-8495-exec-2] INFO  c.v.g.c.StageManagementController -getSCMTitleView   method end
				
2026-06-05 11:21:09 [http-nio-8495-exec-1] INFO  c.v.s.c.IndentManagementController -getScmHdrBasedDtl  method end
				
2026-06-05 11:21:09 [http-nio-8495-exec-4] INFO  c.v.g.c.NotificationGeneralController -getNotificationDetails   method Start
				
2026-06-05 11:21:10 [http-nio-8495-exec-9] INFO  c.v.g.c.NotificationGeneralController -getNotificationDetails   method Start
				
2026-06-05 11:21:10 [http-nio-8495-exec-10] INFO  c.v.g.c.NotificationGeneralController -getNotificationDetails   method Start
				
2026-06-05 11:21:17 [SpringApplicationShutdownHook] INFO  com.zaxxer.hikari.HikariDataSource -HikariPool-1 - Shutdown initiated...
				
2026-06-05 11:21:17 [SpringApplicationShutdownHook] INFO  com.zaxxer.hikari.HikariDataSource -HikariPool-1 - Shutdown completed.
				
2026-06-05 11:23:29 [background-preinit] INFO  o.h.validator.internal.util.Version -HV000001: Hibernate Validator 6.2.3.Final
				
2026-06-05 11:23:29 [restartedMain] INFO  o.s.boot.SpringApplication -

                                ooooooo &&&&&&&&                              
                              oo     oo &.     &                              
                    ooooooo  oo      oo &:     &&                             
                 oo        oooo      oo &&       *&&&&  &&&&&&                
               oo            oo      oo &&                    &&&             
              oo                     oo &&&&&                  &o             
              oo                     oo &&     &&&&&           &              
              oo           ooo       oo &&           &&&       &&             
           ooooo           o:        oo &&              &        &&           
       ooo     *oo       oo          oo &&                        &&&&&&&     
     oo           ooooooo            oo &&                              &&    
    o&                                      &&&&*       &&               &&   
   oo                                            &&       &&              &&  
   o     ooooo                  @     @@    @@     &&:     &&           &&    
  oo ooo       ooo          @@@@@@@@@@@@@@@@@@@@@    &&     &&         &&     
  ooo            oo         @@ @@@ @@@@@@@@@@@  @     &&     &&         &     
  oo               o      @@@@ @@@ @@@@@@@@@@@  @@@    &&     &         &&    
  o&               oo       @@ @@@ @@@@@@@@@@@  @       &     &         &&    
  oo               oo       @@ @@ @ @@@@        @       &&                &&& 
  oo                      @@@@ @@@@@@@@@@@@@@@  @@@:    &&                  &&
  oo                        @@ @@@@@@@@@@@ @@@  @       &&        o&        &&
   o                        @@ @@@@@ @@@  @@@@  @       &         &&        &.
   oo                     @@@@ @@@ @@@@@@@@@@@  @@@@   &          &    .&&&&  
    o         oooo          @@                  @     &.         &&    &&     
    oo    ooo      &oo          @     @@    @@      &&          &&    &&      
     oo oo            oo        @     @     @@    &&           &&    &&       
      ooo              oo                      &&&           &&      &&       
         oooooooo       oo           oo &&&&&&              &&         &      
              oo        oo           oo &&         &      &&           &&     
              o        :o            oo &&  .&&&&&     &&.           &&       
              o       oo             oo &&                    &&&&&&&&        
              oo    ooo              oo &&                  &&                
                oo                   oo &&                &&                  
                  oo        oooo     oo &&                &                   
                     ooooooo  &o     oo &&      &&&       &                   
                                oo   oo && :&&&   .&& &&&*                    
                                   &ooo &&&                                   

==============================================
SmartRun Product by SmartRun Tech. All rights reserved.
==============================================
Application Version : 2.6.7
Application Title : SmartRun MES
Contact : support@smartruntech.com
==============================================

				
2026-06-05 11:23:30 [restartedMain] INFO  com.vmfg.VMFGApplication -Starting VMFGApplication using Java 1.8.0_482 on Peachs-Mac-mini.local with PID 3135 (/Users/peach/Spring_Boot_Projects/bgr/OneDrive_1_4-15-2026/BGR-SOURCE_CODE/SmartRun_ProjectManagement_Java/SR_Management/target/classes started by peach in /Users/peach/Spring_Boot_Projects/bgr/OneDrive_1_4-15-2026/BGR-SOURCE_CODE/SmartRun_ProjectManagement_Java/SR_Management)
				
2026-06-05 11:23:30 [restartedMain] INFO  com.vmfg.VMFGApplication -The following 1 profile is active: "dev"
				
2026-06-05 11:23:30 [restartedMain] INFO  o.s.b.d.e.DevToolsPropertyDefaultsPostProcessor -Devtools property defaults active! Set 'spring.devtools.add-properties' to 'false' to disable
				
2026-06-05 11:23:30 [restartedMain] INFO  o.s.b.d.e.DevToolsPropertyDefaultsPostProcessor -For additional web related logging consider setting the 'logging.level.web' property to 'DEBUG'
				
2026-06-05 11:23:32 [restartedMain] INFO  o.s.d.r.c.RepositoryConfigurationDelegate -Bootstrapping Spring Data JDBC repositories in DEFAULT mode.
				
2026-06-05 11:23:32 [restartedMain] INFO  o.s.d.r.c.RepositoryConfigurationDelegate -Finished Spring Data repository scanning in 105 ms. Found 0 JDBC repository interfaces.
				
2026-06-05 11:23:33 [restartedMain] INFO  o.s.b.w.e.tomcat.TomcatWebServer -Tomcat initialized with port(s): 8495 (http)
				
2026-06-05 11:23:33 [restartedMain] INFO  o.a.coyote.http11.Http11NioProtocol -Initializing ProtocolHandler ["http-nio-8495"]
				
2026-06-05 11:23:33 [restartedMain] INFO  o.a.catalina.core.StandardService -Starting service [Tomcat]
				
2026-06-05 11:23:33 [restartedMain] INFO  o.a.catalina.core.StandardEngine -Starting Servlet engine: [Apache Tomcat/9.0.63]
				
2026-06-05 11:23:33 [restartedMain] INFO  o.a.c.c.C.[.[localhost].[/smartrun] -Initializing Spring embedded WebApplicationContext
				
2026-06-05 11:23:33 [restartedMain] INFO  o.s.b.w.s.c.ServletWebServerApplicationContext -Root WebApplicationContext: initialization completed in 3568 ms
				
2026-06-05 11:23:36 [restartedMain] INFO  s.d.s.w.PropertySourcedRequestMappingHandlerMapping -Mapped URL path [/v2/api-docs] onto method [springfox.documentation.swagger2.web.Swagger2Controller#getDocumentation(String, HttpServletRequest)]
				
2026-06-05 11:23:37 [restartedMain] INFO  o.s.s.web.DefaultSecurityFilterChain -Will secure any request with [org.springframework.security.web.session.DisableEncodeUrlFilter@6d1e8f21, org.springframework.security.web.context.request.async.WebAsyncManagerIntegrationFilter@aaa7a77, org.springframework.security.web.context.SecurityContextPersistenceFilter@6a934f70, org.springframework.security.web.header.HeaderWriterFilter@3be3600a, org.springframework.web.filter.CorsFilter@d4e9a87, org.springframework.security.web.authentication.logout.LogoutFilter@206a6d83, com.vmfg.security.config.JwtRequestFilter@37a729ba, org.springframework.security.web.savedrequest.RequestCacheAwareFilter@7d64a5ec, org.springframework.security.web.servletapi.SecurityContextHolderAwareRequestFilter@a3d0640, org.springframework.security.web.authentication.AnonymousAuthenticationFilter@7dbf30c1, org.springframework.security.web.session.SessionManagementFilter@551cab61, org.springframework.security.web.access.ExceptionTranslationFilter@77710950, org.springframework.security.web.access.intercept.FilterSecurityInterceptor@54155955]
				
2026-06-05 11:23:37 [restartedMain] INFO  o.s.b.d.a.OptionalLiveReloadServer -LiveReload server is running on port 35729
				
2026-06-05 11:23:37 [restartedMain] INFO  com.zaxxer.hikari.HikariDataSource -HikariPool-1 - Starting...
				
2026-06-05 11:23:37 [restartedMain] INFO  com.zaxxer.hikari.HikariDataSource -HikariPool-1 - Start completed.
				
2026-06-05 11:23:38 [restartedMain] INFO  o.a.coyote.http11.Http11NioProtocol -Starting ProtocolHandler ["http-nio-8495"]
				
2026-06-05 11:23:38 [restartedMain] INFO  o.s.b.w.e.tomcat.TomcatWebServer -Tomcat started on port(s): 8495 (http) with context path '/smartrun'
				
2026-06-05 11:23:38 [restartedMain] INFO  s.d.s.w.p.DocumentationPluginsBootstrapper -Context refreshed
				
2026-06-05 11:23:38 [restartedMain] INFO  s.d.s.w.p.DocumentationPluginsBootstrapper -Found 1 custom documentation plugin(s)
				
2026-06-05 11:23:38 [restartedMain] INFO  s.d.s.w.s.ApiListingReferenceScanner -Scanning for api listing references
				
2026-06-05 11:23:39 [restartedMain] INFO  s.d.s.w.r.o.CachingOperationNameGenerator -Generating unique operation named: insertOrUpdateSalesBudgetSheetHdrAndDtlUsingPOST_1
				
2026-06-05 11:23:39 [restartedMain] INFO  s.d.s.w.r.o.CachingOperationNameGenerator -Generating unique operation named: getVendorDetailHdrViewUsingPOST_1
				
2026-06-05 11:23:40 [restartedMain] INFO  s.d.s.w.r.o.CachingOperationNameGenerator -Generating unique operation named: updateUserRoleMappingUsingPOST_1
				
2026-06-05 11:23:40 [restartedMain] INFO  com.vmfg.VMFGApplication -Started VMFGApplication in 11.279 seconds (JVM running for 12.007)
				
2026-06-05 11:23:40 [main] ERROR com.vmfg.VMFGApplication -SmartRun Application Start Exception--->org.springframework.boot.devtools.restart.SilentExitExceptionHandler$SilentExitException
				
2026-06-05 11:24:45 [http-nio-8495-exec-5] INFO  o.a.c.c.C.[.[localhost].[/smartrun] -Initializing Spring DispatcherServlet 'dispatcherServlet'
				
2026-06-05 11:24:45 [http-nio-8495-exec-5] INFO  o.s.web.servlet.DispatcherServlet -Initializing Servlet 'dispatcherServlet'
				
2026-06-05 11:24:45 [http-nio-8495-exec-5] INFO  o.s.web.servlet.DispatcherServlet -Completed initialization in 7 ms
				
2026-06-05 11:24:46 [http-nio-8495-exec-7] INFO  c.v.s.c.IndentManagementController -getScmHdrBasedDtl   method Start
				
2026-06-05 11:24:46 [http-nio-8495-exec-4] INFO  c.v.g.services.impl.TileViewService -getSaleTileView  method start
				
2026-06-05 11:24:46 [http-nio-8495-exec-2] INFO  c.v.s.c.IndentManagementController -getIndentProjectDtlsByDate Controller  method Start
				
2026-06-05 11:24:46 [http-nio-8495-exec-2] INFO  c.v.s.c.IndentManagementController -getIndentProjectDtlsByDate Controller  method end
				
2026-06-05 11:24:46 [http-nio-8495-exec-10] INFO  c.v.g.c.NotificationGeneralController -getNotificationDetails   method Start
				
2026-06-05 11:24:46 [http-nio-8495-exec-3] INFO  c.v.g.c.NotificationGeneralController -getNotificationDetails   method Start
				
2026-06-05 11:24:46 [http-nio-8495-exec-1] INFO  c.v.g.c.NotificationGeneralController -getNotificationDetails   method Start
				
2026-06-05 11:24:48 [http-nio-8495-exec-4] INFO  c.v.g.c.StageManagementController -getSCMTitleView   method end
				
2026-06-05 11:24:48 [http-nio-8495-exec-7] INFO  c.v.s.c.IndentManagementController -getScmHdrBasedDtl  method end
				
2026-06-05 11:24:48 [http-nio-8495-exec-8] INFO  c.v.g.c.NotificationGeneralController -getNotificationDetails   method Start
				
2026-06-05 11:24:48 [http-nio-8495-exec-5] INFO  c.v.g.c.NotificationGeneralController -getNotificationDetails   method Start
				
2026-06-05 11:24:48 [http-nio-8495-exec-8] INFO  c.v.security.config.JwtRequestFilter -Error Check java.io.IOException: Broken pipe
				
2026-06-05 11:24:48 [http-nio-8495-exec-5] INFO  c.v.security.config.JwtRequestFilter -Error Check java.io.IOException: Broken pipe
				
2026-06-05 11:24:48 [http-nio-8495-exec-6] ERROR com.vmfg.util.GetPropertyValue -getTenantPropertyVal Method Exception|||org.springframework.dao.EmptyResultDataAccessException: Incorrect result size: expected 1, actual 0
				
2026-06-05 11:24:48 [http-nio-8495-exec-6] ERROR com.vmfg.util.GetPropertyValue -getTenantPropertyValByTenantId Method Exception|||org.springframework.dao.EmptyResultDataAccessException: Incorrect result size: expected 1, actual 0
				
2026-06-05 11:24:48 [http-nio-8495-exec-6] INFO  com.vmfg.util.CommonBase64Class -CommonBase64Class getBasesBinary method Start
				
2026-06-05 11:24:48 [http-nio-8495-exec-6] ERROR com.vmfg.util.CommonBase64Class -CommonBase64Class getBasesBinary Method FileNotFoundException---->java.io.FileNotFoundException:  (No such file or directory)
				
2026-06-05 11:24:48 [http-nio-8495-exec-6] ERROR c.v.authentication.UserLoginService -getImageUrl DAO Method Exceptionjava.lang.NullPointerException
				
2026-06-05 11:25:05 [http-nio-8495-exec-1] INFO  com.vmfg.authentication.UserLoginDAO - getUserDtlForAuth DAO method Start
				
2026-06-05 11:25:05 [http-nio-8495-exec-1] INFO  com.vmfg.authentication.UserLoginDAO -getUserLoginInfo DAO method end
				
2026-06-05 11:25:06 [http-nio-8495-exec-4] INFO  c.v.g.c.NotificationGeneralController -getNotificationDetails   method Start
				
2026-06-05 11:25:06 [http-nio-8495-exec-10] INFO  c.v.g.c.NotificationGeneralController -getNotificationDetails   method Start
				
2026-06-05 11:25:06 [http-nio-8495-exec-5] INFO  c.v.g.c.NotificationGeneralController -getNotificationDetails   method Start
				
2026-06-05 11:25:06 [http-nio-8495-exec-8] INFO  c.v.s.c.IndentManagementController -getScmHdrBasedDtl   method Start
				
2026-06-05 11:25:06 [http-nio-8495-exec-6] INFO  c.v.s.c.IndentManagementController -getIndentProjectDtlsByDate Controller  method Start
				
2026-06-05 11:25:06 [http-nio-8495-exec-2] INFO  c.v.g.services.impl.TileViewService -getSaleTileView  method start
				
2026-06-05 11:25:06 [http-nio-8495-exec-6] INFO  c.v.s.c.IndentManagementController -getIndentProjectDtlsByDate Controller  method end
				
2026-06-05 11:25:06 [http-nio-8495-exec-9] INFO  c.v.g.c.NotificationGeneralController -getNotificationDetails   method Start
				
2026-06-05 11:25:08 [http-nio-8495-exec-8] INFO  c.v.s.c.IndentManagementController -getScmHdrBasedDtl  method end
				
2026-06-05 11:25:08 [http-nio-8495-exec-2] INFO  c.v.g.c.StageManagementController -getSCMTitleView   method end
				
2026-06-05 11:25:08 [http-nio-8495-exec-7] INFO  c.v.g.c.NotificationGeneralController -getNotificationDetails   method Start
				
2026-06-05 11:25:08 [http-nio-8495-exec-1] INFO  c.v.g.c.NotificationGeneralController -getNotificationDetails   method Start
				
2026-06-05 11:25:10 [http-nio-8495-exec-6] INFO  c.v.g.c.NotificationGeneralController -getNotificationDetails   method Start
				
2026-06-05 11:25:10 [http-nio-8495-exec-4] INFO  c.v.g.c.NotificationGeneralController -updateNotificationDtls   method Start
				
2026-06-05 11:25:10 [http-nio-8495-exec-4] INFO  c.v.g.s.i.NotificationGeneralService -updateNotificationDtls  method start
				
2026-06-05 11:25:10 [http-nio-8495-exec-4] INFO  c.v.g.c.NotificationGeneralController -updateNotificationDtls method End
				
2026-06-05 11:27:30 [http-nio-8495-exec-3] INFO  c.v.g.c.NotificationGeneralController -getNotificationDetails   method Start
				
2026-06-05 11:27:34 [http-nio-8495-exec-4] INFO  c.v.g.c.NotificationGeneralController -getNotificationDetails   method Start
				
2026-06-05 11:27:34 [http-nio-8495-exec-10] INFO  c.v.g.c.NotificationGeneralController -updateNotificationDtls   method Start
				
2026-06-05 11:27:34 [http-nio-8495-exec-10] INFO  c.v.g.s.i.NotificationGeneralService -updateNotificationDtls  method start
				
2026-06-05 11:27:34 [http-nio-8495-exec-10] INFO  c.v.g.c.NotificationGeneralController -updateNotificationDtls method End
				
2026-06-05 11:27:34 [http-nio-8495-exec-6] INFO  c.v.g.c.NotificationGeneralController -getNotificationDetails   method Start
				
2026-06-05 11:27:35 [http-nio-8495-exec-5] INFO  c.v.g.c.NotificationGeneralController -updateNotificationDtls   method Start
				
2026-06-05 11:27:35 [http-nio-8495-exec-5] INFO  c.v.g.s.i.NotificationGeneralService -updateNotificationDtls  method start
				
2026-06-05 11:27:35 [http-nio-8495-exec-2] INFO  c.v.g.c.NotificationGeneralController -getNotificationDetails   method Start
				
2026-06-05 11:27:35 [http-nio-8495-exec-5] INFO  c.v.g.c.NotificationGeneralController -updateNotificationDtls method End
				
2026-06-05 11:44:42 [SpringApplicationShutdownHook] INFO  com.zaxxer.hikari.HikariDataSource -HikariPool-1 - Shutdown initiated...
				
2026-06-05 11:44:42 [SpringApplicationShutdownHook] INFO  com.zaxxer.hikari.HikariDataSource -HikariPool-1 - Shutdown completed.
				
2026-06-05 11:44:48 [background-preinit] INFO  o.h.validator.internal.util.Version -HV000001: Hibernate Validator 6.2.3.Final
				
2026-06-05 11:44:49 [restartedMain] INFO  o.s.boot.SpringApplication -

                                ooooooo &&&&&&&&                              
                              oo     oo &.     &                              
                    ooooooo  oo      oo &:     &&                             
                 oo        oooo      oo &&       *&&&&  &&&&&&                
               oo            oo      oo &&                    &&&             
              oo                     oo &&&&&                  &o             
              oo                     oo &&     &&&&&           &              
              oo           ooo       oo &&           &&&       &&             
           ooooo           o:        oo &&              &        &&           
       ooo     *oo       oo          oo &&                        &&&&&&&     
     oo           ooooooo            oo &&                              &&    
    o&                                      &&&&*       &&               &&   
   oo                                            &&       &&              &&  
   o     ooooo                  @     @@    @@     &&:     &&           &&    
  oo ooo       ooo          @@@@@@@@@@@@@@@@@@@@@    &&     &&         &&     
  ooo            oo         @@ @@@ @@@@@@@@@@@  @     &&     &&         &     
  oo               o      @@@@ @@@ @@@@@@@@@@@  @@@    &&     &         &&    
  o&               oo       @@ @@@ @@@@@@@@@@@  @       &     &         &&    
  oo               oo       @@ @@ @ @@@@        @       &&                &&& 
  oo                      @@@@ @@@@@@@@@@@@@@@  @@@:    &&                  &&
  oo                        @@ @@@@@@@@@@@ @@@  @       &&        o&        &&
   o                        @@ @@@@@ @@@  @@@@  @       &         &&        &.
   oo                     @@@@ @@@ @@@@@@@@@@@  @@@@   &          &    .&&&&  
    o         oooo          @@                  @     &.         &&    &&     
    oo    ooo      &oo          @     @@    @@      &&          &&    &&      
     oo oo            oo        @     @     @@    &&           &&    &&       
      ooo              oo                      &&&           &&      &&       
         oooooooo       oo           oo &&&&&&              &&         &      
              oo        oo           oo &&         &      &&           &&     
              o        :o            oo &&  .&&&&&     &&.           &&       
              o       oo             oo &&                    &&&&&&&&        
              oo    ooo              oo &&                  &&                
                oo                   oo &&                &&                  
                  oo        oooo     oo &&                &                   
                     ooooooo  &o     oo &&      &&&       &                   
                                oo   oo && :&&&   .&& &&&*                    
                                   &ooo &&&                                   

==============================================
SmartRun Product by SmartRun Tech. All rights reserved.
==============================================
Application Version : 2.6.7
Application Title : SmartRun MES
Contact : support@smartruntech.com
==============================================

				
2026-06-05 11:44:49 [restartedMain] INFO  com.vmfg.VMFGApplication -Starting VMFGApplication using Java 1.8.0_482 on Peachs-Mac-mini.local with PID 3384 (/Users/peach/Spring_Boot_Projects/bgr/OneDrive_1_4-15-2026/BGR-SOURCE_CODE/SmartRun_ProjectManagement_Java/SR_Management/target/classes started by peach in /Users/peach/Spring_Boot_Projects/bgr/OneDrive_1_4-15-2026/BGR-SOURCE_CODE/SmartRun_ProjectManagement_Java/SR_Management)
				
2026-06-05 11:44:49 [restartedMain] INFO  com.vmfg.VMFGApplication -The following 1 profile is active: "dev"
				
2026-06-05 11:44:49 [restartedMain] INFO  o.s.b.d.e.DevToolsPropertyDefaultsPostProcessor -Devtools property defaults active! Set 'spring.devtools.add-properties' to 'false' to disable
				
2026-06-05 11:44:49 [restartedMain] INFO  o.s.b.d.e.DevToolsPropertyDefaultsPostProcessor -For additional web related logging consider setting the 'logging.level.web' property to 'DEBUG'
				
2026-06-05 11:44:51 [restartedMain] INFO  o.s.d.r.c.RepositoryConfigurationDelegate -Bootstrapping Spring Data JDBC repositories in DEFAULT mode.
				
2026-06-05 11:44:51 [restartedMain] INFO  o.s.d.r.c.RepositoryConfigurationDelegate -Finished Spring Data repository scanning in 104 ms. Found 0 JDBC repository interfaces.
				
2026-06-05 11:44:52 [restartedMain] INFO  o.s.b.w.e.tomcat.TomcatWebServer -Tomcat initialized with port(s): 8495 (http)
				
2026-06-05 11:44:52 [restartedMain] INFO  o.a.coyote.http11.Http11NioProtocol -Initializing ProtocolHandler ["http-nio-8495"]
				
2026-06-05 11:44:52 [restartedMain] INFO  o.a.catalina.core.StandardService -Starting service [Tomcat]
				
2026-06-05 11:44:52 [restartedMain] INFO  o.a.catalina.core.StandardEngine -Starting Servlet engine: [Apache Tomcat/9.0.63]
				
2026-06-05 11:44:53 [restartedMain] INFO  o.a.c.c.C.[.[localhost].[/smartrun] -Initializing Spring embedded WebApplicationContext
				
2026-06-05 11:44:53 [restartedMain] INFO  o.s.b.w.s.c.ServletWebServerApplicationContext -Root WebApplicationContext: initialization completed in 3593 ms
				
2026-06-05 11:44:56 [restartedMain] INFO  s.d.s.w.PropertySourcedRequestMappingHandlerMapping -Mapped URL path [/v2/api-docs] onto method [springfox.documentation.swagger2.web.Swagger2Controller#getDocumentation(String, HttpServletRequest)]
				
2026-06-05 11:44:56 [restartedMain] INFO  o.s.s.web.DefaultSecurityFilterChain -Will secure any request with [org.springframework.security.web.session.DisableEncodeUrlFilter@37ceea7b, org.springframework.security.web.context.request.async.WebAsyncManagerIntegrationFilter@367a7765, org.springframework.security.web.context.SecurityContextPersistenceFilter@28ad473e, org.springframework.security.web.header.HeaderWriterFilter@66f8d78e, org.springframework.web.filter.CorsFilter@63988044, org.springframework.security.web.authentication.logout.LogoutFilter@7b269eb7, com.vmfg.security.config.JwtRequestFilter@710e31e8, org.springframework.security.web.savedrequest.RequestCacheAwareFilter@7c1d85fb, org.springframework.security.web.servletapi.SecurityContextHolderAwareRequestFilter@8a9de3b, org.springframework.security.web.authentication.AnonymousAuthenticationFilter@770cb21a, org.springframework.security.web.session.SessionManagementFilter@739e6f31, org.springframework.security.web.access.ExceptionTranslationFilter@50445dd7, org.springframework.security.web.access.intercept.FilterSecurityInterceptor@53d0e6d5]
				
2026-06-05 11:44:56 [restartedMain] INFO  o.s.b.d.a.OptionalLiveReloadServer -LiveReload server is running on port 35729
				
2026-06-05 11:44:56 [restartedMain] INFO  com.zaxxer.hikari.HikariDataSource -HikariPool-1 - Starting...
				
2026-06-05 11:44:57 [restartedMain] INFO  com.zaxxer.hikari.HikariDataSource -HikariPool-1 - Start completed.
				
2026-06-05 11:44:58 [restartedMain] INFO  o.a.coyote.http11.Http11NioProtocol -Starting ProtocolHandler ["http-nio-8495"]
				
2026-06-05 11:44:58 [restartedMain] INFO  o.s.b.w.e.tomcat.TomcatWebServer -Tomcat started on port(s): 8495 (http) with context path '/smartrun'
				
2026-06-05 11:44:58 [restartedMain] INFO  s.d.s.w.p.DocumentationPluginsBootstrapper -Context refreshed
				
2026-06-05 11:44:58 [restartedMain] INFO  s.d.s.w.p.DocumentationPluginsBootstrapper -Found 1 custom documentation plugin(s)
				
2026-06-05 11:44:58 [restartedMain] INFO  s.d.s.w.s.ApiListingReferenceScanner -Scanning for api listing references
				
2026-06-05 11:44:59 [restartedMain] INFO  s.d.s.w.r.o.CachingOperationNameGenerator -Generating unique operation named: insertOrUpdateSalesBudgetSheetHdrAndDtlUsingPOST_1
				
2026-06-05 11:44:59 [restartedMain] INFO  s.d.s.w.r.o.CachingOperationNameGenerator -Generating unique operation named: getVendorDetailHdrViewUsingPOST_1
				
2026-06-05 11:44:59 [restartedMain] INFO  s.d.s.w.r.o.CachingOperationNameGenerator -Generating unique operation named: updateUserRoleMappingUsingPOST_1
				
2026-06-05 11:44:59 [restartedMain] INFO  com.vmfg.VMFGApplication -Started VMFGApplication in 11.79 seconds (JVM running for 12.538)
				
2026-06-05 11:44:59 [main] ERROR com.vmfg.VMFGApplication -SmartRun Application Start Exception--->org.springframework.boot.devtools.restart.SilentExitExceptionHandler$SilentExitException
				
2026-06-05 11:45:05 [http-nio-8495-exec-3] INFO  o.a.c.c.C.[.[localhost].[/smartrun] -Initializing Spring DispatcherServlet 'dispatcherServlet'
				
2026-06-05 11:45:05 [http-nio-8495-exec-3] INFO  o.s.web.servlet.DispatcherServlet -Initializing Servlet 'dispatcherServlet'
				
2026-06-05 11:45:05 [http-nio-8495-exec-3] INFO  o.s.web.servlet.DispatcherServlet -Completed initialization in 4 ms
				
2026-06-05 11:45:06 [http-nio-8495-exec-6] INFO  c.v.g.c.NotificationGeneralController -getNotificationDetails   method Start
				
2026-06-05 11:45:06 [http-nio-8495-exec-5] INFO  c.v.g.c.NotificationGeneralController -getNotificationDetails   method Start
				
2026-06-05 11:45:06 [http-nio-8495-exec-4] INFO  c.v.g.c.NotificationGeneralController -getNotificationDetails   method Start
				
2026-06-05 11:45:06 [http-nio-8495-exec-8] INFO  c.v.g.services.impl.TileViewService -getSaleTileView  method start
				
2026-06-05 11:45:06 [http-nio-8495-exec-9] INFO  c.v.s.c.IndentManagementController -getIndentProjectDtlsByDate Controller  method Start
				
2026-06-05 11:45:06 [http-nio-8495-exec-7] INFO  c.v.s.c.IndentManagementController -getScmHdrBasedDtl   method Start
				
2026-06-05 11:45:06 [http-nio-8495-exec-9] INFO  c.v.s.c.IndentManagementController -getIndentProjectDtlsByDate Controller  method end
				
2026-06-05 11:45:06 [http-nio-8495-exec-9] INFO  c.v.g.c.NotificationGeneralController -getNotificationDetails   method Start
				
2026-06-05 11:45:08 [http-nio-8495-exec-8] INFO  c.v.g.c.StageManagementController -getSCMTitleView   method end
				
2026-06-05 11:45:08 [http-nio-8495-exec-7] INFO  c.v.s.c.IndentManagementController -getScmHdrBasedDtl  method end
				
2026-06-05 11:45:08 [http-nio-8495-exec-10] INFO  c.v.g.c.NotificationGeneralController -getNotificationDetails   method Start
				
2026-06-05 11:45:08 [http-nio-8495-exec-2] INFO  c.v.g.c.NotificationGeneralController -getNotificationDetails   method Start
				
2026-06-05 11:45:38 [http-nio-8495-exec-6] INFO  c.v.g.c.NotificationGeneralController -getNotificationDetails   method Start
				
2026-06-05 11:45:38 [http-nio-8495-exec-4] INFO  c.v.g.c.NotificationGeneralController -getNotificationDetails   method Start
				
2026-06-05 11:45:38 [http-nio-8495-exec-9] INFO  c.v.g.c.NotificationGeneralController -getNotificationDetails   method Start
				
2026-06-05 11:45:39 [http-nio-8495-exec-7] INFO  c.v.s.c.IndentManagementController -getScmHdrBasedDtl   method Start
				
2026-06-05 11:45:39 [http-nio-8495-exec-8] INFO  c.v.g.services.impl.TileViewService -getSaleTileView  method start
				
2026-06-05 11:45:39 [http-nio-8495-exec-2] INFO  c.v.s.c.IndentManagementController -getIndentProjectDtlsByDate Controller  method Start
				
2026-06-05 11:45:39 [http-nio-8495-exec-2] INFO  c.v.s.c.IndentManagementController -getIndentProjectDtlsByDate Controller  method end
				
2026-06-05 11:45:39 [http-nio-8495-exec-10] INFO  c.v.g.c.NotificationGeneralController -getNotificationDetails   method Start
				
2026-06-05 11:45:40 [http-nio-8495-exec-7] INFO  c.v.s.c.IndentManagementController -getScmHdrBasedDtl  method end
				
2026-06-05 11:45:40 [http-nio-8495-exec-8] INFO  c.v.g.c.StageManagementController -getSCMTitleView   method end
				
2026-06-05 11:45:40 [http-nio-8495-exec-5] INFO  c.v.g.c.NotificationGeneralController -getNotificationDetails   method Start
				
2026-06-05 11:45:40 [http-nio-8495-exec-3] INFO  c.v.g.c.NotificationGeneralController -getNotificationDetails   method Start
				
2026-06-05 11:45:42 [http-nio-8495-exec-1] INFO  c.v.g.c.NotificationGeneralController -getNotificationDetails   method Start
				
2026-06-05 11:45:42 [http-nio-8495-exec-2] INFO  c.v.g.c.NotificationGeneralController -updateNotificationDtls   method Start
				
2026-06-05 11:45:42 [http-nio-8495-exec-2] INFO  c.v.g.s.i.NotificationGeneralService -updateNotificationDtls  method start
				
2026-06-05 11:45:43 [http-nio-8495-exec-2] INFO  c.v.g.c.NotificationGeneralController -updateNotificationDtls method End
				
2026-06-05 11:46:07 [http-nio-8495-exec-4] INFO  c.v.g.c.NotificationGeneralController -getNotificationDetails   method Start
				
2026-06-05 11:47:18 [SpringApplicationShutdownHook] INFO  com.zaxxer.hikari.HikariDataSource -HikariPool-1 - Shutdown initiated...
				
2026-06-05 11:47:18 [SpringApplicationShutdownHook] INFO  com.zaxxer.hikari.HikariDataSource -HikariPool-1 - Shutdown completed.
				
2026-06-05 11:55:29 [background-preinit] INFO  o.h.validator.internal.util.Version -HV000001: Hibernate Validator 6.2.3.Final
				
2026-06-05 11:55:30 [restartedMain] INFO  o.s.boot.SpringApplication -

                                ooooooo &&&&&&&&                              
                              oo     oo &.     &                              
                    ooooooo  oo      oo &:     &&                             
                 oo        oooo      oo &&       *&&&&  &&&&&&                
               oo            oo      oo &&                    &&&             
              oo                     oo &&&&&                  &o             
              oo                     oo &&     &&&&&           &              
              oo           ooo       oo &&           &&&       &&             
           ooooo           o:        oo &&              &        &&           
       ooo     *oo       oo          oo &&                        &&&&&&&     
     oo           ooooooo            oo &&                              &&    
    o&                                      &&&&*       &&               &&   
   oo                                            &&       &&              &&  
   o     ooooo                  @     @@    @@     &&:     &&           &&    
  oo ooo       ooo          @@@@@@@@@@@@@@@@@@@@@    &&     &&         &&     
  ooo            oo         @@ @@@ @@@@@@@@@@@  @     &&     &&         &     
  oo               o      @@@@ @@@ @@@@@@@@@@@  @@@    &&     &         &&    
  o&               oo       @@ @@@ @@@@@@@@@@@  @       &     &         &&    
  oo               oo       @@ @@ @ @@@@        @       &&                &&& 
  oo                      @@@@ @@@@@@@@@@@@@@@  @@@:    &&                  &&
  oo                        @@ @@@@@@@@@@@ @@@  @       &&        o&        &&
   o                        @@ @@@@@ @@@  @@@@  @       &         &&        &.
   oo                     @@@@ @@@ @@@@@@@@@@@  @@@@   &          &    .&&&&  
    o         oooo          @@                  @     &.         &&    &&     
    oo    ooo      &oo          @     @@    @@      &&          &&    &&      
     oo oo            oo        @     @     @@    &&           &&    &&       
      ooo              oo                      &&&           &&      &&       
         oooooooo       oo           oo &&&&&&              &&         &      
              oo        oo           oo &&         &      &&           &&     
              o        :o            oo &&  .&&&&&     &&.           &&       
              o       oo             oo &&                    &&&&&&&&        
              oo    ooo              oo &&                  &&                
                oo                   oo &&                &&                  
                  oo        oooo     oo &&                &                   
                     ooooooo  &o     oo &&      &&&       &                   
                                oo   oo && :&&&   .&& &&&*                    
                                   &ooo &&&                                   

==============================================
SmartRun Product by SmartRun Tech. All rights reserved.
==============================================
Application Version : 2.6.7
Application Title : SmartRun MES
Contact : support@smartruntech.com
==============================================

				
2026-06-05 11:55:30 [restartedMain] INFO  com.vmfg.VMFGApplication -Starting VMFGApplication using Java 1.8.0_482 on Peachs-Mac-mini.local with PID 3736 (/Users/peach/Spring_Boot_Projects/bgr/OneDrive_1_4-15-2026/BGR-SOURCE_CODE/SmartRun_ProjectManagement_Java/SR_Management/target/classes started by peach in /Users/peach/Spring_Boot_Projects/bgr/OneDrive_1_4-15-2026/BGR-SOURCE_CODE/SmartRun_ProjectManagement_Java/SR_Management)
				
2026-06-05 11:55:30 [restartedMain] INFO  com.vmfg.VMFGApplication -The following 1 profile is active: "dev"
				
2026-06-05 11:55:30 [restartedMain] INFO  o.s.b.d.e.DevToolsPropertyDefaultsPostProcessor -Devtools property defaults active! Set 'spring.devtools.add-properties' to 'false' to disable
				
2026-06-05 11:55:30 [restartedMain] INFO  o.s.b.d.e.DevToolsPropertyDefaultsPostProcessor -For additional web related logging consider setting the 'logging.level.web' property to 'DEBUG'
				
2026-06-05 11:55:33 [restartedMain] INFO  o.s.d.r.c.RepositoryConfigurationDelegate -Bootstrapping Spring Data JDBC repositories in DEFAULT mode.
				
2026-06-05 11:55:33 [restartedMain] INFO  o.s.d.r.c.RepositoryConfigurationDelegate -Finished Spring Data repository scanning in 81 ms. Found 0 JDBC repository interfaces.
				
2026-06-05 11:55:34 [restartedMain] INFO  o.s.b.w.e.tomcat.TomcatWebServer -Tomcat initialized with port(s): 8495 (http)
				
2026-06-05 11:55:34 [restartedMain] INFO  o.a.coyote.http11.Http11NioProtocol -Initializing ProtocolHandler ["http-nio-8495"]
				
2026-06-05 11:55:34 [restartedMain] INFO  o.a.catalina.core.StandardService -Starting service [Tomcat]
				
2026-06-05 11:55:34 [restartedMain] INFO  o.a.catalina.core.StandardEngine -Starting Servlet engine: [Apache Tomcat/9.0.63]
				
2026-06-05 11:55:34 [restartedMain] INFO  o.a.c.c.C.[.[localhost].[/smartrun] -Initializing Spring embedded WebApplicationContext
				
2026-06-05 11:55:34 [restartedMain] INFO  o.s.b.w.s.c.ServletWebServerApplicationContext -Root WebApplicationContext: initialization completed in 3713 ms
				
2026-06-05 11:55:37 [restartedMain] INFO  s.d.s.w.PropertySourcedRequestMappingHandlerMapping -Mapped URL path [/v2/api-docs] onto method [springfox.documentation.swagger2.web.Swagger2Controller#getDocumentation(String, HttpServletRequest)]
				
2026-06-05 11:55:37 [restartedMain] INFO  o.s.s.web.DefaultSecurityFilterChain -Will secure any request with [org.springframework.security.web.session.DisableEncodeUrlFilter@190f8766, org.springframework.security.web.context.request.async.WebAsyncManagerIntegrationFilter@4e68931a, org.springframework.security.web.context.SecurityContextPersistenceFilter@37161f86, org.springframework.security.web.header.HeaderWriterFilter@7f02cfd3, org.springframework.web.filter.CorsFilter@40f198e7, org.springframework.security.web.authentication.logout.LogoutFilter@1ee3d24d, com.vmfg.security.config.JwtRequestFilter@3232d8ef, org.springframework.security.web.savedrequest.RequestCacheAwareFilter@278107cb, org.springframework.security.web.servletapi.SecurityContextHolderAwareRequestFilter@3ab38e07, org.springframework.security.web.authentication.AnonymousAuthenticationFilter@6c02dca8, org.springframework.security.web.session.SessionManagementFilter@35287ada, org.springframework.security.web.access.ExceptionTranslationFilter@6dcb986b, org.springframework.security.web.access.intercept.FilterSecurityInterceptor@2a8e2d5d]
				
2026-06-05 11:55:37 [restartedMain] INFO  o.s.b.d.a.OptionalLiveReloadServer -LiveReload server is running on port 35729
				
2026-06-05 11:55:38 [restartedMain] INFO  com.zaxxer.hikari.HikariDataSource -HikariPool-1 - Starting...
				
2026-06-05 11:55:38 [restartedMain] INFO  com.zaxxer.hikari.HikariDataSource -HikariPool-1 - Start completed.
				
2026-06-05 11:55:39 [restartedMain] INFO  o.a.coyote.http11.Http11NioProtocol -Starting ProtocolHandler ["http-nio-8495"]
				
2026-06-05 11:55:39 [restartedMain] INFO  o.s.b.w.e.tomcat.TomcatWebServer -Tomcat started on port(s): 8495 (http) with context path '/smartrun'
				
2026-06-05 11:55:39 [restartedMain] INFO  s.d.s.w.p.DocumentationPluginsBootstrapper -Context refreshed
				
2026-06-05 11:55:39 [restartedMain] INFO  s.d.s.w.p.DocumentationPluginsBootstrapper -Found 1 custom documentation plugin(s)
				
2026-06-05 11:55:39 [restartedMain] INFO  s.d.s.w.s.ApiListingReferenceScanner -Scanning for api listing references
				
2026-06-05 11:55:40 [restartedMain] INFO  s.d.s.w.r.o.CachingOperationNameGenerator -Generating unique operation named: insertOrUpdateSalesBudgetSheetHdrAndDtlUsingPOST_1
				
2026-06-05 11:55:40 [restartedMain] INFO  s.d.s.w.r.o.CachingOperationNameGenerator -Generating unique operation named: getVendorDetailHdrViewUsingPOST_1
				
2026-06-05 11:55:40 [restartedMain] INFO  s.d.s.w.r.o.CachingOperationNameGenerator -Generating unique operation named: updateUserRoleMappingUsingPOST_1
				
2026-06-05 11:55:40 [restartedMain] INFO  com.vmfg.VMFGApplication -Started VMFGApplication in 12.556 seconds (JVM running for 13.867)
				
2026-06-05 11:55:40 [main] ERROR com.vmfg.VMFGApplication -SmartRun Application Start Exception--->org.springframework.boot.devtools.restart.SilentExitExceptionHandler$SilentExitException
				
2026-06-05 11:56:01 [http-nio-8495-exec-1] INFO  o.a.c.c.C.[.[localhost].[/smartrun] -Initializing Spring DispatcherServlet 'dispatcherServlet'
				
2026-06-05 11:56:01 [http-nio-8495-exec-1] INFO  o.s.web.servlet.DispatcherServlet -Initializing Servlet 'dispatcherServlet'
				
2026-06-05 11:56:01 [http-nio-8495-exec-1] INFO  o.s.web.servlet.DispatcherServlet -Completed initialization in 7 ms
				
2026-06-05 11:56:01 [http-nio-8495-exec-2] INFO  c.v.g.services.impl.TileViewService -getSaleTileView  method start
				
2026-06-05 11:56:01 [http-nio-8495-exec-5] INFO  c.v.s.c.IndentManagementController -getIndentProjectDtlsByDate Controller  method Start
				
2026-06-05 11:56:01 [http-nio-8495-exec-3] INFO  c.v.s.c.IndentManagementController -getScmHdrBasedDtl   method Start
				
2026-06-05 11:56:01 [http-nio-8495-exec-5] INFO  c.v.s.c.IndentManagementController -getIndentProjectDtlsByDate Controller  method end
				
2026-06-05 11:56:01 [http-nio-8495-exec-4] INFO  c.v.g.c.NotificationGeneralController -getNotificationDetails   method Start
				
2026-06-05 11:56:01 [http-nio-8495-exec-6] INFO  c.v.g.c.NotificationGeneralController -getNotificationDetails   method Start
				
2026-06-05 11:56:01 [http-nio-8495-exec-1] INFO  c.v.g.c.NotificationGeneralController -getNotificationDetails   method Start
				
2026-06-05 11:56:03 [http-nio-8495-exec-2] INFO  c.v.g.c.StageManagementController -getSCMTitleView   method end
				
2026-06-05 11:56:03 [http-nio-8495-exec-3] INFO  c.v.s.c.IndentManagementController -getScmHdrBasedDtl  method end
				
2026-06-05 11:56:03 [http-nio-8495-exec-2] INFO  c.v.security.config.JwtRequestFilter -Error Check java.io.IOException: Broken pipe
				
2026-06-05 11:56:03 [http-nio-8495-exec-3] INFO  c.v.security.config.JwtRequestFilter -Error Check java.io.IOException: Broken pipe
				
2026-06-05 11:56:04 [http-nio-8495-exec-8] ERROR com.vmfg.util.GetPropertyValue -getTenantPropertyVal Method Exception|||org.springframework.dao.EmptyResultDataAccessException: Incorrect result size: expected 1, actual 0
				
2026-06-05 11:56:04 [http-nio-8495-exec-8] ERROR com.vmfg.util.GetPropertyValue -getTenantPropertyValByTenantId Method Exception|||org.springframework.dao.EmptyResultDataAccessException: Incorrect result size: expected 1, actual 0
				
2026-06-05 11:56:04 [http-nio-8495-exec-8] INFO  com.vmfg.util.CommonBase64Class -CommonBase64Class getBasesBinary method Start
				
2026-06-05 11:56:04 [http-nio-8495-exec-8] ERROR com.vmfg.util.CommonBase64Class -CommonBase64Class getBasesBinary Method FileNotFoundException---->java.io.FileNotFoundException:  (No such file or directory)
				
2026-06-05 11:56:04 [http-nio-8495-exec-8] ERROR c.v.authentication.UserLoginService -getImageUrl DAO Method Exceptionjava.lang.NullPointerException
				
2026-06-05 11:56:28 [http-nio-8495-exec-10] INFO  com.vmfg.authentication.UserLoginDAO - getUserDtlForAuth DAO method Start
				
2026-06-05 11:56:28 [http-nio-8495-exec-10] INFO  com.vmfg.authentication.UserLoginDAO -getUserLoginInfo DAO method end
				
2026-06-05 11:56:28 [http-nio-8495-exec-1] INFO  c.v.g.c.NotificationGeneralController -getNotificationDetails   method Start
				
2026-06-05 11:56:28 [http-nio-8495-exec-4] INFO  c.v.g.c.NotificationGeneralController -getNotificationDetails   method Start
				
2026-06-05 11:56:28 [http-nio-8495-exec-2] INFO  c.v.g.c.NotificationGeneralController -getNotificationDetails   method Start
				
2026-06-05 11:56:29 [http-nio-8495-exec-7] INFO  c.v.s.c.IndentManagementController -getIndentProjectDtlsByDate Controller  method Start
				
2026-06-05 11:56:29 [http-nio-8495-exec-7] INFO  c.v.s.c.IndentManagementController -getIndentProjectDtlsByDate Controller  method end
				
2026-06-05 11:56:29 [http-nio-8495-exec-10] INFO  c.v.q.controller.QualityController -getQtyDtl Controller  method Start
				
2026-06-05 11:56:29 [http-nio-8495-exec-5] INFO  c.v.g.c.NotificationGeneralController -getNotificationDetails   method Start
				
2026-06-05 11:56:30 [http-nio-8495-exec-9] INFO  c.v.g.c.StageManagementController -getQualityView   method end
				
2026-06-05 11:56:30 [http-nio-8495-exec-6] INFO  c.v.g.c.NotificationGeneralController -getNotificationDetails   method Start
				
2026-06-05 11:56:36 [http-nio-8495-exec-10] INFO  c.v.q.controller.QualityController -getQtyDtl Controller  method end
				
2026-06-05 11:56:36 [http-nio-8495-exec-1] INFO  c.v.g.c.NotificationGeneralController -getNotificationDetails   method Start
				
2026-06-05 12:01:14 [SpringApplicationShutdownHook] INFO  com.zaxxer.hikari.HikariDataSource -HikariPool-1 - Shutdown initiated...
				
2026-06-05 12:01:14 [SpringApplicationShutdownHook] INFO  com.zaxxer.hikari.HikariDataSource -HikariPool-1 - Shutdown completed.
				
2026-06-05 12:01:19 [background-preinit] INFO  o.h.validator.internal.util.Version -HV000001: Hibernate Validator 6.2.3.Final
				
2026-06-05 12:01:19 [restartedMain] INFO  o.s.boot.SpringApplication -

                                ooooooo &&&&&&&&                              
                              oo     oo &.     &                              
                    ooooooo  oo      oo &:     &&                             
                 oo        oooo      oo &&       *&&&&  &&&&&&                
               oo            oo      oo &&                    &&&             
              oo                     oo &&&&&                  &o             
              oo                     oo &&     &&&&&           &              
              oo           ooo       oo &&           &&&       &&             
           ooooo           o:        oo &&              &        &&           
       ooo     *oo       oo          oo &&                        &&&&&&&     
     oo           ooooooo            oo &&                              &&    
    o&                                      &&&&*       &&               &&   
   oo                                            &&       &&              &&  
   o     ooooo                  @     @@    @@     &&:     &&           &&    
  oo ooo       ooo          @@@@@@@@@@@@@@@@@@@@@    &&     &&         &&     
  ooo            oo         @@ @@@ @@@@@@@@@@@  @     &&     &&         &     
  oo               o      @@@@ @@@ @@@@@@@@@@@  @@@    &&     &         &&    
  o&               oo       @@ @@@ @@@@@@@@@@@  @       &     &         &&    
  oo               oo       @@ @@ @ @@@@        @       &&                &&& 
  oo                      @@@@ @@@@@@@@@@@@@@@  @@@:    &&                  &&
  oo                        @@ @@@@@@@@@@@ @@@  @       &&        o&        &&
   o                        @@ @@@@@ @@@  @@@@  @       &         &&        &.
   oo                     @@@@ @@@ @@@@@@@@@@@  @@@@   &          &    .&&&&  
    o         oooo          @@                  @     &.         &&    &&     
    oo    ooo      &oo          @     @@    @@      &&          &&    &&      
     oo oo            oo        @     @     @@    &&           &&    &&       
      ooo              oo                      &&&           &&      &&       
         oooooooo       oo           oo &&&&&&              &&         &      
              oo        oo           oo &&         &      &&           &&     
              o        :o            oo &&  .&&&&&     &&.           &&       
              o       oo             oo &&                    &&&&&&&&        
              oo    ooo              oo &&                  &&                
                oo                   oo &&                &&                  
                  oo        oooo     oo &&                &                   
                     ooooooo  &o     oo &&      &&&       &                   
                                oo   oo && :&&&   .&& &&&*                    
                                   &ooo &&&                                   

==============================================
SmartRun Product by SmartRun Tech. All rights reserved.
==============================================
Application Version : 2.6.7
Application Title : SmartRun MES
Contact : support@smartruntech.com
==============================================

				
2026-06-05 12:01:20 [restartedMain] INFO  com.vmfg.VMFGApplication -Starting VMFGApplication using Java 1.8.0_482 on Peachs-Mac-mini.local with PID 3900 (/Users/peach/Spring_Boot_Projects/bgr/OneDrive_1_4-15-2026/BGR-SOURCE_CODE/SmartRun_ProjectManagement_Java/SR_Management/target/classes started by peach in /Users/peach/Spring_Boot_Projects/bgr/OneDrive_1_4-15-2026/BGR-SOURCE_CODE/SmartRun_ProjectManagement_Java/SR_Management)
				
2026-06-05 12:01:20 [restartedMain] INFO  com.vmfg.VMFGApplication -The following 1 profile is active: "dev"
				
2026-06-05 12:01:20 [restartedMain] INFO  o.s.b.d.e.DevToolsPropertyDefaultsPostProcessor -Devtools property defaults active! Set 'spring.devtools.add-properties' to 'false' to disable
				
2026-06-05 12:01:20 [restartedMain] INFO  o.s.b.d.e.DevToolsPropertyDefaultsPostProcessor -For additional web related logging consider setting the 'logging.level.web' property to 'DEBUG'
				
2026-06-05 12:01:22 [restartedMain] INFO  o.s.d.r.c.RepositoryConfigurationDelegate -Bootstrapping Spring Data JDBC repositories in DEFAULT mode.
				
2026-06-05 12:01:22 [restartedMain] INFO  o.s.d.r.c.RepositoryConfigurationDelegate -Finished Spring Data repository scanning in 98 ms. Found 0 JDBC repository interfaces.
				
2026-06-05 12:01:23 [restartedMain] INFO  o.s.b.w.e.tomcat.TomcatWebServer -Tomcat initialized with port(s): 8495 (http)
				
2026-06-05 12:01:23 [restartedMain] INFO  o.a.coyote.http11.Http11NioProtocol -Initializing ProtocolHandler ["http-nio-8495"]
				
2026-06-05 12:01:23 [restartedMain] INFO  o.a.catalina.core.StandardService -Starting service [Tomcat]
				
2026-06-05 12:01:23 [restartedMain] INFO  o.a.catalina.core.StandardEngine -Starting Servlet engine: [Apache Tomcat/9.0.63]
				
2026-06-05 12:01:23 [restartedMain] INFO  o.a.c.c.C.[.[localhost].[/smartrun] -Initializing Spring embedded WebApplicationContext
				
2026-06-05 12:01:23 [restartedMain] INFO  o.s.b.w.s.c.ServletWebServerApplicationContext -Root WebApplicationContext: initialization completed in 3524 ms
				
2026-06-05 12:01:26 [restartedMain] INFO  s.d.s.w.PropertySourcedRequestMappingHandlerMapping -Mapped URL path [/v2/api-docs] onto method [springfox.documentation.swagger2.web.Swagger2Controller#getDocumentation(String, HttpServletRequest)]
				
2026-06-05 12:01:26 [restartedMain] INFO  o.s.s.web.DefaultSecurityFilterChain -Will secure any request with [org.springframework.security.web.session.DisableEncodeUrlFilter@28f59528, org.springframework.security.web.context.request.async.WebAsyncManagerIntegrationFilter@77fecdc0, org.springframework.security.web.context.SecurityContextPersistenceFilter@29641bd1, org.springframework.security.web.header.HeaderWriterFilter@7ed8b7f, org.springframework.web.filter.CorsFilter@1cdff7e9, org.springframework.security.web.authentication.logout.LogoutFilter@5fccead2, com.vmfg.security.config.JwtRequestFilter@4eed87f2, org.springframework.security.web.savedrequest.RequestCacheAwareFilter@7be9b517, org.springframework.security.web.servletapi.SecurityContextHolderAwareRequestFilter@138e953b, org.springframework.security.web.authentication.AnonymousAuthenticationFilter@67a70e9b, org.springframework.security.web.session.SessionManagementFilter@5d175760, org.springframework.security.web.access.ExceptionTranslationFilter@287bef2c, org.springframework.security.web.access.intercept.FilterSecurityInterceptor@707cd35c]
				
2026-06-05 12:01:27 [restartedMain] INFO  o.s.b.d.a.OptionalLiveReloadServer -LiveReload server is running on port 35729
				
2026-06-05 12:01:27 [restartedMain] INFO  com.zaxxer.hikari.HikariDataSource -HikariPool-1 - Starting...
				
2026-06-05 12:01:27 [restartedMain] INFO  com.zaxxer.hikari.HikariDataSource -HikariPool-1 - Start completed.
				
2026-06-05 12:01:28 [restartedMain] INFO  o.a.coyote.http11.Http11NioProtocol -Starting ProtocolHandler ["http-nio-8495"]
				
2026-06-05 12:01:28 [restartedMain] INFO  o.s.b.w.e.tomcat.TomcatWebServer -Tomcat started on port(s): 8495 (http) with context path '/smartrun'
				
2026-06-05 12:01:28 [restartedMain] INFO  s.d.s.w.p.DocumentationPluginsBootstrapper -Context refreshed
				
2026-06-05 12:01:28 [restartedMain] INFO  s.d.s.w.p.DocumentationPluginsBootstrapper -Found 1 custom documentation plugin(s)
				
2026-06-05 12:01:28 [restartedMain] INFO  s.d.s.w.s.ApiListingReferenceScanner -Scanning for api listing references
				
2026-06-05 12:01:29 [restartedMain] INFO  s.d.s.w.r.o.CachingOperationNameGenerator -Generating unique operation named: insertOrUpdateSalesBudgetSheetHdrAndDtlUsingPOST_1
				
2026-06-05 12:01:29 [restartedMain] INFO  s.d.s.w.r.o.CachingOperationNameGenerator -Generating unique operation named: getVendorDetailHdrViewUsingPOST_1
				
2026-06-05 12:01:29 [restartedMain] INFO  s.d.s.w.r.o.CachingOperationNameGenerator -Generating unique operation named: updateUserRoleMappingUsingPOST_1
				
2026-06-05 12:01:30 [restartedMain] INFO  com.vmfg.VMFGApplication -Started VMFGApplication in 11.151 seconds (JVM running for 11.905)
				
2026-06-05 12:01:30 [main] ERROR com.vmfg.VMFGApplication -SmartRun Application Start Exception--->org.springframework.boot.devtools.restart.SilentExitExceptionHandler$SilentExitException
				
2026-06-05 12:01:45 [http-nio-8495-exec-1] INFO  o.a.c.c.C.[.[localhost].[/smartrun] -Initializing Spring DispatcherServlet 'dispatcherServlet'
				
2026-06-05 12:01:45 [http-nio-8495-exec-1] INFO  o.s.web.servlet.DispatcherServlet -Initializing Servlet 'dispatcherServlet'
				
2026-06-05 12:01:45 [http-nio-8495-exec-1] INFO  o.s.web.servlet.DispatcherServlet -Completed initialization in 5 ms
				
2026-06-05 12:01:45 [http-nio-8495-exec-1] INFO  c.v.s.c.IndentManagementController -getIndentProjectDtlsByDate Controller  method Start
				
2026-06-05 12:01:45 [http-nio-8495-exec-5] INFO  c.v.q.controller.QualityController -getQtyDtl Controller  method Start
				
2026-06-05 12:01:45 [http-nio-8495-exec-1] INFO  c.v.s.c.IndentManagementController -getIndentProjectDtlsByDate Controller  method end
				
2026-06-05 12:01:46 [http-nio-8495-exec-3] INFO  c.v.g.c.NotificationGeneralController -getNotificationDetails   method Start
				
2026-06-05 12:01:46 [http-nio-8495-exec-6] INFO  c.v.g.c.NotificationGeneralController -getNotificationDetails   method Start
				
2026-06-05 12:01:46 [http-nio-8495-exec-4] INFO  c.v.g.c.NotificationGeneralController -getNotificationDetails   method Start
				
2026-06-05 12:01:47 [http-nio-8495-exec-2] INFO  c.v.g.c.StageManagementController -getQualityView   method end
				
2026-06-05 12:01:47 [http-nio-8495-exec-7] INFO  c.v.g.c.NotificationGeneralController -getNotificationDetails   method Start
				
2026-06-05 12:01:53 [http-nio-8495-exec-5] INFO  c.v.q.controller.QualityController -getQtyDtl Controller  method end
				
2026-06-05 12:01:53 [http-nio-8495-exec-8] INFO  c.v.g.c.NotificationGeneralController -getNotificationDetails   method Start
				
2026-06-05 12:02:06 [http-nio-8495-exec-10] INFO  c.v.q.controller.QualityController -getQtyDtl Controller  method Start
				
2026-06-05 12:02:06 [http-nio-8495-exec-6] INFO  c.v.s.c.IndentManagementController -getIndentProjectDtlsByDate Controller  method Start
				
2026-06-05 12:02:06 [http-nio-8495-exec-6] INFO  c.v.s.c.IndentManagementController -getIndentProjectDtlsByDate Controller  method end
				
2026-06-05 12:02:06 [http-nio-8495-exec-5] INFO  c.v.g.c.NotificationGeneralController -getNotificationDetails   method Start
				
2026-06-05 12:02:06 [http-nio-8495-exec-2] INFO  c.v.g.c.NotificationGeneralController -getNotificationDetails   method Start
				
2026-06-05 12:02:06 [http-nio-8495-exec-1] INFO  c.v.g.c.NotificationGeneralController -getNotificationDetails   method Start
				
2026-06-05 12:02:07 [http-nio-8495-exec-3] INFO  c.v.g.c.StageManagementController -getQualityView   method end
				
2026-06-05 12:02:08 [http-nio-8495-exec-7] INFO  c.v.g.c.NotificationGeneralController -getNotificationDetails   method Start
				
2026-06-05 12:02:13 [http-nio-8495-exec-10] INFO  c.v.q.controller.QualityController -getQtyDtl Controller  method end
				
2026-06-05 12:02:13 [http-nio-8495-exec-9] INFO  c.v.g.c.NotificationGeneralController -getNotificationDetails   method Start
				
2026-06-05 12:03:54 [http-nio-8495-exec-9] INFO  c.v.s.c.IndentManagementController -getIndentProjectDtlsByDate Controller  method Start
				
2026-06-05 12:03:54 [http-nio-8495-exec-7] INFO  c.v.q.controller.QualityController -getQtyDtl Controller  method Start
				
2026-06-05 12:03:54 [http-nio-8495-exec-9] INFO  c.v.s.c.IndentManagementController -getIndentProjectDtlsByDate Controller  method end
				
2026-06-05 12:03:54 [http-nio-8495-exec-4] INFO  c.v.g.c.NotificationGeneralController -getNotificationDetails   method Start
				
2026-06-05 12:03:54 [http-nio-8495-exec-8] INFO  c.v.g.c.NotificationGeneralController -getNotificationDetails   method Start
				
2026-06-05 12:03:54 [http-nio-8495-exec-6] INFO  c.v.g.c.NotificationGeneralController -getNotificationDetails   method Start
				
2026-06-05 12:03:56 [http-nio-8495-exec-10] INFO  c.v.g.c.StageManagementController -getQualityView   method end
				
2026-06-05 12:03:56 [http-nio-8495-exec-2] INFO  c.v.g.c.NotificationGeneralController -getNotificationDetails   method Start
				
2026-06-05 12:04:01 [http-nio-8495-exec-7] INFO  c.v.q.controller.QualityController -getQtyDtl Controller  method end
				
2026-06-05 12:04:01 [http-nio-8495-exec-5] INFO  c.v.g.c.NotificationGeneralController -getNotificationDetails   method Start
				
2026-06-05 12:04:07 [http-nio-8495-exec-1] INFO  c.v.q.controller.QualityController -getQtyDtl Controller  method Start
				
2026-06-05 12:04:07 [http-nio-8495-exec-4] INFO  c.v.s.c.IndentManagementController -getIndentProjectDtlsByDate Controller  method Start
				
2026-06-05 12:04:07 [http-nio-8495-exec-4] INFO  c.v.s.c.IndentManagementController -getIndentProjectDtlsByDate Controller  method end
				
2026-06-05 12:04:07 [http-nio-8495-exec-2] INFO  c.v.g.c.NotificationGeneralController -getNotificationDetails   method Start
				
2026-06-05 12:04:07 [http-nio-8495-exec-7] INFO  c.v.g.c.NotificationGeneralController -getNotificationDetails   method Start
				
2026-06-05 12:04:07 [http-nio-8495-exec-5] INFO  c.v.g.c.NotificationGeneralController -getNotificationDetails   method Start
				
2026-06-05 12:04:08 [http-nio-8495-exec-8] INFO  c.v.g.c.StageManagementController -getQualityView   method end
				
2026-06-05 12:04:08 [http-nio-8495-exec-9] INFO  c.v.g.c.NotificationGeneralController -getNotificationDetails   method Start
				
2026-06-05 12:04:14 [http-nio-8495-exec-1] INFO  c.v.q.controller.QualityController -getQtyDtl Controller  method end
				
2026-06-05 12:04:14 [http-nio-8495-exec-3] INFO  c.v.g.c.NotificationGeneralController -getNotificationDetails   method Start
				
2026-06-05 12:16:52 [SpringApplicationShutdownHook] INFO  com.zaxxer.hikari.HikariDataSource -HikariPool-1 - Shutdown initiated...
				
2026-06-05 12:16:52 [SpringApplicationShutdownHook] INFO  com.zaxxer.hikari.HikariDataSource -HikariPool-1 - Shutdown completed.
				
2026-06-05 12:16:58 [background-preinit] INFO  o.h.validator.internal.util.Version -HV000001: Hibernate Validator 6.2.3.Final
				
2026-06-05 12:16:58 [restartedMain] INFO  o.s.boot.SpringApplication -

                                ooooooo &&&&&&&&                              
                              oo     oo &.     &                              
                    ooooooo  oo      oo &:     &&                             
                 oo        oooo      oo &&       *&&&&  &&&&&&                
               oo            oo      oo &&                    &&&             
              oo                     oo &&&&&                  &o             
              oo                     oo &&     &&&&&           &              
              oo           ooo       oo &&           &&&       &&             
           ooooo           o:        oo &&              &        &&           
       ooo     *oo       oo          oo &&                        &&&&&&&     
     oo           ooooooo            oo &&                              &&    
    o&                                      &&&&*       &&               &&   
   oo                                            &&       &&              &&  
   o     ooooo                  @     @@    @@     &&:     &&           &&    
  oo ooo       ooo          @@@@@@@@@@@@@@@@@@@@@    &&     &&         &&     
  ooo            oo         @@ @@@ @@@@@@@@@@@  @     &&     &&         &     
  oo               o      @@@@ @@@ @@@@@@@@@@@  @@@    &&     &         &&    
  o&               oo       @@ @@@ @@@@@@@@@@@  @       &     &         &&    
  oo               oo       @@ @@ @ @@@@        @       &&                &&& 
  oo                      @@@@ @@@@@@@@@@@@@@@  @@@:    &&                  &&
  oo                        @@ @@@@@@@@@@@ @@@  @       &&        o&        &&
   o                        @@ @@@@@ @@@  @@@@  @       &         &&        &.
   oo                     @@@@ @@@ @@@@@@@@@@@  @@@@   &          &    .&&&&  
    o         oooo          @@                  @     &.         &&    &&     
    oo    ooo      &oo          @     @@    @@      &&          &&    &&      
     oo oo            oo        @     @     @@    &&           &&    &&       
      ooo              oo                      &&&           &&      &&       
         oooooooo       oo           oo &&&&&&              &&         &      
              oo        oo           oo &&         &      &&           &&     
              o        :o            oo &&  .&&&&&     &&.           &&       
              o       oo             oo &&                    &&&&&&&&        
              oo    ooo              oo &&                  &&                
                oo                   oo &&                &&                  
                  oo        oooo     oo &&                &                   
                     ooooooo  &o     oo &&      &&&       &                   
                                oo   oo && :&&&   .&& &&&*                    
                                   &ooo &&&                                   

==============================================
SmartRun Product by SmartRun Tech. All rights reserved.
==============================================
Application Version : 2.6.7
Application Title : SmartRun MES
Contact : support@smartruntech.com
==============================================

				
2026-06-05 12:16:58 [restartedMain] INFO  com.vmfg.VMFGApplication -Starting VMFGApplication using Java 1.8.0_482 on Peachs-Mac-mini.local with PID 4176 (/Users/peach/Spring_Boot_Projects/bgr/OneDrive_1_4-15-2026/BGR-SOURCE_CODE/SmartRun_ProjectManagement_Java/SR_Management/target/classes started by peach in /Users/peach/Spring_Boot_Projects/bgr/OneDrive_1_4-15-2026/BGR-SOURCE_CODE/SmartRun_ProjectManagement_Java/SR_Management)
				
2026-06-05 12:16:58 [restartedMain] INFO  com.vmfg.VMFGApplication -The following 1 profile is active: "dev"
				
2026-06-05 12:16:58 [restartedMain] INFO  o.s.b.d.e.DevToolsPropertyDefaultsPostProcessor -Devtools property defaults active! Set 'spring.devtools.add-properties' to 'false' to disable
				
2026-06-05 12:16:58 [restartedMain] INFO  o.s.b.d.e.DevToolsPropertyDefaultsPostProcessor -For additional web related logging consider setting the 'logging.level.web' property to 'DEBUG'
				
2026-06-05 12:17:00 [restartedMain] INFO  o.s.d.r.c.RepositoryConfigurationDelegate -Bootstrapping Spring Data JDBC repositories in DEFAULT mode.
				
2026-06-05 12:17:01 [restartedMain] INFO  o.s.d.r.c.RepositoryConfigurationDelegate -Finished Spring Data repository scanning in 112 ms. Found 0 JDBC repository interfaces.
				
2026-06-05 12:17:02 [restartedMain] INFO  o.s.b.w.e.tomcat.TomcatWebServer -Tomcat initialized with port(s): 8495 (http)
				
2026-06-05 12:17:02 [restartedMain] INFO  o.a.coyote.http11.Http11NioProtocol -Initializing ProtocolHandler ["http-nio-8495"]
				
2026-06-05 12:17:02 [restartedMain] INFO  o.a.catalina.core.StandardService -Starting service [Tomcat]
				
2026-06-05 12:17:02 [restartedMain] INFO  o.a.catalina.core.StandardEngine -Starting Servlet engine: [Apache Tomcat/9.0.63]
				
2026-06-05 12:17:02 [restartedMain] INFO  o.a.c.c.C.[.[localhost].[/smartrun] -Initializing Spring embedded WebApplicationContext
				
2026-06-05 12:17:02 [restartedMain] INFO  o.s.b.w.s.c.ServletWebServerApplicationContext -Root WebApplicationContext: initialization completed in 3640 ms
				
2026-06-05 12:17:05 [restartedMain] INFO  s.d.s.w.PropertySourcedRequestMappingHandlerMapping -Mapped URL path [/v2/api-docs] onto method [springfox.documentation.swagger2.web.Swagger2Controller#getDocumentation(String, HttpServletRequest)]
				
2026-06-05 12:17:05 [restartedMain] INFO  o.s.s.web.DefaultSecurityFilterChain -Will secure any request with [org.springframework.security.web.session.DisableEncodeUrlFilter@e30edc3, org.springframework.security.web.context.request.async.WebAsyncManagerIntegrationFilter@30cc9efc, org.springframework.security.web.context.SecurityContextPersistenceFilter@40f0edd, org.springframework.security.web.header.HeaderWriterFilter@4077fa7b, org.springframework.web.filter.CorsFilter@24beb26f, org.springframework.security.web.authentication.logout.LogoutFilter@5bb0deb0, com.vmfg.security.config.JwtRequestFilter@595ef684, org.springframework.security.web.savedrequest.RequestCacheAwareFilter@5632dff, org.springframework.security.web.servletapi.SecurityContextHolderAwareRequestFilter@4a226c30, org.springframework.security.web.authentication.AnonymousAuthenticationFilter@61658a53, org.springframework.security.web.session.SessionManagementFilter@563b09bd, org.springframework.security.web.access.ExceptionTranslationFilter@4c4120a6, org.springframework.security.web.access.intercept.FilterSecurityInterceptor@2e917f50]
				
2026-06-05 12:17:05 [restartedMain] INFO  o.s.b.d.a.OptionalLiveReloadServer -LiveReload server is running on port 35729
				
2026-06-05 12:17:06 [restartedMain] INFO  com.zaxxer.hikari.HikariDataSource -HikariPool-1 - Starting...
				
2026-06-05 12:17:06 [restartedMain] INFO  com.zaxxer.hikari.HikariDataSource -HikariPool-1 - Start completed.
				
2026-06-05 12:17:07 [restartedMain] INFO  o.a.coyote.http11.Http11NioProtocol -Starting ProtocolHandler ["http-nio-8495"]
				
2026-06-05 12:17:07 [restartedMain] INFO  o.s.b.w.e.tomcat.TomcatWebServer -Tomcat started on port(s): 8495 (http) with context path '/smartrun'
				
2026-06-05 12:17:07 [restartedMain] INFO  s.d.s.w.p.DocumentationPluginsBootstrapper -Context refreshed
				
2026-06-05 12:17:07 [restartedMain] INFO  s.d.s.w.p.DocumentationPluginsBootstrapper -Found 1 custom documentation plugin(s)
				
2026-06-05 12:17:07 [restartedMain] INFO  s.d.s.w.s.ApiListingReferenceScanner -Scanning for api listing references
				
2026-06-05 12:17:08 [restartedMain] INFO  s.d.s.w.r.o.CachingOperationNameGenerator -Generating unique operation named: insertOrUpdateSalesBudgetSheetHdrAndDtlUsingPOST_1
				
2026-06-05 12:17:08 [restartedMain] INFO  s.d.s.w.r.o.CachingOperationNameGenerator -Generating unique operation named: getVendorDetailHdrViewUsingPOST_1
				
2026-06-05 12:17:08 [restartedMain] INFO  s.d.s.w.r.o.CachingOperationNameGenerator -Generating unique operation named: updateUserRoleMappingUsingPOST_1
				
2026-06-05 12:17:08 [restartedMain] INFO  com.vmfg.VMFGApplication -Started VMFGApplication in 11.451 seconds (JVM running for 12.19)
				
2026-06-05 12:17:08 [main] ERROR com.vmfg.VMFGApplication -SmartRun Application Start Exception--->org.springframework.boot.devtools.restart.SilentExitExceptionHandler$SilentExitException
				
2026-06-05 12:17:09 [http-nio-8495-exec-2] INFO  o.a.c.c.C.[.[localhost].[/smartrun] -Initializing Spring DispatcherServlet 'dispatcherServlet'
				
2026-06-05 12:17:09 [http-nio-8495-exec-2] INFO  o.s.web.servlet.DispatcherServlet -Initializing Servlet 'dispatcherServlet'
				
2026-06-05 12:17:09 [http-nio-8495-exec-2] INFO  o.s.web.servlet.DispatcherServlet -Completed initialization in 6 ms
				
2026-06-05 12:17:10 [http-nio-8495-exec-3] INFO  c.v.q.controller.QualityController -getQtyDtl Controller  method Start
				
2026-06-05 12:17:10 [http-nio-8495-exec-5] INFO  c.v.s.c.IndentManagementController -getIndentProjectDtlsByDate Controller  method Start
				
2026-06-05 12:17:10 [http-nio-8495-exec-5] INFO  c.v.s.c.IndentManagementController -getIndentProjectDtlsByDate Controller  method end
				
2026-06-05 12:17:10 [http-nio-8495-exec-8] INFO  c.v.g.c.NotificationGeneralController -getNotificationDetails   method Start
				
2026-06-05 12:17:10 [http-nio-8495-exec-6] INFO  c.v.g.c.NotificationGeneralController -getNotificationDetails   method Start
				
2026-06-05 12:17:10 [http-nio-8495-exec-7] INFO  c.v.g.c.NotificationGeneralController -getNotificationDetails   method Start
				
2026-06-05 12:17:11 [http-nio-8495-exec-4] INFO  c.v.g.c.StageManagementController -getQualityView   method end
				
2026-06-05 12:17:11 [http-nio-8495-exec-9] INFO  c.v.g.c.NotificationGeneralController -getNotificationDetails   method Start
				
2026-06-05 12:17:17 [http-nio-8495-exec-3] INFO  c.v.q.controller.QualityController -getQtyDtl Controller  method end
				
2026-06-05 12:17:18 [http-nio-8495-exec-10] INFO  c.v.g.c.NotificationGeneralController -getNotificationDetails   method Start
				
2026-06-05 12:43:11 [HikariPool-1 housekeeper] WARN  com.zaxxer.hikari.pool.HikariPool -HikariPool-1 - Thread starvation or clock leap detected (housekeeper delta=15m35s282ms).
				
2026-06-05 12:56:01 [HikariPool-1 housekeeper] WARN  com.zaxxer.hikari.pool.HikariPool -HikariPool-1 - Thread starvation or clock leap detected (housekeeper delta=9m49s755ms).
				
2026-06-05 13:08:29 [SpringApplicationShutdownHook] INFO  com.zaxxer.hikari.HikariDataSource -HikariPool-1 - Shutdown initiated...
				
2026-06-05 13:08:29 [SpringApplicationShutdownHook] INFO  com.zaxxer.hikari.HikariDataSource -HikariPool-1 - Shutdown completed.
				
2026-06-05 14:34:34 [background-preinit] INFO  o.h.validator.internal.util.Version -HV000001: Hibernate Validator 6.2.3.Final
				
2026-06-05 14:34:35 [restartedMain] INFO  o.s.boot.SpringApplication -

                                ooooooo &&&&&&&&                              
                              oo     oo &.     &                              
                    ooooooo  oo      oo &:     &&                             
                 oo        oooo      oo &&       *&&&&  &&&&&&                
               oo            oo      oo &&                    &&&             
              oo                     oo &&&&&                  &o             
              oo                     oo &&     &&&&&           &              
              oo           ooo       oo &&           &&&       &&             
           ooooo           o:        oo &&              &        &&           
       ooo     *oo       oo          oo &&                        &&&&&&&     
     oo           ooooooo            oo &&                              &&    
    o&                                      &&&&*       &&               &&   
   oo                                            &&       &&              &&  
   o     ooooo                  @     @@    @@     &&:     &&           &&    
  oo ooo       ooo          @@@@@@@@@@@@@@@@@@@@@    &&     &&         &&     
  ooo            oo         @@ @@@ @@@@@@@@@@@  @     &&     &&         &     
  oo               o      @@@@ @@@ @@@@@@@@@@@  @@@    &&     &         &&    
  o&               oo       @@ @@@ @@@@@@@@@@@  @       &     &         &&    
  oo               oo       @@ @@ @ @@@@        @       &&                &&& 
  oo                      @@@@ @@@@@@@@@@@@@@@  @@@:    &&                  &&
  oo                        @@ @@@@@@@@@@@ @@@  @       &&        o&        &&
   o                        @@ @@@@@ @@@  @@@@  @       &         &&        &.
   oo                     @@@@ @@@ @@@@@@@@@@@  @@@@   &          &    .&&&&  
    o         oooo          @@                  @     &.         &&    &&     
    oo    ooo      &oo          @     @@    @@      &&          &&    &&      
     oo oo            oo        @     @     @@    &&           &&    &&       
      ooo              oo                      &&&           &&      &&       
         oooooooo       oo           oo &&&&&&              &&         &      
              oo        oo           oo &&         &      &&           &&     
              o        :o            oo &&  .&&&&&     &&.           &&       
              o       oo             oo &&                    &&&&&&&&        
              oo    ooo              oo &&                  &&                
                oo                   oo &&                &&                  
                  oo        oooo     oo &&                &                   
                     ooooooo  &o     oo &&      &&&       &                   
                                oo   oo && :&&&   .&& &&&*                    
                                   &ooo &&&                                   

==============================================
SmartRun Product by SmartRun Tech. All rights reserved.
==============================================
Application Version : 2.6.7
Application Title : SmartRun MES
Contact : support@smartruntech.com
==============================================

				
2026-06-05 14:34:35 [restartedMain] INFO  com.vmfg.VMFGApplication -Starting VMFGApplication using Java 1.8.0_482 on Peachs-Mac-mini.local with PID 5014 (/Users/peach/Spring_Boot_Projects/bgr/OneDrive_1_4-15-2026/BGR-SOURCE_CODE/SmartRun_ProjectManagement_Java/SR_Management/target/classes started by peach in /Users/peach/Spring_Boot_Projects/bgr/OneDrive_1_4-15-2026/BGR-SOURCE_CODE/SmartRun_ProjectManagement_Java/SR_Management)
				
2026-06-05 14:34:35 [restartedMain] INFO  com.vmfg.VMFGApplication -The following 1 profile is active: "dev"
				
2026-06-05 14:34:35 [restartedMain] INFO  o.s.b.d.e.DevToolsPropertyDefaultsPostProcessor -Devtools property defaults active! Set 'spring.devtools.add-properties' to 'false' to disable
				
2026-06-05 14:34:35 [restartedMain] INFO  o.s.b.d.e.DevToolsPropertyDefaultsPostProcessor -For additional web related logging consider setting the 'logging.level.web' property to 'DEBUG'
				
2026-06-05 14:34:38 [restartedMain] INFO  o.s.d.r.c.RepositoryConfigurationDelegate -Bootstrapping Spring Data JDBC repositories in DEFAULT mode.
				
2026-06-05 14:34:38 [restartedMain] INFO  o.s.d.r.c.RepositoryConfigurationDelegate -Finished Spring Data repository scanning in 85 ms. Found 0 JDBC repository interfaces.
				
2026-06-05 14:34:40 [restartedMain] INFO  o.s.b.w.e.tomcat.TomcatWebServer -Tomcat initialized with port(s): 8495 (http)
				
2026-06-05 14:34:40 [restartedMain] INFO  o.a.coyote.http11.Http11NioProtocol -Initializing ProtocolHandler ["http-nio-8495"]
				
2026-06-05 14:34:40 [restartedMain] INFO  o.a.catalina.core.StandardService -Starting service [Tomcat]
				
2026-06-05 14:34:40 [restartedMain] INFO  o.a.catalina.core.StandardEngine -Starting Servlet engine: [Apache Tomcat/9.0.63]
				
2026-06-05 14:34:40 [restartedMain] INFO  o.a.c.c.C.[.[localhost].[/smartrun] -Initializing Spring embedded WebApplicationContext
				
2026-06-05 14:34:40 [restartedMain] INFO  o.s.b.w.s.c.ServletWebServerApplicationContext -Root WebApplicationContext: initialization completed in 4159 ms
				
2026-06-05 14:34:43 [restartedMain] INFO  s.d.s.w.PropertySourcedRequestMappingHandlerMapping -Mapped URL path [/v2/api-docs] onto method [springfox.documentation.swagger2.web.Swagger2Controller#getDocumentation(String, HttpServletRequest)]
				
2026-06-05 14:34:43 [restartedMain] INFO  o.s.s.web.DefaultSecurityFilterChain -Will secure any request with [org.springframework.security.web.session.DisableEncodeUrlFilter@3cbb2d4b, org.springframework.security.web.context.request.async.WebAsyncManagerIntegrationFilter@6ae86b93, org.springframework.security.web.context.SecurityContextPersistenceFilter@c791b46, org.springframework.security.web.header.HeaderWriterFilter@55a1326a, org.springframework.web.filter.CorsFilter@46670a5f, org.springframework.security.web.authentication.logout.LogoutFilter@2dbdd12d, com.vmfg.security.config.JwtRequestFilter@7a59feb9, org.springframework.security.web.savedrequest.RequestCacheAwareFilter@3334fc1c, org.springframework.security.web.servletapi.SecurityContextHolderAwareRequestFilter@772e4c6d, org.springframework.security.web.authentication.AnonymousAuthenticationFilter@15667cf0, org.springframework.security.web.session.SessionManagementFilter@67ac188e, org.springframework.security.web.access.ExceptionTranslationFilter@32cefb29, org.springframework.security.web.access.intercept.FilterSecurityInterceptor@626ecaf0]
				
2026-06-05 14:34:43 [restartedMain] INFO  o.s.b.d.a.OptionalLiveReloadServer -LiveReload server is running on port 35729
				
2026-06-05 14:34:44 [restartedMain] INFO  com.zaxxer.hikari.HikariDataSource -HikariPool-1 - Starting...
				
2026-06-05 14:34:44 [restartedMain] INFO  com.zaxxer.hikari.HikariDataSource -HikariPool-1 - Start completed.
				
2026-06-05 14:34:45 [restartedMain] INFO  o.a.coyote.http11.Http11NioProtocol -Starting ProtocolHandler ["http-nio-8495"]
				
2026-06-05 14:34:45 [restartedMain] INFO  o.s.b.w.e.tomcat.TomcatWebServer -Tomcat started on port(s): 8495 (http) with context path '/smartrun'
				
2026-06-05 14:34:45 [restartedMain] INFO  s.d.s.w.p.DocumentationPluginsBootstrapper -Context refreshed
				
2026-06-05 14:34:45 [restartedMain] INFO  s.d.s.w.p.DocumentationPluginsBootstrapper -Found 1 custom documentation plugin(s)
				
2026-06-05 14:34:45 [restartedMain] INFO  s.d.s.w.s.ApiListingReferenceScanner -Scanning for api listing references
				
2026-06-05 14:34:46 [restartedMain] INFO  s.d.s.w.r.o.CachingOperationNameGenerator -Generating unique operation named: insertOrUpdateSalesBudgetSheetHdrAndDtlUsingPOST_1
				
2026-06-05 14:34:46 [restartedMain] INFO  s.d.s.w.r.o.CachingOperationNameGenerator -Generating unique operation named: getVendorDetailHdrViewUsingPOST_1
				
2026-06-05 14:34:46 [restartedMain] INFO  s.d.s.w.r.o.CachingOperationNameGenerator -Generating unique operation named: updateUserRoleMappingUsingPOST_1
				
2026-06-05 14:34:47 [restartedMain] INFO  com.vmfg.VMFGApplication -Started VMFGApplication in 13.769 seconds (JVM running for 15.414)
				
2026-06-05 14:34:47 [main] ERROR com.vmfg.VMFGApplication -SmartRun Application Start Exception--->org.springframework.boot.devtools.restart.SilentExitExceptionHandler$SilentExitException
				
2026-06-05 14:35:15 [http-nio-8495-exec-3] INFO  o.a.c.c.C.[.[localhost].[/smartrun] -Initializing Spring DispatcherServlet 'dispatcherServlet'
				
2026-06-05 14:35:15 [http-nio-8495-exec-3] INFO  o.s.web.servlet.DispatcherServlet -Initializing Servlet 'dispatcherServlet'
				
2026-06-05 14:35:16 [http-nio-8495-exec-3] INFO  o.s.web.servlet.DispatcherServlet -Completed initialization in 5 ms
				
2026-06-05 14:35:16 [http-nio-8495-exec-7] INFO  c.v.g.c.NotificationGeneralController -getNotificationDetails   method Start
				
2026-06-05 14:35:16 [http-nio-8495-exec-8] INFO  c.v.g.c.NotificationGeneralController -getNotificationDetails   method Start
				
2026-06-05 14:35:16 [http-nio-8495-exec-6] INFO  c.v.g.c.NotificationGeneralController -getNotificationDetails   method Start
				
2026-06-05 14:35:17 [http-nio-8495-exec-2] INFO  c.v.q.controller.QualityController -getQtyDtl Controller  method Start
				
2026-06-05 14:35:17 [http-nio-8495-exec-9] INFO  c.v.s.c.IndentManagementController -getIndentProjectDtlsByDate Controller  method Start
				
2026-06-05 14:35:17 [http-nio-8495-exec-9] INFO  c.v.s.c.IndentManagementController -getIndentProjectDtlsByDate Controller  method end
				
2026-06-05 14:35:17 [http-nio-8495-exec-1] INFO  c.v.g.c.NotificationGeneralController -getNotificationDetails   method Start
				
2026-06-05 14:35:18 [http-nio-8495-exec-3] INFO  c.v.g.c.StageManagementController -getQualityView   method end
				
2026-06-05 14:35:18 [http-nio-8495-exec-4] INFO  c.v.g.c.NotificationGeneralController -getNotificationDetails   method Start
				
2026-06-05 14:35:25 [http-nio-8495-exec-2] INFO  c.v.q.controller.QualityController -getQtyDtl Controller  method end
				
2026-06-05 14:35:25 [http-nio-8495-exec-5] INFO  c.v.g.c.NotificationGeneralController -getNotificationDetails   method Start
				
2026-06-05 14:35:49 [http-nio-8495-exec-8] INFO  c.v.g.c.NotificationGeneralController -updateNotificationDtls   method Start
				
2026-06-05 14:35:49 [http-nio-8495-exec-7] INFO  c.v.g.c.NotificationGeneralController -getNotificationDetails   method Start
				
2026-06-05 14:35:49 [http-nio-8495-exec-8] INFO  c.v.g.s.i.NotificationGeneralService -updateNotificationDtls  method start
				
2026-06-05 14:35:49 [http-nio-8495-exec-8] INFO  c.v.g.c.NotificationGeneralController -updateNotificationDtls method End
				
2026-06-05 14:36:05 [http-nio-8495-exec-6] INFO  c.v.g.c.NotificationGeneralController -getNotificationDetails   method Start
				
2026-06-05 14:36:07 [http-nio-8495-exec-3] ERROR com.vmfg.util.GetPropertyValue -getTenantPropertyVal Method Exception|||org.springframework.dao.EmptyResultDataAccessException: Incorrect result size: expected 1, actual 0
				
2026-06-05 14:36:07 [http-nio-8495-exec-3] ERROR com.vmfg.util.GetPropertyValue -getTenantPropertyValByTenantId Method Exception|||org.springframework.dao.EmptyResultDataAccessException: Incorrect result size: expected 1, actual 0
				
2026-06-05 14:36:07 [http-nio-8495-exec-3] INFO  com.vmfg.util.CommonBase64Class -CommonBase64Class getBasesBinary method Start
				
2026-06-05 14:36:07 [http-nio-8495-exec-3] ERROR com.vmfg.util.CommonBase64Class -CommonBase64Class getBasesBinary Method FileNotFoundException---->java.io.FileNotFoundException:  (No such file or directory)
				
2026-06-05 14:36:07 [http-nio-8495-exec-3] ERROR c.v.authentication.UserLoginService -getImageUrl DAO Method Exceptionjava.lang.NullPointerException
				
2026-06-05 14:36:25 [http-nio-8495-exec-7] INFO  com.vmfg.authentication.UserLoginDAO - getUserDtlForAuth DAO method Start
				
2026-06-05 14:36:25 [http-nio-8495-exec-7] INFO  com.vmfg.authentication.UserLoginDAO -getUserLoginInfo DAO method end
				
2026-06-05 14:36:26 [http-nio-8495-exec-5] INFO  c.v.g.c.NotificationGeneralController -getNotificationDetails   method Start
				
2026-06-05 14:36:26 [http-nio-8495-exec-10] INFO  c.v.g.c.NotificationGeneralController -getNotificationDetails   method Start
				
2026-06-05 14:36:26 [http-nio-8495-exec-3] INFO  c.v.g.c.NotificationGeneralController -getNotificationDetails   method Start
				
2026-06-05 14:36:26 [http-nio-8495-exec-9] INFO  c.v.s.c.IndentManagementController -getIndentProjectDtlsByDate Controller  method Start
				
2026-06-05 14:36:26 [http-nio-8495-exec-9] INFO  c.v.s.c.IndentManagementController -getIndentProjectDtlsByDate Controller  method end
				
2026-06-05 14:36:26 [http-nio-8495-exec-4] INFO  c.v.g.services.impl.TileViewService -getSaleTileView  method start
				
2026-06-05 14:36:26 [http-nio-8495-exec-2] INFO  c.v.s.c.IndentManagementController -getScmHdrBasedDtl   method Start
				
2026-06-05 14:36:26 [http-nio-8495-exec-7] INFO  c.v.g.c.NotificationGeneralController -getNotificationDetails   method Start
				
2026-06-05 14:36:28 [http-nio-8495-exec-4] INFO  c.v.g.c.StageManagementController -getSCMTitleView   method end
				
2026-06-05 14:36:28 [http-nio-8495-exec-2] INFO  c.v.s.c.IndentManagementController -getScmHdrBasedDtl  method end
				
2026-06-05 14:36:28 [http-nio-8495-exec-1] INFO  c.v.g.c.NotificationGeneralController -getNotificationDetails   method Start
				
2026-06-05 14:36:28 [http-nio-8495-exec-6] INFO  c.v.g.c.NotificationGeneralController -getNotificationDetails   method Start
				
2026-06-05 14:36:31 [http-nio-8495-exec-3] INFO  c.v.g.c.NotificationGeneralController -getNotificationDetails   method Start
				
2026-06-05 14:36:31 [http-nio-8495-exec-8] INFO  c.v.g.c.NotificationGeneralController -updateNotificationDtls   method Start
				
2026-06-05 14:36:31 [http-nio-8495-exec-8] INFO  c.v.g.s.i.NotificationGeneralService -updateNotificationDtls  method start
				
2026-06-05 14:36:31 [http-nio-8495-exec-8] INFO  c.v.g.c.NotificationGeneralController -updateNotificationDtls method End
				
2026-06-05 14:53:13 [http-nio-8495-exec-1] INFO  c.v.g.c.NotificationGeneralController -getNotificationDetails   method Start
				
2026-06-05 14:53:16 [http-nio-8495-exec-5] INFO  c.v.s.c.IndentManagementController -getScmHdrBasedDtl   method Start
				
2026-06-05 14:53:16 [http-nio-8495-exec-10] INFO  c.v.g.services.impl.TileViewService -getSaleTileView  method start
				
2026-06-05 14:53:16 [http-nio-8495-exec-3] INFO  c.v.s.c.IndentManagementController -getIndentProjectDtlsByDate Controller  method Start
				
2026-06-05 14:53:16 [http-nio-8495-exec-3] INFO  c.v.s.c.IndentManagementController -getIndentProjectDtlsByDate Controller  method end
				
2026-06-05 14:53:16 [http-nio-8495-exec-3] INFO  c.v.g.c.NotificationGeneralController -getNotificationDetails   method Start
				
2026-06-05 14:53:16 [http-nio-8495-exec-4] INFO  c.v.g.c.NotificationGeneralController -getNotificationDetails   method Start
				
2026-06-05 14:53:16 [http-nio-8495-exec-9] INFO  c.v.g.c.NotificationGeneralController -getNotificationDetails   method Start
				
2026-06-05 14:53:18 [http-nio-8495-exec-10] INFO  c.v.g.c.StageManagementController -getSCMTitleView   method end
				
2026-06-05 14:53:18 [http-nio-8495-exec-5] INFO  c.v.s.c.IndentManagementController -getScmHdrBasedDtl  method end
				
2026-06-05 14:53:18 [http-nio-8495-exec-2] INFO  c.v.g.c.NotificationGeneralController -getNotificationDetails   method Start
				
2026-06-05 14:53:18 [http-nio-8495-exec-1] INFO  c.v.g.c.NotificationGeneralController -getNotificationDetails   method Start
				
2026-06-05 14:53:26 [http-nio-8495-exec-7] INFO  c.v.g.services.impl.TileViewService -getSaleTileView  method start
				
2026-06-05 14:53:26 [http-nio-8495-exec-6] INFO  c.v.s.c.IndentManagementController -getScmHdrBasedDtl   method Start
				
2026-06-05 14:53:26 [http-nio-8495-exec-6] INFO  c.v.s.c.IndentManagementController -getScmHdrBasedDtl  method end
				
2026-06-05 14:53:26 [http-nio-8495-exec-7] INFO  c.v.g.c.StageManagementController -getSCMTitleView   method end
				
2026-06-05 14:53:26 [http-nio-8495-exec-8] INFO  c.v.g.c.NotificationGeneralController -getNotificationDetails   method Start
				
2026-06-05 14:53:26 [http-nio-8495-exec-3] INFO  c.v.g.c.NotificationGeneralController -getNotificationDetails   method Start
				
2026-06-05 14:53:27 [http-nio-8495-exec-10] INFO  c.v.g.c.NotificationGeneralController -getNotificationDetails   method Start
				
2026-06-05 14:53:27 [http-nio-8495-exec-1] INFO  c.v.g.c.DepartmentAndEmployeeInfoController -getprocessAssignedTeam   method Start
				
2026-06-05 14:53:27 [http-nio-8495-exec-1] INFO  c.v.g.s.i.DepartmentAndEmployeeService -getprocessAssignedTeam  method start
				
2026-06-05 14:53:27 [http-nio-8495-exec-2] INFO  c.v.g.c.NotificationGeneralController -getNotificationDetails   method Start
				
2026-06-05 14:53:27 [http-nio-8495-exec-3] INFO  c.v.g.c.NotificationGeneralController -getNotificationDetails   method Start
				
2026-06-05 14:53:27 [http-nio-8495-exec-4] INFO  c.v.g.c.NotificationGeneralController -getNotificationDetails   method Start
				
2026-06-05 14:53:27 [http-nio-8495-exec-5] INFO  c.v.g.c.NotificationGeneralController -getNotificationDetails   method Start
				
2026-06-05 14:53:27 [http-nio-8495-exec-7] INFO  c.v.g.c.NotificationGeneralController -getNotificationDetails   method Start
				
2026-06-05 14:53:50 [http-nio-8495-exec-2] INFO  c.v.g.c.NotificationGeneralController -getNotificationDetails   method Start
				
2026-06-05 14:53:50 [http-nio-8495-exec-1] INFO  c.v.s.c.IndentManagementController -getIndentHdrDtlsByIndentId Controller  method Start
				
2026-06-05 14:53:50 [http-nio-8495-exec-10] INFO  c.v.s.c.IndentManagementController -indentHdrDropDownByProjectCode Controller  method Start
				
2026-06-05 14:53:50 [http-nio-8495-exec-10] INFO  c.v.s.c.IndentManagementController -indentHdrDropDownByProjectCode Controller  method end
				
2026-06-05 14:53:50 [http-nio-8495-exec-4] INFO  c.v.g.c.NotificationGeneralController -getNotificationDetails   method Start
				
2026-06-05 14:53:50 [http-nio-8495-exec-1] INFO  c.v.s.c.IndentManagementController -getIndentHdrDtlsByIndentId Controller  method end
				
2026-06-05 14:53:50 [http-nio-8495-exec-3] INFO  c.v.g.c.NotificationGeneralController -getNotificationDetails   method Start
				
2026-06-05 15:22:06 [HikariPool-1 housekeeper] WARN  com.zaxxer.hikari.pool.HikariPool -HikariPool-1 - Thread starvation or clock leap detected (housekeeper delta=5m51s475ms).
				
2026-06-05 15:27:17 [http-nio-8495-exec-4] INFO  c.v.s.c.IndentManagementController -indentHdrDropDownByProjectCode Controller  method Start
				
2026-06-05 15:27:17 [http-nio-8495-exec-2] INFO  com.vmfg.scm.controller.PoController -getPoHdrDtlsByIndentId Controller  method Start
				
2026-06-05 15:27:17 [http-nio-8495-exec-4] INFO  c.v.s.c.IndentManagementController -indentHdrDropDownByProjectCode Controller  method end
				
2026-06-05 15:27:17 [http-nio-8495-exec-1] INFO  c.v.g.c.NotificationGeneralController -getNotificationDetails   method Start
				
2026-06-05 15:27:18 [http-nio-8495-exec-2] INFO  com.vmfg.scm.controller.PoController -getPoHdrDtlsByIndentId Controller  method end
				
2026-06-05 15:27:18 [http-nio-8495-exec-3] INFO  c.v.g.c.NotificationGeneralController -getNotificationDetails   method Start
				
2026-06-05 15:27:51 [http-nio-8495-exec-7] INFO  c.v.s.c.IndentManagementController -indentHdrDropDownByProjectCode Controller  method Start
				
2026-06-05 15:27:51 [http-nio-8495-exec-7] INFO  c.v.s.c.IndentManagementController -indentHdrDropDownByProjectCode Controller  method end
				
2026-06-05 15:27:51 [http-nio-8495-exec-8] INFO  c.v.g.c.NotificationGeneralController -getNotificationDetails   method Start
				
2026-06-05 15:27:53 [http-nio-8495-exec-6] INFO  c.v.g.c.NotificationGeneralController -getNotificationDetails   method Start
				
2026-06-05 15:27:55 [http-nio-8495-exec-10] INFO  c.v.s.c.IndentManagementController -getIndentProjectDtlsByDate Controller  method Start
				
2026-06-05 15:27:55 [http-nio-8495-exec-10] INFO  c.v.s.c.IndentManagementController -getIndentProjectDtlsByDate Controller  method end
				
2026-06-05 15:27:55 [http-nio-8495-exec-4] INFO  c.v.g.c.NotificationGeneralController -getNotificationDetails   method Start
				
2026-06-05 15:27:55 [http-nio-8495-exec-1] INFO  c.v.s.c.IndentManagementController -indentHdrDropDownByProjectCode Controller  method Start
				
2026-06-05 15:27:55 [http-nio-8495-exec-1] INFO  c.v.s.c.IndentManagementController -indentHdrDropDownByProjectCode Controller  method end
				
2026-06-05 15:27:55 [http-nio-8495-exec-2] INFO  c.v.g.c.NotificationGeneralController -getNotificationDetails   method Start
				
2026-06-05 15:28:40 [http-nio-8495-exec-3] INFO  c.v.s.c.IndentManagementController -indentHdrDropDownByProjectCode Controller  method Start
				
2026-06-05 15:28:40 [http-nio-8495-exec-9] INFO  com.vmfg.scm.controller.PoController -getPoHdrDtlsByIndentId Controller  method Start
				
2026-06-05 15:28:40 [http-nio-8495-exec-3] INFO  c.v.s.c.IndentManagementController -indentHdrDropDownByProjectCode Controller  method end
				
2026-06-05 15:28:40 [http-nio-8495-exec-7] INFO  c.v.g.c.NotificationGeneralController -getNotificationDetails   method Start
				
2026-06-05 15:28:41 [http-nio-8495-exec-9] INFO  com.vmfg.scm.controller.PoController -getPoHdrDtlsByIndentId Controller  method end
				
2026-06-05 15:28:41 [http-nio-8495-exec-8] INFO  c.v.g.c.NotificationGeneralController -getNotificationDetails   method Start
				
2026-06-05 16:45:54 [SpringApplicationShutdownHook] INFO  com.zaxxer.hikari.HikariDataSource -HikariPool-1 - Shutdown initiated...
				
2026-06-05 16:45:54 [SpringApplicationShutdownHook] INFO  com.zaxxer.hikari.HikariDataSource -HikariPool-1 - Shutdown completed.
				
