2026-05-18 11:09:30 [background-preinit] INFO  o.h.validator.internal.util.Version -HV000001: Hibernate Validator 6.2.3.Final
				
2026-05-18 11:09:32 [restartedMain] INFO  o.s.boot.SpringApplication -

                                ooooooo &&&&&&&&                              
                              oo     oo &.     &                              
                    ooooooo  oo      oo &:     &&                             
                 oo        oooo      oo &&       *&&&&  &&&&&&                
               oo            oo      oo &&                    &&&             
              oo                     oo &&&&&                  &o             
              oo                     oo &&     &&&&&           &              
              oo           ooo       oo &&           &&&       &&             
           ooooo           o:        oo &&              &        &&           
       ooo     *oo       oo          oo &&                        &&&&&&&     
     oo           ooooooo            oo &&                              &&    
    o&                                      &&&&*       &&               &&   
   oo                                            &&       &&              &&  
   o     ooooo                  @     @@    @@     &&:     &&           &&    
  oo ooo       ooo          @@@@@@@@@@@@@@@@@@@@@    &&     &&         &&     
  ooo            oo         @@ @@@ @@@@@@@@@@@  @     &&     &&         &     
  oo               o      @@@@ @@@ @@@@@@@@@@@  @@@    &&     &         &&    
  o&               oo       @@ @@@ @@@@@@@@@@@  @       &     &         &&    
  oo               oo       @@ @@ @ @@@@        @       &&                &&& 
  oo                      @@@@ @@@@@@@@@@@@@@@  @@@:    &&                  &&
  oo                        @@ @@@@@@@@@@@ @@@  @       &&        o&        &&
   o                        @@ @@@@@ @@@  @@@@  @       &         &&        &.
   oo                     @@@@ @@@ @@@@@@@@@@@  @@@@   &          &    .&&&&  
    o         oooo          @@                  @     &.         &&    &&     
    oo    ooo      &oo          @     @@    @@      &&          &&    &&      
     oo oo            oo        @     @     @@    &&           &&    &&       
      ooo              oo                      &&&           &&      &&       
         oooooooo       oo           oo &&&&&&              &&         &      
              oo        oo           oo &&         &      &&           &&     
              o        :o            oo &&  .&&&&&     &&.           &&       
              o       oo             oo &&                    &&&&&&&&        
              oo    ooo              oo &&                  &&                
                oo                   oo &&                &&                  
                  oo        oooo     oo &&                &                   
                     ooooooo  &o     oo &&      &&&       &                   
                                oo   oo && :&&&   .&& &&&*                    
                                   &ooo &&&                                   

==============================================
SmartRun Product by SmartRun Tech. All rights reserved.
==============================================
Application Version : 2.6.7
Application Title : SmartRun MES
Contact : support@smartruntech.com
==============================================

				
2026-05-18 11:09:32 [restartedMain] INFO  com.vmfg.VMFGApplication -Starting VMFGApplication using Java 1.8.0_482 on Peachs-Mac-mini.local with PID 2274 (/Users/peach/Spring_Boot_Projects/bgr/OneDrive_1_4-15-2026/BGR-SOURCE_CODE/SmartRun_ProjectManagement_Java/SR_Management/target/classes started by peach in /Users/peach/Spring_Boot_Projects/bgr/OneDrive_1_4-15-2026/BGR-SOURCE_CODE/SmartRun_ProjectManagement_Java/SR_Management)
				
2026-05-18 11:09:32 [restartedMain] INFO  com.vmfg.VMFGApplication -The following 1 profile is active: "dev"
				
2026-05-18 11:09:32 [restartedMain] INFO  o.s.b.d.e.DevToolsPropertyDefaultsPostProcessor -Devtools property defaults active! Set 'spring.devtools.add-properties' to 'false' to disable
				
2026-05-18 11:09:32 [restartedMain] INFO  o.s.b.d.e.DevToolsPropertyDefaultsPostProcessor -For additional web related logging consider setting the 'logging.level.web' property to 'DEBUG'
				
2026-05-18 11:09:34 [restartedMain] INFO  o.s.d.r.c.RepositoryConfigurationDelegate -Bootstrapping Spring Data JDBC repositories in DEFAULT mode.
				
2026-05-18 11:09:35 [restartedMain] INFO  o.s.d.r.c.RepositoryConfigurationDelegate -Finished Spring Data repository scanning in 88 ms. Found 0 JDBC repository interfaces.
				
2026-05-18 11:09:36 [restartedMain] INFO  o.s.b.w.e.tomcat.TomcatWebServer -Tomcat initialized with port(s): 8495 (http)
				
2026-05-18 11:09:36 [restartedMain] INFO  o.a.coyote.http11.Http11NioProtocol -Initializing ProtocolHandler ["http-nio-8495"]
				
2026-05-18 11:09:36 [restartedMain] INFO  o.a.catalina.core.StandardService -Starting service [Tomcat]
				
2026-05-18 11:09:36 [restartedMain] INFO  o.a.catalina.core.StandardEngine -Starting Servlet engine: [Apache Tomcat/9.0.63]
				
2026-05-18 11:09:36 [restartedMain] INFO  o.a.c.c.C.[.[localhost].[/smartrun] -Initializing Spring embedded WebApplicationContext
				
2026-05-18 11:09:36 [restartedMain] INFO  o.s.b.w.s.c.ServletWebServerApplicationContext -Root WebApplicationContext: initialization completed in 3815 ms
				
2026-05-18 11:09:39 [restartedMain] INFO  s.d.s.w.PropertySourcedRequestMappingHandlerMapping -Mapped URL path [/v2/api-docs] onto method [springfox.documentation.swagger2.web.Swagger2Controller#getDocumentation(String, HttpServletRequest)]
				
2026-05-18 11:09:39 [restartedMain] INFO  o.s.s.web.DefaultSecurityFilterChain -Will secure any request with [org.springframework.security.web.session.DisableEncodeUrlFilter@75c8bbd8, org.springframework.security.web.context.request.async.WebAsyncManagerIntegrationFilter@67464b19, org.springframework.security.web.context.SecurityContextPersistenceFilter@1206f080, org.springframework.security.web.header.HeaderWriterFilter@40031b61, org.springframework.web.filter.CorsFilter@58b588c0, org.springframework.security.web.authentication.logout.LogoutFilter@7c7a56a9, com.vmfg.security.config.JwtRequestFilter@669f9df9, org.springframework.security.web.savedrequest.RequestCacheAwareFilter@64d7a086, org.springframework.security.web.servletapi.SecurityContextHolderAwareRequestFilter@7b269eb7, org.springframework.security.web.authentication.AnonymousAuthenticationFilter@2665a6bf, org.springframework.security.web.session.SessionManagementFilter@1bf7e5d8, org.springframework.security.web.access.ExceptionTranslationFilter@437f9d44, org.springframework.security.web.access.intercept.FilterSecurityInterceptor@367a7765]
				
2026-05-18 11:09:40 [restartedMain] INFO  o.s.b.d.a.OptionalLiveReloadServer -LiveReload server is running on port 35729
				
2026-05-18 11:09:40 [restartedMain] INFO  com.zaxxer.hikari.HikariDataSource -HikariPool-1 - Starting...
				
2026-05-18 11:09:40 [restartedMain] INFO  com.zaxxer.hikari.HikariDataSource -HikariPool-1 - Start completed.
				
2026-05-18 11:09:41 [restartedMain] INFO  o.a.coyote.http11.Http11NioProtocol -Starting ProtocolHandler ["http-nio-8495"]
				
2026-05-18 11:09:41 [restartedMain] INFO  o.s.b.w.e.tomcat.TomcatWebServer -Tomcat started on port(s): 8495 (http) with context path '/smartrun'
				
2026-05-18 11:09:41 [restartedMain] INFO  s.d.s.w.p.DocumentationPluginsBootstrapper -Context refreshed
				
2026-05-18 11:09:41 [restartedMain] INFO  s.d.s.w.p.DocumentationPluginsBootstrapper -Found 1 custom documentation plugin(s)
				
2026-05-18 11:09:41 [restartedMain] INFO  s.d.s.w.s.ApiListingReferenceScanner -Scanning for api listing references
				
2026-05-18 11:09:42 [restartedMain] INFO  s.d.s.w.r.o.CachingOperationNameGenerator -Generating unique operation named: insertOrUpdateSalesBudgetSheetHdrAndDtlUsingPOST_1
				
2026-05-18 11:09:42 [restartedMain] INFO  s.d.s.w.r.o.CachingOperationNameGenerator -Generating unique operation named: getVendorDetailHdrViewUsingPOST_1
				
2026-05-18 11:09:43 [restartedMain] INFO  s.d.s.w.r.o.CachingOperationNameGenerator -Generating unique operation named: updateUserRoleMappingUsingPOST_1
				
2026-05-18 11:09:43 [restartedMain] INFO  com.vmfg.VMFGApplication -Started VMFGApplication in 13.086 seconds (JVM running for 14.738)
				
2026-05-18 11:09:43 [main] ERROR com.vmfg.VMFGApplication -SmartRun Application Start Exception--->org.springframework.boot.devtools.restart.SilentExitExceptionHandler$SilentExitException
				
2026-05-18 11:10:45 [http-nio-8495-exec-2] INFO  o.a.c.c.C.[.[localhost].[/smartrun] -Initializing Spring DispatcherServlet 'dispatcherServlet'
				
2026-05-18 11:10:45 [http-nio-8495-exec-2] INFO  o.s.web.servlet.DispatcherServlet -Initializing Servlet 'dispatcherServlet'
				
2026-05-18 11:10:45 [http-nio-8495-exec-2] INFO  o.s.web.servlet.DispatcherServlet -Completed initialization in 6 ms
				
2026-05-18 11:10:45 [http-nio-8495-exec-7] ERROR com.vmfg.util.GetPropertyValue -getTenantPropertyVal Method Exception|||org.springframework.dao.EmptyResultDataAccessException: Incorrect result size: expected 1, actual 0
				
2026-05-18 11:10:45 [http-nio-8495-exec-7] ERROR com.vmfg.util.GetPropertyValue -getTenantPropertyValByTenantId Method Exception|||org.springframework.dao.EmptyResultDataAccessException: Incorrect result size: expected 1, actual 0
				
2026-05-18 11:10:45 [http-nio-8495-exec-7] INFO  com.vmfg.util.CommonBase64Class -CommonBase64Class getBasesBinary method Start
				
2026-05-18 11:10:45 [http-nio-8495-exec-7] ERROR com.vmfg.util.CommonBase64Class -CommonBase64Class getBasesBinary Method FileNotFoundException---->java.io.FileNotFoundException:  (No such file or directory)
				
2026-05-18 11:10:45 [http-nio-8495-exec-7] ERROR c.v.authentication.UserLoginService -getImageUrl DAO Method Exceptionjava.lang.NullPointerException
				
2026-05-18 11:13:57 [http-nio-8495-exec-2] INFO  com.vmfg.authentication.UserLoginDAO - getUserDtlForAuth DAO method Start
				
2026-05-18 11:13:57 [http-nio-8495-exec-2] INFO  com.vmfg.authentication.UserLoginDAO -getUserLoginInfo DAO method end
				
2026-05-18 11:13:58 [http-nio-8495-exec-10] INFO  c.v.g.c.NotificationGeneralController -getNotificationDetails   method Start
				
2026-05-18 11:13:58 [http-nio-8495-exec-8] INFO  c.v.g.c.NotificationGeneralController -getNotificationDetails   method Start
				
2026-05-18 11:13:58 [http-nio-8495-exec-7] INFO  c.v.g.c.NotificationGeneralController -getNotificationDetails   method Start
				
2026-05-18 11:13:58 [http-nio-8495-exec-1] INFO  c.v.g.services.impl.TileViewService -getSaleTileView  method start
				
2026-05-18 11:13:58 [http-nio-8495-exec-5] INFO  c.v.s.c.IndentManagementController -getIndentProjectDtlsByDate Controller  method Start
				
2026-05-18 11:13:58 [http-nio-8495-exec-6] INFO  c.v.s.c.IndentManagementController -getScmHdrBasedDtl   method Start
				
2026-05-18 11:13:58 [http-nio-8495-exec-5] INFO  c.v.s.c.IndentManagementController -getIndentProjectDtlsByDate Controller  method end
				
2026-05-18 11:13:58 [http-nio-8495-exec-3] INFO  c.v.g.c.NotificationGeneralController -getNotificationDetails   method Start
				
2026-05-18 11:13:59 [http-nio-8495-exec-6] INFO  c.v.s.c.IndentManagementController -getScmHdrBasedDtl  method end
				
2026-05-18 11:13:59 [http-nio-8495-exec-1] INFO  c.v.g.c.StageManagementController -getSCMTitleView   method end
				
2026-05-18 11:13:59 [http-nio-8495-exec-9] INFO  c.v.g.c.NotificationGeneralController -getNotificationDetails   method Start
				
2026-05-18 11:13:59 [http-nio-8495-exec-2] INFO  c.v.g.c.NotificationGeneralController -getNotificationDetails   method Start
				
2026-05-18 11:14:38 [http-nio-8495-exec-4] INFO  c.v.s.c.IndentManagementController -getScmHdrBasedDtl   method Start
				
2026-05-18 11:14:38 [http-nio-8495-exec-5] INFO  c.v.g.services.impl.TileViewService -getSaleTileView  method start
				
2026-05-18 11:14:38 [http-nio-8495-exec-4] INFO  c.v.s.c.IndentManagementController -getScmHdrBasedDtl  method end
				
2026-05-18 11:14:39 [http-nio-8495-exec-5] INFO  c.v.g.c.StageManagementController -getSCMTitleView   method end
				
2026-05-18 11:14:39 [http-nio-8495-exec-8] INFO  c.v.g.c.NotificationGeneralController -getNotificationDetails   method Start
				
2026-05-18 11:14:39 [http-nio-8495-exec-7] INFO  c.v.g.c.NotificationGeneralController -getNotificationDetails   method Start
				
2026-05-18 11:14:39 [http-nio-8495-exec-6] INFO  c.v.g.c.NotificationGeneralController -getNotificationDetails   method Start
				
2026-05-18 11:14:39 [http-nio-8495-exec-2] INFO  c.v.g.c.DepartmentAndEmployeeInfoController -getprocessAssignedTeam   method Start
				
2026-05-18 11:14:39 [http-nio-8495-exec-2] INFO  c.v.g.s.i.DepartmentAndEmployeeService -getprocessAssignedTeam  method start
				
2026-05-18 11:14:39 [http-nio-8495-exec-7] INFO  c.v.g.c.NotificationGeneralController -getNotificationDetails   method Start
				
2026-05-18 11:14:39 [http-nio-8495-exec-9] INFO  c.v.g.c.NotificationGeneralController -getNotificationDetails   method Start
				
2026-05-18 11:14:39 [http-nio-8495-exec-10] INFO  c.v.g.c.NotificationGeneralController -getNotificationDetails   method Start
				
2026-05-18 11:14:39 [http-nio-8495-exec-5] INFO  c.v.g.c.NotificationGeneralController -getNotificationDetails   method Start
				
2026-05-18 11:14:39 [http-nio-8495-exec-8] INFO  c.v.g.c.NotificationGeneralController -getNotificationDetails   method Start
				
2026-05-18 11:14:46 [http-nio-8495-exec-9] INFO  c.v.g.c.NotificationGeneralController -getNotificationDetails   method Start
				
2026-05-18 11:14:46 [http-nio-8495-exec-6] INFO  c.v.s.c.IndentManagementController -indentHdrDropDownByProjectCode Controller  method Start
				
2026-05-18 11:14:46 [http-nio-8495-exec-2] INFO  com.vmfg.scm.controller.PoController -getPoHdrDtlsByIndentId Controller  method Start
				
2026-05-18 11:14:46 [http-nio-8495-exec-6] INFO  c.v.s.c.IndentManagementController -indentHdrDropDownByProjectCode Controller  method end
				
2026-05-18 11:14:46 [http-nio-8495-exec-10] INFO  c.v.g.c.NotificationGeneralController -getNotificationDetails   method Start
				
2026-05-18 11:14:47 [http-nio-8495-exec-2] INFO  com.vmfg.scm.controller.PoController -getPoHdrDtlsByIndentId Controller  method end
				
2026-05-18 11:14:47 [http-nio-8495-exec-7] INFO  c.v.g.c.NotificationGeneralController -getNotificationDetails   method Start
				
2026-05-18 11:15:11 [http-nio-8495-exec-6] INFO  com.vmfg.scm.services.impl.PoService -getDCTypeDtl Service start 
				
2026-05-18 11:15:11 [http-nio-8495-exec-3] INFO  com.vmfg.scm.services.impl.PoService -getdivisionDesc Service start 
				
2026-05-18 11:15:11 [http-nio-8495-exec-10] INFO  com.vmfg.scm.services.impl.PoService -getTransitInsuranceDesc Service start 
				
2026-05-18 11:15:11 [http-nio-8495-exec-7] INFO  com.vmfg.scm.services.impl.PoService -getInspectScopeDesc Service start 
				
2026-05-18 11:15:11 [http-nio-8495-exec-2] INFO  com.vmfg.scm.services.impl.PoService -getHsnCodeByPartNo Service start 
				
2026-05-18 11:15:11 [http-nio-8495-exec-7] INFO  com.vmfg.scm.services.impl.PoService -getInspectScopeDesc Service end 
				
2026-05-18 11:15:11 [http-nio-8495-exec-3] INFO  com.vmfg.scm.services.impl.PoService -getdivisionDesc Service end 
				
2026-05-18 11:15:11 [http-nio-8495-exec-2] INFO  com.vmfg.scm.services.impl.PoService -getModeOfDispatchDesc Service end 
				
2026-05-18 11:15:11 [http-nio-8495-exec-10] INFO  com.vmfg.scm.services.impl.PoService -getTransitInsuranceDesc Service end 
				
2026-05-18 11:15:11 [http-nio-8495-exec-6] INFO  com.vmfg.scm.services.impl.PoService -getDCTypeDtl Service end 
				
2026-05-18 11:15:11 [http-nio-8495-exec-3] INFO  com.vmfg.scm.services.impl.PoService -getTransitInsuranceDesc Service start 
				
2026-05-18 11:15:11 [http-nio-8495-exec-8] INFO  com.vmfg.scm.services.impl.PoService -getInspectScopeDesc Service start 
				
2026-05-18 11:15:11 [http-nio-8495-exec-4] INFO  com.vmfg.scm.services.impl.PoService -getHsnCodeByPartNo Service start 
				
2026-05-18 11:15:11 [http-nio-8495-exec-2] INFO  com.vmfg.scm.services.impl.PoService -getdivisionDesc Service start 
				
2026-05-18 11:15:11 [http-nio-8495-exec-3] INFO  com.vmfg.scm.services.impl.PoService -getTransitInsuranceDesc Service end 
				
2026-05-18 11:15:11 [http-nio-8495-exec-2] INFO  com.vmfg.scm.services.impl.PoService -getdivisionDesc Service end 
				
2026-05-18 11:15:11 [http-nio-8495-exec-4] INFO  com.vmfg.scm.services.impl.PoService -getModeOfDispatchDesc Service end 
				
2026-05-18 11:15:11 [http-nio-8495-exec-8] INFO  com.vmfg.scm.services.impl.PoService -getInspectScopeDesc Service end 
				
2026-05-18 11:15:11 [http-nio-8495-exec-1] INFO  c.v.g.c.NotificationGeneralController -getNotificationDetails   method Start
				
2026-05-18 11:15:11 [http-nio-8495-exec-2] INFO  c.v.g.c.NotificationGeneralController -getNotificationDetails   method Start
				
2026-05-18 11:15:11 [http-nio-8495-exec-4] INFO  c.v.g.c.NotificationGeneralController -getNotificationDetails   method Start
				
2026-05-18 11:15:11 [http-nio-8495-exec-3] INFO  c.v.g.c.NotificationGeneralController -getNotificationDetails   method Start
				
2026-05-18 11:15:11 [http-nio-8495-exec-10] ERROR com.vmfg.scm.dao.impl.PoDAO -getPaymentTermStatus error---> org.springframework.dao.EmptyResultDataAccessException: Incorrect result size: expected 1, actual 0
				
2026-05-18 11:15:11 [http-nio-8495-exec-9] ERROR com.vmfg.scm.dao.impl.PoDAO -getPaymentTermStatus error---> org.springframework.dao.EmptyResultDataAccessException: Incorrect result size: expected 1, actual 0
				
2026-05-18 11:15:11 [http-nio-8495-exec-5] INFO  com.vmfg.scm.services.impl.PoService -getDCTypeDtl Service start 
				
2026-05-18 11:15:11 [http-nio-8495-exec-7] INFO  c.v.g.c.NotificationGeneralController -getNotificationDetails   method Start
				
2026-05-18 11:15:11 [http-nio-8495-exec-5] INFO  com.vmfg.scm.services.impl.PoService -getDCTypeDtl Service end 
				
2026-05-18 11:15:11 [http-nio-8495-exec-6] INFO  c.v.g.c.NotificationGeneralController -getNotificationDetails   method Start
				
2026-05-18 11:15:11 [http-nio-8495-exec-8] INFO  c.v.g.c.NotificationGeneralController -getNotificationDetails   method Start
				
2026-05-18 11:15:11 [http-nio-8495-exec-10] INFO  c.v.g.c.NotificationGeneralController -getNotificationDetails   method Start
				
2026-05-18 11:15:11 [http-nio-8495-exec-9] INFO  c.v.g.c.NotificationGeneralController -getNotificationDetails   method Start
				
2026-05-18 11:15:11 [http-nio-8495-exec-5] INFO  c.v.g.c.NotificationGeneralController -getNotificationDetails   method Start
				
2026-05-18 11:15:12 [http-nio-8495-exec-1] INFO  c.v.g.c.NotificationGeneralController -getNotificationDetails   method Start
				
2026-05-18 11:15:12 [http-nio-8495-exec-3] INFO  c.v.g.c.NotificationGeneralController -getNotificationDetails   method Start
				
2026-05-18 11:15:15 [http-nio-8495-exec-7] INFO  com.vmfg.scm.services.impl.PoService -getDCTypeDtl Service start 
				
2026-05-18 11:15:15 [http-nio-8495-exec-10] INFO  com.vmfg.scm.services.impl.PoService -getTransitInsuranceDesc Service start 
				
2026-05-18 11:15:15 [http-nio-8495-exec-4] INFO  com.vmfg.scm.services.impl.PoService -getInspectScopeDesc Service start 
				
2026-05-18 11:15:15 [http-nio-8495-exec-6] INFO  com.vmfg.scm.services.impl.PoService -getHsnCodeByPartNo Service start 
				
2026-05-18 11:15:15 [http-nio-8495-exec-8] INFO  com.vmfg.scm.services.impl.PoService -getdivisionDesc Service start 
				
2026-05-18 11:15:15 [http-nio-8495-exec-7] INFO  com.vmfg.scm.services.impl.PoService -getDCTypeDtl Service end 
				
2026-05-18 11:15:15 [http-nio-8495-exec-8] INFO  com.vmfg.scm.services.impl.PoService -getdivisionDesc Service end 
				
2026-05-18 11:15:15 [http-nio-8495-exec-4] INFO  com.vmfg.scm.services.impl.PoService -getInspectScopeDesc Service end 
				
2026-05-18 11:15:15 [http-nio-8495-exec-10] INFO  com.vmfg.scm.services.impl.PoService -getTransitInsuranceDesc Service end 
				
2026-05-18 11:15:15 [http-nio-8495-exec-6] INFO  com.vmfg.scm.services.impl.PoService -getModeOfDispatchDesc Service end 
				
2026-05-18 11:15:15 [http-nio-8495-exec-7] INFO  c.v.g.c.NotificationGeneralController -getNotificationDetails   method Start
				
2026-05-18 11:15:15 [http-nio-8495-exec-6] INFO  c.v.g.c.NotificationGeneralController -getNotificationDetails   method Start
				
2026-05-18 11:15:15 [http-nio-8495-exec-10] INFO  c.v.g.c.NotificationGeneralController -getNotificationDetails   method Start
				
2026-05-18 11:15:15 [http-nio-8495-exec-8] INFO  c.v.g.c.NotificationGeneralController -getNotificationDetails   method Start
				
2026-05-18 11:15:15 [http-nio-8495-exec-9] INFO  c.v.g.c.NotificationGeneralController -getNotificationDetails   method Start
				
2026-05-18 11:15:15 [http-nio-8495-exec-2] ERROR com.vmfg.scm.dao.impl.PoDAO -getPaymentTermStatus error---> org.springframework.dao.EmptyResultDataAccessException: Incorrect result size: expected 1, actual 0
				
2026-05-18 11:15:15 [http-nio-8495-exec-5] INFO  c.v.g.c.NotificationGeneralController -getNotificationDetails   method Start
				
2026-05-18 11:15:19 [http-nio-8495-exec-3] INFO  com.vmfg.scm.services.impl.PoService -getDCTypeDtl Service start 
				
2026-05-18 11:15:19 [http-nio-8495-exec-2] INFO  com.vmfg.scm.services.impl.PoService -getInspectScopeDesc Service start 
				
2026-05-18 11:15:19 [http-nio-8495-exec-7] INFO  com.vmfg.scm.services.impl.PoService -getTransitInsuranceDesc Service start 
				
2026-05-18 11:15:19 [http-nio-8495-exec-6] INFO  com.vmfg.scm.services.impl.PoService -getdivisionDesc Service start 
				
2026-05-18 11:15:19 [http-nio-8495-exec-4] INFO  com.vmfg.scm.services.impl.PoService -getHsnCodeByPartNo Service start 
				
2026-05-18 11:15:19 [http-nio-8495-exec-3] INFO  com.vmfg.scm.services.impl.PoService -getDCTypeDtl Service end 
				
2026-05-18 11:15:19 [http-nio-8495-exec-7] INFO  com.vmfg.scm.services.impl.PoService -getTransitInsuranceDesc Service end 
				
2026-05-18 11:15:19 [http-nio-8495-exec-2] INFO  com.vmfg.scm.services.impl.PoService -getInspectScopeDesc Service end 
				
2026-05-18 11:15:19 [http-nio-8495-exec-4] INFO  com.vmfg.scm.services.impl.PoService -getModeOfDispatchDesc Service end 
				
2026-05-18 11:15:19 [http-nio-8495-exec-6] INFO  com.vmfg.scm.services.impl.PoService -getdivisionDesc Service end 
				
2026-05-18 11:15:19 [http-nio-8495-exec-7] INFO  c.v.g.c.NotificationGeneralController -getNotificationDetails   method Start
				
2026-05-18 11:15:19 [http-nio-8495-exec-10] INFO  c.v.g.c.NotificationGeneralController -getNotificationDetails   method Start
				
2026-05-18 11:15:19 [http-nio-8495-exec-8] INFO  c.v.g.c.NotificationGeneralController -getNotificationDetails   method Start
				
2026-05-18 11:15:19 [http-nio-8495-exec-5] INFO  c.v.g.c.NotificationGeneralController -getNotificationDetails   method Start
				
2026-05-18 11:15:19 [http-nio-8495-exec-9] INFO  c.v.g.c.NotificationGeneralController -getNotificationDetails   method Start
				
2026-05-18 11:15:19 [http-nio-8495-exec-1] ERROR com.vmfg.scm.dao.impl.PoDAO -getPaymentTermStatus error---> org.springframework.dao.EmptyResultDataAccessException: Incorrect result size: expected 1, actual 0
				
2026-05-18 11:15:19 [http-nio-8495-exec-3] INFO  c.v.g.c.NotificationGeneralController -getNotificationDetails   method Start
				
2026-05-18 11:15:20 [http-nio-8495-exec-6] INFO  com.vmfg.scm.services.impl.PoService -getDCTypeDtl Service start 
				
2026-05-18 11:15:20 [http-nio-8495-exec-8] INFO  com.vmfg.scm.services.impl.PoService -getTransitInsuranceDesc Service start 
				
2026-05-18 11:15:20 [http-nio-8495-exec-6] INFO  com.vmfg.scm.services.impl.PoService -getDCTypeDtl Service end 
				
2026-05-18 11:15:20 [http-nio-8495-exec-10] INFO  com.vmfg.scm.services.impl.PoService -getHsnCodeByPartNo Service start 
				
2026-05-18 11:15:20 [http-nio-8495-exec-1] INFO  com.vmfg.scm.services.impl.PoService -getdivisionDesc Service start 
				
2026-05-18 11:15:20 [http-nio-8495-exec-1] INFO  com.vmfg.scm.services.impl.PoService -getdivisionDesc Service end 
				
2026-05-18 11:15:20 [http-nio-8495-exec-10] INFO  com.vmfg.scm.services.impl.PoService -getModeOfDispatchDesc Service end 
				
2026-05-18 11:15:20 [http-nio-8495-exec-8] INFO  com.vmfg.scm.services.impl.PoService -getTransitInsuranceDesc Service end 
				
2026-05-18 11:15:20 [http-nio-8495-exec-2] INFO  com.vmfg.scm.services.impl.PoService -getInspectScopeDesc Service start 
				
2026-05-18 11:15:20 [http-nio-8495-exec-2] INFO  com.vmfg.scm.services.impl.PoService -getInspectScopeDesc Service end 
				
2026-05-18 11:15:20 [http-nio-8495-exec-7] INFO  com.vmfg.scm.services.impl.PoService -getdivisionDesc Service start 
				
2026-05-18 11:15:20 [http-nio-8495-exec-1] INFO  com.vmfg.scm.services.impl.PoService -getHsnCodeByPartNo Service start 
				
2026-05-18 11:15:20 [http-nio-8495-exec-10] INFO  com.vmfg.scm.services.impl.PoService -getInspectScopeDesc Service start 
				
2026-05-18 11:15:20 [http-nio-8495-exec-7] INFO  com.vmfg.scm.services.impl.PoService -getdivisionDesc Service end 
				
2026-05-18 11:15:20 [http-nio-8495-exec-10] INFO  com.vmfg.scm.services.impl.PoService -getInspectScopeDesc Service end 
				
2026-05-18 11:15:20 [http-nio-8495-exec-1] INFO  com.vmfg.scm.services.impl.PoService -getModeOfDispatchDesc Service end 
				
2026-05-18 11:15:20 [http-nio-8495-exec-2] INFO  com.vmfg.scm.services.impl.PoService -getTransitInsuranceDesc Service start 
				
2026-05-18 11:15:20 [http-nio-8495-exec-2] INFO  com.vmfg.scm.services.impl.PoService -getTransitInsuranceDesc Service end 
				
2026-05-18 11:15:20 [http-nio-8495-exec-7] INFO  com.vmfg.scm.services.impl.PoService -getDCTypeDtl Service start 
				
2026-05-18 11:15:20 [http-nio-8495-exec-7] INFO  com.vmfg.scm.services.impl.PoService -getDCTypeDtl Service end 
				
2026-05-18 11:15:20 [http-nio-8495-exec-1] INFO  c.v.g.c.NotificationGeneralController -getNotificationDetails   method Start
				
2026-05-18 11:15:20 [http-nio-8495-exec-10] INFO  c.v.g.c.NotificationGeneralController -getNotificationDetails   method Start
				
2026-05-18 11:15:20 [http-nio-8495-exec-4] ERROR com.vmfg.scm.dao.impl.PoDAO -getPaymentTermStatus error---> org.springframework.dao.EmptyResultDataAccessException: Incorrect result size: expected 1, actual 0
				
2026-05-18 11:15:20 [http-nio-8495-exec-9] INFO  c.v.g.c.NotificationGeneralController -getNotificationDetails   method Start
				
2026-05-18 11:15:20 [http-nio-8495-exec-3] INFO  c.v.g.c.NotificationGeneralController -getNotificationDetails   method Start
				
2026-05-18 11:15:20 [http-nio-8495-exec-5] ERROR com.vmfg.scm.dao.impl.PoDAO -getPaymentTermStatus error---> org.springframework.dao.EmptyResultDataAccessException: Incorrect result size: expected 1, actual 0
				
2026-05-18 11:15:20 [http-nio-8495-exec-4] INFO  c.v.g.c.NotificationGeneralController -getNotificationDetails   method Start
				
2026-05-18 11:15:20 [http-nio-8495-exec-5] INFO  c.v.g.c.NotificationGeneralController -getNotificationDetails   method Start
				
2026-05-18 11:15:20 [http-nio-8495-exec-8] INFO  c.v.g.c.NotificationGeneralController -getNotificationDetails   method Start
				
2026-05-18 11:15:20 [http-nio-8495-exec-6] INFO  c.v.g.c.NotificationGeneralController -getNotificationDetails   method Start
				
2026-05-18 11:15:20 [http-nio-8495-exec-9] INFO  c.v.g.c.NotificationGeneralController -getNotificationDetails   method Start
				
2026-05-18 11:15:20 [http-nio-8495-exec-2] INFO  c.v.g.c.NotificationGeneralController -getNotificationDetails   method Start
				
2026-05-18 11:15:20 [http-nio-8495-exec-7] INFO  c.v.g.c.NotificationGeneralController -getNotificationDetails   method Start
				
2026-05-18 11:15:20 [http-nio-8495-exec-4] INFO  c.v.g.c.NotificationGeneralController -getNotificationDetails   method Start
				
2026-05-18 11:15:21 [http-nio-8495-exec-10] INFO  com.vmfg.scm.services.impl.PoService -getInspectScopeDesc Service start 
				
2026-05-18 11:15:21 [http-nio-8495-exec-10] INFO  com.vmfg.scm.services.impl.PoService -getInspectScopeDesc Service end 
				
2026-05-18 11:15:21 [http-nio-8495-exec-3] ERROR com.vmfg.scm.dao.impl.PoDAO -getPaymentTermStatus error---> org.springframework.dao.EmptyResultDataAccessException: Incorrect result size: expected 1, actual 0
				
2026-05-18 11:15:21 [http-nio-8495-exec-1] INFO  com.vmfg.scm.services.impl.PoService -getDCTypeDtl Service start 
				
2026-05-18 11:15:21 [http-nio-8495-exec-1] INFO  com.vmfg.scm.services.impl.PoService -getDCTypeDtl Service end 
				
2026-05-18 11:15:21 [http-nio-8495-exec-5] INFO  com.vmfg.scm.services.impl.PoService -getdivisionDesc Service start 
				
2026-05-18 11:15:21 [http-nio-8495-exec-5] INFO  com.vmfg.scm.services.impl.PoService -getdivisionDesc Service end 
				
2026-05-18 11:15:21 [http-nio-8495-exec-6] INFO  com.vmfg.scm.services.impl.PoService -getHsnCodeByPartNo Service start 
				
2026-05-18 11:15:21 [http-nio-8495-exec-8] INFO  com.vmfg.scm.services.impl.PoService -getTransitInsuranceDesc Service start 
				
2026-05-18 11:15:21 [http-nio-8495-exec-9] INFO  c.v.g.c.NotificationGeneralController -getNotificationDetails   method Start
				
2026-05-18 11:15:21 [http-nio-8495-exec-8] INFO  com.vmfg.scm.services.impl.PoService -getTransitInsuranceDesc Service end 
				
2026-05-18 11:15:21 [http-nio-8495-exec-6] INFO  com.vmfg.scm.services.impl.PoService -getModeOfDispatchDesc Service end 
				
2026-05-18 11:15:21 [http-nio-8495-exec-6] INFO  c.v.g.c.NotificationGeneralController -getNotificationDetails   method Start
				
2026-05-18 11:15:21 [http-nio-8495-exec-8] INFO  c.v.g.c.NotificationGeneralController -getNotificationDetails   method Start
				
2026-05-18 11:15:21 [http-nio-8495-exec-2] INFO  c.v.g.c.NotificationGeneralController -getNotificationDetails   method Start
				
2026-05-18 11:15:21 [http-nio-8495-exec-10] INFO  c.v.g.c.NotificationGeneralController -getNotificationDetails   method Start
				
2026-05-18 11:15:21 [http-nio-8495-exec-1] INFO  c.v.g.c.NotificationGeneralController -getNotificationDetails   method Start
				
2026-05-18 11:15:32 [http-nio-8495-exec-4] INFO  com.vmfg.scm.services.impl.PoService -getDCTypeDtl Service start 
				
2026-05-18 11:15:32 [http-nio-8495-exec-3] INFO  com.vmfg.scm.services.impl.PoService -getdivisionDesc Service start 
				
2026-05-18 11:15:32 [http-nio-8495-exec-6] INFO  com.vmfg.scm.services.impl.PoService -getTransitInsuranceDesc Service start 
				
2026-05-18 11:15:32 [http-nio-8495-exec-3] INFO  com.vmfg.scm.services.impl.PoService -getdivisionDesc Service end 
				
2026-05-18 11:15:32 [http-nio-8495-exec-6] INFO  com.vmfg.scm.services.impl.PoService -getTransitInsuranceDesc Service end 
				
2026-05-18 11:15:32 [http-nio-8495-exec-4] INFO  com.vmfg.scm.services.impl.PoService -getDCTypeDtl Service end 
				
2026-05-18 11:15:32 [http-nio-8495-exec-8] INFO  com.vmfg.scm.services.impl.PoService -getInspectScopeDesc Service start 
				
2026-05-18 11:15:32 [http-nio-8495-exec-7] INFO  com.vmfg.scm.services.impl.PoService -getHsnCodeByPartNo Service start 
				
2026-05-18 11:15:32 [http-nio-8495-exec-7] INFO  com.vmfg.scm.services.impl.PoService -getModeOfDispatchDesc Service end 
				
2026-05-18 11:15:32 [http-nio-8495-exec-8] INFO  com.vmfg.scm.services.impl.PoService -getInspectScopeDesc Service end 
				
2026-05-18 11:15:32 [http-nio-8495-exec-9] INFO  c.v.g.c.NotificationGeneralController -getNotificationDetails   method Start
				
2026-05-18 11:15:32 [http-nio-8495-exec-8] INFO  c.v.g.c.NotificationGeneralController -getNotificationDetails   method Start
				
2026-05-18 11:15:32 [http-nio-8495-exec-10] INFO  c.v.g.c.NotificationGeneralController -getNotificationDetails   method Start
				
2026-05-18 11:15:32 [http-nio-8495-exec-6] INFO  c.v.g.c.NotificationGeneralController -getNotificationDetails   method Start
				
2026-05-18 11:15:32 [http-nio-8495-exec-2] INFO  c.v.g.c.NotificationGeneralController -getNotificationDetails   method Start
				
2026-05-18 11:15:32 [http-nio-8495-exec-5] ERROR com.vmfg.scm.dao.impl.PoDAO -getPaymentTermStatus error---> org.springframework.dao.EmptyResultDataAccessException: Incorrect result size: expected 1, actual 0
				
2026-05-18 11:15:32 [http-nio-8495-exec-1] INFO  c.v.g.c.NotificationGeneralController -getNotificationDetails   method Start
				
2026-05-18 11:15:39 [http-nio-8495-exec-3] INFO  com.vmfg.scm.services.impl.PoService -getDCTypeDtl Service start 
				
2026-05-18 11:15:39 [http-nio-8495-exec-3] INFO  com.vmfg.scm.services.impl.PoService -getDCTypeDtl Service end 
				
2026-05-18 11:15:39 [http-nio-8495-exec-5] INFO  com.vmfg.scm.services.impl.PoService -getdivisionDesc Service start 
				
2026-05-18 11:15:39 [http-nio-8495-exec-6] INFO  com.vmfg.scm.services.impl.PoService -getHsnCodeByPartNo Service start 
				
2026-05-18 11:15:39 [http-nio-8495-exec-4] INFO  com.vmfg.scm.services.impl.PoService -getInspectScopeDesc Service start 
				
2026-05-18 11:15:39 [http-nio-8495-exec-10] INFO  com.vmfg.scm.services.impl.PoService -getTransitInsuranceDesc Service start 
				
2026-05-18 11:15:39 [http-nio-8495-exec-6] INFO  com.vmfg.scm.services.impl.PoService -getModeOfDispatchDesc Service end 
				
2026-05-18 11:15:39 [http-nio-8495-exec-10] INFO  com.vmfg.scm.services.impl.PoService -getTransitInsuranceDesc Service end 
				
2026-05-18 11:15:39 [http-nio-8495-exec-5] INFO  com.vmfg.scm.services.impl.PoService -getdivisionDesc Service end 
				
2026-05-18 11:15:39 [http-nio-8495-exec-4] INFO  com.vmfg.scm.services.impl.PoService -getInspectScopeDesc Service end 
				
2026-05-18 11:15:39 [http-nio-8495-exec-9] INFO  c.v.g.c.NotificationGeneralController -getNotificationDetails   method Start
				
2026-05-18 11:15:39 [http-nio-8495-exec-1] INFO  c.v.g.c.NotificationGeneralController -getNotificationDetails   method Start
				
2026-05-18 11:15:39 [http-nio-8495-exec-2] INFO  c.v.g.c.NotificationGeneralController -getNotificationDetails   method Start
				
2026-05-18 11:15:39 [http-nio-8495-exec-3] INFO  c.v.g.c.NotificationGeneralController -getNotificationDetails   method Start
				
2026-05-18 11:15:39 [http-nio-8495-exec-8] INFO  c.v.g.c.NotificationGeneralController -getNotificationDetails   method Start
				
2026-05-18 11:15:39 [http-nio-8495-exec-7] ERROR com.vmfg.scm.dao.impl.PoDAO -getPaymentTermStatus error---> org.springframework.dao.EmptyResultDataAccessException: Incorrect result size: expected 1, actual 0
				
2026-05-18 11:15:40 [http-nio-8495-exec-10] INFO  c.v.g.c.NotificationGeneralController -getNotificationDetails   method Start
				
2026-05-18 11:15:40 [http-nio-8495-exec-8] INFO  com.vmfg.scm.services.impl.PoService -getDCTypeDtl Service start 
				
2026-05-18 11:15:40 [http-nio-8495-exec-8] INFO  com.vmfg.scm.services.impl.PoService -getDCTypeDtl Service end 
				
2026-05-18 11:15:40 [http-nio-8495-exec-6] INFO  com.vmfg.scm.services.impl.PoService -getTransitInsuranceDesc Service start 
				
2026-05-18 11:15:40 [http-nio-8495-exec-7] INFO  com.vmfg.scm.services.impl.PoService -getHsnCodeByPartNo Service start 
				
2026-05-18 11:15:40 [http-nio-8495-exec-5] INFO  com.vmfg.scm.services.impl.PoService -getInspectScopeDesc Service start 
				
2026-05-18 11:15:40 [http-nio-8495-exec-2] INFO  com.vmfg.scm.services.impl.PoService -getdivisionDesc Service start 
				
2026-05-18 11:15:40 [http-nio-8495-exec-6] INFO  com.vmfg.scm.services.impl.PoService -getTransitInsuranceDesc Service end 
				
2026-05-18 11:15:40 [http-nio-8495-exec-7] INFO  com.vmfg.scm.services.impl.PoService -getModeOfDispatchDesc Service end 
				
2026-05-18 11:15:40 [http-nio-8495-exec-2] INFO  com.vmfg.scm.services.impl.PoService -getdivisionDesc Service end 
				
2026-05-18 11:15:40 [http-nio-8495-exec-5] INFO  com.vmfg.scm.services.impl.PoService -getInspectScopeDesc Service end 
				
2026-05-18 11:15:40 [http-nio-8495-exec-3] INFO  c.v.g.c.NotificationGeneralController -getNotificationDetails   method Start
				
2026-05-18 11:15:40 [http-nio-8495-exec-9] INFO  c.v.g.c.NotificationGeneralController -getNotificationDetails   method Start
				
2026-05-18 11:15:40 [http-nio-8495-exec-1] INFO  c.v.g.c.NotificationGeneralController -getNotificationDetails   method Start
				
2026-05-18 11:15:40 [http-nio-8495-exec-8] INFO  c.v.g.c.NotificationGeneralController -getNotificationDetails   method Start
				
2026-05-18 11:15:40 [http-nio-8495-exec-10] INFO  c.v.g.c.NotificationGeneralController -getNotificationDetails   method Start
				
2026-05-18 11:15:40 [http-nio-8495-exec-4] ERROR com.vmfg.scm.dao.impl.PoDAO -getPaymentTermStatus error---> org.springframework.dao.EmptyResultDataAccessException: Incorrect result size: expected 1, actual 0
				
2026-05-18 11:15:40 [http-nio-8495-exec-6] INFO  c.v.g.c.NotificationGeneralController -getNotificationDetails   method Start
				
2026-05-18 11:15:41 [http-nio-8495-exec-4] INFO  com.vmfg.scm.services.impl.PoService -getDCTypeDtl Service start 
				
2026-05-18 11:15:41 [http-nio-8495-exec-5] INFO  com.vmfg.scm.services.impl.PoService -getHsnCodeByPartNo Service start 
				
2026-05-18 11:15:41 [http-nio-8495-exec-1] INFO  com.vmfg.scm.services.impl.PoService -getdivisionDesc Service start 
				
2026-05-18 11:15:41 [http-nio-8495-exec-7] INFO  com.vmfg.scm.services.impl.PoService -getInspectScopeDesc Service start 
				
2026-05-18 11:15:41 [http-nio-8495-exec-9] INFO  com.vmfg.scm.services.impl.PoService -getTransitInsuranceDesc Service start 
				
2026-05-18 11:15:41 [http-nio-8495-exec-9] INFO  com.vmfg.scm.services.impl.PoService -getTransitInsuranceDesc Service end 
				
2026-05-18 11:15:41 [http-nio-8495-exec-5] INFO  com.vmfg.scm.services.impl.PoService -getModeOfDispatchDesc Service end 
				
2026-05-18 11:15:41 [http-nio-8495-exec-4] INFO  com.vmfg.scm.services.impl.PoService -getDCTypeDtl Service end 
				
2026-05-18 11:15:41 [http-nio-8495-exec-1] INFO  com.vmfg.scm.services.impl.PoService -getdivisionDesc Service end 
				
2026-05-18 11:15:41 [http-nio-8495-exec-7] INFO  com.vmfg.scm.services.impl.PoService -getInspectScopeDesc Service end 
				
2026-05-18 11:15:41 [http-nio-8495-exec-6] INFO  c.v.g.c.NotificationGeneralController -getNotificationDetails   method Start
				
2026-05-18 11:15:41 [http-nio-8495-exec-8] INFO  c.v.g.c.NotificationGeneralController -getNotificationDetails   method Start
				
2026-05-18 11:15:41 [http-nio-8495-exec-3] INFO  c.v.g.c.NotificationGeneralController -getNotificationDetails   method Start
				
2026-05-18 11:15:41 [http-nio-8495-exec-1] INFO  c.v.g.c.NotificationGeneralController -getNotificationDetails   method Start
				
2026-05-18 11:15:41 [http-nio-8495-exec-10] INFO  c.v.g.c.NotificationGeneralController -getNotificationDetails   method Start
				
2026-05-18 11:15:41 [http-nio-8495-exec-2] ERROR com.vmfg.scm.dao.impl.PoDAO -getPaymentTermStatus error---> org.springframework.dao.EmptyResultDataAccessException: Incorrect result size: expected 1, actual 0
				
2026-05-18 11:15:41 [http-nio-8495-exec-7] INFO  c.v.g.c.NotificationGeneralController -getNotificationDetails   method Start
				
2026-05-18 11:15:44 [http-nio-8495-exec-9] INFO  com.vmfg.scm.services.impl.PoService -getDCTypeDtl Service start 
				
2026-05-18 11:15:44 [http-nio-8495-exec-6] INFO  com.vmfg.scm.services.impl.PoService -getTransitInsuranceDesc Service start 
				
2026-05-18 11:15:44 [http-nio-8495-exec-2] INFO  com.vmfg.scm.services.impl.PoService -getdivisionDesc Service start 
				
2026-05-18 11:15:44 [http-nio-8495-exec-10] INFO  com.vmfg.scm.services.impl.PoService -getHsnCodeByPartNo Service start 
				
2026-05-18 11:15:44 [http-nio-8495-exec-5] INFO  com.vmfg.scm.services.impl.PoService -getInspectScopeDesc Service start 
				
2026-05-18 11:15:44 [http-nio-8495-exec-9] INFO  com.vmfg.scm.services.impl.PoService -getDCTypeDtl Service end 
				
2026-05-18 11:15:44 [http-nio-8495-exec-10] INFO  com.vmfg.scm.services.impl.PoService -getModeOfDispatchDesc Service end 
				
2026-05-18 11:15:44 [http-nio-8495-exec-6] INFO  com.vmfg.scm.services.impl.PoService -getTransitInsuranceDesc Service end 
				
2026-05-18 11:15:44 [http-nio-8495-exec-5] INFO  com.vmfg.scm.services.impl.PoService -getInspectScopeDesc Service end 
				
2026-05-18 11:15:44 [http-nio-8495-exec-2] INFO  com.vmfg.scm.services.impl.PoService -getdivisionDesc Service end 
				
2026-05-18 11:15:44 [http-nio-8495-exec-1] INFO  com.vmfg.scm.services.impl.PoService -getdivisionDesc Service start 
				
2026-05-18 11:15:44 [http-nio-8495-exec-9] INFO  com.vmfg.scm.services.impl.PoService -getInspectScopeDesc Service start 
				
2026-05-18 11:15:44 [http-nio-8495-exec-8] INFO  com.vmfg.scm.services.impl.PoService -getHsnCodeByPartNo Service start 
				
2026-05-18 11:15:44 [http-nio-8495-exec-3] INFO  com.vmfg.scm.services.impl.PoService -getTransitInsuranceDesc Service start 
				
2026-05-18 11:15:44 [http-nio-8495-exec-3] INFO  com.vmfg.scm.services.impl.PoService -getTransitInsuranceDesc Service end 
				
2026-05-18 11:15:44 [http-nio-8495-exec-8] INFO  com.vmfg.scm.services.impl.PoService -getModeOfDispatchDesc Service end 
				
2026-05-18 11:15:44 [http-nio-8495-exec-1] INFO  com.vmfg.scm.services.impl.PoService -getdivisionDesc Service end 
				
2026-05-18 11:15:44 [http-nio-8495-exec-9] INFO  com.vmfg.scm.services.impl.PoService -getInspectScopeDesc Service end 
				
2026-05-18 11:15:44 [http-nio-8495-exec-3] INFO  com.vmfg.scm.services.impl.PoService -getDCTypeDtl Service start 
				
2026-05-18 11:15:44 [http-nio-8495-exec-1] INFO  c.v.g.c.NotificationGeneralController -getNotificationDetails   method Start
				
2026-05-18 11:15:44 [http-nio-8495-exec-9] INFO  c.v.g.c.NotificationGeneralController -getNotificationDetails   method Start
				
2026-05-18 11:15:44 [http-nio-8495-exec-8] INFO  c.v.g.c.NotificationGeneralController -getNotificationDetails   method Start
				
2026-05-18 11:15:44 [http-nio-8495-exec-3] INFO  com.vmfg.scm.services.impl.PoService -getDCTypeDtl Service end 
				
2026-05-18 11:15:44 [http-nio-8495-exec-6] ERROR com.vmfg.scm.dao.impl.PoDAO -getPaymentTermStatus error---> org.springframework.dao.EmptyResultDataAccessException: Incorrect result size: expected 1, actual 0
				
2026-05-18 11:15:44 [http-nio-8495-exec-4] ERROR com.vmfg.scm.dao.impl.PoDAO -getPaymentTermStatus error---> org.springframework.dao.EmptyResultDataAccessException: Incorrect result size: expected 1, actual 0
				
2026-05-18 11:15:44 [http-nio-8495-exec-3] INFO  c.v.g.c.NotificationGeneralController -getNotificationDetails   method Start
				
2026-05-18 11:15:44 [http-nio-8495-exec-10] INFO  c.v.g.c.NotificationGeneralController -getNotificationDetails   method Start
				
2026-05-18 11:15:44 [http-nio-8495-exec-7] INFO  c.v.g.c.NotificationGeneralController -getNotificationDetails   method Start
				
2026-05-18 11:15:44 [http-nio-8495-exec-8] INFO  c.v.g.c.NotificationGeneralController -getNotificationDetails   method Start
				
2026-05-18 11:15:44 [http-nio-8495-exec-9] INFO  c.v.g.c.NotificationGeneralController -getNotificationDetails   method Start
				
2026-05-18 11:15:44 [http-nio-8495-exec-2] INFO  c.v.g.c.NotificationGeneralController -getNotificationDetails   method Start
				
2026-05-18 11:15:44 [http-nio-8495-exec-5] INFO  c.v.g.c.NotificationGeneralController -getNotificationDetails   method Start
				
2026-05-18 11:15:44 [http-nio-8495-exec-6] INFO  c.v.g.c.NotificationGeneralController -getNotificationDetails   method Start
				
2026-05-18 11:15:44 [http-nio-8495-exec-4] INFO  c.v.g.c.NotificationGeneralController -getNotificationDetails   method Start
				
2026-05-18 11:15:45 [http-nio-8495-exec-3] INFO  com.vmfg.scm.services.impl.PoService -getInspectScopeDesc Service start 
				
2026-05-18 11:15:45 [http-nio-8495-exec-10] INFO  com.vmfg.scm.services.impl.PoService -getdivisionDesc Service start 
				
2026-05-18 11:15:45 [http-nio-8495-exec-3] INFO  com.vmfg.scm.services.impl.PoService -getInspectScopeDesc Service end 
				
2026-05-18 11:15:45 [http-nio-8495-exec-10] INFO  com.vmfg.scm.services.impl.PoService -getdivisionDesc Service end 
				
2026-05-18 11:15:45 [http-nio-8495-exec-9] INFO  com.vmfg.scm.services.impl.PoService -getTransitInsuranceDesc Service start 
				
2026-05-18 11:15:45 [http-nio-8495-exec-7] INFO  com.vmfg.scm.services.impl.PoService -getHsnCodeByPartNo Service start 
				
2026-05-18 11:15:45 [http-nio-8495-exec-9] INFO  com.vmfg.scm.services.impl.PoService -getTransitInsuranceDesc Service end 
				
2026-05-18 11:15:45 [http-nio-8495-exec-7] INFO  com.vmfg.scm.services.impl.PoService -getModeOfDispatchDesc Service end 
				
2026-05-18 11:15:45 [http-nio-8495-exec-8] INFO  com.vmfg.scm.services.impl.PoService -getDCTypeDtl Service start 
				
2026-05-18 11:15:45 [http-nio-8495-exec-2] INFO  c.v.g.c.NotificationGeneralController -getNotificationDetails   method Start
				
2026-05-18 11:15:45 [http-nio-8495-exec-8] INFO  com.vmfg.scm.services.impl.PoService -getDCTypeDtl Service end 
				
2026-05-18 11:15:45 [http-nio-8495-exec-3] INFO  c.v.g.c.NotificationGeneralController -getNotificationDetails   method Start
				
2026-05-18 11:15:45 [http-nio-8495-exec-1] ERROR com.vmfg.scm.dao.impl.PoDAO -getPaymentTermStatus error---> org.springframework.dao.EmptyResultDataAccessException: Incorrect result size: expected 1, actual 0
				
2026-05-18 11:15:45 [http-nio-8495-exec-10] INFO  c.v.g.c.NotificationGeneralController -getNotificationDetails   method Start
				
2026-05-18 11:15:45 [http-nio-8495-exec-7] INFO  c.v.g.c.NotificationGeneralController -getNotificationDetails   method Start
				
2026-05-18 11:15:45 [http-nio-8495-exec-9] INFO  c.v.g.c.NotificationGeneralController -getNotificationDetails   method Start
				
2026-05-18 11:15:45 [http-nio-8495-exec-8] INFO  c.v.g.c.NotificationGeneralController -getNotificationDetails   method Start
				
2026-05-18 11:15:45 [http-nio-8495-exec-5] INFO  com.vmfg.scm.services.impl.PoService -getDCTypeDtl Service start 
				
2026-05-18 11:15:45 [http-nio-8495-exec-2] INFO  com.vmfg.scm.services.impl.PoService -getTransitInsuranceDesc Service start 
				
2026-05-18 11:15:45 [http-nio-8495-exec-1] INFO  com.vmfg.scm.services.impl.PoService -getInspectScopeDesc Service start 
				
2026-05-18 11:15:45 [http-nio-8495-exec-4] INFO  com.vmfg.scm.services.impl.PoService -getHsnCodeByPartNo Service start 
				
2026-05-18 11:15:45 [http-nio-8495-exec-3] INFO  com.vmfg.scm.services.impl.PoService -getdivisionDesc Service start 
				
2026-05-18 11:15:45 [http-nio-8495-exec-5] INFO  com.vmfg.scm.services.impl.PoService -getDCTypeDtl Service end 
				
2026-05-18 11:15:45 [http-nio-8495-exec-3] INFO  com.vmfg.scm.services.impl.PoService -getdivisionDesc Service end 
				
2026-05-18 11:15:45 [http-nio-8495-exec-2] INFO  com.vmfg.scm.services.impl.PoService -getTransitInsuranceDesc Service end 
				
2026-05-18 11:15:45 [http-nio-8495-exec-1] INFO  com.vmfg.scm.services.impl.PoService -getInspectScopeDesc Service end 
				
2026-05-18 11:15:45 [http-nio-8495-exec-4] INFO  com.vmfg.scm.services.impl.PoService -getModeOfDispatchDesc Service end 
				
2026-05-18 11:15:45 [http-nio-8495-exec-9] INFO  c.v.g.c.NotificationGeneralController -getNotificationDetails   method Start
				
2026-05-18 11:15:45 [http-nio-8495-exec-10] INFO  c.v.g.c.NotificationGeneralController -getNotificationDetails   method Start
				
2026-05-18 11:15:45 [http-nio-8495-exec-8] INFO  c.v.g.c.NotificationGeneralController -getNotificationDetails   method Start
				
2026-05-18 11:15:45 [http-nio-8495-exec-7] INFO  c.v.g.c.NotificationGeneralController -getNotificationDetails   method Start
				
2026-05-18 11:15:45 [http-nio-8495-exec-5] INFO  c.v.g.c.NotificationGeneralController -getNotificationDetails   method Start
				
2026-05-18 11:15:45 [http-nio-8495-exec-6] ERROR com.vmfg.scm.dao.impl.PoDAO -getPaymentTermStatus error---> org.springframework.dao.EmptyResultDataAccessException: Incorrect result size: expected 1, actual 0
				
2026-05-18 11:15:45 [http-nio-8495-exec-1] INFO  c.v.g.c.NotificationGeneralController -getNotificationDetails   method Start
				
2026-05-18 11:15:46 [http-nio-8495-exec-2] INFO  com.vmfg.scm.services.impl.PoService -getDCTypeDtl Service start 
				
2026-05-18 11:15:46 [http-nio-8495-exec-6] INFO  com.vmfg.scm.services.impl.PoService -getdivisionDesc Service start 
				
2026-05-18 11:15:46 [http-nio-8495-exec-4] INFO  com.vmfg.scm.services.impl.PoService -getInspectScopeDesc Service start 
				
2026-05-18 11:15:46 [http-nio-8495-exec-2] INFO  com.vmfg.scm.services.impl.PoService -getDCTypeDtl Service end 
				
2026-05-18 11:15:46 [http-nio-8495-exec-4] INFO  com.vmfg.scm.services.impl.PoService -getInspectScopeDesc Service end 
				
2026-05-18 11:15:46 [http-nio-8495-exec-6] INFO  com.vmfg.scm.services.impl.PoService -getdivisionDesc Service end 
				
2026-05-18 11:15:46 [http-nio-8495-exec-5] INFO  c.v.g.c.NotificationGeneralController -getNotificationDetails   method Start
				
2026-05-18 11:15:46 [http-nio-8495-exec-7] INFO  com.vmfg.scm.services.impl.PoService -getHsnCodeByPartNo Service start 
				
2026-05-18 11:15:46 [http-nio-8495-exec-10] INFO  com.vmfg.scm.services.impl.PoService -getTransitInsuranceDesc Service start 
				
2026-05-18 11:15:46 [http-nio-8495-exec-7] INFO  com.vmfg.scm.services.impl.PoService -getModeOfDispatchDesc Service end 
				
2026-05-18 11:15:46 [http-nio-8495-exec-10] INFO  com.vmfg.scm.services.impl.PoService -getTransitInsuranceDesc Service end 
				
2026-05-18 11:15:46 [http-nio-8495-exec-2] INFO  c.v.g.c.NotificationGeneralController -getNotificationDetails   method Start
				
2026-05-18 11:15:46 [http-nio-8495-exec-9] INFO  c.v.g.c.NotificationGeneralController -getNotificationDetails   method Start
				
2026-05-18 11:15:46 [http-nio-8495-exec-6] INFO  c.v.g.c.NotificationGeneralController -getNotificationDetails   method Start
				
2026-05-18 11:15:46 [http-nio-8495-exec-3] ERROR com.vmfg.scm.dao.impl.PoDAO -getPaymentTermStatus error---> org.springframework.dao.EmptyResultDataAccessException: Incorrect result size: expected 1, actual 0
				
2026-05-18 11:15:46 [http-nio-8495-exec-4] INFO  c.v.g.c.NotificationGeneralController -getNotificationDetails   method Start
				
2026-05-18 11:15:46 [http-nio-8495-exec-8] INFO  c.v.g.c.NotificationGeneralController -getNotificationDetails   method Start
				
2026-05-18 11:15:47 [http-nio-8495-exec-7] INFO  com.vmfg.scm.services.impl.PoService -getDCTypeDtl Service start 
				
2026-05-18 11:15:47 [http-nio-8495-exec-9] INFO  com.vmfg.scm.services.impl.PoService -getHsnCodeByPartNo Service start 
				
2026-05-18 11:15:47 [http-nio-8495-exec-3] INFO  com.vmfg.scm.services.impl.PoService -getInspectScopeDesc Service start 
				
2026-05-18 11:15:47 [http-nio-8495-exec-1] INFO  com.vmfg.scm.services.impl.PoService -getdivisionDesc Service start 
				
2026-05-18 11:15:47 [http-nio-8495-exec-5] INFO  com.vmfg.scm.services.impl.PoService -getTransitInsuranceDesc Service start 
				
2026-05-18 11:15:47 [http-nio-8495-exec-3] INFO  com.vmfg.scm.services.impl.PoService -getInspectScopeDesc Service end 
				
2026-05-18 11:15:47 [http-nio-8495-exec-1] INFO  com.vmfg.scm.services.impl.PoService -getdivisionDesc Service end 
				
2026-05-18 11:15:47 [http-nio-8495-exec-9] INFO  com.vmfg.scm.services.impl.PoService -getModeOfDispatchDesc Service end 
				
2026-05-18 11:15:47 [http-nio-8495-exec-5] INFO  com.vmfg.scm.services.impl.PoService -getTransitInsuranceDesc Service end 
				
2026-05-18 11:15:47 [http-nio-8495-exec-7] INFO  com.vmfg.scm.services.impl.PoService -getDCTypeDtl Service end 
				
2026-05-18 11:15:47 [http-nio-8495-exec-1] INFO  com.vmfg.scm.services.impl.PoService -getHsnCodeByPartNo Service start 
				
2026-05-18 11:15:47 [http-nio-8495-exec-9] INFO  com.vmfg.scm.services.impl.PoService -getdivisionDesc Service start 
				
2026-05-18 11:15:47 [http-nio-8495-exec-1] INFO  com.vmfg.scm.services.impl.PoService -getModeOfDispatchDesc Service end 
				
2026-05-18 11:15:47 [http-nio-8495-exec-9] INFO  com.vmfg.scm.services.impl.PoService -getdivisionDesc Service end 
				
2026-05-18 11:15:47 [http-nio-8495-exec-7] INFO  com.vmfg.scm.services.impl.PoService -getTransitInsuranceDesc Service start 
				
2026-05-18 11:15:47 [http-nio-8495-exec-3] INFO  com.vmfg.scm.services.impl.PoService -getInspectScopeDesc Service start 
				
2026-05-18 11:15:47 [http-nio-8495-exec-7] INFO  com.vmfg.scm.services.impl.PoService -getTransitInsuranceDesc Service end 
				
2026-05-18 11:15:47 [http-nio-8495-exec-3] INFO  com.vmfg.scm.services.impl.PoService -getInspectScopeDesc Service end 
				
2026-05-18 11:15:47 [http-nio-8495-exec-4] INFO  com.vmfg.scm.services.impl.PoService -getDCTypeDtl Service start 
				
2026-05-18 11:15:47 [http-nio-8495-exec-8] INFO  c.v.g.c.NotificationGeneralController -getNotificationDetails   method Start
				
2026-05-18 11:15:47 [http-nio-8495-exec-2] INFO  c.v.g.c.NotificationGeneralController -getNotificationDetails   method Start
				
2026-05-18 11:15:47 [http-nio-8495-exec-6] INFO  c.v.g.c.NotificationGeneralController -getNotificationDetails   method Start
				
2026-05-18 11:15:47 [http-nio-8495-exec-4] INFO  com.vmfg.scm.services.impl.PoService -getDCTypeDtl Service end 
				
2026-05-18 11:15:47 [http-nio-8495-exec-10] ERROR com.vmfg.scm.dao.impl.PoDAO -getPaymentTermStatus error---> org.springframework.dao.EmptyResultDataAccessException: Incorrect result size: expected 1, actual 0
				
2026-05-18 11:15:47 [http-nio-8495-exec-5] ERROR com.vmfg.scm.dao.impl.PoDAO -getPaymentTermStatus error---> org.springframework.dao.EmptyResultDataAccessException: Incorrect result size: expected 1, actual 0
				
2026-05-18 11:15:47 [http-nio-8495-exec-3] INFO  c.v.g.c.NotificationGeneralController -getNotificationDetails   method Start
				
2026-05-18 11:15:47 [http-nio-8495-exec-5] INFO  c.v.g.c.NotificationGeneralController -getNotificationDetails   method Start
				
2026-05-18 11:15:47 [http-nio-8495-exec-1] INFO  c.v.g.c.NotificationGeneralController -getNotificationDetails   method Start
				
2026-05-18 11:15:47 [http-nio-8495-exec-7] INFO  c.v.g.c.NotificationGeneralController -getNotificationDetails   method Start
				
2026-05-18 11:15:47 [http-nio-8495-exec-9] INFO  c.v.g.c.NotificationGeneralController -getNotificationDetails   method Start
				
2026-05-18 11:15:47 [http-nio-8495-exec-4] INFO  c.v.g.c.NotificationGeneralController -getNotificationDetails   method Start
				
2026-05-18 11:15:47 [http-nio-8495-exec-10] INFO  c.v.g.c.NotificationGeneralController -getNotificationDetails   method Start
				
2026-05-18 11:15:47 [http-nio-8495-exec-1] INFO  c.v.g.c.NotificationGeneralController -getNotificationDetails   method Start
				
2026-05-18 11:15:47 [http-nio-8495-exec-3] INFO  c.v.g.c.NotificationGeneralController -getNotificationDetails   method Start
				
2026-05-18 11:16:04 [http-nio-8495-exec-8] INFO  com.vmfg.scm.services.impl.PoService -getDCTypeDtl Service start 
				
2026-05-18 11:16:04 [http-nio-8495-exec-10] INFO  com.vmfg.scm.services.impl.PoService -getHsnCodeByPartNo Service start 
				
2026-05-18 11:16:04 [http-nio-8495-exec-9] INFO  com.vmfg.scm.services.impl.PoService -getTransitInsuranceDesc Service start 
				
2026-05-18 11:16:04 [http-nio-8495-exec-5] INFO  com.vmfg.scm.services.impl.PoService -getdivisionDesc Service start 
				
2026-05-18 11:16:04 [http-nio-8495-exec-6] INFO  com.vmfg.scm.services.impl.PoService -getInspectScopeDesc Service start 
				
2026-05-18 11:16:04 [http-nio-8495-exec-10] INFO  com.vmfg.scm.services.impl.PoService -getModeOfDispatchDesc Service end 
				
2026-05-18 11:16:04 [http-nio-8495-exec-8] INFO  com.vmfg.scm.services.impl.PoService -getDCTypeDtl Service end 
				
2026-05-18 11:16:04 [http-nio-8495-exec-9] INFO  com.vmfg.scm.services.impl.PoService -getTransitInsuranceDesc Service end 
				
2026-05-18 11:16:04 [http-nio-8495-exec-5] INFO  com.vmfg.scm.services.impl.PoService -getdivisionDesc Service end 
				
2026-05-18 11:16:04 [http-nio-8495-exec-6] INFO  com.vmfg.scm.services.impl.PoService -getInspectScopeDesc Service end 
				
2026-05-18 11:16:04 [http-nio-8495-exec-3] INFO  c.v.g.c.NotificationGeneralController -getNotificationDetails   method Start
				
2026-05-18 11:16:04 [http-nio-8495-exec-1] INFO  c.v.g.c.NotificationGeneralController -getNotificationDetails   method Start
				
2026-05-18 11:16:04 [http-nio-8495-exec-8] INFO  c.v.g.c.NotificationGeneralController -getNotificationDetails   method Start
				
2026-05-18 11:16:04 [http-nio-8495-exec-10] INFO  c.v.g.c.NotificationGeneralController -getNotificationDetails   method Start
				
2026-05-18 11:16:04 [http-nio-8495-exec-4] INFO  c.v.g.c.NotificationGeneralController -getNotificationDetails   method Start
				
2026-05-18 11:16:04 [http-nio-8495-exec-2] ERROR com.vmfg.scm.dao.impl.PoDAO -getPaymentTermStatus error---> org.springframework.dao.EmptyResultDataAccessException: Incorrect result size: expected 1, actual 0
				
2026-05-18 11:16:04 [http-nio-8495-exec-6] INFO  c.v.g.c.NotificationGeneralController -getNotificationDetails   method Start
				
2026-05-18 11:16:04 [http-nio-8495-exec-4] INFO  com.vmfg.scm.services.impl.PoService -getDCTypeDtl Service start 
				
2026-05-18 11:16:04 [http-nio-8495-exec-4] INFO  com.vmfg.scm.services.impl.PoService -getDCTypeDtl Service end 
				
2026-05-18 11:16:04 [http-nio-8495-exec-1] INFO  com.vmfg.scm.services.impl.PoService -getInspectScopeDesc Service start 
				
2026-05-18 11:16:04 [http-nio-8495-exec-7] INFO  com.vmfg.scm.services.impl.PoService -getTransitInsuranceDesc Service start 
				
2026-05-18 11:16:04 [http-nio-8495-exec-9] INFO  com.vmfg.scm.services.impl.PoService -getHsnCodeByPartNo Service start 
				
2026-05-18 11:16:04 [http-nio-8495-exec-2] INFO  com.vmfg.scm.services.impl.PoService -getdivisionDesc Service start 
				
2026-05-18 11:16:04 [http-nio-8495-exec-1] INFO  com.vmfg.scm.services.impl.PoService -getInspectScopeDesc Service end 
				
2026-05-18 11:16:04 [http-nio-8495-exec-7] INFO  com.vmfg.scm.services.impl.PoService -getTransitInsuranceDesc Service end 
				
2026-05-18 11:16:04 [http-nio-8495-exec-2] INFO  com.vmfg.scm.services.impl.PoService -getdivisionDesc Service end 
				
2026-05-18 11:16:04 [http-nio-8495-exec-9] INFO  com.vmfg.scm.services.impl.PoService -getModeOfDispatchDesc Service end 
				
2026-05-18 11:16:04 [http-nio-8495-exec-6] INFO  c.v.g.c.NotificationGeneralController -getNotificationDetails   method Start
				
2026-05-18 11:16:04 [http-nio-8495-exec-4] INFO  c.v.g.c.NotificationGeneralController -getNotificationDetails   method Start
				
2026-05-18 11:16:04 [http-nio-8495-exec-3] INFO  c.v.g.c.NotificationGeneralController -getNotificationDetails   method Start
				
2026-05-18 11:16:04 [http-nio-8495-exec-8] INFO  c.v.g.c.NotificationGeneralController -getNotificationDetails   method Start
				
2026-05-18 11:16:04 [http-nio-8495-exec-10] INFO  c.v.g.c.NotificationGeneralController -getNotificationDetails   method Start
				
2026-05-18 11:16:04 [http-nio-8495-exec-5] ERROR com.vmfg.scm.dao.impl.PoDAO -getPaymentTermStatus error---> org.springframework.dao.EmptyResultDataAccessException: Incorrect result size: expected 1, actual 0
				
2026-05-18 11:16:04 [http-nio-8495-exec-9] INFO  c.v.g.c.NotificationGeneralController -getNotificationDetails   method Start
				
2026-05-18 11:16:06 [http-nio-8495-exec-7] INFO  com.vmfg.scm.services.impl.PoService -getDCTypeDtl Service start 
				
2026-05-18 11:16:06 [http-nio-8495-exec-7] INFO  com.vmfg.scm.services.impl.PoService -getDCTypeDtl Service end 
				
2026-05-18 11:16:06 [http-nio-8495-exec-5] INFO  com.vmfg.scm.services.impl.PoService -getInspectScopeDesc Service start 
				
2026-05-18 11:16:06 [http-nio-8495-exec-5] INFO  com.vmfg.scm.services.impl.PoService -getInspectScopeDesc Service end 
				
2026-05-18 11:16:06 [http-nio-8495-exec-6] INFO  com.vmfg.scm.services.impl.PoService -getdivisionDesc Service start 
				
2026-05-18 11:16:06 [http-nio-8495-exec-10] INFO  com.vmfg.scm.services.impl.PoService -getTransitInsuranceDesc Service start 
				
2026-05-18 11:16:06 [http-nio-8495-exec-1] INFO  com.vmfg.scm.services.impl.PoService -getHsnCodeByPartNo Service start 
				
2026-05-18 11:16:06 [http-nio-8495-exec-6] INFO  com.vmfg.scm.services.impl.PoService -getdivisionDesc Service end 
				
2026-05-18 11:16:06 [http-nio-8495-exec-10] INFO  com.vmfg.scm.services.impl.PoService -getTransitInsuranceDesc Service end 
				
2026-05-18 11:16:06 [http-nio-8495-exec-1] INFO  com.vmfg.scm.services.impl.PoService -getModeOfDispatchDesc Service end 
				
2026-05-18 11:16:06 [http-nio-8495-exec-8] INFO  com.vmfg.scm.services.impl.PoService -getdivisionDesc Service start 
				
2026-05-18 11:16:06 [http-nio-8495-exec-9] INFO  com.vmfg.scm.services.impl.PoService -getHsnCodeByPartNo Service start 
				
2026-05-18 11:16:06 [http-nio-8495-exec-7] INFO  com.vmfg.scm.services.impl.PoService -getInspectScopeDesc Service start 
				
2026-05-18 11:16:06 [http-nio-8495-exec-3] INFO  com.vmfg.scm.services.impl.PoService -getTransitInsuranceDesc Service start 
				
2026-05-18 11:16:06 [http-nio-8495-exec-8] INFO  com.vmfg.scm.services.impl.PoService -getdivisionDesc Service end 
				
2026-05-18 11:16:06 [http-nio-8495-exec-9] INFO  com.vmfg.scm.services.impl.PoService -getModeOfDispatchDesc Service end 
				
2026-05-18 11:16:06 [http-nio-8495-exec-3] INFO  com.vmfg.scm.services.impl.PoService -getTransitInsuranceDesc Service end 
				
2026-05-18 11:16:06 [http-nio-8495-exec-7] INFO  com.vmfg.scm.services.impl.PoService -getInspectScopeDesc Service end 
				
2026-05-18 11:16:06 [http-nio-8495-exec-6] INFO  com.vmfg.scm.services.impl.PoService -getDCTypeDtl Service start 
				
2026-05-18 11:16:06 [http-nio-8495-exec-6] INFO  com.vmfg.scm.services.impl.PoService -getDCTypeDtl Service end 
				
2026-05-18 11:16:06 [http-nio-8495-exec-1] INFO  c.v.g.c.NotificationGeneralController -getNotificationDetails   method Start
				
2026-05-18 11:16:06 [http-nio-8495-exec-8] INFO  c.v.g.c.NotificationGeneralController -getNotificationDetails   method Start
				
2026-05-18 11:16:06 [http-nio-8495-exec-3] INFO  c.v.g.c.NotificationGeneralController -getNotificationDetails   method Start
				
2026-05-18 11:16:06 [http-nio-8495-exec-5] INFO  c.v.g.c.NotificationGeneralController -getNotificationDetails   method Start
				
2026-05-18 11:16:06 [http-nio-8495-exec-2] ERROR com.vmfg.scm.dao.impl.PoDAO -getPaymentTermStatus error---> org.springframework.dao.EmptyResultDataAccessException: Incorrect result size: expected 1, actual 0
				
2026-05-18 11:16:06 [http-nio-8495-exec-4] ERROR com.vmfg.scm.dao.impl.PoDAO -getPaymentTermStatus error---> org.springframework.dao.EmptyResultDataAccessException: Incorrect result size: expected 1, actual 0
				
2026-05-18 11:16:06 [http-nio-8495-exec-9] INFO  c.v.g.c.NotificationGeneralController -getNotificationDetails   method Start
				
2026-05-18 11:16:06 [http-nio-8495-exec-7] INFO  c.v.g.c.NotificationGeneralController -getNotificationDetails   method Start
				
2026-05-18 11:16:06 [http-nio-8495-exec-10] INFO  c.v.g.c.NotificationGeneralController -getNotificationDetails   method Start
				
2026-05-18 11:16:06 [http-nio-8495-exec-6] INFO  c.v.g.c.NotificationGeneralController -getNotificationDetails   method Start
				
2026-05-18 11:16:06 [http-nio-8495-exec-2] INFO  c.v.g.c.NotificationGeneralController -getNotificationDetails   method Start
				
2026-05-18 11:16:06 [http-nio-8495-exec-4] INFO  c.v.g.c.NotificationGeneralController -getNotificationDetails   method Start
				
2026-05-18 11:16:06 [http-nio-8495-exec-8] INFO  c.v.g.c.NotificationGeneralController -getNotificationDetails   method Start
				
2026-05-18 11:16:06 [http-nio-8495-exec-5] INFO  c.v.g.c.NotificationGeneralController -getNotificationDetails   method Start
				
2026-05-18 11:16:47 [http-nio-8495-exec-10] INFO  com.vmfg.scm.services.impl.PoService -getdivisionDesc Service start 
				
2026-05-18 11:16:47 [http-nio-8495-exec-9] INFO  com.vmfg.scm.services.impl.PoService -getInspectScopeDesc Service start 
				
2026-05-18 11:16:47 [http-nio-8495-exec-6] INFO  com.vmfg.scm.services.impl.PoService -getHsnCodeByPartNo Service start 
				
2026-05-18 11:16:47 [http-nio-8495-exec-7] INFO  com.vmfg.scm.services.impl.PoService -getTransitInsuranceDesc Service start 
				
2026-05-18 11:16:47 [http-nio-8495-exec-9] INFO  com.vmfg.scm.services.impl.PoService -getInspectScopeDesc Service end 
				
2026-05-18 11:16:47 [http-nio-8495-exec-7] INFO  com.vmfg.scm.services.impl.PoService -getTransitInsuranceDesc Service end 
				
2026-05-18 11:16:47 [http-nio-8495-exec-6] INFO  com.vmfg.scm.services.impl.PoService -getModeOfDispatchDesc Service end 
				
2026-05-18 11:16:47 [http-nio-8495-exec-10] INFO  com.vmfg.scm.services.impl.PoService -getdivisionDesc Service end 
				
2026-05-18 11:16:47 [http-nio-8495-exec-3] INFO  com.vmfg.scm.services.impl.PoService -getDCTypeDtl Service start 
				
2026-05-18 11:16:47 [http-nio-8495-exec-3] INFO  com.vmfg.scm.services.impl.PoService -getDCTypeDtl Service end 
				
2026-05-18 11:16:47 [http-nio-8495-exec-3] INFO  com.vmfg.scm.services.impl.PoService -getHsnCodeByPartNo Service start 
				
2026-05-18 11:16:47 [http-nio-8495-exec-6] INFO  com.vmfg.scm.services.impl.PoService -getTransitInsuranceDesc Service start 
				
2026-05-18 11:16:47 [http-nio-8495-exec-9] INFO  com.vmfg.scm.services.impl.PoService -getdivisionDesc Service start 
				
2026-05-18 11:16:47 [http-nio-8495-exec-3] INFO  com.vmfg.scm.services.impl.PoService -getModeOfDispatchDesc Service end 
				
2026-05-18 11:16:47 [http-nio-8495-exec-6] INFO  com.vmfg.scm.services.impl.PoService -getTransitInsuranceDesc Service end 
				
2026-05-18 11:16:47 [http-nio-8495-exec-9] INFO  com.vmfg.scm.services.impl.PoService -getdivisionDesc Service end 
				
2026-05-18 11:16:47 [http-nio-8495-exec-7] INFO  com.vmfg.scm.services.impl.PoService -getInspectScopeDesc Service start 
				
2026-05-18 11:16:47 [http-nio-8495-exec-4] INFO  c.v.g.c.NotificationGeneralController -getNotificationDetails   method Start
				
2026-05-18 11:16:47 [http-nio-8495-exec-7] INFO  com.vmfg.scm.services.impl.PoService -getInspectScopeDesc Service end 
				
2026-05-18 11:16:47 [http-nio-8495-exec-6] INFO  com.vmfg.scm.services.impl.PoService -getDCTypeDtl Service start 
				
2026-05-18 11:16:47 [http-nio-8495-exec-9] INFO  c.v.g.c.NotificationGeneralController -getNotificationDetails   method Start
				
2026-05-18 11:16:47 [http-nio-8495-exec-6] INFO  com.vmfg.scm.services.impl.PoService -getDCTypeDtl Service end 
				
2026-05-18 11:16:47 [http-nio-8495-exec-2] INFO  c.v.g.c.NotificationGeneralController -getNotificationDetails   method Start
				
2026-05-18 11:16:47 [http-nio-8495-exec-8] INFO  c.v.g.c.NotificationGeneralController -getNotificationDetails   method Start
				
2026-05-18 11:16:47 [http-nio-8495-exec-1] ERROR com.vmfg.scm.dao.impl.PoDAO -getPaymentTermStatus error---> org.springframework.dao.EmptyResultDataAccessException: Incorrect result size: expected 1, actual 0
				
2026-05-18 11:16:47 [http-nio-8495-exec-5] INFO  c.v.g.c.NotificationGeneralController -getNotificationDetails   method Start
				
2026-05-18 11:16:47 [http-nio-8495-exec-10] ERROR com.vmfg.scm.dao.impl.PoDAO -getPaymentTermStatus error---> org.springframework.dao.EmptyResultDataAccessException: Incorrect result size: expected 1, actual 0
				
2026-05-18 11:16:47 [http-nio-8495-exec-3] INFO  c.v.g.c.NotificationGeneralController -getNotificationDetails   method Start
				
2026-05-18 11:16:47 [http-nio-8495-exec-6] INFO  c.v.g.c.NotificationGeneralController -getNotificationDetails   method Start
				
2026-05-18 11:16:47 [http-nio-8495-exec-7] INFO  c.v.g.c.NotificationGeneralController -getNotificationDetails   method Start
				
2026-05-18 11:16:47 [http-nio-8495-exec-1] INFO  c.v.g.c.NotificationGeneralController -getNotificationDetails   method Start
				
2026-05-18 11:16:47 [http-nio-8495-exec-10] INFO  c.v.g.c.NotificationGeneralController -getNotificationDetails   method Start
				
2026-05-18 11:16:47 [http-nio-8495-exec-2] INFO  c.v.g.c.NotificationGeneralController -getNotificationDetails   method Start
				
2026-05-18 11:16:47 [http-nio-8495-exec-9] INFO  c.v.g.c.NotificationGeneralController -getNotificationDetails   method Start
				
2026-05-18 11:17:03 [http-nio-8495-exec-8] INFO  com.vmfg.scm.services.impl.PoService -getDCTypeDtl Service start 
				
2026-05-18 11:17:03 [http-nio-8495-exec-3] INFO  com.vmfg.scm.services.impl.PoService -getdivisionDesc Service start 
				
2026-05-18 11:17:03 [http-nio-8495-exec-5] INFO  com.vmfg.scm.services.impl.PoService -getInspectScopeDesc Service start 
				
2026-05-18 11:17:03 [http-nio-8495-exec-6] INFO  com.vmfg.scm.services.impl.PoService -getHsnCodeByPartNo Service start 
				
2026-05-18 11:17:03 [http-nio-8495-exec-1] INFO  com.vmfg.scm.services.impl.PoService -getTransitInsuranceDesc Service start 
				
2026-05-18 11:17:03 [http-nio-8495-exec-6] INFO  com.vmfg.scm.services.impl.PoService -getModeOfDispatchDesc Service end 
				
2026-05-18 11:17:03 [http-nio-8495-exec-8] INFO  com.vmfg.scm.services.impl.PoService -getDCTypeDtl Service end 
				
2026-05-18 11:17:03 [http-nio-8495-exec-5] INFO  com.vmfg.scm.services.impl.PoService -getInspectScopeDesc Service end 
				
2026-05-18 11:17:03 [http-nio-8495-exec-3] INFO  com.vmfg.scm.services.impl.PoService -getdivisionDesc Service end 
				
2026-05-18 11:17:03 [http-nio-8495-exec-1] INFO  com.vmfg.scm.services.impl.PoService -getTransitInsuranceDesc Service end 
				
2026-05-18 11:17:03 [http-nio-8495-exec-4] ERROR com.vmfg.scm.dao.impl.PoDAO -getPaymentTermStatus error---> org.springframework.dao.EmptyResultDataAccessException: Incorrect result size: expected 1, actual 0
				
2026-05-18 11:17:03 [http-nio-8495-exec-10] INFO  c.v.g.c.NotificationGeneralController -getNotificationDetails   method Start
				
2026-05-18 11:17:03 [http-nio-8495-exec-7] INFO  c.v.g.c.NotificationGeneralController -getNotificationDetails   method Start
				
2026-05-18 11:17:03 [http-nio-8495-exec-2] INFO  c.v.g.c.NotificationGeneralController -getNotificationDetails   method Start
				
2026-05-18 11:17:03 [http-nio-8495-exec-8] INFO  c.v.g.c.NotificationGeneralController -getNotificationDetails   method Start
				
2026-05-18 11:17:03 [http-nio-8495-exec-9] INFO  c.v.g.c.NotificationGeneralController -getNotificationDetails   method Start
				
2026-05-18 11:17:03 [http-nio-8495-exec-1] INFO  c.v.g.c.NotificationGeneralController -getNotificationDetails   method Start
				
2026-05-18 11:17:31 [http-nio-8495-exec-8] INFO  com.vmfg.scm.services.impl.PoService -getTransitInsuranceDesc Service start 
				
2026-05-18 11:17:31 [http-nio-8495-exec-6] INFO  com.vmfg.scm.services.impl.PoService -getDCTypeDtl Service start 
				
2026-05-18 11:17:31 [http-nio-8495-exec-9] INFO  com.vmfg.scm.services.impl.PoService -getHsnCodeByPartNo Service start 
				
2026-05-18 11:17:31 [http-nio-8495-exec-3] INFO  com.vmfg.scm.services.impl.PoService -getInspectScopeDesc Service start 
				
2026-05-18 11:17:31 [http-nio-8495-exec-4] INFO  com.vmfg.scm.services.impl.PoService -getdivisionDesc Service start 
				
2026-05-18 11:17:31 [http-nio-8495-exec-6] INFO  com.vmfg.scm.services.impl.PoService -getDCTypeDtl Service end 
				
2026-05-18 11:17:31 [http-nio-8495-exec-8] INFO  com.vmfg.scm.services.impl.PoService -getTransitInsuranceDesc Service end 
				
2026-05-18 11:17:31 [http-nio-8495-exec-4] INFO  com.vmfg.scm.services.impl.PoService -getdivisionDesc Service end 
				
2026-05-18 11:17:31 [http-nio-8495-exec-3] INFO  com.vmfg.scm.services.impl.PoService -getInspectScopeDesc Service end 
				
2026-05-18 11:17:31 [http-nio-8495-exec-9] INFO  com.vmfg.scm.services.impl.PoService -getModeOfDispatchDesc Service end 
				
2026-05-18 11:17:31 [http-nio-8495-exec-3] INFO  com.vmfg.scm.services.impl.PoService -getInspectScopeDesc Service start 
				
2026-05-18 11:17:31 [http-nio-8495-exec-3] INFO  com.vmfg.scm.services.impl.PoService -getInspectScopeDesc Service end 
				
2026-05-18 11:17:31 [http-nio-8495-exec-10] INFO  com.vmfg.scm.services.impl.PoService -getdivisionDesc Service start 
				
2026-05-18 11:17:31 [http-nio-8495-exec-9] INFO  com.vmfg.scm.services.impl.PoService -getTransitInsuranceDesc Service start 
				
2026-05-18 11:17:31 [http-nio-8495-exec-2] INFO  com.vmfg.scm.services.impl.PoService -getHsnCodeByPartNo Service start 
				
2026-05-18 11:17:31 [http-nio-8495-exec-10] INFO  com.vmfg.scm.services.impl.PoService -getdivisionDesc Service end 
				
2026-05-18 11:17:31 [http-nio-8495-exec-2] INFO  com.vmfg.scm.services.impl.PoService -getModeOfDispatchDesc Service end 
				
2026-05-18 11:17:31 [http-nio-8495-exec-9] INFO  com.vmfg.scm.services.impl.PoService -getTransitInsuranceDesc Service end 
				
2026-05-18 11:17:31 [http-nio-8495-exec-3] INFO  com.vmfg.scm.services.impl.PoService -getDCTypeDtl Service start 
				
2026-05-18 11:17:31 [http-nio-8495-exec-3] INFO  com.vmfg.scm.services.impl.PoService -getDCTypeDtl Service end 
				
2026-05-18 11:17:31 [http-nio-8495-exec-1] INFO  c.v.g.c.NotificationGeneralController -getNotificationDetails   method Start
				
2026-05-18 11:17:31 [http-nio-8495-exec-7] INFO  c.v.g.c.NotificationGeneralController -getNotificationDetails   method Start
				
2026-05-18 11:17:31 [http-nio-8495-exec-8] INFO  c.v.g.c.NotificationGeneralController -getNotificationDetails   method Start
				
2026-05-18 11:17:31 [http-nio-8495-exec-4] INFO  c.v.g.c.NotificationGeneralController -getNotificationDetails   method Start
				
2026-05-18 11:17:31 [http-nio-8495-exec-6] ERROR com.vmfg.scm.dao.impl.PoDAO -getPaymentTermStatus error---> org.springframework.dao.EmptyResultDataAccessException: Incorrect result size: expected 1, actual 0
				
2026-05-18 11:17:31 [http-nio-8495-exec-5] ERROR com.vmfg.scm.dao.impl.PoDAO -getPaymentTermStatus error---> org.springframework.dao.EmptyResultDataAccessException: Incorrect result size: expected 1, actual 0
				
2026-05-18 11:17:31 [http-nio-8495-exec-10] INFO  c.v.g.c.NotificationGeneralController -getNotificationDetails   method Start
				
2026-05-18 11:17:31 [http-nio-8495-exec-5] INFO  c.v.g.c.NotificationGeneralController -getNotificationDetails   method Start
				
2026-05-18 11:17:31 [http-nio-8495-exec-2] INFO  c.v.g.c.NotificationGeneralController -getNotificationDetails   method Start
				
2026-05-18 11:17:31 [http-nio-8495-exec-6] INFO  c.v.g.c.NotificationGeneralController -getNotificationDetails   method Start
				
2026-05-18 11:17:31 [http-nio-8495-exec-9] INFO  c.v.g.c.NotificationGeneralController -getNotificationDetails   method Start
				
2026-05-18 11:17:31 [http-nio-8495-exec-3] INFO  c.v.g.c.NotificationGeneralController -getNotificationDetails   method Start
				
2026-05-18 11:17:31 [http-nio-8495-exec-10] INFO  c.v.g.c.NotificationGeneralController -getNotificationDetails   method Start
				
2026-05-18 11:17:31 [http-nio-8495-exec-1] INFO  c.v.g.c.NotificationGeneralController -getNotificationDetails   method Start
				
2026-05-18 11:17:33 [http-nio-8495-exec-4] INFO  c.v.s.c.IndentManagementController -indentHdrDropDownByProjectCode Controller  method Start
				
2026-05-18 11:17:33 [http-nio-8495-exec-4] INFO  c.v.s.c.IndentManagementController -indentHdrDropDownByProjectCode Controller  method end
				
2026-05-18 11:17:33 [http-nio-8495-exec-7] INFO  c.v.g.c.NotificationGeneralController -getNotificationDetails   method Start
				
2026-05-18 11:17:33 [http-nio-8495-exec-5] INFO  c.v.g.c.NotificationGeneralController -getNotificationDetails   method Start
				
2026-05-18 11:17:37 [http-nio-8495-exec-6] INFO  c.v.s.c.IndentManagementController -indentHdrDropDownByProjectCode Controller  method Start
				
2026-05-18 11:17:37 [http-nio-8495-exec-6] INFO  c.v.s.c.IndentManagementController -indentHdrDropDownByProjectCode Controller  method end
				
2026-05-18 11:17:37 [http-nio-8495-exec-2] INFO  c.v.s.c.IndentManagementController -getIndentHdrDtlsByIndentId Controller  method Start
				
2026-05-18 11:17:37 [http-nio-8495-exec-10] INFO  c.v.g.c.NotificationGeneralController -getNotificationDetails   method Start
				
2026-05-18 11:17:37 [http-nio-8495-exec-2] INFO  c.v.s.c.IndentManagementController -getIndentHdrDtlsByIndentId Controller  method end
				
2026-05-18 11:17:37 [http-nio-8495-exec-3] INFO  c.v.g.c.NotificationGeneralController -getNotificationDetails   method Start
				
2026-05-18 11:17:38 [http-nio-8495-exec-9] INFO  c.v.s.c.IndentManagementController -indentHdrDropDownByProjectCode Controller  method Start
				
2026-05-18 11:17:38 [http-nio-8495-exec-1] INFO  com.vmfg.scm.controller.PoController -getPoHdrDtlsByIndentId Controller  method Start
				
2026-05-18 11:17:38 [http-nio-8495-exec-9] INFO  c.v.s.c.IndentManagementController -indentHdrDropDownByProjectCode Controller  method end
				
2026-05-18 11:17:38 [http-nio-8495-exec-4] INFO  c.v.g.c.NotificationGeneralController -getNotificationDetails   method Start
				
2026-05-18 11:17:39 [http-nio-8495-exec-1] INFO  com.vmfg.scm.controller.PoController -getPoHdrDtlsByIndentId Controller  method end
				
2026-05-18 11:17:39 [http-nio-8495-exec-8] INFO  c.v.g.c.NotificationGeneralController -getNotificationDetails   method Start
				
2026-05-18 11:17:50 [http-nio-8495-exec-6] INFO  com.vmfg.scm.services.impl.PoService -getInspectScopeDesc Service start 
				
2026-05-18 11:17:50 [http-nio-8495-exec-5] INFO  com.vmfg.scm.services.impl.PoService -getDCTypeDtl Service start 
				
2026-05-18 11:17:50 [http-nio-8495-exec-6] INFO  com.vmfg.scm.services.impl.PoService -getInspectScopeDesc Service end 
				
2026-05-18 11:17:50 [http-nio-8495-exec-3] INFO  com.vmfg.scm.services.impl.PoService -getTransitInsuranceDesc Service start 
				
2026-05-18 11:17:50 [http-nio-8495-exec-5] INFO  com.vmfg.scm.services.impl.PoService -getDCTypeDtl Service end 
				
2026-05-18 11:17:50 [http-nio-8495-exec-10] INFO  com.vmfg.scm.services.impl.PoService -getdivisionDesc Service start 
				
2026-05-18 11:17:50 [http-nio-8495-exec-3] INFO  com.vmfg.scm.services.impl.PoService -getTransitInsuranceDesc Service end 
				
2026-05-18 11:17:50 [http-nio-8495-exec-2] INFO  com.vmfg.scm.services.impl.PoService -getHsnCodeByPartNo Service start 
				
2026-05-18 11:17:50 [http-nio-8495-exec-10] INFO  com.vmfg.scm.services.impl.PoService -getdivisionDesc Service end 
				
2026-05-18 11:17:50 [http-nio-8495-exec-2] INFO  com.vmfg.scm.services.impl.PoService -getModeOfDispatchDesc Service end 
				
2026-05-18 11:17:50 [http-nio-8495-exec-9] INFO  com.vmfg.scm.services.impl.PoService -getInspectScopeDesc Service start 
				
2026-05-18 11:17:50 [http-nio-8495-exec-8] INFO  com.vmfg.scm.services.impl.PoService -getTransitInsuranceDesc Service start 
				
2026-05-18 11:17:50 [http-nio-8495-exec-1] INFO  com.vmfg.scm.services.impl.PoService -getdivisionDesc Service start 
				
2026-05-18 11:17:50 [http-nio-8495-exec-4] INFO  com.vmfg.scm.services.impl.PoService -getHsnCodeByPartNo Service start 
				
2026-05-18 11:17:50 [http-nio-8495-exec-1] INFO  com.vmfg.scm.services.impl.PoService -getdivisionDesc Service end 
				
2026-05-18 11:17:50 [http-nio-8495-exec-4] INFO  com.vmfg.scm.services.impl.PoService -getModeOfDispatchDesc Service end 
				
2026-05-18 11:17:50 [http-nio-8495-exec-9] INFO  com.vmfg.scm.services.impl.PoService -getInspectScopeDesc Service end 
				
2026-05-18 11:17:50 [http-nio-8495-exec-8] INFO  com.vmfg.scm.services.impl.PoService -getTransitInsuranceDesc Service end 
				
2026-05-18 11:17:50 [http-nio-8495-exec-7] ERROR com.vmfg.scm.dao.impl.PoDAO -getPaymentTermStatus error---> org.springframework.dao.EmptyResultDataAccessException: Incorrect result size: expected 1, actual 0
				
2026-05-18 11:17:50 [http-nio-8495-exec-9] INFO  c.v.g.c.NotificationGeneralController -getNotificationDetails   method Start
				
2026-05-18 11:17:50 [http-nio-8495-exec-2] ERROR com.vmfg.scm.dao.impl.PoDAO -getPaymentTermStatus error---> org.springframework.dao.EmptyResultDataAccessException: Incorrect result size: expected 1, actual 0
				
2026-05-18 11:17:50 [http-nio-8495-exec-1] INFO  com.vmfg.scm.services.impl.PoService -getDCTypeDtl Service start 
				
2026-05-18 11:17:50 [http-nio-8495-exec-6] INFO  c.v.g.c.NotificationGeneralController -getNotificationDetails   method Start
				
2026-05-18 11:17:50 [http-nio-8495-exec-1] INFO  com.vmfg.scm.services.impl.PoService -getDCTypeDtl Service end 
				
2026-05-18 11:17:50 [http-nio-8495-exec-10] INFO  c.v.g.c.NotificationGeneralController -getNotificationDetails   method Start
				
2026-05-18 11:17:50 [http-nio-8495-exec-1] INFO  c.v.g.c.NotificationGeneralController -getNotificationDetails   method Start
				
2026-05-18 11:17:50 [http-nio-8495-exec-7] INFO  c.v.g.c.NotificationGeneralController -getNotificationDetails   method Start
				
2026-05-18 11:17:50 [http-nio-8495-exec-3] INFO  c.v.g.c.NotificationGeneralController -getNotificationDetails   method Start
				
2026-05-18 11:17:51 [http-nio-8495-exec-4] INFO  c.v.g.c.NotificationGeneralController -getNotificationDetails   method Start
				
2026-05-18 11:17:51 [http-nio-8495-exec-8] INFO  c.v.g.c.NotificationGeneralController -getNotificationDetails   method Start
				
2026-05-18 11:17:51 [http-nio-8495-exec-5] INFO  c.v.g.c.NotificationGeneralController -getNotificationDetails   method Start
				
2026-05-18 11:17:51 [http-nio-8495-exec-2] INFO  c.v.g.c.NotificationGeneralController -getNotificationDetails   method Start
				
2026-05-18 11:17:51 [http-nio-8495-exec-1] INFO  c.v.g.c.NotificationGeneralController -getNotificationDetails   method Start
				
2026-05-18 11:17:51 [http-nio-8495-exec-9] INFO  c.v.g.c.NotificationGeneralController -getNotificationDetails   method Start
				
2026-05-18 11:18:32 [http-nio-8495-exec-3] INFO  c.v.g.c.NotificationGeneralController -getNotificationDetails   method Start
				
2026-05-18 11:18:32 [http-nio-8495-exec-7] INFO  c.v.g.c.NotificationGeneralController -getNotificationDetails   method Start
				
2026-05-18 11:18:32 [http-nio-8495-exec-5] INFO  c.v.g.c.NotificationGeneralController -getNotificationDetails   method Start
				
2026-05-18 11:18:32 [http-nio-8495-exec-8] INFO  c.v.s.c.IndentManagementController -indentHdrDropDownByProjectCode Controller  method Start
				
2026-05-18 11:18:32 [http-nio-8495-exec-1] INFO  com.vmfg.scm.controller.PoController -getPoHdrDtlsByIndentId Controller  method Start
				
2026-05-18 11:18:32 [http-nio-8495-exec-8] INFO  c.v.s.c.IndentManagementController -indentHdrDropDownByProjectCode Controller  method end
				
2026-05-18 11:18:32 [http-nio-8495-exec-2] INFO  c.v.g.c.NotificationGeneralController -getNotificationDetails   method Start
				
2026-05-18 11:18:32 [http-nio-8495-exec-1] INFO  com.vmfg.scm.controller.PoController -getPoHdrDtlsByIndentId Controller  method end
				
2026-05-18 11:18:33 [http-nio-8495-exec-9] INFO  c.v.g.c.NotificationGeneralController -getNotificationDetails   method Start
				
2026-05-18 11:20:09 [http-nio-8495-exec-1] INFO  c.v.g.c.NotificationGeneralController -getNotificationDetails   method Start
				
2026-05-18 11:20:10 [http-nio-8495-exec-2] INFO  c.v.s.c.IndentManagementController -getScmHdrBasedDtl   method Start
				
2026-05-18 11:20:10 [http-nio-8495-exec-10] INFO  c.v.s.c.IndentManagementController -getIndentProjectDtlsByDate Controller  method Start
				
2026-05-18 11:20:10 [http-nio-8495-exec-9] INFO  c.v.g.services.impl.TileViewService -getSaleTileView  method start
				
2026-05-18 11:20:10 [http-nio-8495-exec-10] INFO  c.v.s.c.IndentManagementController -getIndentProjectDtlsByDate Controller  method end
				
2026-05-18 11:20:10 [http-nio-8495-exec-4] INFO  c.v.g.c.NotificationGeneralController -getNotificationDetails   method Start
				
2026-05-18 11:20:10 [http-nio-8495-exec-2] INFO  c.v.s.c.IndentManagementController -getScmHdrBasedDtl  method end
				
2026-05-18 11:20:10 [http-nio-8495-exec-9] INFO  c.v.g.c.StageManagementController -getSCMTitleView   method end
				
2026-05-18 11:20:10 [http-nio-8495-exec-8] INFO  c.v.g.c.NotificationGeneralController -getNotificationDetails   method Start
				
2026-05-18 11:20:10 [http-nio-8495-exec-7] INFO  c.v.g.c.NotificationGeneralController -getNotificationDetails   method Start
				
2026-05-18 11:20:21 [http-nio-8495-exec-6] INFO  c.v.g.services.impl.TileViewService -getSaleTileView  method start
				
2026-05-18 11:20:21 [http-nio-8495-exec-3] INFO  c.v.s.c.IndentManagementController -getScmHdrBasedDtl   method Start
				
2026-05-18 11:20:21 [http-nio-8495-exec-3] INFO  c.v.s.c.IndentManagementController -getScmHdrBasedDtl  method end
				
2026-05-18 11:20:21 [http-nio-8495-exec-6] INFO  c.v.g.c.StageManagementController -getSCMTitleView   method end
				
2026-05-18 11:20:21 [http-nio-8495-exec-1] INFO  c.v.g.c.NotificationGeneralController -getNotificationDetails   method Start
				
2026-05-18 11:20:21 [http-nio-8495-exec-5] INFO  c.v.g.c.NotificationGeneralController -getNotificationDetails   method Start
				
2026-05-18 11:20:21 [http-nio-8495-exec-4] INFO  c.v.g.c.NotificationGeneralController -getNotificationDetails   method Start
				
2026-05-18 11:20:21 [http-nio-8495-exec-9] INFO  c.v.g.c.DepartmentAndEmployeeInfoController -getprocessAssignedTeam   method Start
				
2026-05-18 11:20:21 [http-nio-8495-exec-9] INFO  c.v.g.s.i.DepartmentAndEmployeeService -getprocessAssignedTeam  method start
				
2026-05-18 11:20:22 [http-nio-8495-exec-8] INFO  c.v.g.c.NotificationGeneralController -getNotificationDetails   method Start
				
2026-05-18 11:20:22 [http-nio-8495-exec-1] INFO  c.v.g.c.NotificationGeneralController -getNotificationDetails   method Start
				
2026-05-18 11:20:22 [http-nio-8495-exec-3] INFO  c.v.g.c.NotificationGeneralController -getNotificationDetails   method Start
				
2026-05-18 11:20:22 [http-nio-8495-exec-10] INFO  c.v.g.c.NotificationGeneralController -getNotificationDetails   method Start
				
2026-05-18 11:20:22 [http-nio-8495-exec-5] INFO  c.v.g.c.NotificationGeneralController -getNotificationDetails   method Start
				
2026-05-18 11:20:27 [http-nio-8495-exec-7] INFO  com.vmfg.scm.controller.PoController -getPoHdrDtlsByIndentId Controller  method Start
				
2026-05-18 11:20:27 [http-nio-8495-exec-6] INFO  c.v.s.c.IndentManagementController -indentHdrDropDownByProjectCode Controller  method Start
				
2026-05-18 11:20:27 [http-nio-8495-exec-6] INFO  c.v.s.c.IndentManagementController -indentHdrDropDownByProjectCode Controller  method end
				
2026-05-18 11:20:27 [http-nio-8495-exec-4] INFO  c.v.g.c.NotificationGeneralController -getNotificationDetails   method Start
				
2026-05-18 11:20:27 [http-nio-8495-exec-9] INFO  c.v.g.c.NotificationGeneralController -getNotificationDetails   method Start
				
2026-05-18 11:20:27 [http-nio-8495-exec-7] INFO  com.vmfg.scm.controller.PoController -getPoHdrDtlsByIndentId Controller  method end
				
2026-05-18 11:20:27 [http-nio-8495-exec-1] INFO  c.v.g.c.NotificationGeneralController -getNotificationDetails   method Start
				
2026-05-18 11:20:30 [http-nio-8495-exec-10] INFO  com.vmfg.scm.services.impl.PoService -getDCTypeDtl Service start 
				
2026-05-18 11:20:30 [http-nio-8495-exec-6] INFO  com.vmfg.scm.services.impl.PoService -getTransitInsuranceDesc Service start 
				
2026-05-18 11:20:30 [http-nio-8495-exec-8] INFO  com.vmfg.scm.services.impl.PoService -getInspectScopeDesc Service start 
				
2026-05-18 11:20:30 [http-nio-8495-exec-2] INFO  com.vmfg.scm.services.impl.PoService -getHsnCodeByPartNo Service start 
				
2026-05-18 11:20:30 [http-nio-8495-exec-5] INFO  com.vmfg.scm.services.impl.PoService -getdivisionDesc Service start 
				
2026-05-18 11:20:30 [http-nio-8495-exec-8] INFO  com.vmfg.scm.services.impl.PoService -getInspectScopeDesc Service end 
				
2026-05-18 11:20:30 [http-nio-8495-exec-2] INFO  com.vmfg.scm.services.impl.PoService -getModeOfDispatchDesc Service end 
				
2026-05-18 11:20:30 [http-nio-8495-exec-6] INFO  com.vmfg.scm.services.impl.PoService -getTransitInsuranceDesc Service end 
				
2026-05-18 11:20:30 [http-nio-8495-exec-5] INFO  com.vmfg.scm.services.impl.PoService -getdivisionDesc Service end 
				
2026-05-18 11:20:30 [http-nio-8495-exec-10] INFO  com.vmfg.scm.services.impl.PoService -getDCTypeDtl Service end 
				
2026-05-18 11:20:30 [http-nio-8495-exec-9] INFO  com.vmfg.scm.services.impl.PoService -getTransitInsuranceDesc Service start 
				
2026-05-18 11:20:30 [http-nio-8495-exec-2] INFO  com.vmfg.scm.services.impl.PoService -getdivisionDesc Service start 
				
2026-05-18 11:20:30 [http-nio-8495-exec-4] INFO  com.vmfg.scm.services.impl.PoService -getHsnCodeByPartNo Service start 
				
2026-05-18 11:20:30 [http-nio-8495-exec-9] INFO  com.vmfg.scm.services.impl.PoService -getTransitInsuranceDesc Service end 
				
2026-05-18 11:20:30 [http-nio-8495-exec-2] INFO  com.vmfg.scm.services.impl.PoService -getdivisionDesc Service end 
				
2026-05-18 11:20:30 [http-nio-8495-exec-4] INFO  com.vmfg.scm.services.impl.PoService -getModeOfDispatchDesc Service end 
				
2026-05-18 11:20:30 [http-nio-8495-exec-6] INFO  com.vmfg.scm.services.impl.PoService -getInspectScopeDesc Service start 
				
2026-05-18 11:20:30 [http-nio-8495-exec-6] INFO  com.vmfg.scm.services.impl.PoService -getInspectScopeDesc Service end 
				
2026-05-18 11:20:30 [http-nio-8495-exec-1] INFO  c.v.g.c.NotificationGeneralController -getNotificationDetails   method Start
				
2026-05-18 11:20:30 [http-nio-8495-exec-5] INFO  c.v.g.c.NotificationGeneralController -getNotificationDetails   method Start
				
2026-05-18 11:20:30 [http-nio-8495-exec-10] INFO  c.v.g.c.NotificationGeneralController -getNotificationDetails   method Start
				
2026-05-18 11:20:30 [http-nio-8495-exec-7] INFO  c.v.g.c.NotificationGeneralController -getNotificationDetails   method Start
				
2026-05-18 11:20:30 [http-nio-8495-exec-3] ERROR com.vmfg.scm.dao.impl.PoDAO -getPaymentTermStatus error---> org.springframework.dao.EmptyResultDataAccessException: Incorrect result size: expected 1, actual 0
				
2026-05-18 11:20:30 [http-nio-8495-exec-8] ERROR com.vmfg.scm.dao.impl.PoDAO -getPaymentTermStatus error---> org.springframework.dao.EmptyResultDataAccessException: Incorrect result size: expected 1, actual 0
				
2026-05-18 11:20:30 [http-nio-8495-exec-3] INFO  com.vmfg.scm.services.impl.PoService -getDCTypeDtl Service start 
				
2026-05-18 11:20:30 [http-nio-8495-exec-3] INFO  com.vmfg.scm.services.impl.PoService -getDCTypeDtl Service end 
				
2026-05-18 11:20:30 [http-nio-8495-exec-8] INFO  c.v.g.c.NotificationGeneralController -getNotificationDetails   method Start
				
2026-05-18 11:20:30 [http-nio-8495-exec-9] INFO  c.v.g.c.NotificationGeneralController -getNotificationDetails   method Start
				
2026-05-18 11:20:30 [http-nio-8495-exec-4] INFO  c.v.g.c.NotificationGeneralController -getNotificationDetails   method Start
				
2026-05-18 11:20:30 [http-nio-8495-exec-7] INFO  c.v.g.c.NotificationGeneralController -getNotificationDetails   method Start
				
2026-05-18 11:20:30 [http-nio-8495-exec-2] INFO  c.v.g.c.NotificationGeneralController -getNotificationDetails   method Start
				
2026-05-18 11:20:30 [http-nio-8495-exec-3] INFO  c.v.g.c.NotificationGeneralController -getNotificationDetails   method Start
				
2026-05-18 11:20:30 [http-nio-8495-exec-1] INFO  c.v.g.c.NotificationGeneralController -getNotificationDetails   method Start
				
2026-05-18 11:20:30 [http-nio-8495-exec-5] INFO  c.v.g.c.NotificationGeneralController -getNotificationDetails   method Start
				
2026-05-18 11:22:40 [http-nio-8495-exec-2] INFO  c.v.s.c.IndentManagementController -indentHdrDropDownByProjectCode Controller  method Start
				
2026-05-18 11:22:40 [http-nio-8495-exec-2] INFO  c.v.s.c.IndentManagementController -indentHdrDropDownByProjectCode Controller  method end
				
2026-05-18 11:22:40 [http-nio-8495-exec-2] INFO  c.v.g.c.NotificationGeneralController -getNotificationDetails   method Start
				
2026-05-18 11:22:40 [http-nio-8495-exec-4] INFO  c.v.g.c.NotificationGeneralController -getNotificationDetails   method Start
				
2026-05-18 11:22:42 [http-nio-8495-exec-10] INFO  c.v.s.c.IndentManagementController -getIndentHdrDtlsByIndentId Controller  method Start
				
2026-05-18 11:22:42 [http-nio-8495-exec-5] INFO  c.v.s.c.IndentManagementController -indentHdrDropDownByProjectCode Controller  method Start
				
2026-05-18 11:22:42 [http-nio-8495-exec-5] INFO  c.v.s.c.IndentManagementController -indentHdrDropDownByProjectCode Controller  method end
				
2026-05-18 11:22:42 [http-nio-8495-exec-8] INFO  c.v.g.c.NotificationGeneralController -getNotificationDetails   method Start
				
2026-05-18 11:22:42 [http-nio-8495-exec-10] INFO  c.v.s.c.IndentManagementController -getIndentHdrDtlsByIndentId Controller  method end
				
2026-05-18 11:22:42 [http-nio-8495-exec-3] INFO  c.v.g.c.NotificationGeneralController -getNotificationDetails   method Start
				
2026-05-18 11:22:46 [http-nio-8495-exec-6] INFO  c.v.d.c.IndentUploadController -getIndentDtlsByIndentId Controller  method Start
				
2026-05-18 11:22:46 [http-nio-8495-exec-6] INFO  c.v.d.c.IndentUploadController -getIndentDtlsByIndentId Controller  method end
				
2026-05-18 11:22:46 [http-nio-8495-exec-9] INFO  c.v.g.c.NotificationGeneralController -getNotificationDetails   method Start
				
2026-05-18 11:22:51 [http-nio-8495-exec-4] INFO  c.v.g.c.NotificationGeneralController -getNotificationDetails   method Start
				
2026-05-18 11:22:56 [http-nio-8495-exec-2] INFO  c.v.s.c.IndentManagementController -getIndentHdrDtlsByIndentId Controller  method Start
				
2026-05-18 11:22:57 [http-nio-8495-exec-2] INFO  c.v.s.c.IndentManagementController -getIndentHdrDtlsByIndentId Controller  method end
				
2026-05-18 11:22:57 [http-nio-8495-exec-2] INFO  c.v.g.c.NotificationGeneralController -getNotificationDetails   method Start
				
2026-05-18 11:23:04 [http-nio-8495-exec-5] INFO  c.v.d.c.IndentUploadController -getIndentDtlsByIndentId Controller  method Start
				
2026-05-18 11:23:04 [http-nio-8495-exec-5] INFO  c.v.d.c.IndentUploadController -getIndentDtlsByIndentId Controller  method end
				
2026-05-18 11:23:04 [http-nio-8495-exec-5] INFO  c.v.g.c.NotificationGeneralController -getNotificationDetails   method Start
				
2026-05-18 11:23:08 [http-nio-8495-exec-10] INFO  c.v.d.c.IndentUploadController -getIndentDtlsByIndentId Controller  method Start
				
2026-05-18 11:23:08 [http-nio-8495-exec-8] INFO  c.v.g.c.DepartmentAndEmployeeInfoController -getprocessAssignedTeam   method Start
				
2026-05-18 11:23:08 [http-nio-8495-exec-8] INFO  c.v.g.s.i.DepartmentAndEmployeeService -getprocessAssignedTeam  method start
				
2026-05-18 11:23:08 [http-nio-8495-exec-8] INFO  c.v.g.c.NotificationGeneralController -getNotificationDetails   method Start
				
2026-05-18 11:23:08 [http-nio-8495-exec-10] INFO  c.v.d.c.IndentUploadController -getIndentDtlsByIndentId Controller  method end
				
2026-05-18 11:23:08 [http-nio-8495-exec-3] INFO  c.v.g.c.NotificationGeneralController -getNotificationDetails   method Start
				
2026-05-18 11:23:12 [http-nio-8495-exec-7] INFO  c.v.d.c.IndentUploadController -getIndentDtlsByIndentId Controller  method Start
				
2026-05-18 11:23:12 [http-nio-8495-exec-7] INFO  c.v.d.c.IndentUploadController -getIndentDtlsByIndentId Controller  method end
				
2026-05-18 11:23:12 [http-nio-8495-exec-6] INFO  c.v.g.c.NotificationGeneralController -getNotificationDetails   method Start
				
2026-05-18 11:23:14 [http-nio-8495-exec-9] INFO  c.v.s.c.IndentManagementController -getIndentHdrDtlsByIndentId Controller  method Start
				
2026-05-18 11:23:14 [http-nio-8495-exec-9] INFO  c.v.s.c.IndentManagementController -getIndentHdrDtlsByIndentId Controller  method end
				
2026-05-18 11:23:14 [http-nio-8495-exec-1] INFO  c.v.g.c.NotificationGeneralController -getNotificationDetails   method Start
				
2026-05-18 11:23:46 [http-nio-8495-exec-2] INFO  c.v.s.c.IndentManagementController -getIndentProjectDtlsByDate Controller  method Start
				
2026-05-18 11:23:46 [http-nio-8495-exec-4] INFO  c.v.s.c.IndentManagementController -getIndentProjectDtlsByDate Controller  method Start
				
2026-05-18 11:23:46 [http-nio-8495-exec-4] INFO  c.v.s.c.IndentManagementController -getIndentProjectDtlsByDate Controller  method end
				
2026-05-18 11:23:46 [http-nio-8495-exec-2] INFO  c.v.s.c.IndentManagementController -getIndentProjectDtlsByDate Controller  method end
				
2026-05-18 11:23:46 [http-nio-8495-exec-10] INFO  c.v.g.c.NotificationGeneralController -getNotificationDetails   method Start
				
2026-05-18 11:23:46 [http-nio-8495-exec-4] INFO  c.v.g.c.NotificationGeneralController -getNotificationDetails   method Start
				
2026-05-18 11:24:00 [http-nio-8495-exec-8] ERROR com.vmfg.util.GetPropertyValue -getTenantPropertyVal Method Exception|||org.springframework.dao.EmptyResultDataAccessException: Incorrect result size: expected 1, actual 0
				
2026-05-18 11:24:00 [http-nio-8495-exec-8] ERROR com.vmfg.util.GetPropertyValue -getTenantPropertyValByTenantId Method Exception|||org.springframework.dao.EmptyResultDataAccessException: Incorrect result size: expected 1, actual 0
				
2026-05-18 11:24:00 [http-nio-8495-exec-8] INFO  com.vmfg.util.CommonBase64Class -CommonBase64Class getBasesBinary method Start
				
2026-05-18 11:24:00 [http-nio-8495-exec-8] ERROR com.vmfg.util.CommonBase64Class -CommonBase64Class getBasesBinary Method FileNotFoundException---->java.io.FileNotFoundException:  (No such file or directory)
				
2026-05-18 11:24:00 [http-nio-8495-exec-8] ERROR c.v.authentication.UserLoginService -getImageUrl DAO Method Exceptionjava.lang.NullPointerException
				
2026-05-18 11:27:51 [http-nio-8495-exec-6] INFO  com.vmfg.authentication.UserLoginDAO - getUserDtlForAuth DAO method Start
				
2026-05-18 11:27:51 [http-nio-8495-exec-6] INFO  com.vmfg.authentication.UserLoginDAO -getUserLoginInfo DAO method end
				
2026-05-18 11:27:51 [http-nio-8495-exec-10] INFO  c.v.g.c.NotificationGeneralController -getNotificationDetails   method Start
				
2026-05-18 11:27:51 [http-nio-8495-exec-4] INFO  c.v.g.c.NotificationGeneralController -getNotificationDetails   method Start
				
2026-05-18 11:27:51 [http-nio-8495-exec-1] INFO  c.v.g.c.NotificationGeneralController -getNotificationDetails   method Start
				
2026-05-18 11:27:51 [http-nio-8495-exec-8] INFO  c.v.s.c.IndentManagementController -getScmHdrBasedDtl   method Start
				
2026-05-18 11:27:51 [http-nio-8495-exec-3] INFO  c.v.s.c.IndentManagementController -getIndentProjectDtlsByDate Controller  method Start
				
2026-05-18 11:27:51 [http-nio-8495-exec-7] INFO  c.v.g.services.impl.TileViewService -getSaleTileView  method start
				
2026-05-18 11:27:51 [http-nio-8495-exec-3] INFO  c.v.s.c.IndentManagementController -getIndentProjectDtlsByDate Controller  method end
				
2026-05-18 11:27:51 [http-nio-8495-exec-6] INFO  c.v.g.c.NotificationGeneralController -getNotificationDetails   method Start
				
2026-05-18 11:27:52 [http-nio-8495-exec-7] INFO  c.v.g.c.StageManagementController -getSCMTitleView   method end
				
2026-05-18 11:27:52 [http-nio-8495-exec-8] INFO  c.v.s.c.IndentManagementController -getScmHdrBasedDtl  method end
				
2026-05-18 11:27:52 [http-nio-8495-exec-9] INFO  c.v.g.c.NotificationGeneralController -getNotificationDetails   method Start
				
2026-05-18 11:27:52 [http-nio-8495-exec-2] INFO  c.v.g.c.NotificationGeneralController -getNotificationDetails   method Start
				
2026-05-18 11:27:58 [http-nio-8495-exec-10] INFO  c.v.g.services.impl.TileViewService -getSaleTileView  method start
				
2026-05-18 11:27:58 [http-nio-8495-exec-5] INFO  c.v.s.c.IndentManagementController -getScmHdrBasedDtl   method Start
				
2026-05-18 11:27:58 [http-nio-8495-exec-5] INFO  c.v.s.c.IndentManagementController -getScmHdrBasedDtl  method end
				
2026-05-18 11:27:58 [http-nio-8495-exec-10] INFO  c.v.g.c.StageManagementController -getSCMTitleView   method end
				
2026-05-18 11:27:58 [http-nio-8495-exec-4] INFO  c.v.g.c.NotificationGeneralController -getNotificationDetails   method Start
				
2026-05-18 11:27:58 [http-nio-8495-exec-1] INFO  c.v.g.c.NotificationGeneralController -getNotificationDetails   method Start
				
2026-05-18 11:27:59 [http-nio-8495-exec-6] INFO  c.v.g.c.NotificationGeneralController -getNotificationDetails   method Start
				
2026-05-18 11:27:59 [http-nio-8495-exec-8] INFO  c.v.g.c.DepartmentAndEmployeeInfoController -getprocessAssignedTeam   method Start
				
2026-05-18 11:27:59 [http-nio-8495-exec-8] INFO  c.v.g.s.i.DepartmentAndEmployeeService -getprocessAssignedTeam  method start
				
2026-05-18 11:27:59 [http-nio-8495-exec-10] INFO  c.v.g.c.NotificationGeneralController -getNotificationDetails   method Start
				
2026-05-18 11:27:59 [http-nio-8495-exec-3] INFO  c.v.g.c.NotificationGeneralController -getNotificationDetails   method Start
				
2026-05-18 11:27:59 [http-nio-8495-exec-4] INFO  c.v.g.c.NotificationGeneralController -getNotificationDetails   method Start
				
2026-05-18 11:27:59 [http-nio-8495-exec-1] INFO  c.v.g.c.NotificationGeneralController -getNotificationDetails   method Start
				
2026-05-18 11:27:59 [http-nio-8495-exec-5] INFO  c.v.g.c.NotificationGeneralController -getNotificationDetails   method Start
				
2026-05-18 11:28:04 [http-nio-8495-exec-9] INFO  c.v.s.c.IndentManagementController -indentHdrDropDownByProjectCode Controller  method Start
				
2026-05-18 11:28:04 [http-nio-8495-exec-2] INFO  com.vmfg.scm.controller.PoController -getPoHdrDtlsByIndentId Controller  method Start
				
2026-05-18 11:28:04 [http-nio-8495-exec-9] INFO  c.v.s.c.IndentManagementController -indentHdrDropDownByProjectCode Controller  method end
				
2026-05-18 11:28:04 [http-nio-8495-exec-7] INFO  c.v.g.c.NotificationGeneralController -getNotificationDetails   method Start
				
2026-05-18 11:28:04 [http-nio-8495-exec-8] INFO  c.v.g.c.NotificationGeneralController -getNotificationDetails   method Start
				
2026-05-18 11:28:05 [http-nio-8495-exec-2] INFO  com.vmfg.scm.controller.PoController -getPoHdrDtlsByIndentId Controller  method end
				
2026-05-18 11:28:05 [http-nio-8495-exec-6] INFO  c.v.g.c.NotificationGeneralController -getNotificationDetails   method Start
				
2026-05-18 11:28:07 [http-nio-8495-exec-3] INFO  com.vmfg.scm.services.impl.PoService -getdivisionDesc Service start 
				
2026-05-18 11:28:07 [http-nio-8495-exec-5] INFO  com.vmfg.scm.services.impl.PoService -getHsnCodeByPartNo Service start 
				
2026-05-18 11:28:07 [http-nio-8495-exec-4] INFO  com.vmfg.scm.services.impl.PoService -getDCTypeDtl Service start 
				
2026-05-18 11:28:07 [http-nio-8495-exec-4] INFO  com.vmfg.scm.services.impl.PoService -getDCTypeDtl Service end 
				
2026-05-18 11:28:07 [http-nio-8495-exec-5] INFO  com.vmfg.scm.services.impl.PoService -getModeOfDispatchDesc Service end 
				
2026-05-18 11:28:07 [http-nio-8495-exec-3] INFO  com.vmfg.scm.services.impl.PoService -getdivisionDesc Service end 
				
2026-05-18 11:28:07 [http-nio-8495-exec-1] INFO  com.vmfg.scm.services.impl.PoService -getInspectScopeDesc Service start 
				
2026-05-18 11:28:07 [http-nio-8495-exec-9] INFO  com.vmfg.scm.services.impl.PoService -getTransitInsuranceDesc Service start 
				
2026-05-18 11:28:07 [http-nio-8495-exec-1] INFO  com.vmfg.scm.services.impl.PoService -getInspectScopeDesc Service end 
				
2026-05-18 11:28:07 [http-nio-8495-exec-9] INFO  com.vmfg.scm.services.impl.PoService -getTransitInsuranceDesc Service end 
				
2026-05-18 11:28:07 [http-nio-8495-exec-6] INFO  com.vmfg.scm.services.impl.PoService -getTransitInsuranceDesc Service start 
				
2026-05-18 11:28:07 [http-nio-8495-exec-8] INFO  com.vmfg.scm.services.impl.PoService -getHsnCodeByPartNo Service start 
				
2026-05-18 11:28:07 [http-nio-8495-exec-7] INFO  com.vmfg.scm.services.impl.PoService -getdivisionDesc Service start 
				
2026-05-18 11:28:07 [http-nio-8495-exec-6] INFO  com.vmfg.scm.services.impl.PoService -getTransitInsuranceDesc Service end 
				
2026-05-18 11:28:07 [http-nio-8495-exec-8] INFO  com.vmfg.scm.services.impl.PoService -getModeOfDispatchDesc Service end 
				
2026-05-18 11:28:07 [http-nio-8495-exec-7] INFO  com.vmfg.scm.services.impl.PoService -getdivisionDesc Service end 
				
2026-05-18 11:28:07 [http-nio-8495-exec-9] INFO  c.v.g.c.NotificationGeneralController -getNotificationDetails   method Start
				
2026-05-18 11:28:07 [http-nio-8495-exec-1] INFO  com.vmfg.scm.services.impl.PoService -getDCTypeDtl Service start 
				
2026-05-18 11:28:07 [http-nio-8495-exec-3] INFO  c.v.g.c.NotificationGeneralController -getNotificationDetails   method Start
				
2026-05-18 11:28:07 [http-nio-8495-exec-1] INFO  com.vmfg.scm.services.impl.PoService -getDCTypeDtl Service end 
				
2026-05-18 11:28:07 [http-nio-8495-exec-2] INFO  com.vmfg.scm.services.impl.PoService -getInspectScopeDesc Service start 
				
2026-05-18 11:28:07 [http-nio-8495-exec-4] INFO  c.v.g.c.NotificationGeneralController -getNotificationDetails   method Start
				
2026-05-18 11:28:07 [http-nio-8495-exec-2] INFO  com.vmfg.scm.services.impl.PoService -getInspectScopeDesc Service end 
				
2026-05-18 11:28:07 [http-nio-8495-exec-6] INFO  c.v.g.c.NotificationGeneralController -getNotificationDetails   method Start
				
2026-05-18 11:28:07 [http-nio-8495-exec-10] ERROR com.vmfg.scm.dao.impl.PoDAO -getPaymentTermStatus error---> org.springframework.dao.EmptyResultDataAccessException: Incorrect result size: expected 1, actual 0
				
2026-05-18 11:28:07 [http-nio-8495-exec-5] ERROR com.vmfg.scm.dao.impl.PoDAO -getPaymentTermStatus error---> org.springframework.dao.EmptyResultDataAccessException: Incorrect result size: expected 1, actual 0
				
2026-05-18 11:28:07 [http-nio-8495-exec-7] INFO  c.v.g.c.NotificationGeneralController -getNotificationDetails   method Start
				
2026-05-18 11:28:07 [http-nio-8495-exec-8] INFO  c.v.g.c.NotificationGeneralController -getNotificationDetails   method Start
				
2026-05-18 11:28:07 [http-nio-8495-exec-1] INFO  c.v.g.c.NotificationGeneralController -getNotificationDetails   method Start
				
2026-05-18 11:28:07 [http-nio-8495-exec-2] INFO  c.v.g.c.NotificationGeneralController -getNotificationDetails   method Start
				
2026-05-18 11:28:07 [http-nio-8495-exec-5] INFO  c.v.g.c.NotificationGeneralController -getNotificationDetails   method Start
				
2026-05-18 11:28:07 [http-nio-8495-exec-10] INFO  c.v.g.c.NotificationGeneralController -getNotificationDetails   method Start
				
2026-05-18 11:28:07 [http-nio-8495-exec-9] INFO  c.v.g.c.NotificationGeneralController -getNotificationDetails   method Start
				
2026-05-18 11:28:07 [http-nio-8495-exec-6] INFO  c.v.g.c.NotificationGeneralController -getNotificationDetails   method Start
				
2026-05-18 11:28:09 [http-nio-8495-exec-4] INFO  com.vmfg.scm.services.impl.PoService -getDCTypeDtl Service start 
				
2026-05-18 11:28:09 [http-nio-8495-exec-4] INFO  com.vmfg.scm.services.impl.PoService -getDCTypeDtl Service end 
				
2026-05-18 11:28:09 [http-nio-8495-exec-2] INFO  com.vmfg.scm.services.impl.PoService -getHsnCodeByPartNo Service start 
				
2026-05-18 11:28:09 [http-nio-8495-exec-2] INFO  com.vmfg.scm.services.impl.PoService -getModeOfDispatchDesc Service end 
				
2026-05-18 11:28:09 [http-nio-8495-exec-1] INFO  com.vmfg.scm.services.impl.PoService -getTransitInsuranceDesc Service start 
				
2026-05-18 11:28:09 [http-nio-8495-exec-8] INFO  com.vmfg.scm.services.impl.PoService -getInspectScopeDesc Service start 
				
2026-05-18 11:28:09 [http-nio-8495-exec-1] INFO  com.vmfg.scm.services.impl.PoService -getTransitInsuranceDesc Service end 
				
2026-05-18 11:28:09 [http-nio-8495-exec-8] INFO  com.vmfg.scm.services.impl.PoService -getInspectScopeDesc Service end 
				
2026-05-18 11:28:09 [http-nio-8495-exec-7] INFO  com.vmfg.scm.services.impl.PoService -getdivisionDesc Service start 
				
2026-05-18 11:28:09 [http-nio-8495-exec-7] INFO  com.vmfg.scm.services.impl.PoService -getdivisionDesc Service end 
				
2026-05-18 11:28:09 [http-nio-8495-exec-2] INFO  c.v.g.c.NotificationGeneralController -getNotificationDetails   method Start
				
2026-05-18 11:28:09 [http-nio-8495-exec-9] INFO  c.v.g.c.NotificationGeneralController -getNotificationDetails   method Start
				
2026-05-18 11:28:09 [http-nio-8495-exec-8] INFO  c.v.g.c.NotificationGeneralController -getNotificationDetails   method Start
				
2026-05-18 11:28:09 [http-nio-8495-exec-4] INFO  c.v.g.c.NotificationGeneralController -getNotificationDetails   method Start
				
2026-05-18 11:28:09 [http-nio-8495-exec-1] INFO  c.v.g.c.NotificationGeneralController -getNotificationDetails   method Start
				
2026-05-18 11:28:09 [http-nio-8495-exec-3] ERROR com.vmfg.scm.dao.impl.PoDAO -getPaymentTermStatus error---> org.springframework.dao.EmptyResultDataAccessException: Incorrect result size: expected 1, actual 0
				
2026-05-18 11:28:09 [http-nio-8495-exec-5] INFO  c.v.g.c.NotificationGeneralController -getNotificationDetails   method Start
				
2026-05-18 11:28:20 [http-nio-8495-exec-3] INFO  c.vmfg.scm.controller.GrnController -getGrnHdrDetails Controller  method Start
				
2026-05-18 11:28:20 [http-nio-8495-exec-7] INFO  c.vmfg.scm.controller.GrnController -getPoCostType Controller  method Start
				
2026-05-18 11:28:20 [http-nio-8495-exec-7] INFO  c.vmfg.scm.controller.GrnController -getPoCostType  method end
				
2026-05-18 11:28:20 [http-nio-8495-exec-3] INFO  c.vmfg.scm.controller.GrnController -getGrnHdrDetails  method end
				
2026-05-18 11:28:20 [http-nio-8495-exec-2] INFO  c.v.g.c.NotificationGeneralController -getNotificationDetails   method Start
				
2026-05-18 11:28:20 [http-nio-8495-exec-1] INFO  c.v.g.c.NotificationGeneralController -getNotificationDetails   method Start
				
2026-05-18 11:28:25 [http-nio-8495-exec-4] ERROR com.vmfg.scm.dao.impl.PoDAO -getPaymentTermStatus error---> org.springframework.dao.EmptyResultDataAccessException: Incorrect result size: expected 1, actual 0
				
2026-05-18 11:28:25 [http-nio-8495-exec-9] INFO  c.v.g.c.NotificationGeneralController -getNotificationDetails   method Start
				
2026-05-18 11:32:45 [http-nio-8495-exec-2] INFO  c.vmfg.scm.controller.GrnController -getPoCostType Controller  method Start
				
2026-05-18 11:32:45 [http-nio-8495-exec-1] INFO  c.vmfg.scm.controller.GrnController -getGrnHdrDetails Controller  method Start
				
2026-05-18 11:32:45 [http-nio-8495-exec-2] INFO  c.vmfg.scm.controller.GrnController -getPoCostType  method end
				
2026-05-18 11:32:45 [http-nio-8495-exec-1] INFO  c.vmfg.scm.controller.GrnController -getGrnHdrDetails  method end
				
2026-05-18 11:32:45 [http-nio-8495-exec-1] INFO  c.v.g.c.NotificationGeneralController -getNotificationDetails   method Start
				
2026-05-18 11:32:45 [http-nio-8495-exec-4] INFO  c.v.g.c.NotificationGeneralController -getNotificationDetails   method Start
				
2026-05-18 12:41:17 [HikariPool-1 housekeeper] WARN  com.zaxxer.hikari.pool.HikariPool -HikariPool-1 - Thread starvation or clock leap detected (housekeeper delta=15m35s929ms).
				
2026-05-18 12:43:23 [HikariPool-1 housekeeper] WARN  com.zaxxer.hikari.pool.HikariPool -HikariPool-1 - Thread starvation or clock leap detected (housekeeper delta=1m36s63ms).
				
2026-05-18 12:54:29 [http-nio-8495-exec-6] INFO  c.v.finance.controller.PraController -InsertPRA   method Start
				
2026-05-18 12:54:29 [http-nio-8495-exec-6] ERROR com.vmfg.finance.dao.impl.PraDAO -InsertPraHdr Method Exception org.springframework.dao.DataIntegrityViolationException: PreparedStatementCallback; Data truncation: Data too long for column 'REMARKS' at row 1; nested exception is com.mysql.cj.jdbc.exceptions.MysqlDataTruncation: Data truncation: Data too long for column 'REMARKS' at row 1
				
2026-05-18 12:54:29 [http-nio-8495-exec-6] INFO  com.vmfg.util.CommonNotifyMethod -InvokeNotificationMethod: 1 55 null bgrn [PRA3847, 1096, E0143, BGRN/2026/1096/1] [] 1 5 0 DS54,DS42,DS10,DS11
				
2026-05-18 12:54:29 [http-nio-8495-exec-6] INFO  com.vmfg.util.NotificationRequest -notificationreq start
				
2026-05-18 12:54:29 [http-nio-8495-exec-6] INFO  com.vmfg.util.NotificationRequest -appdesigArrDS54DS54,DS42,DS10,DS11bgrn
				
2026-05-18 12:54:29 [http-nio-8495-exec-6] INFO  com.vmfg.util.NotificationRequest -appdesigArrDS42DS54,DS42,DS10,DS11bgrn
				
2026-05-18 12:54:29 [http-nio-8495-exec-6] INFO  com.vmfg.util.NotificationRequest -appdesigArrDS10DS54,DS42,DS10,DS11bgrn
				
2026-05-18 12:54:29 [http-nio-8495-exec-6] INFO  com.vmfg.util.NotificationRequest -appdesigArrDS11DS54,DS42,DS10,DS11bgrn
				
2026-05-18 12:54:29 [http-nio-8495-exec-6] INFO  com.vmfg.util.NotificationRequest -notificationreq end
				
2026-05-18 12:54:29 [http-nio-8495-exec-6] INFO  com.vmfg.util.DocumentApprovalInsert -InsertDocApprovalDtls starts
				
2026-05-18 12:54:29 [http-nio-8495-exec-6] INFO  com.vmfg.util.DocumentApprovalInsert -DocumentApprovalInsert insertHdrId 43938
				
2026-05-18 12:54:29 [http-nio-8495-exec-6] INFO  com.vmfg.util.DocumentApprovalInsert -InsertDocApprovalDtls end
				
2026-05-18 12:54:29 [http-nio-8495-exec-6] ERROR com.vmfg.scm.dao.impl.IndentGroupDAO -indentPoDtlDateTime Method Exception --->java.lang.NullPointerException
				
2026-05-18 12:54:29 [http-nio-8495-exec-6] ERROR c.v.finance.services.impl.PraService -PraService Service Method Error java.lang.NullPointerException
				
2026-05-18 12:54:29 [http-nio-8495-exec-6] INFO  c.v.finance.controller.PraController -InsertPRA   method end
				
2026-05-18 12:54:29 [http-nio-8495-exec-5] INFO  c.v.g.c.NotificationGeneralController -getNotificationDetails   method Start
				
2026-05-18 12:55:56 [SpringApplicationShutdownHook] INFO  com.zaxxer.hikari.HikariDataSource -HikariPool-1 - Shutdown initiated...
				
2026-05-18 12:55:56 [SpringApplicationShutdownHook] INFO  com.zaxxer.hikari.HikariDataSource -HikariPool-1 - Shutdown completed.
				
2026-05-18 12:56:03 [background-preinit] INFO  o.h.validator.internal.util.Version -HV000001: Hibernate Validator 6.2.3.Final
				
2026-05-18 12:56:04 [restartedMain] INFO  o.s.boot.SpringApplication -

                                ooooooo &&&&&&&&                              
                              oo     oo &.     &                              
                    ooooooo  oo      oo &:     &&                             
                 oo        oooo      oo &&       *&&&&  &&&&&&                
               oo            oo      oo &&                    &&&             
              oo                     oo &&&&&                  &o             
              oo                     oo &&     &&&&&           &              
              oo           ooo       oo &&           &&&       &&             
           ooooo           o:        oo &&              &        &&           
       ooo     *oo       oo          oo &&                        &&&&&&&     
     oo           ooooooo            oo &&                              &&    
    o&                                      &&&&*       &&               &&   
   oo                                            &&       &&              &&  
   o     ooooo                  @     @@    @@     &&:     &&           &&    
  oo ooo       ooo          @@@@@@@@@@@@@@@@@@@@@    &&     &&         &&     
  ooo            oo         @@ @@@ @@@@@@@@@@@  @     &&     &&         &     
  oo               o      @@@@ @@@ @@@@@@@@@@@  @@@    &&     &         &&    
  o&               oo       @@ @@@ @@@@@@@@@@@  @       &     &         &&    
  oo               oo       @@ @@ @ @@@@        @       &&                &&& 
  oo                      @@@@ @@@@@@@@@@@@@@@  @@@:    &&                  &&
  oo                        @@ @@@@@@@@@@@ @@@  @       &&        o&        &&
   o                        @@ @@@@@ @@@  @@@@  @       &         &&        &.
   oo                     @@@@ @@@ @@@@@@@@@@@  @@@@   &          &    .&&&&  
    o         oooo          @@                  @     &.         &&    &&     
    oo    ooo      &oo          @     @@    @@      &&          &&    &&      
     oo oo            oo        @     @     @@    &&           &&    &&       
      ooo              oo                      &&&           &&      &&       
         oooooooo       oo           oo &&&&&&              &&         &      
              oo        oo           oo &&         &      &&           &&     
              o        :o            oo &&  .&&&&&     &&.           &&       
              o       oo             oo &&                    &&&&&&&&        
              oo    ooo              oo &&                  &&                
                oo                   oo &&                &&                  
                  oo        oooo     oo &&                &                   
                     ooooooo  &o     oo &&      &&&       &                   
                                oo   oo && :&&&   .&& &&&*                    
                                   &ooo &&&                                   

==============================================
SmartRun Product by SmartRun Tech. All rights reserved.
==============================================
Application Version : 2.6.7
Application Title : SmartRun MES
Contact : support@smartruntech.com
==============================================

				
2026-05-18 12:56:04 [restartedMain] INFO  com.vmfg.VMFGApplication -Starting VMFGApplication using Java 1.8.0_482 on Peachs-Mac-mini.local with PID 3508 (/Users/peach/Spring_Boot_Projects/bgr/OneDrive_1_4-15-2026/BGR-SOURCE_CODE/SmartRun_ProjectManagement_Java/SR_Management/target/classes started by peach in /Users/peach/Spring_Boot_Projects/bgr/OneDrive_1_4-15-2026/BGR-SOURCE_CODE/SmartRun_ProjectManagement_Java/SR_Management)
				
2026-05-18 12:56:04 [restartedMain] INFO  com.vmfg.VMFGApplication -The following 1 profile is active: "dev"
				
2026-05-18 12:56:04 [restartedMain] INFO  o.s.b.d.e.DevToolsPropertyDefaultsPostProcessor -Devtools property defaults active! Set 'spring.devtools.add-properties' to 'false' to disable
				
2026-05-18 12:56:04 [restartedMain] INFO  o.s.b.d.e.DevToolsPropertyDefaultsPostProcessor -For additional web related logging consider setting the 'logging.level.web' property to 'DEBUG'
				
2026-05-18 12:56:06 [restartedMain] INFO  o.s.d.r.c.RepositoryConfigurationDelegate -Bootstrapping Spring Data JDBC repositories in DEFAULT mode.
				
2026-05-18 12:56:07 [restartedMain] INFO  o.s.d.r.c.RepositoryConfigurationDelegate -Finished Spring Data repository scanning in 102 ms. Found 0 JDBC repository interfaces.
				
2026-05-18 12:56:08 [restartedMain] INFO  o.s.b.w.e.tomcat.TomcatWebServer -Tomcat initialized with port(s): 8495 (http)
				
2026-05-18 12:56:08 [restartedMain] INFO  o.a.coyote.http11.Http11NioProtocol -Initializing ProtocolHandler ["http-nio-8495"]
				
2026-05-18 12:56:08 [restartedMain] INFO  o.a.catalina.core.StandardService -Starting service [Tomcat]
				
2026-05-18 12:56:08 [restartedMain] INFO  o.a.catalina.core.StandardEngine -Starting Servlet engine: [Apache Tomcat/9.0.63]
				
2026-05-18 12:56:08 [restartedMain] INFO  o.a.c.c.C.[.[localhost].[/smartrun] -Initializing Spring embedded WebApplicationContext
				
2026-05-18 12:56:08 [restartedMain] INFO  o.s.b.w.s.c.ServletWebServerApplicationContext -Root WebApplicationContext: initialization completed in 3620 ms
				
2026-05-18 12:56:11 [restartedMain] INFO  s.d.s.w.PropertySourcedRequestMappingHandlerMapping -Mapped URL path [/v2/api-docs] onto method [springfox.documentation.swagger2.web.Swagger2Controller#getDocumentation(String, HttpServletRequest)]
				
2026-05-18 12:56:11 [restartedMain] INFO  o.s.s.web.DefaultSecurityFilterChain -Will secure any request with [org.springframework.security.web.session.DisableEncodeUrlFilter@67e1c1e, org.springframework.security.web.context.request.async.WebAsyncManagerIntegrationFilter@5565d8c3, org.springframework.security.web.context.SecurityContextPersistenceFilter@5afdc66d, org.springframework.security.web.header.HeaderWriterFilter@52c2e27f, org.springframework.web.filter.CorsFilter@1f12aac9, org.springframework.security.web.authentication.logout.LogoutFilter@2899b4db, com.vmfg.security.config.JwtRequestFilter@3bc49f67, org.springframework.security.web.savedrequest.RequestCacheAwareFilter@35f599b7, org.springframework.security.web.servletapi.SecurityContextHolderAwareRequestFilter@9a4a911, org.springframework.security.web.authentication.AnonymousAuthenticationFilter@44e668a2, org.springframework.security.web.session.SessionManagementFilter@4bb1f3da, org.springframework.security.web.access.ExceptionTranslationFilter@4f319acf, org.springframework.security.web.access.intercept.FilterSecurityInterceptor@7897b305]
				
2026-05-18 12:56:11 [restartedMain] INFO  o.s.b.d.a.OptionalLiveReloadServer -LiveReload server is running on port 35729
				
2026-05-18 12:56:11 [restartedMain] INFO  com.zaxxer.hikari.HikariDataSource -HikariPool-1 - Starting...
				
2026-05-18 12:56:12 [restartedMain] INFO  com.zaxxer.hikari.HikariDataSource -HikariPool-1 - Start completed.
				
2026-05-18 12:56:12 [restartedMain] INFO  o.a.coyote.http11.Http11NioProtocol -Starting ProtocolHandler ["http-nio-8495"]
				
2026-05-18 12:56:12 [restartedMain] INFO  o.s.b.w.e.tomcat.TomcatWebServer -Tomcat started on port(s): 8495 (http) with context path '/smartrun'
				
2026-05-18 12:56:12 [restartedMain] INFO  s.d.s.w.p.DocumentationPluginsBootstrapper -Context refreshed
				
2026-05-18 12:56:12 [restartedMain] INFO  s.d.s.w.p.DocumentationPluginsBootstrapper -Found 1 custom documentation plugin(s)
				
2026-05-18 12:56:13 [restartedMain] INFO  s.d.s.w.s.ApiListingReferenceScanner -Scanning for api listing references
				
2026-05-18 12:56:14 [restartedMain] INFO  s.d.s.w.r.o.CachingOperationNameGenerator -Generating unique operation named: insertOrUpdateSalesBudgetSheetHdrAndDtlUsingPOST_1
				
2026-05-18 12:56:14 [restartedMain] INFO  s.d.s.w.r.o.CachingOperationNameGenerator -Generating unique operation named: getVendorDetailHdrViewUsingPOST_1
				
2026-05-18 12:56:14 [restartedMain] INFO  s.d.s.w.r.o.CachingOperationNameGenerator -Generating unique operation named: updateUserRoleMappingUsingPOST_1
				
2026-05-18 12:56:14 [restartedMain] INFO  com.vmfg.VMFGApplication -Started VMFGApplication in 11.403 seconds (JVM running for 12.207)
				
2026-05-18 12:56:14 [main] ERROR com.vmfg.VMFGApplication -SmartRun Application Start Exception--->org.springframework.boot.devtools.restart.SilentExitExceptionHandler$SilentExitException
				
2026-05-18 12:56:29 [http-nio-8495-exec-1] INFO  o.a.c.c.C.[.[localhost].[/smartrun] -Initializing Spring DispatcherServlet 'dispatcherServlet'
				
2026-05-18 12:56:29 [http-nio-8495-exec-1] INFO  o.s.web.servlet.DispatcherServlet -Initializing Servlet 'dispatcherServlet'
				
2026-05-18 12:56:29 [http-nio-8495-exec-1] INFO  o.s.web.servlet.DispatcherServlet -Completed initialization in 5 ms
				
2026-05-18 12:56:29 [http-nio-8495-exec-1] INFO  c.v.finance.controller.PraController -InsertPRA   method Start
				
2026-05-18 12:56:30 [http-nio-8495-exec-1] ERROR com.vmfg.finance.dao.impl.PraDAO -InsertPraHdr Method Exception org.springframework.dao.DataIntegrityViolationException: PreparedStatementCallback; Data truncation: Data too long for column 'REMARKS' at row 1; nested exception is com.mysql.cj.jdbc.exceptions.MysqlDataTruncation: Data truncation: Data too long for column 'REMARKS' at row 1
				
2026-05-18 12:56:30 [http-nio-8495-exec-1] INFO  com.vmfg.util.CommonNotifyMethod -InvokeNotificationMethod: 1 55 null bgrn [PRA3847, 1096, E0143, BGRN/2026/1096/1] [] 1 5 0 DS54,DS42,DS10,DS11
				
2026-05-18 12:56:30 [http-nio-8495-exec-1] INFO  com.vmfg.util.NotificationRequest -notificationreq start
				
2026-05-18 12:56:30 [http-nio-8495-exec-1] INFO  com.vmfg.util.NotificationRequest -appdesigArrDS54DS54,DS42,DS10,DS11bgrn
				
2026-05-18 12:56:30 [http-nio-8495-exec-1] INFO  com.vmfg.util.NotificationRequest -appdesigArrDS42DS54,DS42,DS10,DS11bgrn
				
2026-05-18 12:56:30 [http-nio-8495-exec-1] INFO  com.vmfg.util.NotificationRequest -appdesigArrDS10DS54,DS42,DS10,DS11bgrn
				
2026-05-18 12:56:30 [http-nio-8495-exec-1] INFO  com.vmfg.util.NotificationRequest -appdesigArrDS11DS54,DS42,DS10,DS11bgrn
				
2026-05-18 12:56:30 [http-nio-8495-exec-1] INFO  com.vmfg.util.NotificationRequest -notificationreq end
				
2026-05-18 12:56:30 [http-nio-8495-exec-1] INFO  com.vmfg.util.DocumentApprovalInsert -InsertDocApprovalDtls starts
				
2026-05-18 12:56:30 [http-nio-8495-exec-1] INFO  com.vmfg.util.DocumentApprovalInsert -DocumentApprovalInsert insertHdrId 43938
				
2026-05-18 12:56:30 [http-nio-8495-exec-1] INFO  com.vmfg.util.DocumentApprovalInsert -InsertDocApprovalDtls end
				
2026-05-18 12:56:30 [http-nio-8495-exec-1] ERROR com.vmfg.scm.dao.impl.IndentGroupDAO -indentPoDtlDateTime Method Exception --->java.lang.NullPointerException
				
2026-05-18 12:56:30 [http-nio-8495-exec-1] ERROR c.v.finance.services.impl.PraService -PraService Service Method Error java.lang.NullPointerException
				
2026-05-18 12:56:30 [http-nio-8495-exec-1] INFO  c.v.finance.controller.PraController -InsertPRA   method end
				
2026-05-18 12:56:30 [http-nio-8495-exec-2] INFO  c.v.g.c.NotificationGeneralController -getNotificationDetails   method Start
				
2026-05-18 12:56:37 [http-nio-8495-exec-3] INFO  c.v.finance.controller.PraController -InsertPRA   method Start
				
2026-05-18 12:56:37 [http-nio-8495-exec-3] ERROR com.vmfg.finance.dao.impl.PraDAO -InsertPraHdr Method Exception org.springframework.dao.DataIntegrityViolationException: PreparedStatementCallback; Data truncation: Data too long for column 'REMARKS' at row 1; nested exception is com.mysql.cj.jdbc.exceptions.MysqlDataTruncation: Data truncation: Data too long for column 'REMARKS' at row 1
				
2026-05-18 12:56:37 [http-nio-8495-exec-3] INFO  com.vmfg.util.CommonNotifyMethod -InvokeNotificationMethod: 1 55 null bgrn [PRA3847, 1096, E0143, BGRN/2026/1096/1] [] 1 5 0 DS54,DS42,DS10,DS11
				
2026-05-18 12:56:37 [http-nio-8495-exec-3] INFO  com.vmfg.util.NotificationRequest -notificationreq start
				
2026-05-18 12:56:37 [http-nio-8495-exec-3] INFO  com.vmfg.util.NotificationRequest -appdesigArrDS54DS54,DS42,DS10,DS11bgrn
				
2026-05-18 12:56:37 [http-nio-8495-exec-3] INFO  com.vmfg.util.NotificationRequest -appdesigArrDS42DS54,DS42,DS10,DS11bgrn
				
2026-05-18 12:56:37 [http-nio-8495-exec-3] INFO  com.vmfg.util.NotificationRequest -appdesigArrDS10DS54,DS42,DS10,DS11bgrn
				
2026-05-18 12:56:37 [http-nio-8495-exec-3] INFO  com.vmfg.util.NotificationRequest -appdesigArrDS11DS54,DS42,DS10,DS11bgrn
				
2026-05-18 12:56:37 [http-nio-8495-exec-3] INFO  com.vmfg.util.NotificationRequest -notificationreq end
				
2026-05-18 12:56:37 [http-nio-8495-exec-3] INFO  com.vmfg.util.DocumentApprovalInsert -InsertDocApprovalDtls starts
				
2026-05-18 12:56:37 [http-nio-8495-exec-3] INFO  com.vmfg.util.DocumentApprovalInsert -DocumentApprovalInsert insertHdrId 43938
				
2026-05-18 12:56:37 [http-nio-8495-exec-3] INFO  com.vmfg.util.DocumentApprovalInsert -InsertDocApprovalDtls end
				
2026-05-18 12:56:37 [http-nio-8495-exec-3] ERROR com.vmfg.scm.dao.impl.IndentGroupDAO -indentPoDtlDateTime Method Exception --->java.lang.NullPointerException
				
2026-05-18 12:56:37 [http-nio-8495-exec-3] ERROR c.v.finance.services.impl.PraService -PraService Service Method Error java.lang.NullPointerException
				
2026-05-18 12:56:37 [http-nio-8495-exec-3] INFO  c.v.finance.controller.PraController -InsertPRA   method end
				
2026-05-18 12:56:37 [http-nio-8495-exec-4] INFO  c.v.g.c.NotificationGeneralController -getNotificationDetails   method Start
				
2026-05-18 12:56:45 [http-nio-8495-exec-5] INFO  c.v.finance.controller.PraController -InsertPRA   method Start
				
2026-05-18 12:56:45 [http-nio-8495-exec-5] ERROR com.vmfg.finance.dao.impl.PraDAO -InsertPraHdr Method Exception org.springframework.dao.DataIntegrityViolationException: PreparedStatementCallback; Data truncation: Data too long for column 'REMARKS' at row 1; nested exception is com.mysql.cj.jdbc.exceptions.MysqlDataTruncation: Data truncation: Data too long for column 'REMARKS' at row 1
				
2026-05-18 12:56:45 [http-nio-8495-exec-5] INFO  com.vmfg.util.CommonNotifyMethod -InvokeNotificationMethod: 1 55 null bgrn [PRA3847, 1096, E0143, BGRN/2026/1096/1] [] 1 5 0 DS54,DS42,DS10,DS11
				
2026-05-18 12:56:45 [http-nio-8495-exec-5] INFO  com.vmfg.util.NotificationRequest -notificationreq start
				
2026-05-18 12:56:45 [http-nio-8495-exec-5] INFO  com.vmfg.util.NotificationRequest -appdesigArrDS54DS54,DS42,DS10,DS11bgrn
				
2026-05-18 12:56:45 [http-nio-8495-exec-5] INFO  com.vmfg.util.NotificationRequest -appdesigArrDS42DS54,DS42,DS10,DS11bgrn
				
2026-05-18 12:56:45 [http-nio-8495-exec-5] INFO  com.vmfg.util.NotificationRequest -appdesigArrDS10DS54,DS42,DS10,DS11bgrn
				
2026-05-18 12:56:45 [http-nio-8495-exec-5] INFO  com.vmfg.util.NotificationRequest -appdesigArrDS11DS54,DS42,DS10,DS11bgrn
				
2026-05-18 12:56:45 [http-nio-8495-exec-5] INFO  com.vmfg.util.NotificationRequest -notificationreq end
				
2026-05-18 12:56:45 [http-nio-8495-exec-5] INFO  com.vmfg.util.DocumentApprovalInsert -InsertDocApprovalDtls starts
				
2026-05-18 12:56:45 [http-nio-8495-exec-5] INFO  com.vmfg.util.DocumentApprovalInsert -DocumentApprovalInsert insertHdrId 43938
				
2026-05-18 12:56:45 [http-nio-8495-exec-5] INFO  com.vmfg.util.DocumentApprovalInsert -InsertDocApprovalDtls end
				
2026-05-18 12:56:45 [http-nio-8495-exec-5] ERROR com.vmfg.scm.dao.impl.IndentGroupDAO -indentPoDtlDateTime Method Exception --->java.lang.NullPointerException
				
2026-05-18 12:56:45 [http-nio-8495-exec-5] ERROR c.v.finance.services.impl.PraService -PraService Service Method Error java.lang.NullPointerException
				
2026-05-18 12:56:45 [http-nio-8495-exec-5] INFO  c.v.finance.controller.PraController -InsertPRA   method end
				
2026-05-18 12:56:45 [http-nio-8495-exec-6] INFO  c.v.g.c.NotificationGeneralController -getNotificationDetails   method Start
				
2026-05-18 12:57:02 [http-nio-8495-exec-7] INFO  c.v.finance.controller.PraController -InsertPRA   method Start
				
2026-05-18 12:57:02 [http-nio-8495-exec-7] ERROR com.vmfg.finance.dao.impl.PraDAO -InsertPraHdr Method Exception org.springframework.dao.DataIntegrityViolationException: PreparedStatementCallback; Data truncation: Data too long for column 'REMARKS' at row 1; nested exception is com.mysql.cj.jdbc.exceptions.MysqlDataTruncation: Data truncation: Data too long for column 'REMARKS' at row 1
				
2026-05-18 12:57:02 [http-nio-8495-exec-7] INFO  com.vmfg.util.CommonNotifyMethod -InvokeNotificationMethod: 1 55 null bgrn [PRA3847, 1096, E0143, BGRN/2026/1096/1] [] 1 5 0 DS54,DS42,DS10,DS11
				
2026-05-18 12:57:02 [http-nio-8495-exec-7] INFO  com.vmfg.util.NotificationRequest -notificationreq start
				
2026-05-18 12:57:02 [http-nio-8495-exec-7] INFO  com.vmfg.util.NotificationRequest -appdesigArrDS54DS54,DS42,DS10,DS11bgrn
				
2026-05-18 12:57:02 [http-nio-8495-exec-7] INFO  com.vmfg.util.NotificationRequest -appdesigArrDS42DS54,DS42,DS10,DS11bgrn
				
2026-05-18 12:57:02 [http-nio-8495-exec-7] INFO  com.vmfg.util.NotificationRequest -appdesigArrDS10DS54,DS42,DS10,DS11bgrn
				
2026-05-18 12:57:02 [http-nio-8495-exec-7] INFO  com.vmfg.util.NotificationRequest -appdesigArrDS11DS54,DS42,DS10,DS11bgrn
				
2026-05-18 12:57:02 [http-nio-8495-exec-7] INFO  com.vmfg.util.NotificationRequest -notificationreq end
				
2026-05-18 12:57:02 [http-nio-8495-exec-7] INFO  com.vmfg.util.DocumentApprovalInsert -InsertDocApprovalDtls starts
				
2026-05-18 12:57:02 [http-nio-8495-exec-7] INFO  com.vmfg.util.DocumentApprovalInsert -DocumentApprovalInsert insertHdrId 43938
				
2026-05-18 12:57:02 [http-nio-8495-exec-7] INFO  com.vmfg.util.DocumentApprovalInsert -InsertDocApprovalDtls end
				
2026-05-18 12:57:02 [http-nio-8495-exec-7] ERROR com.vmfg.scm.dao.impl.IndentGroupDAO -indentPoDtlDateTime Method Exception --->java.lang.NullPointerException
				
2026-05-18 12:57:02 [http-nio-8495-exec-7] ERROR c.v.finance.services.impl.PraService -PraService Service Method Error java.lang.NullPointerException
				
2026-05-18 12:57:02 [http-nio-8495-exec-7] INFO  c.v.finance.controller.PraController -InsertPRA   method end
				
2026-05-18 12:57:02 [http-nio-8495-exec-8] INFO  c.v.g.c.NotificationGeneralController -getNotificationDetails   method Start
				
2026-05-18 12:57:22 [http-nio-8495-exec-9] INFO  c.v.finance.controller.PraController -InsertPRA   method Start
				
2026-05-18 12:57:22 [http-nio-8495-exec-9] ERROR com.vmfg.finance.dao.impl.PraDAO -InsertPraHdr Method Exception org.springframework.dao.DataIntegrityViolationException: PreparedStatementCallback; Data truncation: Data too long for column 'REMARKS' at row 1; nested exception is com.mysql.cj.jdbc.exceptions.MysqlDataTruncation: Data truncation: Data too long for column 'REMARKS' at row 1
				
2026-05-18 12:57:22 [http-nio-8495-exec-9] INFO  com.vmfg.util.CommonNotifyMethod -InvokeNotificationMethod: 1 55 null bgrn [PRA3847, 1096, E0143, BGRN/2026/1096/1] [] 1 5 0 DS54,DS42,DS10,DS11
				
2026-05-18 12:57:22 [http-nio-8495-exec-9] INFO  com.vmfg.util.NotificationRequest -notificationreq start
				
2026-05-18 12:57:22 [http-nio-8495-exec-9] INFO  com.vmfg.util.NotificationRequest -appdesigArrDS54DS54,DS42,DS10,DS11bgrn
				
2026-05-18 12:57:22 [http-nio-8495-exec-9] INFO  com.vmfg.util.NotificationRequest -appdesigArrDS42DS54,DS42,DS10,DS11bgrn
				
2026-05-18 12:57:22 [http-nio-8495-exec-9] INFO  com.vmfg.util.NotificationRequest -appdesigArrDS10DS54,DS42,DS10,DS11bgrn
				
2026-05-18 12:57:22 [http-nio-8495-exec-9] INFO  com.vmfg.util.NotificationRequest -appdesigArrDS11DS54,DS42,DS10,DS11bgrn
				
2026-05-18 12:57:22 [http-nio-8495-exec-9] INFO  com.vmfg.util.NotificationRequest -notificationreq end
				
2026-05-18 12:57:22 [http-nio-8495-exec-9] INFO  com.vmfg.util.DocumentApprovalInsert -InsertDocApprovalDtls starts
				
2026-05-18 12:57:22 [http-nio-8495-exec-9] INFO  com.vmfg.util.DocumentApprovalInsert -DocumentApprovalInsert insertHdrId 43938
				
2026-05-18 12:57:22 [http-nio-8495-exec-9] INFO  com.vmfg.util.DocumentApprovalInsert -InsertDocApprovalDtls end
				
2026-05-18 12:57:22 [http-nio-8495-exec-9] ERROR com.vmfg.scm.dao.impl.IndentGroupDAO -indentPoDtlDateTime Method Exception --->java.lang.NullPointerException
				
2026-05-18 12:57:22 [http-nio-8495-exec-9] ERROR c.v.finance.services.impl.PraService -PraService Service Method Error java.lang.NullPointerException
				
2026-05-18 12:57:22 [http-nio-8495-exec-9] INFO  c.v.finance.controller.PraController -InsertPRA   method end
				
2026-05-18 12:57:22 [http-nio-8495-exec-10] INFO  c.v.g.c.NotificationGeneralController -getNotificationDetails   method Start
				
2026-05-18 13:05:48 [http-nio-8495-exec-3] INFO  c.v.g.c.NotificationGeneralController -getNotificationDetails   method Start
				
2026-05-18 13:05:48 [http-nio-8495-exec-6] INFO  c.v.g.c.NotificationGeneralController -getNotificationDetails   method Start
				
2026-05-18 13:05:48 [http-nio-8495-exec-5] INFO  c.v.g.c.NotificationGeneralController -getNotificationDetails   method Start
				
2026-05-18 13:05:48 [http-nio-8495-exec-7] INFO  com.vmfg.scm.controller.PoController -getPoHdrDtlsByIndentId Controller  method Start
				
2026-05-18 13:05:48 [http-nio-8495-exec-9] INFO  c.v.s.c.IndentManagementController -indentHdrDropDownByProjectCode Controller  method Start
				
2026-05-18 13:05:48 [http-nio-8495-exec-9] INFO  c.v.s.c.IndentManagementController -indentHdrDropDownByProjectCode Controller  method end
				
2026-05-18 13:05:48 [http-nio-8495-exec-1] INFO  c.v.g.c.NotificationGeneralController -getNotificationDetails   method Start
				
2026-05-18 13:05:48 [http-nio-8495-exec-7] INFO  com.vmfg.scm.controller.PoController -getPoHdrDtlsByIndentId Controller  method end
				
2026-05-18 13:05:49 [http-nio-8495-exec-2] INFO  c.v.g.c.NotificationGeneralController -getNotificationDetails   method Start
				
2026-05-18 13:05:51 [http-nio-8495-exec-9] INFO  com.vmfg.scm.services.impl.PoService -getDCTypeDtl Service start 
				
2026-05-18 13:05:51 [http-nio-8495-exec-6] INFO  com.vmfg.scm.services.impl.PoService -getInspectScopeDesc Service start 
				
2026-05-18 13:05:51 [http-nio-8495-exec-1] INFO  com.vmfg.scm.services.impl.PoService -getdivisionDesc Service start 
				
2026-05-18 13:05:51 [http-nio-8495-exec-5] INFO  com.vmfg.scm.services.impl.PoService -getHsnCodeByPartNo Service start 
				
2026-05-18 13:05:51 [http-nio-8495-exec-9] INFO  com.vmfg.scm.services.impl.PoService -getDCTypeDtl Service end 
				
2026-05-18 13:05:51 [http-nio-8495-exec-1] INFO  com.vmfg.scm.services.impl.PoService -getdivisionDesc Service end 
				
2026-05-18 13:05:51 [http-nio-8495-exec-6] INFO  com.vmfg.scm.services.impl.PoService -getInspectScopeDesc Service end 
				
2026-05-18 13:05:51 [http-nio-8495-exec-5] INFO  com.vmfg.scm.services.impl.PoService -getModeOfDispatchDesc Service end 
				
2026-05-18 13:05:51 [http-nio-8495-exec-4] INFO  com.vmfg.scm.services.impl.PoService -getHsnCodeByPartNo Service start 
				
2026-05-18 13:05:51 [http-nio-8495-exec-3] INFO  com.vmfg.scm.services.impl.PoService -getdivisionDesc Service start 
				
2026-05-18 13:05:51 [http-nio-8495-exec-10] INFO  com.vmfg.scm.services.impl.PoService -getTransitInsuranceDesc Service start 
				
2026-05-18 13:05:51 [http-nio-8495-exec-3] INFO  com.vmfg.scm.services.impl.PoService -getdivisionDesc Service end 
				
2026-05-18 13:05:51 [http-nio-8495-exec-10] INFO  com.vmfg.scm.services.impl.PoService -getTransitInsuranceDesc Service end 
				
2026-05-18 13:05:51 [http-nio-8495-exec-4] INFO  com.vmfg.scm.services.impl.PoService -getModeOfDispatchDesc Service end 
				
2026-05-18 13:05:51 [http-nio-8495-exec-8] INFO  com.vmfg.scm.services.impl.PoService -getTransitInsuranceDesc Service start 
				
2026-05-18 13:05:51 [http-nio-8495-exec-3] INFO  com.vmfg.scm.services.impl.PoService -getDCTypeDtl Service start 
				
2026-05-18 13:05:51 [http-nio-8495-exec-8] INFO  com.vmfg.scm.services.impl.PoService -getTransitInsuranceDesc Service end 
				
2026-05-18 13:05:51 [http-nio-8495-exec-10] INFO  com.vmfg.scm.services.impl.PoService -getInspectScopeDesc Service start 
				
2026-05-18 13:05:51 [http-nio-8495-exec-4] INFO  c.v.g.c.NotificationGeneralController -getNotificationDetails   method Start
				
2026-05-18 13:05:51 [http-nio-8495-exec-3] INFO  com.vmfg.scm.services.impl.PoService -getDCTypeDtl Service end 
				
2026-05-18 13:05:51 [http-nio-8495-exec-10] INFO  com.vmfg.scm.services.impl.PoService -getInspectScopeDesc Service end 
				
2026-05-18 13:05:51 [http-nio-8495-exec-8] INFO  c.v.g.c.NotificationGeneralController -getNotificationDetails   method Start
				
2026-05-18 13:05:51 [http-nio-8495-exec-10] INFO  c.v.g.c.NotificationGeneralController -getNotificationDetails   method Start
				
2026-05-18 13:05:51 [http-nio-8495-exec-3] INFO  c.v.g.c.NotificationGeneralController -getNotificationDetails   method Start
				
2026-05-18 13:05:51 [http-nio-8495-exec-7] ERROR com.vmfg.scm.dao.impl.PoDAO -getPaymentTermStatus error---> org.springframework.dao.EmptyResultDataAccessException: Incorrect result size: expected 1, actual 0
				
2026-05-18 13:05:51 [http-nio-8495-exec-2] ERROR com.vmfg.scm.dao.impl.PoDAO -getPaymentTermStatus error---> org.springframework.dao.EmptyResultDataAccessException: Incorrect result size: expected 1, actual 0
				
2026-05-18 13:05:52 [http-nio-8495-exec-1] INFO  c.v.g.c.NotificationGeneralController -getNotificationDetails   method Start
				
2026-05-18 13:05:52 [http-nio-8495-exec-9] INFO  c.v.g.c.NotificationGeneralController -getNotificationDetails   method Start
				
2026-05-18 13:05:52 [http-nio-8495-exec-5] INFO  c.v.g.c.NotificationGeneralController -getNotificationDetails   method Start
				
2026-05-18 13:05:52 [http-nio-8495-exec-6] INFO  c.v.g.c.NotificationGeneralController -getNotificationDetails   method Start
				
2026-05-18 13:05:52 [http-nio-8495-exec-2] INFO  c.v.g.c.NotificationGeneralController -getNotificationDetails   method Start
				
2026-05-18 13:05:52 [http-nio-8495-exec-7] INFO  c.v.g.c.NotificationGeneralController -getNotificationDetails   method Start
				
2026-05-18 13:05:52 [http-nio-8495-exec-4] INFO  c.v.g.c.NotificationGeneralController -getNotificationDetails   method Start
				
2026-05-18 13:05:52 [http-nio-8495-exec-3] INFO  c.v.g.c.NotificationGeneralController -getNotificationDetails   method Start
				
2026-05-18 13:05:54 [http-nio-8495-exec-10] INFO  c.vmfg.scm.controller.GrnController -getPoCostType Controller  method Start
				
2026-05-18 13:05:54 [http-nio-8495-exec-8] INFO  c.vmfg.scm.controller.GrnController -getGrnHdrDetails Controller  method Start
				
2026-05-18 13:05:54 [http-nio-8495-exec-10] INFO  c.vmfg.scm.controller.GrnController -getPoCostType  method end
				
2026-05-18 13:05:54 [http-nio-8495-exec-8] INFO  c.vmfg.scm.controller.GrnController -getGrnHdrDetails  method end
				
2026-05-18 13:05:54 [http-nio-8495-exec-10] INFO  c.v.g.c.NotificationGeneralController -getNotificationDetails   method Start
				
2026-05-18 13:05:54 [http-nio-8495-exec-9] INFO  c.v.g.c.NotificationGeneralController -getNotificationDetails   method Start
				
2026-05-18 13:06:57 [http-nio-8495-exec-3] INFO  c.v.finance.controller.PraController -InsertPRA   method Start
				
2026-05-18 13:06:57 [http-nio-8495-exec-3] ERROR com.vmfg.finance.dao.impl.PraDAO -InsertPraHdr Method Exception org.springframework.dao.DataIntegrityViolationException: PreparedStatementCallback; Data truncation: Data too long for column 'REMARKS' at row 1; nested exception is com.mysql.cj.jdbc.exceptions.MysqlDataTruncation: Data truncation: Data too long for column 'REMARKS' at row 1
				
2026-05-18 13:06:57 [http-nio-8495-exec-3] INFO  com.vmfg.util.CommonNotifyMethod -InvokeNotificationMethod: 1 55 null bgrn [PRA3847, 1096, E0143, BGRN/2026/1096/1] [] 1 5 0 DS54,DS42,DS10,DS11
				
2026-05-18 13:06:57 [http-nio-8495-exec-3] INFO  com.vmfg.util.NotificationRequest -notificationreq start
				
2026-05-18 13:06:57 [http-nio-8495-exec-3] INFO  com.vmfg.util.NotificationRequest -appdesigArrDS54DS54,DS42,DS10,DS11bgrn
				
2026-05-18 13:06:57 [http-nio-8495-exec-3] INFO  com.vmfg.util.NotificationRequest -appdesigArrDS42DS54,DS42,DS10,DS11bgrn
				
2026-05-18 13:06:57 [http-nio-8495-exec-3] INFO  com.vmfg.util.NotificationRequest -appdesigArrDS10DS54,DS42,DS10,DS11bgrn
				
2026-05-18 13:06:57 [http-nio-8495-exec-3] INFO  com.vmfg.util.NotificationRequest -appdesigArrDS11DS54,DS42,DS10,DS11bgrn
				
2026-05-18 13:06:57 [http-nio-8495-exec-3] INFO  com.vmfg.util.NotificationRequest -notificationreq end
				
2026-05-18 13:06:57 [http-nio-8495-exec-3] INFO  com.vmfg.util.DocumentApprovalInsert -InsertDocApprovalDtls starts
				
2026-05-18 13:06:57 [http-nio-8495-exec-3] INFO  com.vmfg.util.DocumentApprovalInsert -DocumentApprovalInsert insertHdrId 43938
				
2026-05-18 13:06:57 [http-nio-8495-exec-3] INFO  com.vmfg.util.DocumentApprovalInsert -InsertDocApprovalDtls end
				
2026-05-18 13:06:57 [http-nio-8495-exec-3] ERROR com.vmfg.scm.dao.impl.IndentGroupDAO -indentPoDtlDateTime Method Exception --->java.lang.NullPointerException
				
2026-05-18 13:06:57 [http-nio-8495-exec-3] ERROR c.v.finance.services.impl.PraService -PraService Service Method Error java.lang.NullPointerException
				
2026-05-18 13:06:57 [http-nio-8495-exec-3] INFO  c.v.finance.controller.PraController -InsertPRA   method end
				
2026-05-18 13:06:57 [http-nio-8495-exec-8] INFO  c.v.g.c.NotificationGeneralController -getNotificationDetails   method Start
				
2026-05-18 13:08:13 [http-nio-8495-exec-7] INFO  c.v.g.c.NotificationGeneralController -getNotificationDetails   method Start
				
2026-05-18 13:08:13 [http-nio-8495-exec-4] INFO  c.v.g.c.NotificationGeneralController -getNotificationDetails   method Start
				
2026-05-18 13:08:13 [http-nio-8495-exec-3] INFO  c.v.g.c.NotificationGeneralController -getNotificationDetails   method Start
				
2026-05-18 13:08:13 [http-nio-8495-exec-9] INFO  com.vmfg.scm.controller.PoController -getPoHdrDtlsByIndentId Controller  method Start
				
2026-05-18 13:08:13 [http-nio-8495-exec-8] INFO  c.v.s.c.IndentManagementController -indentHdrDropDownByProjectCode Controller  method Start
				
2026-05-18 13:08:13 [http-nio-8495-exec-8] INFO  c.v.s.c.IndentManagementController -indentHdrDropDownByProjectCode Controller  method end
				
2026-05-18 13:08:13 [http-nio-8495-exec-6] INFO  c.v.g.c.NotificationGeneralController -getNotificationDetails   method Start
				
2026-05-18 13:08:14 [http-nio-8495-exec-9] INFO  com.vmfg.scm.controller.PoController -getPoHdrDtlsByIndentId Controller  method end
				
2026-05-18 13:08:14 [http-nio-8495-exec-10] INFO  c.v.g.c.NotificationGeneralController -getNotificationDetails   method Start
				
2026-05-18 13:08:22 [http-nio-8495-exec-5] INFO  c.v.g.c.NotificationGeneralController -getNotificationDetails   method Start
				
2026-05-18 13:08:22 [http-nio-8495-exec-6] INFO  c.v.s.c.IndentManagementController -getScmHdrBasedDtl   method Start
				
2026-05-18 13:08:22 [http-nio-8495-exec-3] INFO  c.v.s.c.IndentManagementController -getIndentProjectDtlsByDate Controller  method Start
				
2026-05-18 13:08:22 [http-nio-8495-exec-7] INFO  c.v.g.services.impl.TileViewService -getSaleTileView  method start
				
2026-05-18 13:08:22 [http-nio-8495-exec-3] INFO  c.v.s.c.IndentManagementController -getIndentProjectDtlsByDate Controller  method end
				
2026-05-18 13:08:22 [http-nio-8495-exec-9] INFO  c.v.g.c.NotificationGeneralController -getNotificationDetails   method Start
				
2026-05-18 13:08:23 [http-nio-8495-exec-6] INFO  c.v.s.c.IndentManagementController -getScmHdrBasedDtl  method end
				
2026-05-18 13:08:23 [http-nio-8495-exec-7] INFO  c.v.g.c.StageManagementController -getSCMTitleView   method end
				
2026-05-18 13:08:23 [http-nio-8495-exec-10] INFO  c.v.g.c.NotificationGeneralController -getNotificationDetails   method Start
				
2026-05-18 13:08:23 [http-nio-8495-exec-2] INFO  c.v.g.c.NotificationGeneralController -getNotificationDetails   method Start
				
2026-05-18 13:08:26 [http-nio-8495-exec-6] INFO  c.v.s.c.IndentManagementController -getIndentProjectDtlsByDate Controller  method Start
				
2026-05-18 13:08:26 [http-nio-8495-exec-7] INFO  c.v.s.c.IndentManagementController -getScmHdrBasedDtl   method Start
				
2026-05-18 13:08:26 [http-nio-8495-exec-2] INFO  c.v.g.services.impl.TileViewService -getSaleTileView  method start
				
2026-05-18 13:08:26 [http-nio-8495-exec-6] INFO  c.v.s.c.IndentManagementController -getIndentProjectDtlsByDate Controller  method end
				
2026-05-18 13:08:26 [http-nio-8495-exec-8] INFO  c.v.g.c.NotificationGeneralController -getNotificationDetails   method Start
				
2026-05-18 13:08:26 [http-nio-8495-exec-9] INFO  c.v.g.c.NotificationGeneralController -getNotificationDetails   method Start
				
2026-05-18 13:08:26 [http-nio-8495-exec-6] INFO  c.v.g.c.NotificationGeneralController -getNotificationDetails   method Start
				
2026-05-18 13:08:27 [http-nio-8495-exec-7] INFO  c.v.s.c.IndentManagementController -getScmHdrBasedDtl  method end
				
2026-05-18 13:08:27 [http-nio-8495-exec-5] INFO  c.v.g.c.NotificationGeneralController -getNotificationDetails   method Start
				
2026-05-18 13:08:27 [http-nio-8495-exec-2] INFO  c.v.g.c.StageManagementController -getSCMTitleView   method end
				
2026-05-18 13:08:27 [http-nio-8495-exec-1] INFO  c.v.g.c.NotificationGeneralController -getNotificationDetails   method Start
				
2026-05-18 13:08:33 [http-nio-8495-exec-4] INFO  c.v.g.services.impl.TileViewService -getSaleTileView  method start
				
2026-05-18 13:08:33 [http-nio-8495-exec-3] INFO  c.v.s.c.IndentManagementController -getScmHdrBasedDtl   method Start
				
2026-05-18 13:08:33 [http-nio-8495-exec-3] INFO  c.v.s.c.IndentManagementController -getScmHdrBasedDtl  method end
				
2026-05-18 13:08:33 [http-nio-8495-exec-4] INFO  c.v.g.c.StageManagementController -getSCMTitleView   method end
				
2026-05-18 13:08:33 [http-nio-8495-exec-10] INFO  c.v.g.c.NotificationGeneralController -getNotificationDetails   method Start
				
2026-05-18 13:08:33 [http-nio-8495-exec-3] INFO  c.v.g.c.NotificationGeneralController -getNotificationDetails   method Start
				
2026-05-18 13:08:33 [http-nio-8495-exec-9] INFO  c.v.g.c.NotificationGeneralController -getNotificationDetails   method Start
				
2026-05-18 13:08:33 [http-nio-8495-exec-8] INFO  c.v.g.c.DepartmentAndEmployeeInfoController -getprocessAssignedTeam   method Start
				
2026-05-18 13:08:33 [http-nio-8495-exec-8] INFO  c.v.g.s.i.DepartmentAndEmployeeService -getprocessAssignedTeam  method start
				
2026-05-18 13:08:33 [http-nio-8495-exec-1] INFO  c.v.g.c.NotificationGeneralController -getNotificationDetails   method Start
				
2026-05-18 13:08:33 [http-nio-8495-exec-10] INFO  c.v.g.c.NotificationGeneralController -getNotificationDetails   method Start
				
2026-05-18 13:08:33 [http-nio-8495-exec-4] INFO  c.v.g.c.NotificationGeneralController -getNotificationDetails   method Start
				
2026-05-18 13:08:33 [http-nio-8495-exec-5] INFO  c.v.g.c.NotificationGeneralController -getNotificationDetails   method Start
				
2026-05-18 13:08:33 [http-nio-8495-exec-2] INFO  c.v.g.c.NotificationGeneralController -getNotificationDetails   method Start
				
2026-05-18 13:08:36 [http-nio-8495-exec-8] INFO  c.v.s.c.IndentManagementController -indentHdrDropDownByProjectCode Controller  method Start
				
2026-05-18 13:08:36 [http-nio-8495-exec-7] INFO  c.v.g.c.NotificationGeneralController -getNotificationDetails   method Start
				
2026-05-18 13:08:36 [http-nio-8495-exec-8] INFO  c.v.s.c.IndentManagementController -indentHdrDropDownByProjectCode Controller  method end
				
2026-05-18 13:08:36 [http-nio-8495-exec-1] INFO  c.v.g.c.NotificationGeneralController -getNotificationDetails   method Start
				
2026-05-18 13:08:36 [http-nio-8495-exec-10] INFO  c.v.g.c.NotificationGeneralController -getNotificationDetails   method Start
				
2026-05-18 13:08:38 [http-nio-8495-exec-5] INFO  c.v.s.c.IndentManagementController -indentHdrDropDownByProjectCode Controller  method Start
				
2026-05-18 13:08:38 [http-nio-8495-exec-4] INFO  com.vmfg.scm.controller.PoController -getPoHdrDtlsByIndentId Controller  method Start
				
2026-05-18 13:08:38 [http-nio-8495-exec-5] INFO  c.v.s.c.IndentManagementController -indentHdrDropDownByProjectCode Controller  method end
				
2026-05-18 13:08:38 [http-nio-8495-exec-2] INFO  c.v.g.c.NotificationGeneralController -getNotificationDetails   method Start
				
2026-05-18 13:08:38 [http-nio-8495-exec-4] INFO  com.vmfg.scm.controller.PoController -getPoHdrDtlsByIndentId Controller  method end
				
2026-05-18 13:08:38 [http-nio-8495-exec-3] INFO  c.v.g.c.NotificationGeneralController -getNotificationDetails   method Start
				
2026-05-18 13:08:41 [http-nio-8495-exec-1] INFO  com.vmfg.scm.services.impl.PoService -getHsnCodeByPartNo Service start 
				
2026-05-18 13:08:41 [http-nio-8495-exec-1] INFO  com.vmfg.scm.services.impl.PoService -getModeOfDispatchDesc Service end 
				
2026-05-18 13:08:41 [http-nio-8495-exec-9] INFO  com.vmfg.scm.services.impl.PoService -getDCTypeDtl Service start 
				
2026-05-18 13:08:41 [http-nio-8495-exec-9] INFO  com.vmfg.scm.services.impl.PoService -getDCTypeDtl Service end 
				
2026-05-18 13:08:41 [http-nio-8495-exec-10] INFO  com.vmfg.scm.services.impl.PoService -getTransitInsuranceDesc Service start 
				
2026-05-18 13:08:41 [http-nio-8495-exec-7] INFO  com.vmfg.scm.services.impl.PoService -getdivisionDesc Service start 
				
2026-05-18 13:08:41 [http-nio-8495-exec-10] INFO  com.vmfg.scm.services.impl.PoService -getTransitInsuranceDesc Service end 
				
2026-05-18 13:08:41 [http-nio-8495-exec-7] INFO  com.vmfg.scm.services.impl.PoService -getdivisionDesc Service end 
				
2026-05-18 13:08:41 [http-nio-8495-exec-8] INFO  com.vmfg.scm.services.impl.PoService -getInspectScopeDesc Service start 
				
2026-05-18 13:08:41 [http-nio-8495-exec-8] INFO  com.vmfg.scm.services.impl.PoService -getInspectScopeDesc Service end 
				
2026-05-18 13:08:41 [http-nio-8495-exec-9] INFO  com.vmfg.scm.services.impl.PoService -getInspectScopeDesc Service start 
				
2026-05-18 13:08:41 [http-nio-8495-exec-9] INFO  com.vmfg.scm.services.impl.PoService -getInspectScopeDesc Service end 
				
2026-05-18 13:08:41 [http-nio-8495-exec-4] INFO  com.vmfg.scm.services.impl.PoService -getHsnCodeByPartNo Service start 
				
2026-05-18 13:08:41 [http-nio-8495-exec-5] INFO  com.vmfg.scm.services.impl.PoService -getdivisionDesc Service start 
				
2026-05-18 13:08:41 [http-nio-8495-exec-4] INFO  com.vmfg.scm.services.impl.PoService -getModeOfDispatchDesc Service end 
				
2026-05-18 13:08:41 [http-nio-8495-exec-5] INFO  com.vmfg.scm.services.impl.PoService -getdivisionDesc Service end 
				
2026-05-18 13:08:41 [http-nio-8495-exec-2] INFO  c.v.g.c.NotificationGeneralController -getNotificationDetails   method Start
				
2026-05-18 13:08:41 [http-nio-8495-exec-8] INFO  com.vmfg.scm.services.impl.PoService -getTransitInsuranceDesc Service start 
				
2026-05-18 13:08:41 [http-nio-8495-exec-8] INFO  com.vmfg.scm.services.impl.PoService -getTransitInsuranceDesc Service end 
				
2026-05-18 13:08:41 [http-nio-8495-exec-3] INFO  com.vmfg.scm.services.impl.PoService -getDCTypeDtl Service start 
				
2026-05-18 13:08:41 [http-nio-8495-exec-3] INFO  com.vmfg.scm.services.impl.PoService -getDCTypeDtl Service end 
				
2026-05-18 13:08:41 [http-nio-8495-exec-10] INFO  c.v.g.c.NotificationGeneralController -getNotificationDetails   method Start
				
2026-05-18 13:08:41 [http-nio-8495-exec-7] INFO  c.v.g.c.NotificationGeneralController -getNotificationDetails   method Start
				
2026-05-18 13:08:41 [http-nio-8495-exec-9] INFO  c.v.g.c.NotificationGeneralController -getNotificationDetails   method Start
				
2026-05-18 13:08:41 [http-nio-8495-exec-1] ERROR com.vmfg.scm.dao.impl.PoDAO -getPaymentTermStatus error---> org.springframework.dao.EmptyResultDataAccessException: Incorrect result size: expected 1, actual 0
				
2026-05-18 13:08:41 [http-nio-8495-exec-6] ERROR com.vmfg.scm.dao.impl.PoDAO -getPaymentTermStatus error---> org.springframework.dao.EmptyResultDataAccessException: Incorrect result size: expected 1, actual 0
				
2026-05-18 13:08:41 [http-nio-8495-exec-4] INFO  c.v.g.c.NotificationGeneralController -getNotificationDetails   method Start
				
2026-05-18 13:08:41 [http-nio-8495-exec-5] INFO  c.v.g.c.NotificationGeneralController -getNotificationDetails   method Start
				
2026-05-18 13:08:41 [http-nio-8495-exec-1] INFO  c.v.g.c.NotificationGeneralController -getNotificationDetails   method Start
				
2026-05-18 13:08:41 [http-nio-8495-exec-8] INFO  c.v.g.c.NotificationGeneralController -getNotificationDetails   method Start
				
2026-05-18 13:08:41 [http-nio-8495-exec-3] INFO  c.v.g.c.NotificationGeneralController -getNotificationDetails   method Start
				
2026-05-18 13:08:41 [http-nio-8495-exec-6] INFO  c.v.g.c.NotificationGeneralController -getNotificationDetails   method Start
				
2026-05-18 13:08:41 [http-nio-8495-exec-9] INFO  c.v.g.c.NotificationGeneralController -getNotificationDetails   method Start
				
2026-05-18 13:08:41 [http-nio-8495-exec-7] INFO  c.v.g.c.NotificationGeneralController -getNotificationDetails   method Start
				
2026-05-18 13:08:45 [http-nio-8495-exec-10] INFO  c.vmfg.scm.controller.GrnController -getPoCostType Controller  method Start
				
2026-05-18 13:08:45 [http-nio-8495-exec-2] INFO  c.vmfg.scm.controller.GrnController -getGrnHdrDetails Controller  method Start
				
2026-05-18 13:08:45 [http-nio-8495-exec-10] INFO  c.vmfg.scm.controller.GrnController -getPoCostType  method end
				
2026-05-18 13:08:45 [http-nio-8495-exec-2] INFO  c.vmfg.scm.controller.GrnController -getGrnHdrDetails  method end
				
2026-05-18 13:08:45 [http-nio-8495-exec-2] INFO  c.v.g.c.NotificationGeneralController -getNotificationDetails   method Start
				
2026-05-18 13:08:45 [http-nio-8495-exec-4] INFO  c.v.g.c.NotificationGeneralController -getNotificationDetails   method Start
				
2026-05-18 13:09:22 [http-nio-8495-exec-5] INFO  c.v.finance.controller.PraController -InsertPRA   method Start
				
2026-05-18 13:09:22 [http-nio-8495-exec-5] ERROR com.vmfg.finance.dao.impl.PraDAO -InsertPraHdr Method Exception org.springframework.dao.DataIntegrityViolationException: PreparedStatementCallback; Data truncation: Data too long for column 'REMARKS' at row 1; nested exception is com.mysql.cj.jdbc.exceptions.MysqlDataTruncation: Data truncation: Data too long for column 'REMARKS' at row 1
				
2026-05-18 13:09:22 [http-nio-8495-exec-5] INFO  com.vmfg.util.CommonNotifyMethod -InvokeNotificationMethod: 1 55 null bgrn [PRA3847, 1096, E0143, BGRN/2026/1096/1] [] 1 5 0 DS54,DS42,DS10,DS11
				
2026-05-18 13:09:22 [http-nio-8495-exec-5] INFO  com.vmfg.util.NotificationRequest -notificationreq start
				
2026-05-18 13:09:22 [http-nio-8495-exec-5] INFO  com.vmfg.util.NotificationRequest -appdesigArrDS54DS54,DS42,DS10,DS11bgrn
				
2026-05-18 13:09:22 [http-nio-8495-exec-5] INFO  com.vmfg.util.NotificationRequest -appdesigArrDS42DS54,DS42,DS10,DS11bgrn
				
2026-05-18 13:09:22 [http-nio-8495-exec-5] INFO  com.vmfg.util.NotificationRequest -appdesigArrDS10DS54,DS42,DS10,DS11bgrn
				
2026-05-18 13:09:22 [http-nio-8495-exec-5] INFO  com.vmfg.util.NotificationRequest -appdesigArrDS11DS54,DS42,DS10,DS11bgrn
				
2026-05-18 13:09:22 [http-nio-8495-exec-5] INFO  com.vmfg.util.NotificationRequest -notificationreq end
				
2026-05-18 13:09:22 [http-nio-8495-exec-5] INFO  com.vmfg.util.DocumentApprovalInsert -InsertDocApprovalDtls starts
				
2026-05-18 13:09:22 [http-nio-8495-exec-5] INFO  com.vmfg.util.DocumentApprovalInsert -DocumentApprovalInsert insertHdrId 43938
				
2026-05-18 13:09:22 [http-nio-8495-exec-5] INFO  com.vmfg.util.DocumentApprovalInsert -InsertDocApprovalDtls end
				
2026-05-18 13:09:22 [http-nio-8495-exec-5] ERROR com.vmfg.scm.dao.impl.IndentGroupDAO -indentPoDtlDateTime Method Exception --->java.lang.NullPointerException
				
2026-05-18 13:09:22 [http-nio-8495-exec-5] ERROR c.v.finance.services.impl.PraService -PraService Service Method Error java.lang.NullPointerException
				
2026-05-18 13:09:22 [http-nio-8495-exec-5] INFO  c.v.finance.controller.PraController -InsertPRA   method end
				
2026-05-18 13:09:22 [http-nio-8495-exec-8] INFO  c.v.g.c.NotificationGeneralController -getNotificationDetails   method Start
				
2026-05-18 13:11:29 [http-nio-8495-exec-2] INFO  c.v.finance.controller.PraController -InsertPRA   method Start
				
2026-05-18 13:11:29 [http-nio-8495-exec-2] ERROR com.vmfg.finance.dao.impl.PraDAO -InsertPraHdr Method Exception org.springframework.dao.DataIntegrityViolationException: PreparedStatementCallback; Data truncation: Data too long for column 'REMARKS' at row 1; nested exception is com.mysql.cj.jdbc.exceptions.MysqlDataTruncation: Data truncation: Data too long for column 'REMARKS' at row 1
				
2026-05-18 13:11:29 [http-nio-8495-exec-2] INFO  com.vmfg.util.CommonNotifyMethod -InvokeNotificationMethod: 1 55 null bgrn [PRA3847, 1096, E0143, BGRN/2026/1096/1] [] 1 5 0 DS54,DS42,DS10,DS11
				
2026-05-18 13:11:29 [http-nio-8495-exec-2] INFO  com.vmfg.util.NotificationRequest -notificationreq start
				
2026-05-18 13:11:29 [http-nio-8495-exec-2] INFO  com.vmfg.util.NotificationRequest -appdesigArrDS54DS54,DS42,DS10,DS11bgrn
				
2026-05-18 13:11:29 [http-nio-8495-exec-2] INFO  com.vmfg.util.NotificationRequest -appdesigArrDS42DS54,DS42,DS10,DS11bgrn
				
2026-05-18 13:11:29 [http-nio-8495-exec-2] INFO  com.vmfg.util.NotificationRequest -appdesigArrDS10DS54,DS42,DS10,DS11bgrn
				
2026-05-18 13:11:29 [http-nio-8495-exec-2] INFO  com.vmfg.util.NotificationRequest -appdesigArrDS11DS54,DS42,DS10,DS11bgrn
				
2026-05-18 13:11:29 [http-nio-8495-exec-2] INFO  com.vmfg.util.NotificationRequest -notificationreq end
				
2026-05-18 13:11:29 [http-nio-8495-exec-2] INFO  com.vmfg.util.DocumentApprovalInsert -InsertDocApprovalDtls starts
				
2026-05-18 13:11:29 [http-nio-8495-exec-2] INFO  com.vmfg.util.DocumentApprovalInsert -DocumentApprovalInsert insertHdrId 43938
				
2026-05-18 13:11:29 [http-nio-8495-exec-2] INFO  com.vmfg.util.DocumentApprovalInsert -InsertDocApprovalDtls end
				
2026-05-18 13:11:29 [http-nio-8495-exec-2] ERROR com.vmfg.scm.dao.impl.IndentGroupDAO -indentPoDtlDateTime Method Exception --->java.lang.NullPointerException
				
2026-05-18 13:11:29 [http-nio-8495-exec-2] ERROR c.v.finance.services.impl.PraService -PraService Service Method Error java.lang.NullPointerException
				
2026-05-18 13:11:29 [http-nio-8495-exec-2] INFO  c.v.finance.controller.PraController -InsertPRA   method end
				
2026-05-18 13:11:29 [http-nio-8495-exec-4] INFO  c.v.g.c.NotificationGeneralController -getNotificationDetails   method Start
				
2026-05-18 13:18:48 [http-nio-8495-exec-7] INFO  c.v.g.c.NotificationGeneralController -getNotificationDetails   method Start
				
2026-05-18 13:18:48 [http-nio-8495-exec-1] INFO  c.v.g.c.NotificationGeneralController -getNotificationDetails   method Start
				
2026-05-18 13:18:48 [http-nio-8495-exec-6] INFO  c.v.g.c.NotificationGeneralController -getNotificationDetails   method Start
				
2026-05-18 13:18:48 [http-nio-8495-exec-4] INFO  c.v.s.c.IndentManagementController -getIndentProjectDtlsByDate Controller  method Start
				
2026-05-18 13:18:48 [http-nio-8495-exec-10] INFO  c.v.s.c.IndentManagementController -getScmHdrBasedDtl   method Start
				
2026-05-18 13:18:48 [http-nio-8495-exec-2] INFO  c.v.g.services.impl.TileViewService -getSaleTileView  method start
				
2026-05-18 13:18:48 [http-nio-8495-exec-4] INFO  c.v.s.c.IndentManagementController -getIndentProjectDtlsByDate Controller  method end
				
2026-05-18 13:18:48 [http-nio-8495-exec-5] INFO  c.v.g.c.NotificationGeneralController -getNotificationDetails   method Start
				
2026-05-18 13:18:49 [http-nio-8495-exec-10] INFO  c.v.s.c.IndentManagementController -getScmHdrBasedDtl  method end
				
2026-05-18 13:18:49 [http-nio-8495-exec-2] INFO  c.v.g.c.StageManagementController -getSCMTitleView   method end
				
2026-05-18 13:18:49 [http-nio-8495-exec-9] INFO  c.v.g.c.NotificationGeneralController -getNotificationDetails   method Start
				
2026-05-18 13:18:49 [http-nio-8495-exec-8] INFO  c.v.g.c.NotificationGeneralController -getNotificationDetails   method Start
				
2026-05-18 13:19:10 [http-nio-8495-exec-4] INFO  c.v.g.services.impl.TileViewService -getSaleTileView  method start
				
2026-05-18 13:19:10 [http-nio-8495-exec-3] INFO  c.v.s.c.IndentManagementController -getScmHdrBasedDtl   method Start
				
2026-05-18 13:19:10 [http-nio-8495-exec-3] INFO  c.v.s.c.IndentManagementController -getScmHdrBasedDtl  method end
				
2026-05-18 13:19:10 [http-nio-8495-exec-4] INFO  c.v.g.c.StageManagementController -getSCMTitleView   method end
				
2026-05-18 13:19:10 [http-nio-8495-exec-7] INFO  c.v.g.c.NotificationGeneralController -getNotificationDetails   method Start
				
2026-05-18 13:19:10 [http-nio-8495-exec-6] INFO  c.v.g.c.NotificationGeneralController -getNotificationDetails   method Start
				
2026-05-18 13:19:10 [http-nio-8495-exec-5] INFO  c.v.g.c.NotificationGeneralController -getNotificationDetails   method Start
				
2026-05-18 13:19:10 [http-nio-8495-exec-2] INFO  c.v.s.c.IndentManagementController -indentHdrDropDownByProjectCode Controller  method Start
				
2026-05-18 13:19:10 [http-nio-8495-exec-10] INFO  com.vmfg.scm.controller.PoController -getPoHdrDtlsByIndentId Controller  method Start
				
2026-05-18 13:19:10 [http-nio-8495-exec-2] INFO  c.v.s.c.IndentManagementController -indentHdrDropDownByProjectCode Controller  method end
				
2026-05-18 13:19:10 [http-nio-8495-exec-9] INFO  c.v.g.c.NotificationGeneralController -getNotificationDetails   method Start
				
2026-05-18 13:19:10 [http-nio-8495-exec-10] INFO  com.vmfg.scm.controller.PoController -getPoHdrDtlsByIndentId Controller  method end
				
2026-05-18 13:19:10 [http-nio-8495-exec-8] INFO  c.v.g.c.NotificationGeneralController -getNotificationDetails   method Start
				
2026-05-18 13:19:17 [http-nio-8495-exec-6] INFO  com.vmfg.scm.services.impl.PoService -getDCTypeDtl Service start 
				
2026-05-18 13:19:17 [http-nio-8495-exec-1] INFO  com.vmfg.scm.services.impl.PoService -getdivisionDesc Service start 
				
2026-05-18 13:19:17 [http-nio-8495-exec-2] INFO  com.vmfg.scm.services.impl.PoService -getTransitInsuranceDesc Service start 
				
2026-05-18 13:19:17 [http-nio-8495-exec-3] INFO  com.vmfg.scm.services.impl.PoService -getHsnCodeByPartNo Service start 
				
2026-05-18 13:19:17 [http-nio-8495-exec-7] INFO  com.vmfg.scm.services.impl.PoService -getInspectScopeDesc Service start 
				
2026-05-18 13:19:17 [http-nio-8495-exec-6] INFO  com.vmfg.scm.services.impl.PoService -getDCTypeDtl Service end 
				
2026-05-18 13:19:17 [http-nio-8495-exec-3] INFO  com.vmfg.scm.services.impl.PoService -getModeOfDispatchDesc Service end 
				
2026-05-18 13:19:17 [http-nio-8495-exec-1] INFO  com.vmfg.scm.services.impl.PoService -getdivisionDesc Service end 
				
2026-05-18 13:19:17 [http-nio-8495-exec-7] INFO  com.vmfg.scm.services.impl.PoService -getInspectScopeDesc Service end 
				
2026-05-18 13:19:17 [http-nio-8495-exec-2] INFO  com.vmfg.scm.services.impl.PoService -getTransitInsuranceDesc Service end 
				
2026-05-18 13:19:17 [http-nio-8495-exec-2] INFO  com.vmfg.scm.services.impl.PoService -getInspectScopeDesc Service start 
				
2026-05-18 13:19:17 [http-nio-8495-exec-5] INFO  com.vmfg.scm.services.impl.PoService -getdivisionDesc Service start 
				
2026-05-18 13:19:17 [http-nio-8495-exec-10] INFO  com.vmfg.scm.services.impl.PoService -getHsnCodeByPartNo Service start 
				
2026-05-18 13:19:17 [http-nio-8495-exec-2] INFO  com.vmfg.scm.services.impl.PoService -getInspectScopeDesc Service end 
				
2026-05-18 13:19:17 [http-nio-8495-exec-5] INFO  com.vmfg.scm.services.impl.PoService -getdivisionDesc Service end 
				
2026-05-18 13:19:17 [http-nio-8495-exec-1] INFO  com.vmfg.scm.services.impl.PoService -getTransitInsuranceDesc Service start 
				
2026-05-18 13:19:17 [http-nio-8495-exec-10] INFO  com.vmfg.scm.services.impl.PoService -getModeOfDispatchDesc Service end 
				
2026-05-18 13:19:17 [http-nio-8495-exec-1] INFO  com.vmfg.scm.services.impl.PoService -getTransitInsuranceDesc Service end 
				
2026-05-18 13:19:17 [http-nio-8495-exec-5] INFO  c.v.g.c.NotificationGeneralController -getNotificationDetails   method Start
				
2026-05-18 13:19:17 [http-nio-8495-exec-2] INFO  com.vmfg.scm.services.impl.PoService -getDCTypeDtl Service start 
				
2026-05-18 13:19:17 [http-nio-8495-exec-10] INFO  c.v.g.c.NotificationGeneralController -getNotificationDetails   method Start
				
2026-05-18 13:19:17 [http-nio-8495-exec-1] INFO  c.v.g.c.NotificationGeneralController -getNotificationDetails   method Start
				
2026-05-18 13:19:17 [http-nio-8495-exec-2] INFO  com.vmfg.scm.services.impl.PoService -getDCTypeDtl Service end 
				
2026-05-18 13:19:17 [http-nio-8495-exec-4] ERROR com.vmfg.scm.dao.impl.PoDAO -getPaymentTermStatus error---> org.springframework.dao.EmptyResultDataAccessException: Incorrect result size: expected 1, actual 0
				
2026-05-18 13:19:17 [http-nio-8495-exec-3] ERROR com.vmfg.scm.dao.impl.PoDAO -getPaymentTermStatus error---> org.springframework.dao.EmptyResultDataAccessException: Incorrect result size: expected 1, actual 0
				
2026-05-18 13:19:17 [http-nio-8495-exec-2] INFO  c.v.g.c.NotificationGeneralController -getNotificationDetails   method Start
				
2026-05-18 13:19:17 [http-nio-8495-exec-9] INFO  c.v.g.c.NotificationGeneralController -getNotificationDetails   method Start
				
2026-05-18 13:19:17 [http-nio-8495-exec-3] INFO  c.v.g.c.NotificationGeneralController -getNotificationDetails   method Start
				
2026-05-18 13:19:17 [http-nio-8495-exec-1] INFO  c.v.g.c.NotificationGeneralController -getNotificationDetails   method Start
				
2026-05-18 13:19:17 [http-nio-8495-exec-5] INFO  c.v.g.c.NotificationGeneralController -getNotificationDetails   method Start
				
2026-05-18 13:19:17 [http-nio-8495-exec-8] INFO  c.v.g.c.NotificationGeneralController -getNotificationDetails   method Start
				
2026-05-18 13:19:17 [http-nio-8495-exec-7] INFO  c.v.g.c.NotificationGeneralController -getNotificationDetails   method Start
				
2026-05-18 13:19:17 [http-nio-8495-exec-6] INFO  c.v.g.c.NotificationGeneralController -getNotificationDetails   method Start
				
2026-05-18 13:19:17 [http-nio-8495-exec-4] INFO  c.v.g.c.NotificationGeneralController -getNotificationDetails   method Start
				
2026-05-18 13:19:19 [http-nio-8495-exec-2] INFO  com.vmfg.scm.services.impl.PoService -getDCTypeDtl Service start 
				
2026-05-18 13:19:19 [http-nio-8495-exec-3] INFO  com.vmfg.scm.services.impl.PoService -getInspectScopeDesc Service start 
				
2026-05-18 13:19:19 [http-nio-8495-exec-9] INFO  com.vmfg.scm.services.impl.PoService -getdivisionDesc Service start 
				
2026-05-18 13:19:19 [http-nio-8495-exec-5] INFO  com.vmfg.scm.services.impl.PoService -getTransitInsuranceDesc Service start 
				
2026-05-18 13:19:19 [http-nio-8495-exec-2] INFO  com.vmfg.scm.services.impl.PoService -getDCTypeDtl Service end 
				
2026-05-18 13:19:19 [http-nio-8495-exec-9] INFO  com.vmfg.scm.services.impl.PoService -getdivisionDesc Service end 
				
2026-05-18 13:19:19 [http-nio-8495-exec-5] INFO  com.vmfg.scm.services.impl.PoService -getTransitInsuranceDesc Service end 
				
2026-05-18 13:19:19 [http-nio-8495-exec-3] INFO  com.vmfg.scm.services.impl.PoService -getInspectScopeDesc Service end 
				
2026-05-18 13:19:19 [http-nio-8495-exec-1] INFO  com.vmfg.scm.services.impl.PoService -getHsnCodeByPartNo Service start 
				
2026-05-18 13:19:19 [http-nio-8495-exec-1] INFO  com.vmfg.scm.services.impl.PoService -getModeOfDispatchDesc Service end 
				
2026-05-18 13:19:19 [http-nio-8495-exec-7] INFO  c.v.g.c.NotificationGeneralController -getNotificationDetails   method Start
				
2026-05-18 13:19:19 [http-nio-8495-exec-4] INFO  c.v.g.c.NotificationGeneralController -getNotificationDetails   method Start
				
2026-05-18 13:19:19 [http-nio-8495-exec-8] INFO  c.v.g.c.NotificationGeneralController -getNotificationDetails   method Start
				
2026-05-18 13:19:19 [http-nio-8495-exec-1] INFO  c.v.g.c.NotificationGeneralController -getNotificationDetails   method Start
				
2026-05-18 13:19:19 [http-nio-8495-exec-6] INFO  c.v.g.c.NotificationGeneralController -getNotificationDetails   method Start
				
2026-05-18 13:19:19 [http-nio-8495-exec-10] ERROR com.vmfg.scm.dao.impl.PoDAO -getPaymentTermStatus error---> org.springframework.dao.EmptyResultDataAccessException: Incorrect result size: expected 1, actual 0
				
2026-05-18 13:19:19 [http-nio-8495-exec-3] INFO  c.v.g.c.NotificationGeneralController -getNotificationDetails   method Start
				
2026-05-18 13:19:22 [http-nio-8495-exec-5] INFO  c.vmfg.scm.controller.GrnController -getGrnHdrDetails Controller  method Start
				
2026-05-18 13:19:22 [http-nio-8495-exec-9] INFO  c.vmfg.scm.controller.GrnController -getPoCostType Controller  method Start
				
2026-05-18 13:19:22 [http-nio-8495-exec-9] INFO  c.vmfg.scm.controller.GrnController -getPoCostType  method end
				
2026-05-18 13:19:22 [http-nio-8495-exec-5] INFO  c.vmfg.scm.controller.GrnController -getGrnHdrDetails  method end
				
2026-05-18 13:19:22 [http-nio-8495-exec-2] INFO  c.v.g.c.NotificationGeneralController -getNotificationDetails   method Start
				
2026-05-18 13:19:22 [http-nio-8495-exec-10] INFO  c.v.g.c.NotificationGeneralController -getNotificationDetails   method Start
				
2026-05-18 13:19:57 [http-nio-8495-exec-1] INFO  c.v.finance.controller.PraController -InsertPRA   method Start
				
2026-05-18 13:19:57 [http-nio-8495-exec-1] ERROR com.vmfg.finance.dao.impl.PraDAO -InsertPraHdr Method Exception org.springframework.dao.DataIntegrityViolationException: PreparedStatementCallback; Data truncation: Data too long for column 'REMARKS' at row 1; nested exception is com.mysql.cj.jdbc.exceptions.MysqlDataTruncation: Data truncation: Data too long for column 'REMARKS' at row 1
				
2026-05-18 13:19:57 [http-nio-8495-exec-1] INFO  com.vmfg.util.CommonNotifyMethod -InvokeNotificationMethod: 1 55 null bgrn [PRA3847, 1096, E0143, BGRN/2026/1096/1] [] 1 5 0 DS54,DS42,DS10,DS11
				
2026-05-18 13:19:57 [http-nio-8495-exec-1] INFO  com.vmfg.util.NotificationRequest -notificationreq start
				
2026-05-18 13:19:57 [http-nio-8495-exec-1] INFO  com.vmfg.util.NotificationRequest -appdesigArrDS54DS54,DS42,DS10,DS11bgrn
				
2026-05-18 13:19:57 [http-nio-8495-exec-1] INFO  com.vmfg.util.NotificationRequest -appdesigArrDS42DS54,DS42,DS10,DS11bgrn
				
2026-05-18 13:19:57 [http-nio-8495-exec-1] INFO  com.vmfg.util.NotificationRequest -appdesigArrDS10DS54,DS42,DS10,DS11bgrn
				
2026-05-18 13:19:57 [http-nio-8495-exec-1] INFO  com.vmfg.util.NotificationRequest -appdesigArrDS11DS54,DS42,DS10,DS11bgrn
				
2026-05-18 13:19:57 [http-nio-8495-exec-1] INFO  com.vmfg.util.NotificationRequest -notificationreq end
				
2026-05-18 13:19:57 [http-nio-8495-exec-1] INFO  com.vmfg.util.DocumentApprovalInsert -InsertDocApprovalDtls starts
				
2026-05-18 13:19:57 [http-nio-8495-exec-1] INFO  com.vmfg.util.DocumentApprovalInsert -DocumentApprovalInsert insertHdrId 43938
				
2026-05-18 13:19:57 [http-nio-8495-exec-1] INFO  com.vmfg.util.DocumentApprovalInsert -InsertDocApprovalDtls end
				
2026-05-18 13:19:57 [http-nio-8495-exec-1] ERROR com.vmfg.scm.dao.impl.IndentGroupDAO -indentPoDtlDateTime Method Exception --->java.lang.NullPointerException
				
2026-05-18 13:19:57 [http-nio-8495-exec-1] ERROR c.v.finance.services.impl.PraService -PraService Service Method Error java.lang.NullPointerException
				
2026-05-18 13:19:57 [http-nio-8495-exec-1] INFO  c.v.finance.controller.PraController -InsertPRA   method end
				
2026-05-18 13:19:57 [http-nio-8495-exec-6] INFO  c.v.g.c.NotificationGeneralController -getNotificationDetails   method Start
				
2026-05-18 13:22:56 [SpringApplicationShutdownHook] INFO  com.zaxxer.hikari.HikariDataSource -HikariPool-1 - Shutdown initiated...
				
2026-05-18 13:22:56 [SpringApplicationShutdownHook] INFO  com.zaxxer.hikari.HikariDataSource -HikariPool-1 - Shutdown completed.
				
2026-05-18 13:23:02 [background-preinit] INFO  o.h.validator.internal.util.Version -HV000001: Hibernate Validator 6.2.3.Final
				
2026-05-18 13:23:03 [restartedMain] INFO  o.s.boot.SpringApplication -

                                ooooooo &&&&&&&&                              
                              oo     oo &.     &                              
                    ooooooo  oo      oo &:     &&                             
                 oo        oooo      oo &&       *&&&&  &&&&&&                
               oo            oo      oo &&                    &&&             
              oo                     oo &&&&&                  &o             
              oo                     oo &&     &&&&&           &              
              oo           ooo       oo &&           &&&       &&             
           ooooo           o:        oo &&              &        &&           
       ooo     *oo       oo          oo &&                        &&&&&&&     
     oo           ooooooo            oo &&                              &&    
    o&                                      &&&&*       &&               &&   
   oo                                            &&       &&              &&  
   o     ooooo                  @     @@    @@     &&:     &&           &&    
  oo ooo       ooo          @@@@@@@@@@@@@@@@@@@@@    &&     &&         &&     
  ooo            oo         @@ @@@ @@@@@@@@@@@  @     &&     &&         &     
  oo               o      @@@@ @@@ @@@@@@@@@@@  @@@    &&     &         &&    
  o&               oo       @@ @@@ @@@@@@@@@@@  @       &     &         &&    
  oo               oo       @@ @@ @ @@@@        @       &&                &&& 
  oo                      @@@@ @@@@@@@@@@@@@@@  @@@:    &&                  &&
  oo                        @@ @@@@@@@@@@@ @@@  @       &&        o&        &&
   o                        @@ @@@@@ @@@  @@@@  @       &         &&        &.
   oo                     @@@@ @@@ @@@@@@@@@@@  @@@@   &          &    .&&&&  
    o         oooo          @@                  @     &.         &&    &&     
    oo    ooo      &oo          @     @@    @@      &&          &&    &&      
     oo oo            oo        @     @     @@    &&           &&    &&       
      ooo              oo                      &&&           &&      &&       
         oooooooo       oo           oo &&&&&&              &&         &      
              oo        oo           oo &&         &      &&           &&     
              o        :o            oo &&  .&&&&&     &&.           &&       
              o       oo             oo &&                    &&&&&&&&        
              oo    ooo              oo &&                  &&                
                oo                   oo &&                &&                  
                  oo        oooo     oo &&                &                   
                     ooooooo  &o     oo &&      &&&       &                   
                                oo   oo && :&&&   .&& &&&*                    
                                   &ooo &&&                                   

==============================================
SmartRun Product by SmartRun Tech. All rights reserved.
==============================================
Application Version : 2.6.7
Application Title : SmartRun MES
Contact : support@smartruntech.com
==============================================

				
2026-05-18 13:23:03 [restartedMain] INFO  com.vmfg.VMFGApplication -Starting VMFGApplication using Java 1.8.0_482 on Peachs-Mac-mini.local with PID 3866 (/Users/peach/Spring_Boot_Projects/bgr/OneDrive_1_4-15-2026/BGR-SOURCE_CODE/SmartRun_ProjectManagement_Java/SR_Management/target/classes started by peach in /Users/peach/Spring_Boot_Projects/bgr/OneDrive_1_4-15-2026/BGR-SOURCE_CODE/SmartRun_ProjectManagement_Java/SR_Management)
				
2026-05-18 13:23:03 [restartedMain] INFO  com.vmfg.VMFGApplication -The following 1 profile is active: "dev"
				
2026-05-18 13:23:03 [restartedMain] INFO  o.s.b.d.e.DevToolsPropertyDefaultsPostProcessor -Devtools property defaults active! Set 'spring.devtools.add-properties' to 'false' to disable
				
2026-05-18 13:23:03 [restartedMain] INFO  o.s.b.d.e.DevToolsPropertyDefaultsPostProcessor -For additional web related logging consider setting the 'logging.level.web' property to 'DEBUG'
				
2026-05-18 13:23:05 [restartedMain] INFO  o.s.d.r.c.RepositoryConfigurationDelegate -Bootstrapping Spring Data JDBC repositories in DEFAULT mode.
				
2026-05-18 13:23:06 [restartedMain] INFO  o.s.d.r.c.RepositoryConfigurationDelegate -Finished Spring Data repository scanning in 107 ms. Found 0 JDBC repository interfaces.
				
2026-05-18 13:23:07 [restartedMain] INFO  o.s.b.w.e.tomcat.TomcatWebServer -Tomcat initialized with port(s): 8495 (http)
				
2026-05-18 13:23:07 [restartedMain] INFO  o.a.coyote.http11.Http11NioProtocol -Initializing ProtocolHandler ["http-nio-8495"]
				
2026-05-18 13:23:07 [restartedMain] INFO  o.a.catalina.core.StandardService -Starting service [Tomcat]
				
2026-05-18 13:23:07 [restartedMain] INFO  o.a.catalina.core.StandardEngine -Starting Servlet engine: [Apache Tomcat/9.0.63]
				
2026-05-18 13:23:07 [restartedMain] INFO  o.a.c.c.C.[.[localhost].[/smartrun] -Initializing Spring embedded WebApplicationContext
				
2026-05-18 13:23:07 [restartedMain] INFO  o.s.b.w.s.c.ServletWebServerApplicationContext -Root WebApplicationContext: initialization completed in 3655 ms
				
2026-05-18 13:23:10 [restartedMain] INFO  s.d.s.w.PropertySourcedRequestMappingHandlerMapping -Mapped URL path [/v2/api-docs] onto method [springfox.documentation.swagger2.web.Swagger2Controller#getDocumentation(String, HttpServletRequest)]
				
2026-05-18 13:23:10 [restartedMain] INFO  o.s.s.web.DefaultSecurityFilterChain -Will secure any request with [org.springframework.security.web.session.DisableEncodeUrlFilter@46670a5f, org.springframework.security.web.context.request.async.WebAsyncManagerIntegrationFilter@15667cf0, org.springframework.security.web.context.SecurityContextPersistenceFilter@c791b46, org.springframework.security.web.header.HeaderWriterFilter@55a1326a, org.springframework.web.filter.CorsFilter@70d2ca62, org.springframework.security.web.authentication.logout.LogoutFilter@2dbdd12d, com.vmfg.security.config.JwtRequestFilter@7a59feb9, org.springframework.security.web.savedrequest.RequestCacheAwareFilter@3334fc1c, org.springframework.security.web.servletapi.SecurityContextHolderAwareRequestFilter@772e4c6d, org.springframework.security.web.authentication.AnonymousAuthenticationFilter@594f9318, org.springframework.security.web.session.SessionManagementFilter@67ac188e, org.springframework.security.web.access.ExceptionTranslationFilter@32cefb29, org.springframework.security.web.access.intercept.FilterSecurityInterceptor@5ee10c9b]
				
2026-05-18 13:23:10 [restartedMain] INFO  o.s.b.d.a.OptionalLiveReloadServer -LiveReload server is running on port 35729
				
2026-05-18 13:23:11 [restartedMain] INFO  com.zaxxer.hikari.HikariDataSource -HikariPool-1 - Starting...
				
2026-05-18 13:23:11 [restartedMain] INFO  com.zaxxer.hikari.HikariDataSource -HikariPool-1 - Start completed.
				
2026-05-18 13:23:11 [restartedMain] INFO  o.a.coyote.http11.Http11NioProtocol -Starting ProtocolHandler ["http-nio-8495"]
				
2026-05-18 13:23:11 [restartedMain] INFO  o.s.b.w.e.tomcat.TomcatWebServer -Tomcat started on port(s): 8495 (http) with context path '/smartrun'
				
2026-05-18 13:23:11 [restartedMain] INFO  s.d.s.w.p.DocumentationPluginsBootstrapper -Context refreshed
				
2026-05-18 13:23:11 [restartedMain] INFO  s.d.s.w.p.DocumentationPluginsBootstrapper -Found 1 custom documentation plugin(s)
				
2026-05-18 13:23:12 [restartedMain] INFO  s.d.s.w.s.ApiListingReferenceScanner -Scanning for api listing references
				
2026-05-18 13:23:13 [restartedMain] INFO  s.d.s.w.r.o.CachingOperationNameGenerator -Generating unique operation named: insertOrUpdateSalesBudgetSheetHdrAndDtlUsingPOST_1
				
2026-05-18 13:23:13 [restartedMain] INFO  s.d.s.w.r.o.CachingOperationNameGenerator -Generating unique operation named: getVendorDetailHdrViewUsingPOST_1
				
2026-05-18 13:23:13 [restartedMain] INFO  s.d.s.w.r.o.CachingOperationNameGenerator -Generating unique operation named: updateUserRoleMappingUsingPOST_1
				
2026-05-18 13:23:13 [restartedMain] INFO  com.vmfg.VMFGApplication -Started VMFGApplication in 11.454 seconds (JVM running for 12.224)
				
2026-05-18 13:23:13 [main] ERROR com.vmfg.VMFGApplication -SmartRun Application Start Exception--->org.springframework.boot.devtools.restart.SilentExitExceptionHandler$SilentExitException
				
2026-05-18 13:23:35 [http-nio-8495-exec-1] INFO  o.a.c.c.C.[.[localhost].[/smartrun] -Initializing Spring DispatcherServlet 'dispatcherServlet'
				
2026-05-18 13:23:35 [http-nio-8495-exec-1] INFO  o.s.web.servlet.DispatcherServlet -Initializing Servlet 'dispatcherServlet'
				
2026-05-18 13:23:35 [http-nio-8495-exec-1] INFO  o.s.web.servlet.DispatcherServlet -Completed initialization in 7 ms
				
2026-05-18 13:23:36 [http-nio-8495-exec-1] ERROR com.vmfg.scm.dao.impl.PoDAO -getPaymentTermStatus error---> org.springframework.dao.EmptyResultDataAccessException: Incorrect result size: expected 1, actual 0
				
2026-05-18 13:23:36 [http-nio-8495-exec-2] INFO  c.v.g.c.NotificationGeneralController -getNotificationDetails   method Start
				
2026-05-18 13:23:37 [http-nio-8495-exec-3] INFO  c.v.g.c.NotificationGeneralController -getNotificationDetails   method Start
				
2026-05-18 13:23:37 [http-nio-8495-exec-6] INFO  c.v.g.c.NotificationGeneralController -getNotificationDetails   method Start
				
2026-05-18 13:23:37 [http-nio-8495-exec-7] INFO  c.v.g.c.NotificationGeneralController -getNotificationDetails   method Start
				
2026-05-18 13:23:37 [http-nio-8495-exec-9] INFO  com.vmfg.scm.controller.PoController -getPoHdrDtlsByIndentId Controller  method Start
				
2026-05-18 13:23:37 [http-nio-8495-exec-8] INFO  c.v.s.c.IndentManagementController -indentHdrDropDownByProjectCode Controller  method Start
				
2026-05-18 13:23:37 [http-nio-8495-exec-8] INFO  c.v.s.c.IndentManagementController -indentHdrDropDownByProjectCode Controller  method end
				
2026-05-18 13:23:37 [http-nio-8495-exec-10] INFO  c.v.g.c.NotificationGeneralController -getNotificationDetails   method Start
				
2026-05-18 13:23:38 [http-nio-8495-exec-9] INFO  com.vmfg.scm.controller.PoController -getPoHdrDtlsByIndentId Controller  method end
				
2026-05-18 13:23:38 [http-nio-8495-exec-1] INFO  c.v.g.c.NotificationGeneralController -getNotificationDetails   method Start
				
2026-05-18 13:23:41 [http-nio-8495-exec-6] INFO  com.vmfg.scm.services.impl.PoService -getDCTypeDtl Service start 
				
2026-05-18 13:23:41 [http-nio-8495-exec-8] INFO  com.vmfg.scm.services.impl.PoService -getdivisionDesc Service start 
				
2026-05-18 13:23:41 [http-nio-8495-exec-5] INFO  com.vmfg.scm.services.impl.PoService -getHsnCodeByPartNo Service start 
				
2026-05-18 13:23:41 [http-nio-8495-exec-4] INFO  com.vmfg.scm.services.impl.PoService -getInspectScopeDesc Service start 
				
2026-05-18 13:23:41 [http-nio-8495-exec-3] INFO  com.vmfg.scm.services.impl.PoService -getTransitInsuranceDesc Service start 
				
2026-05-18 13:23:41 [http-nio-8495-exec-8] INFO  com.vmfg.scm.services.impl.PoService -getdivisionDesc Service end 
				
2026-05-18 13:23:41 [http-nio-8495-exec-5] INFO  com.vmfg.scm.services.impl.PoService -getModeOfDispatchDesc Service end 
				
2026-05-18 13:23:41 [http-nio-8495-exec-3] INFO  com.vmfg.scm.services.impl.PoService -getTransitInsuranceDesc Service end 
				
2026-05-18 13:23:41 [http-nio-8495-exec-4] INFO  com.vmfg.scm.services.impl.PoService -getInspectScopeDesc Service end 
				
2026-05-18 13:23:41 [http-nio-8495-exec-6] INFO  com.vmfg.scm.services.impl.PoService -getDCTypeDtl Service end 
				
2026-05-18 13:23:42 [http-nio-8495-exec-7] INFO  com.vmfg.scm.services.impl.PoService -getHsnCodeByPartNo Service start 
				
2026-05-18 13:23:42 [http-nio-8495-exec-6] INFO  com.vmfg.scm.services.impl.PoService -getInspectScopeDesc Service start 
				
2026-05-18 13:23:42 [http-nio-8495-exec-8] INFO  com.vmfg.scm.services.impl.PoService -getdivisionDesc Service start 
				
2026-05-18 13:23:42 [http-nio-8495-exec-10] INFO  com.vmfg.scm.services.impl.PoService -getTransitInsuranceDesc Service start 
				
2026-05-18 13:23:42 [http-nio-8495-exec-7] INFO  com.vmfg.scm.services.impl.PoService -getModeOfDispatchDesc Service end 
				
2026-05-18 13:23:42 [http-nio-8495-exec-8] INFO  com.vmfg.scm.services.impl.PoService -getdivisionDesc Service end 
				
2026-05-18 13:23:42 [http-nio-8495-exec-10] INFO  com.vmfg.scm.services.impl.PoService -getTransitInsuranceDesc Service end 
				
2026-05-18 13:23:42 [http-nio-8495-exec-6] INFO  com.vmfg.scm.services.impl.PoService -getInspectScopeDesc Service end 
				
2026-05-18 13:23:42 [http-nio-8495-exec-7] INFO  com.vmfg.scm.services.impl.PoService -getDCTypeDtl Service start 
				
2026-05-18 13:23:42 [http-nio-8495-exec-9] INFO  c.v.g.c.NotificationGeneralController -getNotificationDetails   method Start
				
2026-05-18 13:23:42 [http-nio-8495-exec-6] INFO  c.v.g.c.NotificationGeneralController -getNotificationDetails   method Start
				
2026-05-18 13:23:42 [http-nio-8495-exec-8] INFO  c.v.g.c.NotificationGeneralController -getNotificationDetails   method Start
				
2026-05-18 13:23:42 [http-nio-8495-exec-7] INFO  com.vmfg.scm.services.impl.PoService -getDCTypeDtl Service end 
				
2026-05-18 13:23:42 [http-nio-8495-exec-1] INFO  c.v.g.c.NotificationGeneralController -getNotificationDetails   method Start
				
2026-05-18 13:23:42 [http-nio-8495-exec-2] ERROR com.vmfg.scm.dao.impl.PoDAO -getPaymentTermStatus error---> org.springframework.dao.EmptyResultDataAccessException: Incorrect result size: expected 1, actual 0
				
2026-05-18 13:23:42 [http-nio-8495-exec-5] ERROR com.vmfg.scm.dao.impl.PoDAO -getPaymentTermStatus error---> org.springframework.dao.EmptyResultDataAccessException: Incorrect result size: expected 1, actual 0
				
2026-05-18 13:23:42 [http-nio-8495-exec-4] INFO  c.v.g.c.NotificationGeneralController -getNotificationDetails   method Start
				
2026-05-18 13:23:42 [http-nio-8495-exec-2] INFO  c.v.g.c.NotificationGeneralController -getNotificationDetails   method Start
				
2026-05-18 13:23:42 [http-nio-8495-exec-8] INFO  c.v.g.c.NotificationGeneralController -getNotificationDetails   method Start
				
2026-05-18 13:23:42 [http-nio-8495-exec-3] INFO  c.v.g.c.NotificationGeneralController -getNotificationDetails   method Start
				
2026-05-18 13:23:42 [http-nio-8495-exec-10] INFO  c.v.g.c.NotificationGeneralController -getNotificationDetails   method Start
				
2026-05-18 13:23:42 [http-nio-8495-exec-1] INFO  c.v.g.c.NotificationGeneralController -getNotificationDetails   method Start
				
2026-05-18 13:23:42 [http-nio-8495-exec-7] INFO  c.v.g.c.NotificationGeneralController -getNotificationDetails   method Start
				
2026-05-18 13:23:42 [http-nio-8495-exec-5] INFO  c.v.g.c.NotificationGeneralController -getNotificationDetails   method Start
				
2026-05-18 13:23:45 [http-nio-8495-exec-6] INFO  c.vmfg.scm.controller.GrnController -getGrnHdrDetails Controller  method Start
				
2026-05-18 13:23:45 [http-nio-8495-exec-9] INFO  c.vmfg.scm.controller.GrnController -getPoCostType Controller  method Start
				
2026-05-18 13:23:45 [http-nio-8495-exec-9] INFO  c.vmfg.scm.controller.GrnController -getPoCostType  method end
				
2026-05-18 13:23:45 [http-nio-8495-exec-6] INFO  c.vmfg.scm.controller.GrnController -getGrnHdrDetails  method end
				
2026-05-18 13:23:45 [http-nio-8495-exec-2] INFO  c.v.g.c.NotificationGeneralController -getNotificationDetails   method Start
				
2026-05-18 13:23:45 [http-nio-8495-exec-4] INFO  c.v.g.c.NotificationGeneralController -getNotificationDetails   method Start
				
2026-05-18 13:24:16 [http-nio-8495-exec-3] INFO  c.v.finance.controller.PraController -InsertPRA   method Start
				
2026-05-18 13:24:16 [http-nio-8495-exec-3] ERROR com.vmfg.finance.dao.impl.PraDAO -InsertPraHdr Method Exception org.springframework.dao.DataIntegrityViolationException: PreparedStatementCallback; Data truncation: Data too long for column 'REMARKS' at row 1; nested exception is com.mysql.cj.jdbc.exceptions.MysqlDataTruncation: Data truncation: Data too long for column 'REMARKS' at row 1
				
2026-05-18 13:24:16 [http-nio-8495-exec-3] INFO  com.vmfg.util.CommonNotifyMethod -InvokeNotificationMethod: 1 55 null bgrn [PRA3847, 1096, E0143, BGRN/2026/1096/1] [] 1 5 0 DS54,DS42,DS10,DS11
				
2026-05-18 13:24:16 [http-nio-8495-exec-3] INFO  com.vmfg.util.NotificationRequest -notificationreq start
				
2026-05-18 13:24:16 [http-nio-8495-exec-3] INFO  com.vmfg.util.NotificationRequest -appdesigArrDS54DS54,DS42,DS10,DS11bgrn
				
2026-05-18 13:24:16 [http-nio-8495-exec-3] INFO  com.vmfg.util.NotificationRequest -appdesigArrDS42DS54,DS42,DS10,DS11bgrn
				
2026-05-18 13:24:16 [http-nio-8495-exec-3] INFO  com.vmfg.util.NotificationRequest -appdesigArrDS10DS54,DS42,DS10,DS11bgrn
				
2026-05-18 13:24:16 [http-nio-8495-exec-3] INFO  com.vmfg.util.NotificationRequest -appdesigArrDS11DS54,DS42,DS10,DS11bgrn
				
2026-05-18 13:24:16 [http-nio-8495-exec-3] INFO  com.vmfg.util.NotificationRequest -notificationreq end
				
2026-05-18 13:24:16 [http-nio-8495-exec-3] INFO  com.vmfg.util.DocumentApprovalInsert -InsertDocApprovalDtls starts
				
2026-05-18 13:24:16 [http-nio-8495-exec-3] INFO  com.vmfg.util.DocumentApprovalInsert -DocumentApprovalInsert insertHdrId 43938
				
2026-05-18 13:24:16 [http-nio-8495-exec-3] INFO  com.vmfg.util.DocumentApprovalInsert -InsertDocApprovalDtls end
				
2026-05-18 13:24:16 [http-nio-8495-exec-3] ERROR com.vmfg.scm.dao.impl.IndentGroupDAO -indentPoDtlDateTime Method Exception --->java.lang.NullPointerException
				
2026-05-18 13:24:16 [http-nio-8495-exec-3] ERROR c.v.finance.services.impl.PraService -PraService Service Method Error java.lang.NullPointerException
				
2026-05-18 13:24:16 [http-nio-8495-exec-3] INFO  c.v.finance.controller.PraController -InsertPRA   method end
				
2026-05-18 13:24:16 [http-nio-8495-exec-8] INFO  c.v.g.c.NotificationGeneralController -getNotificationDetails   method Start
				
2026-05-18 13:29:42 [http-nio-8495-exec-1] INFO  c.v.g.c.NotificationGeneralController -getNotificationDetails   method Start
				
2026-05-18 13:29:42 [http-nio-8495-exec-5] INFO  c.v.g.c.NotificationGeneralController -getNotificationDetails   method Start
				
2026-05-18 13:29:42 [http-nio-8495-exec-8] INFO  c.v.g.c.NotificationGeneralController -getNotificationDetails   method Start
				
2026-05-18 13:29:42 [http-nio-8495-exec-7] INFO  com.vmfg.scm.controller.PoController -getPoHdrDtlsByIndentId Controller  method Start
				
2026-05-18 13:29:42 [http-nio-8495-exec-10] INFO  c.v.s.c.IndentManagementController -indentHdrDropDownByProjectCode Controller  method Start
				
2026-05-18 13:29:42 [http-nio-8495-exec-10] INFO  c.v.s.c.IndentManagementController -indentHdrDropDownByProjectCode Controller  method end
				
2026-05-18 13:29:42 [http-nio-8495-exec-9] INFO  c.v.g.c.NotificationGeneralController -getNotificationDetails   method Start
				
2026-05-18 13:29:42 [http-nio-8495-exec-7] INFO  com.vmfg.scm.controller.PoController -getPoHdrDtlsByIndentId Controller  method end
				
2026-05-18 13:29:42 [http-nio-8495-exec-6] INFO  c.v.g.c.NotificationGeneralController -getNotificationDetails   method Start
				
2026-05-18 13:29:48 [http-nio-8495-exec-10] INFO  c.v.g.c.NotificationGeneralController -getNotificationDetails   method Start
				
2026-05-18 13:29:48 [http-nio-8495-exec-5] INFO  c.v.g.c.NotificationGeneralController -getNotificationDetails   method Start
				
2026-05-18 13:29:48 [http-nio-8495-exec-1] INFO  c.v.g.c.NotificationGeneralController -getNotificationDetails   method Start
				
2026-05-18 13:29:48 [http-nio-8495-exec-9] INFO  c.v.s.c.IndentManagementController -indentHdrDropDownByProjectCode Controller  method Start
				
2026-05-18 13:29:48 [http-nio-8495-exec-8] INFO  com.vmfg.scm.controller.PoController -getPoHdrDtlsByIndentId Controller  method Start
				
2026-05-18 13:29:48 [http-nio-8495-exec-9] INFO  c.v.s.c.IndentManagementController -indentHdrDropDownByProjectCode Controller  method end
				
2026-05-18 13:29:48 [http-nio-8495-exec-7] INFO  c.v.g.c.NotificationGeneralController -getNotificationDetails   method Start
				
2026-05-18 13:29:48 [http-nio-8495-exec-8] INFO  com.vmfg.scm.controller.PoController -getPoHdrDtlsByIndentId Controller  method end
				
2026-05-18 13:29:48 [http-nio-8495-exec-6] INFO  c.v.g.c.NotificationGeneralController -getNotificationDetails   method Start
				
2026-05-18 13:29:57 [http-nio-8495-exec-2] INFO  c.v.g.c.NotificationGeneralController -getNotificationDetails   method Start
				
2026-05-18 13:29:57 [http-nio-8495-exec-7] INFO  com.vmfg.scm.controller.PoController -getPoHdrDtlsByIndentId Controller  method Start
				
2026-05-18 13:29:57 [http-nio-8495-exec-5] INFO  c.v.g.c.NotificationGeneralController -getNotificationDetails   method Start
				
2026-05-18 13:29:57 [http-nio-8495-exec-10] INFO  c.v.s.c.IndentManagementController -indentHdrDropDownByProjectCode Controller  method Start
				
2026-05-18 13:29:57 [http-nio-8495-exec-9] INFO  c.v.g.c.NotificationGeneralController -getNotificationDetails   method Start
				
2026-05-18 13:29:57 [http-nio-8495-exec-10] INFO  c.v.s.c.IndentManagementController -indentHdrDropDownByProjectCode Controller  method end
				
2026-05-18 13:29:57 [http-nio-8495-exec-1] INFO  c.v.g.c.NotificationGeneralController -getNotificationDetails   method Start
				
2026-05-18 13:29:57 [http-nio-8495-exec-7] INFO  com.vmfg.scm.controller.PoController -getPoHdrDtlsByIndentId Controller  method end
				
2026-05-18 13:29:57 [http-nio-8495-exec-8] INFO  c.v.g.c.NotificationGeneralController -getNotificationDetails   method Start
				
2026-05-18 13:30:14 [SpringApplicationShutdownHook] INFO  com.zaxxer.hikari.HikariDataSource -HikariPool-1 - Shutdown initiated...
				
2026-05-18 13:30:14 [SpringApplicationShutdownHook] INFO  com.zaxxer.hikari.HikariDataSource -HikariPool-1 - Shutdown completed.
				
2026-05-18 13:30:29 [background-preinit] INFO  o.h.validator.internal.util.Version -HV000001: Hibernate Validator 6.2.3.Final
				
2026-05-18 13:30:30 [restartedMain] INFO  o.s.boot.SpringApplication -

                                ooooooo &&&&&&&&                              
                              oo     oo &.     &                              
                    ooooooo  oo      oo &:     &&                             
                 oo        oooo      oo &&       *&&&&  &&&&&&                
               oo            oo      oo &&                    &&&             
              oo                     oo &&&&&                  &o             
              oo                     oo &&     &&&&&           &              
              oo           ooo       oo &&           &&&       &&             
           ooooo           o:        oo &&              &        &&           
       ooo     *oo       oo          oo &&                        &&&&&&&     
     oo           ooooooo            oo &&                              &&    
    o&                                      &&&&*       &&               &&   
   oo                                            &&       &&              &&  
   o     ooooo                  @     @@    @@     &&:     &&           &&    
  oo ooo       ooo          @@@@@@@@@@@@@@@@@@@@@    &&     &&         &&     
  ooo            oo         @@ @@@ @@@@@@@@@@@  @     &&     &&         &     
  oo               o      @@@@ @@@ @@@@@@@@@@@  @@@    &&     &         &&    
  o&               oo       @@ @@@ @@@@@@@@@@@  @       &     &         &&    
  oo               oo       @@ @@ @ @@@@        @       &&                &&& 
  oo                      @@@@ @@@@@@@@@@@@@@@  @@@:    &&                  &&
  oo                        @@ @@@@@@@@@@@ @@@  @       &&        o&        &&
   o                        @@ @@@@@ @@@  @@@@  @       &         &&        &.
   oo                     @@@@ @@@ @@@@@@@@@@@  @@@@   &          &    .&&&&  
    o         oooo          @@                  @     &.         &&    &&     
    oo    ooo      &oo          @     @@    @@      &&          &&    &&      
     oo oo            oo        @     @     @@    &&           &&    &&       
      ooo              oo                      &&&           &&      &&       
         oooooooo       oo           oo &&&&&&              &&         &      
              oo        oo           oo &&         &      &&           &&     
              o        :o            oo &&  .&&&&&     &&.           &&       
              o       oo             oo &&                    &&&&&&&&        
              oo    ooo              oo &&                  &&                
                oo                   oo &&                &&                  
                  oo        oooo     oo &&                &                   
                     ooooooo  &o     oo &&      &&&       &                   
                                oo   oo && :&&&   .&& &&&*                    
                                   &ooo &&&                                   

==============================================
SmartRun Product by SmartRun Tech. All rights reserved.
==============================================
Application Version : 2.6.7
Application Title : SmartRun MES
Contact : support@smartruntech.com
==============================================

				
2026-05-18 13:30:30 [restartedMain] INFO  com.vmfg.VMFGApplication -Starting VMFGApplication using Java 1.8.0_482 on Peachs-Mac-mini.local with PID 4029 (/Users/peach/Spring_Boot_Projects/bgr/OneDrive_1_4-15-2026/BGR-SOURCE_CODE/SmartRun_ProjectManagement_Java/SR_Management/target/classes started by peach in /Users/peach/Spring_Boot_Projects/bgr/OneDrive_1_4-15-2026/BGR-SOURCE_CODE/SmartRun_ProjectManagement_Java/SR_Management)
				
2026-05-18 13:30:30 [restartedMain] INFO  com.vmfg.VMFGApplication -The following 1 profile is active: "dev"
				
2026-05-18 13:30:30 [restartedMain] INFO  o.s.b.d.e.DevToolsPropertyDefaultsPostProcessor -Devtools property defaults active! Set 'spring.devtools.add-properties' to 'false' to disable
				
2026-05-18 13:30:30 [restartedMain] INFO  o.s.b.d.e.DevToolsPropertyDefaultsPostProcessor -For additional web related logging consider setting the 'logging.level.web' property to 'DEBUG'
				
2026-05-18 13:30:32 [restartedMain] INFO  o.s.d.r.c.RepositoryConfigurationDelegate -Bootstrapping Spring Data JDBC repositories in DEFAULT mode.
				
2026-05-18 13:30:32 [restartedMain] INFO  o.s.d.r.c.RepositoryConfigurationDelegate -Finished Spring Data repository scanning in 92 ms. Found 0 JDBC repository interfaces.
				
2026-05-18 13:30:33 [restartedMain] INFO  o.s.b.w.e.tomcat.TomcatWebServer -Tomcat initialized with port(s): 8495 (http)
				
2026-05-18 13:30:33 [restartedMain] INFO  o.a.coyote.http11.Http11NioProtocol -Initializing ProtocolHandler ["http-nio-8495"]
				
2026-05-18 13:30:33 [restartedMain] INFO  o.a.catalina.core.StandardService -Starting service [Tomcat]
				
2026-05-18 13:30:33 [restartedMain] INFO  o.a.catalina.core.StandardEngine -Starting Servlet engine: [Apache Tomcat/9.0.63]
				
2026-05-18 13:30:33 [restartedMain] INFO  o.a.c.c.C.[.[localhost].[/smartrun] -Initializing Spring embedded WebApplicationContext
				
2026-05-18 13:30:33 [restartedMain] INFO  o.s.b.w.s.c.ServletWebServerApplicationContext -Root WebApplicationContext: initialization completed in 3483 ms
				
2026-05-18 13:30:37 [restartedMain] INFO  s.d.s.w.PropertySourcedRequestMappingHandlerMapping -Mapped URL path [/v2/api-docs] onto method [springfox.documentation.swagger2.web.Swagger2Controller#getDocumentation(String, HttpServletRequest)]
				
2026-05-18 13:30:37 [restartedMain] INFO  o.s.s.web.DefaultSecurityFilterChain -Will secure any request with [org.springframework.security.web.session.DisableEncodeUrlFilter@20e0686d, org.springframework.security.web.context.request.async.WebAsyncManagerIntegrationFilter@1a1f495b, org.springframework.security.web.context.SecurityContextPersistenceFilter@739e6f31, org.springframework.security.web.header.HeaderWriterFilter@50445dd7, org.springframework.web.filter.CorsFilter@4e02a51e, org.springframework.security.web.authentication.logout.LogoutFilter@64d7a086, com.vmfg.security.config.JwtRequestFilter@710e31e8, org.springframework.security.web.savedrequest.RequestCacheAwareFilter@28ad473e, org.springframework.security.web.servletapi.SecurityContextHolderAwareRequestFilter@7c1d85fb, org.springframework.security.web.authentication.AnonymousAuthenticationFilter@100cabdb, org.springframework.security.web.session.SessionManagementFilter@6f6f72f3, org.springframework.security.web.access.ExceptionTranslationFilter@3ea579a8, org.springframework.security.web.access.intercept.FilterSecurityInterceptor@4f8ad035]
				
2026-05-18 13:30:37 [restartedMain] INFO  o.s.b.d.a.OptionalLiveReloadServer -LiveReload server is running on port 35729
				
2026-05-18 13:30:37 [restartedMain] INFO  com.zaxxer.hikari.HikariDataSource -HikariPool-1 - Starting...
				
2026-05-18 13:30:37 [restartedMain] INFO  com.zaxxer.hikari.HikariDataSource -HikariPool-1 - Start completed.
				
2026-05-18 13:30:38 [restartedMain] INFO  o.a.coyote.http11.Http11NioProtocol -Starting ProtocolHandler ["http-nio-8495"]
				
2026-05-18 13:30:38 [restartedMain] INFO  o.s.b.w.e.tomcat.TomcatWebServer -Tomcat started on port(s): 8495 (http) with context path '/smartrun'
				
2026-05-18 13:30:38 [restartedMain] INFO  s.d.s.w.p.DocumentationPluginsBootstrapper -Context refreshed
				
2026-05-18 13:30:38 [restartedMain] INFO  s.d.s.w.p.DocumentationPluginsBootstrapper -Found 1 custom documentation plugin(s)
				
2026-05-18 13:30:38 [restartedMain] INFO  s.d.s.w.s.ApiListingReferenceScanner -Scanning for api listing references
				
2026-05-18 13:30:39 [restartedMain] INFO  s.d.s.w.r.o.CachingOperationNameGenerator -Generating unique operation named: insertOrUpdateSalesBudgetSheetHdrAndDtlUsingPOST_1
				
2026-05-18 13:30:39 [restartedMain] INFO  s.d.s.w.r.o.CachingOperationNameGenerator -Generating unique operation named: getVendorDetailHdrViewUsingPOST_1
				
2026-05-18 13:30:40 [restartedMain] INFO  s.d.s.w.r.o.CachingOperationNameGenerator -Generating unique operation named: updateUserRoleMappingUsingPOST_1
				
2026-05-18 13:30:40 [restartedMain] INFO  com.vmfg.VMFGApplication -Started VMFGApplication in 11.255 seconds (JVM running for 12.015)
				
2026-05-18 13:30:40 [main] ERROR com.vmfg.VMFGApplication -SmartRun Application Start Exception--->org.springframework.boot.devtools.restart.SilentExitExceptionHandler$SilentExitException
				
2026-05-18 13:31:13 [http-nio-8495-exec-3] INFO  o.a.c.c.C.[.[localhost].[/smartrun] -Initializing Spring DispatcherServlet 'dispatcherServlet'
				
2026-05-18 13:31:13 [http-nio-8495-exec-3] INFO  o.s.web.servlet.DispatcherServlet -Initializing Servlet 'dispatcherServlet'
				
2026-05-18 13:31:14 [http-nio-8495-exec-3] INFO  o.s.web.servlet.DispatcherServlet -Completed initialization in 19 ms
				
2026-05-18 13:31:14 [http-nio-8495-exec-4] INFO  c.v.g.c.NotificationGeneralController -getNotificationDetails   method Start
				
2026-05-18 13:31:14 [http-nio-8495-exec-5] INFO  c.v.g.c.NotificationGeneralController -getNotificationDetails   method Start
				
2026-05-18 13:31:14 [http-nio-8495-exec-6] INFO  c.v.g.c.NotificationGeneralController -getNotificationDetails   method Start
				
2026-05-18 13:31:15 [http-nio-8495-exec-7] INFO  c.v.s.c.IndentManagementController -getScmHdrBasedDtl   method Start
				
2026-05-18 13:31:15 [http-nio-8495-exec-9] INFO  c.v.g.services.impl.TileViewService -getSaleTileView  method start
				
2026-05-18 13:31:15 [http-nio-8495-exec-8] INFO  c.v.s.c.IndentManagementController -getIndentProjectDtlsByDate Controller  method Start
				
2026-05-18 13:31:15 [http-nio-8495-exec-8] INFO  c.v.s.c.IndentManagementController -getIndentProjectDtlsByDate Controller  method end
				
2026-05-18 13:31:15 [http-nio-8495-exec-8] INFO  c.v.g.c.NotificationGeneralController -getNotificationDetails   method Start
				
2026-05-18 13:31:16 [http-nio-8495-exec-7] INFO  c.v.s.c.IndentManagementController -getScmHdrBasedDtl  method end
				
2026-05-18 13:31:16 [http-nio-8495-exec-9] INFO  c.v.g.c.StageManagementController -getSCMTitleView   method end
				
2026-05-18 13:31:16 [http-nio-8495-exec-2] INFO  c.v.g.c.NotificationGeneralController -getNotificationDetails   method Start
				
2026-05-18 13:31:16 [http-nio-8495-exec-3] INFO  c.v.g.c.NotificationGeneralController -getNotificationDetails   method Start
				
2026-05-18 13:31:30 [http-nio-8495-exec-4] INFO  c.v.g.services.impl.TileViewService -getSaleTileView  method start
				
2026-05-18 13:31:30 [http-nio-8495-exec-1] INFO  c.v.s.c.IndentManagementController -getScmHdrBasedDtl   method Start
				
2026-05-18 13:31:30 [http-nio-8495-exec-1] INFO  c.v.s.c.IndentManagementController -getScmHdrBasedDtl  method end
				
2026-05-18 13:31:30 [http-nio-8495-exec-4] INFO  c.v.g.c.StageManagementController -getSCMTitleView   method end
				
2026-05-18 13:31:30 [http-nio-8495-exec-5] INFO  c.v.g.c.NotificationGeneralController -getNotificationDetails   method Start
				
2026-05-18 13:31:30 [http-nio-8495-exec-10] INFO  c.v.g.c.NotificationGeneralController -getNotificationDetails   method Start
				
2026-05-18 13:31:30 [http-nio-8495-exec-8] INFO  c.v.g.c.NotificationGeneralController -getNotificationDetails   method Start
				
2026-05-18 13:31:30 [http-nio-8495-exec-7] INFO  c.v.s.c.IndentManagementController -indentHdrDropDownByProjectCode Controller  method Start
				
2026-05-18 13:31:30 [http-nio-8495-exec-9] INFO  com.vmfg.scm.controller.PoController -getPoHdrDtlsByIndentId Controller  method Start
				
2026-05-18 13:31:30 [http-nio-8495-exec-7] INFO  c.v.s.c.IndentManagementController -indentHdrDropDownByProjectCode Controller  method end
				
2026-05-18 13:31:30 [http-nio-8495-exec-2] INFO  c.v.g.c.NotificationGeneralController -getNotificationDetails   method Start
				
2026-05-18 13:31:31 [http-nio-8495-exec-9] INFO  com.vmfg.scm.controller.PoController -getPoHdrDtlsByIndentId Controller  method end
				
2026-05-18 13:31:31 [http-nio-8495-exec-3] INFO  c.v.g.c.NotificationGeneralController -getNotificationDetails   method Start
				
2026-05-18 13:31:33 [http-nio-8495-exec-1] INFO  com.vmfg.scm.services.impl.PoService -getDCTypeDtl Service start 
				
2026-05-18 13:31:33 [http-nio-8495-exec-1] INFO  com.vmfg.scm.services.impl.PoService -getDCTypeDtl Service end 
				
2026-05-18 13:31:33 [http-nio-8495-exec-6] INFO  com.vmfg.scm.services.impl.PoService -getdivisionDesc Service start 
				
2026-05-18 13:31:33 [http-nio-8495-exec-7] INFO  com.vmfg.scm.services.impl.PoService -getTransitInsuranceDesc Service start 
				
2026-05-18 13:31:33 [http-nio-8495-exec-10] INFO  com.vmfg.scm.services.impl.PoService -getHsnCodeByPartNo Service start 
				
2026-05-18 13:31:33 [http-nio-8495-exec-5] INFO  com.vmfg.scm.services.impl.PoService -getInspectScopeDesc Service start 
				
2026-05-18 13:31:33 [http-nio-8495-exec-10] INFO  com.vmfg.scm.services.impl.PoService -getModeOfDispatchDesc Service end 
				
2026-05-18 13:31:33 [http-nio-8495-exec-7] INFO  com.vmfg.scm.services.impl.PoService -getTransitInsuranceDesc Service end 
				
2026-05-18 13:31:33 [http-nio-8495-exec-5] INFO  com.vmfg.scm.services.impl.PoService -getInspectScopeDesc Service end 
				
2026-05-18 13:31:33 [http-nio-8495-exec-6] INFO  com.vmfg.scm.services.impl.PoService -getdivisionDesc Service end 
				
2026-05-18 13:31:33 [http-nio-8495-exec-10] INFO  com.vmfg.scm.services.impl.PoService -getInspectScopeDesc Service start 
				
2026-05-18 13:31:33 [http-nio-8495-exec-9] INFO  com.vmfg.scm.services.impl.PoService -getTransitInsuranceDesc Service start 
				
2026-05-18 13:31:33 [http-nio-8495-exec-2] INFO  com.vmfg.scm.services.impl.PoService -getHsnCodeByPartNo Service start 
				
2026-05-18 13:31:33 [http-nio-8495-exec-8] INFO  com.vmfg.scm.services.impl.PoService -getdivisionDesc Service start 
				
2026-05-18 13:31:33 [http-nio-8495-exec-2] INFO  com.vmfg.scm.services.impl.PoService -getModeOfDispatchDesc Service end 
				
2026-05-18 13:31:33 [http-nio-8495-exec-10] INFO  com.vmfg.scm.services.impl.PoService -getInspectScopeDesc Service end 
				
2026-05-18 13:31:33 [http-nio-8495-exec-8] INFO  com.vmfg.scm.services.impl.PoService -getdivisionDesc Service end 
				
2026-05-18 13:31:33 [http-nio-8495-exec-9] INFO  com.vmfg.scm.services.impl.PoService -getTransitInsuranceDesc Service end 
				
2026-05-18 13:31:33 [http-nio-8495-exec-9] INFO  com.vmfg.scm.services.impl.PoService -getDCTypeDtl Service start 
				
2026-05-18 13:31:33 [http-nio-8495-exec-2] INFO  c.v.g.c.NotificationGeneralController -getNotificationDetails   method Start
				
2026-05-18 13:31:33 [http-nio-8495-exec-8] INFO  c.v.g.c.NotificationGeneralController -getNotificationDetails   method Start
				
2026-05-18 13:31:33 [http-nio-8495-exec-10] INFO  c.v.g.c.NotificationGeneralController -getNotificationDetails   method Start
				
2026-05-18 13:31:33 [http-nio-8495-exec-9] INFO  com.vmfg.scm.services.impl.PoService -getDCTypeDtl Service end 
				
2026-05-18 13:31:33 [http-nio-8495-exec-4] ERROR com.vmfg.scm.dao.impl.PoDAO -getPaymentTermStatus error---> org.springframework.dao.EmptyResultDataAccessException: Incorrect result size: expected 1, actual 0
				
2026-05-18 13:31:33 [http-nio-8495-exec-3] INFO  c.v.g.c.NotificationGeneralController -getNotificationDetails   method Start
				
2026-05-18 13:31:33 [http-nio-8495-exec-6] ERROR com.vmfg.scm.dao.impl.PoDAO -getPaymentTermStatus error---> org.springframework.dao.EmptyResultDataAccessException: Incorrect result size: expected 1, actual 0
				
2026-05-18 13:31:33 [http-nio-8495-exec-4] INFO  c.v.g.c.NotificationGeneralController -getNotificationDetails   method Start
				
2026-05-18 13:31:33 [http-nio-8495-exec-6] INFO  c.v.g.c.NotificationGeneralController -getNotificationDetails   method Start
				
2026-05-18 13:31:33 [http-nio-8495-exec-5] INFO  c.v.g.c.NotificationGeneralController -getNotificationDetails   method Start
				
2026-05-18 13:31:33 [http-nio-8495-exec-7] INFO  c.v.g.c.NotificationGeneralController -getNotificationDetails   method Start
				
2026-05-18 13:31:33 [http-nio-8495-exec-9] INFO  c.v.g.c.NotificationGeneralController -getNotificationDetails   method Start
				
2026-05-18 13:31:33 [http-nio-8495-exec-1] INFO  c.v.g.c.NotificationGeneralController -getNotificationDetails   method Start
				
2026-05-18 13:31:33 [http-nio-8495-exec-4] INFO  c.v.g.c.NotificationGeneralController -getNotificationDetails   method Start
				
2026-05-18 13:31:33 [http-nio-8495-exec-2] INFO  c.v.g.c.NotificationGeneralController -getNotificationDetails   method Start
				
2026-05-18 13:31:36 [http-nio-8495-exec-10] INFO  c.vmfg.scm.controller.GrnController -getPoCostType Controller  method Start
				
2026-05-18 13:31:36 [http-nio-8495-exec-3] INFO  c.vmfg.scm.controller.GrnController -getGrnHdrDetails Controller  method Start
				
2026-05-18 13:31:36 [http-nio-8495-exec-10] INFO  c.vmfg.scm.controller.GrnController -getPoCostType  method end
				
2026-05-18 13:31:36 [http-nio-8495-exec-3] INFO  c.vmfg.scm.controller.GrnController -getGrnHdrDetails  method end
				
2026-05-18 13:31:36 [http-nio-8495-exec-8] INFO  c.v.g.c.NotificationGeneralController -getNotificationDetails   method Start
				
2026-05-18 13:31:36 [http-nio-8495-exec-6] INFO  c.v.g.c.NotificationGeneralController -getNotificationDetails   method Start
				
2026-05-18 13:32:06 [http-nio-8495-exec-5] INFO  c.v.finance.controller.PraController -InsertPRA   method Start
				
2026-05-18 13:32:06 [http-nio-8495-exec-5] ERROR com.vmfg.finance.dao.impl.PraDAO -InsertPraHdr Method Exception org.springframework.dao.DataIntegrityViolationException: PreparedStatementCallback; Data truncation: Data too long for column 'REMARKS' at row 1; nested exception is com.mysql.cj.jdbc.exceptions.MysqlDataTruncation: Data truncation: Data too long for column 'REMARKS' at row 1
				
2026-05-18 13:32:06 [http-nio-8495-exec-5] INFO  com.vmfg.util.CommonNotifyMethod -InvokeNotificationMethod: 1 55 null bgrn [PRA3847, 1096, E0143, BGRN/2026/1096/1] [] 1 5 0 DS54,DS42,DS10,DS11
				
2026-05-18 13:32:06 [http-nio-8495-exec-5] INFO  com.vmfg.util.NotificationRequest -notificationreq start
				
2026-05-18 13:32:06 [http-nio-8495-exec-5] INFO  com.vmfg.util.NotificationRequest -appdesigArrDS54DS54,DS42,DS10,DS11bgrn
				
2026-05-18 13:32:06 [http-nio-8495-exec-5] INFO  com.vmfg.util.NotificationRequest -appdesigArrDS42DS54,DS42,DS10,DS11bgrn
				
2026-05-18 13:32:06 [http-nio-8495-exec-5] INFO  com.vmfg.util.NotificationRequest -appdesigArrDS10DS54,DS42,DS10,DS11bgrn
				
2026-05-18 13:32:06 [http-nio-8495-exec-5] INFO  com.vmfg.util.NotificationRequest -appdesigArrDS11DS54,DS42,DS10,DS11bgrn
				
2026-05-18 13:32:06 [http-nio-8495-exec-5] INFO  com.vmfg.util.NotificationRequest -notificationreq end
				
2026-05-18 13:32:06 [http-nio-8495-exec-5] INFO  com.vmfg.util.DocumentApprovalInsert -InsertDocApprovalDtls starts
				
2026-05-18 13:32:06 [http-nio-8495-exec-5] INFO  com.vmfg.util.DocumentApprovalInsert -DocumentApprovalInsert insertHdrId 43938
				
2026-05-18 13:32:06 [http-nio-8495-exec-5] INFO  com.vmfg.util.DocumentApprovalInsert -InsertDocApprovalDtls end
				
2026-05-18 13:32:06 [http-nio-8495-exec-5] ERROR com.vmfg.scm.dao.impl.IndentGroupDAO -indentPoDtlDateTime Method Exception --->java.lang.NullPointerException
				
2026-05-18 13:32:06 [http-nio-8495-exec-5] ERROR c.v.finance.services.impl.PraService -PraService Service Method Error java.lang.NullPointerException
				
2026-05-18 13:32:06 [http-nio-8495-exec-5] INFO  c.v.finance.controller.PraController -InsertPRA   method end
				
2026-05-18 13:32:06 [http-nio-8495-exec-9] INFO  c.v.g.c.NotificationGeneralController -getNotificationDetails   method Start
				
2026-05-18 13:35:53 [SpringApplicationShutdownHook] INFO  com.zaxxer.hikari.HikariDataSource -HikariPool-1 - Shutdown initiated...
				
2026-05-18 13:35:54 [SpringApplicationShutdownHook] INFO  com.zaxxer.hikari.HikariDataSource -HikariPool-1 - Shutdown completed.
				
2026-05-18 13:36:00 [background-preinit] INFO  o.h.validator.internal.util.Version -HV000001: Hibernate Validator 6.2.3.Final
				
2026-05-18 13:36:01 [restartedMain] INFO  o.s.boot.SpringApplication -

                                ooooooo &&&&&&&&                              
                              oo     oo &.     &                              
                    ooooooo  oo      oo &:     &&                             
                 oo        oooo      oo &&       *&&&&  &&&&&&                
               oo            oo      oo &&                    &&&             
              oo                     oo &&&&&                  &o             
              oo                     oo &&     &&&&&           &              
              oo           ooo       oo &&           &&&       &&             
           ooooo           o:        oo &&              &        &&           
       ooo     *oo       oo          oo &&                        &&&&&&&     
     oo           ooooooo            oo &&                              &&    
    o&                                      &&&&*       &&               &&   
   oo                                            &&       &&              &&  
   o     ooooo                  @     @@    @@     &&:     &&           &&    
  oo ooo       ooo          @@@@@@@@@@@@@@@@@@@@@    &&     &&         &&     
  ooo            oo         @@ @@@ @@@@@@@@@@@  @     &&     &&         &     
  oo               o      @@@@ @@@ @@@@@@@@@@@  @@@    &&     &         &&    
  o&               oo       @@ @@@ @@@@@@@@@@@  @       &     &         &&    
  oo               oo       @@ @@ @ @@@@        @       &&                &&& 
  oo                      @@@@ @@@@@@@@@@@@@@@  @@@:    &&                  &&
  oo                        @@ @@@@@@@@@@@ @@@  @       &&        o&        &&
   o                        @@ @@@@@ @@@  @@@@  @       &         &&        &.
   oo                     @@@@ @@@ @@@@@@@@@@@  @@@@   &          &    .&&&&  
    o         oooo          @@                  @     &.         &&    &&     
    oo    ooo      &oo          @     @@    @@      &&          &&    &&      
     oo oo            oo        @     @     @@    &&           &&    &&       
      ooo              oo                      &&&           &&      &&       
         oooooooo       oo           oo &&&&&&              &&         &      
              oo        oo           oo &&         &      &&           &&     
              o        :o            oo &&  .&&&&&     &&.           &&       
              o       oo             oo &&                    &&&&&&&&        
              oo    ooo              oo &&                  &&                
                oo                   oo &&                &&                  
                  oo        oooo     oo &&                &                   
                     ooooooo  &o     oo &&      &&&       &                   
                                oo   oo && :&&&   .&& &&&*                    
                                   &ooo &&&                                   

==============================================
SmartRun Product by SmartRun Tech. All rights reserved.
==============================================
Application Version : 2.6.7
Application Title : SmartRun MES
Contact : support@smartruntech.com
==============================================

				
2026-05-18 13:36:01 [restartedMain] INFO  com.vmfg.VMFGApplication -Starting VMFGApplication using Java 1.8.0_482 on Peachs-Mac-mini.local with PID 4211 (/Users/peach/Spring_Boot_Projects/bgr/OneDrive_1_4-15-2026/BGR-SOURCE_CODE/SmartRun_ProjectManagement_Java/SR_Management/target/classes started by peach in /Users/peach/Spring_Boot_Projects/bgr/OneDrive_1_4-15-2026/BGR-SOURCE_CODE/SmartRun_ProjectManagement_Java/SR_Management)
				
2026-05-18 13:36:01 [restartedMain] INFO  com.vmfg.VMFGApplication -The following 1 profile is active: "dev"
				
2026-05-18 13:36:01 [restartedMain] INFO  o.s.b.d.e.DevToolsPropertyDefaultsPostProcessor -Devtools property defaults active! Set 'spring.devtools.add-properties' to 'false' to disable
				
2026-05-18 13:36:01 [restartedMain] INFO  o.s.b.d.e.DevToolsPropertyDefaultsPostProcessor -For additional web related logging consider setting the 'logging.level.web' property to 'DEBUG'
				
2026-05-18 13:36:03 [restartedMain] INFO  o.s.d.r.c.RepositoryConfigurationDelegate -Bootstrapping Spring Data JDBC repositories in DEFAULT mode.
				
2026-05-18 13:36:03 [restartedMain] INFO  o.s.d.r.c.RepositoryConfigurationDelegate -Finished Spring Data repository scanning in 102 ms. Found 0 JDBC repository interfaces.
				
2026-05-18 13:36:05 [restartedMain] INFO  o.s.b.w.e.tomcat.TomcatWebServer -Tomcat initialized with port(s): 8495 (http)
				
2026-05-18 13:36:05 [restartedMain] INFO  o.a.coyote.http11.Http11NioProtocol -Initializing ProtocolHandler ["http-nio-8495"]
				
2026-05-18 13:36:05 [restartedMain] INFO  o.a.catalina.core.StandardService -Starting service [Tomcat]
				
2026-05-18 13:36:05 [restartedMain] INFO  o.a.catalina.core.StandardEngine -Starting Servlet engine: [Apache Tomcat/9.0.63]
				
2026-05-18 13:36:05 [restartedMain] INFO  o.a.c.c.C.[.[localhost].[/smartrun] -Initializing Spring embedded WebApplicationContext
				
2026-05-18 13:36:05 [restartedMain] INFO  o.s.b.w.s.c.ServletWebServerApplicationContext -Root WebApplicationContext: initialization completed in 3622 ms
				
2026-05-18 13:36:08 [restartedMain] INFO  s.d.s.w.PropertySourcedRequestMappingHandlerMapping -Mapped URL path [/v2/api-docs] onto method [springfox.documentation.swagger2.web.Swagger2Controller#getDocumentation(String, HttpServletRequest)]
				
2026-05-18 13:36:08 [restartedMain] INFO  o.s.s.web.DefaultSecurityFilterChain -Will secure any request with [org.springframework.security.web.session.DisableEncodeUrlFilter@3d6178ed, org.springframework.security.web.context.request.async.WebAsyncManagerIntegrationFilter@44825764, org.springframework.security.web.context.SecurityContextPersistenceFilter@5a0fb503, org.springframework.security.web.header.HeaderWriterFilter@579dde0c, org.springframework.web.filter.CorsFilter@403f4e0d, org.springframework.security.web.authentication.logout.LogoutFilter@364229f2, com.vmfg.security.config.JwtRequestFilter@5c787e3d, org.springframework.security.web.savedrequest.RequestCacheAwareFilter@1f930aa9, org.springframework.security.web.servletapi.SecurityContextHolderAwareRequestFilter@4d13588c, org.springframework.security.web.authentication.AnonymousAuthenticationFilter@2a6aa685, org.springframework.security.web.session.SessionManagementFilter@6475d615, org.springframework.security.web.access.ExceptionTranslationFilter@70f02d80, org.springframework.security.web.access.intercept.FilterSecurityInterceptor@6d1e8f21]
				
2026-05-18 13:36:08 [restartedMain] INFO  o.s.b.d.a.OptionalLiveReloadServer -LiveReload server is running on port 35729
				
2026-05-18 13:36:08 [restartedMain] INFO  com.zaxxer.hikari.HikariDataSource -HikariPool-1 - Starting...
				
2026-05-18 13:36:09 [restartedMain] INFO  com.zaxxer.hikari.HikariDataSource -HikariPool-1 - Start completed.
				
2026-05-18 13:36:09 [restartedMain] INFO  o.a.coyote.http11.Http11NioProtocol -Starting ProtocolHandler ["http-nio-8495"]
				
2026-05-18 13:36:10 [restartedMain] INFO  o.s.b.w.e.tomcat.TomcatWebServer -Tomcat started on port(s): 8495 (http) with context path '/smartrun'
				
2026-05-18 13:36:10 [restartedMain] INFO  s.d.s.w.p.DocumentationPluginsBootstrapper -Context refreshed
				
2026-05-18 13:36:10 [restartedMain] INFO  s.d.s.w.p.DocumentationPluginsBootstrapper -Found 1 custom documentation plugin(s)
				
2026-05-18 13:36:10 [restartedMain] INFO  s.d.s.w.s.ApiListingReferenceScanner -Scanning for api listing references
				
2026-05-18 13:36:11 [restartedMain] INFO  s.d.s.w.r.o.CachingOperationNameGenerator -Generating unique operation named: insertOrUpdateSalesBudgetSheetHdrAndDtlUsingPOST_1
				
2026-05-18 13:36:11 [restartedMain] INFO  s.d.s.w.r.o.CachingOperationNameGenerator -Generating unique operation named: getVendorDetailHdrViewUsingPOST_1
				
2026-05-18 13:36:11 [restartedMain] INFO  s.d.s.w.r.o.CachingOperationNameGenerator -Generating unique operation named: updateUserRoleMappingUsingPOST_1
				
2026-05-18 13:36:11 [restartedMain] INFO  com.vmfg.VMFGApplication -Started VMFGApplication in 11.457 seconds (JVM running for 12.192)
				
2026-05-18 13:36:11 [main] ERROR com.vmfg.VMFGApplication -SmartRun Application Start Exception--->org.springframework.boot.devtools.restart.SilentExitExceptionHandler$SilentExitException
				
2026-05-18 13:36:17 [http-nio-8495-exec-2] INFO  o.a.c.c.C.[.[localhost].[/smartrun] -Initializing Spring DispatcherServlet 'dispatcherServlet'
				
2026-05-18 13:36:17 [http-nio-8495-exec-2] INFO  o.s.web.servlet.DispatcherServlet -Initializing Servlet 'dispatcherServlet'
				
2026-05-18 13:36:17 [http-nio-8495-exec-2] INFO  o.s.web.servlet.DispatcherServlet -Completed initialization in 4 ms
				
2026-05-18 13:36:17 [http-nio-8495-exec-2] INFO  c.v.finance.controller.PraController -InsertPRA   method Start
				
2026-05-18 13:36:17 [http-nio-8495-exec-2] INFO  c.v.finance.services.impl.PraService -[PRA-A] raw: gst=0.000, igst=126000, pf=0.000, transport=0.00, insurance=0.000, other=0.000, invoice=700000, isLast=0, potId=10889
				
2026-05-18 13:36:17 [http-nio-8495-exec-2] INFO  c.v.finance.services.impl.PraService -[PRA-B] BigDecimal OK: gst=0.000, igst=126000, pf=0.000, transport=0.00, insurance=0.000, other=0.000, invoice=700000, total=826000.000
				
2026-05-18 13:36:18 [http-nio-8495-exec-2] ERROR com.vmfg.finance.dao.impl.PraDAO -InsertPraHdr Method Exception org.springframework.dao.DataIntegrityViolationException: PreparedStatementCallback; Data truncation: Data too long for column 'REMARKS' at row 1; nested exception is com.mysql.cj.jdbc.exceptions.MysqlDataTruncation: Data truncation: Data too long for column 'REMARKS' at row 1
				
2026-05-18 13:36:18 [http-nio-8495-exec-2] INFO  c.v.finance.services.impl.PraService -[PRA-C] InsertPraHdr done: praHdrId=0
				
2026-05-18 13:36:18 [http-nio-8495-exec-2] INFO  c.v.finance.services.impl.PraService -[PRA-D] nextApprDesig=DS54,DS42,DS10,DS11
				
2026-05-18 13:36:18 [http-nio-8495-exec-2] INFO  c.v.finance.services.impl.PraService -[PRA-E] mstId=60, projectCode=1096
				
2026-05-18 13:36:18 [http-nio-8495-exec-2] INFO  c.v.finance.services.impl.PraService -[PRA-F] insertPraStatusDtl done: praHdrId=0
				
2026-05-18 13:36:18 [http-nio-8495-exec-2] INFO  com.vmfg.util.CommonNotifyMethod -InvokeNotificationMethod: 1 55 null bgrn [PRA3847, 1096, E0143, BGRN/2026/1096/1] [] 1 5 0 DS54,DS42,DS10,DS11
				
2026-05-18 13:36:18 [http-nio-8495-exec-2] INFO  com.vmfg.util.NotificationRequest -notificationreq start
				
2026-05-18 13:36:18 [http-nio-8495-exec-2] INFO  com.vmfg.util.NotificationRequest -appdesigArrDS54DS54,DS42,DS10,DS11bgrn
				
2026-05-18 13:36:18 [http-nio-8495-exec-2] INFO  com.vmfg.util.NotificationRequest -appdesigArrDS42DS54,DS42,DS10,DS11bgrn
				
2026-05-18 13:36:18 [http-nio-8495-exec-2] INFO  com.vmfg.util.NotificationRequest -appdesigArrDS10DS54,DS42,DS10,DS11bgrn
				
2026-05-18 13:36:18 [http-nio-8495-exec-2] INFO  com.vmfg.util.NotificationRequest -appdesigArrDS11DS54,DS42,DS10,DS11bgrn
				
2026-05-18 13:36:18 [http-nio-8495-exec-2] INFO  com.vmfg.util.NotificationRequest -notificationreq end
				
2026-05-18 13:36:18 [http-nio-8495-exec-2] INFO  c.v.finance.services.impl.PraService -[PRA-G] InvokeNotificationMethod done
				
2026-05-18 13:36:18 [http-nio-8495-exec-2] INFO  com.vmfg.util.DocumentApprovalInsert -InsertDocApprovalDtls starts
				
2026-05-18 13:36:18 [http-nio-8495-exec-2] INFO  com.vmfg.util.DocumentApprovalInsert -DocumentApprovalInsert insertHdrId 43938
				
2026-05-18 13:36:18 [http-nio-8495-exec-2] INFO  com.vmfg.util.DocumentApprovalInsert -InsertDocApprovalDtls end
				
2026-05-18 13:36:18 [http-nio-8495-exec-2] INFO  c.v.finance.services.impl.PraService -[PRA-H] InvokeApprovalDesigMethod done
				
2026-05-18 13:36:18 [http-nio-8495-exec-2] INFO  c.v.finance.services.impl.PraService -[PRA-I] GRN block entered: grnHdrId=3734
				
2026-05-18 13:36:18 [http-nio-8495-exec-2] INFO  c.v.finance.services.impl.PraService -[PRA-J] grnDtlIds=16934
				
2026-05-18 13:36:18 [http-nio-8495-exec-2] INFO  c.v.finance.services.impl.PraService -[PRA-K] GRN loop i=0
				
2026-05-18 13:36:18 [http-nio-8495-exec-2] INFO  c.v.finance.services.impl.PraService -[PRA-L] InsertPraDtl=12041, indentDtl=43659
				
2026-05-18 13:36:18 [http-nio-8495-exec-2] ERROR com.vmfg.scm.dao.impl.IndentGroupDAO -indentPoDtlDateTime Method Exception --->java.lang.NullPointerException
				
2026-05-18 13:36:18 [http-nio-8495-exec-2] INFO  c.v.finance.services.impl.PraService -[PRA-M] UpdatedDateTime=null
				
2026-05-18 13:36:18 [http-nio-8495-exec-2] ERROR c.v.finance.services.impl.PraService -PraService Service Method Error java.lang.NullPointerException
				
2026-05-18 13:36:18 [http-nio-8495-exec-2] INFO  c.v.finance.controller.PraController -InsertPRA   method end
				
2026-05-18 13:36:18 [http-nio-8495-exec-1] INFO  c.v.g.c.NotificationGeneralController -getNotificationDetails   method Start
				
2026-05-18 13:43:16 [http-nio-8495-exec-4] INFO  c.v.finance.controller.PraController -InsertPRA   method Start
				
2026-05-18 13:43:16 [http-nio-8495-exec-4] INFO  c.v.finance.services.impl.PraService -[PRA-A] raw: gst=0.000, igst=126000, pf=0.000, transport=0.00, insurance=0.000, other=0.000, invoice=700000, isLast=0, potId=10889
				
2026-05-18 13:43:16 [http-nio-8495-exec-4] INFO  c.v.finance.services.impl.PraService -[PRA-B] BigDecimal OK: gst=0.000, igst=126000, pf=0.000, transport=0.00, insurance=0.000, other=0.000, invoice=700000, total=826000.000
				
2026-05-18 13:43:16 [http-nio-8495-exec-4] INFO  c.v.finance.services.impl.PraService -[PRA-C] InsertPraHdr done: praHdrId=3853
				
2026-05-18 13:43:16 [http-nio-8495-exec-4] INFO  c.v.finance.services.impl.PraService -[PRA-D] nextApprDesig=DS54,DS42,DS10,DS11
				
2026-05-18 13:43:16 [http-nio-8495-exec-4] INFO  c.v.finance.services.impl.PraService -[PRA-E] mstId=60, projectCode=1096
				
2026-05-18 13:43:16 [http-nio-8495-exec-4] INFO  c.v.finance.services.impl.PraService -[PRA-F] insertPraStatusDtl done: praHdrId=3853
				
2026-05-18 13:43:16 [http-nio-8495-exec-4] INFO  com.vmfg.util.CommonNotifyMethod -InvokeNotificationMethod: 1 55 null bgrn [PRA3847, 1096, E0143, BGRN/2026/1096/1] [] 1 5 3853 DS54,DS42,DS10,DS11
				
2026-05-18 13:43:16 [http-nio-8495-exec-4] INFO  com.vmfg.util.NotificationRequest -notificationreq start
				
2026-05-18 13:43:16 [http-nio-8495-exec-4] INFO  com.vmfg.util.NotificationRequest -appdesigArrDS54DS54,DS42,DS10,DS11bgrn
				
2026-05-18 13:43:16 [http-nio-8495-exec-4] INFO  com.vmfg.util.NotificationRequest -appdesigArrDS42DS54,DS42,DS10,DS11bgrn
				
2026-05-18 13:43:16 [http-nio-8495-exec-4] INFO  com.vmfg.util.NotificationRequest -appdesigArrDS10DS54,DS42,DS10,DS11bgrn
				
2026-05-18 13:43:16 [http-nio-8495-exec-4] INFO  com.vmfg.util.NotificationRequest -appdesigArrDS11DS54,DS42,DS10,DS11bgrn
				
2026-05-18 13:43:16 [http-nio-8495-exec-4] INFO  com.vmfg.util.NotificationRequest -notificationreq end
				
2026-05-18 13:43:16 [http-nio-8495-exec-4] INFO  c.v.finance.services.impl.PraService -[PRA-G] InvokeNotificationMethod done
				
2026-05-18 13:43:16 [http-nio-8495-exec-4] INFO  com.vmfg.util.DocumentApprovalInsert -InsertDocApprovalDtls starts
				
2026-05-18 13:43:16 [http-nio-8495-exec-4] INFO  com.vmfg.util.DocumentApprovalInsert -DocumentApprovalInsert insertHdrId 0
				
2026-05-18 13:43:16 [http-nio-8495-exec-4] INFO  com.vmfg.util.DocumentApprovalInsert -InsertDocApprovalDtls end
				
2026-05-18 13:43:16 [http-nio-8495-exec-4] INFO  c.v.finance.services.impl.PraService -[PRA-H] InvokeApprovalDesigMethod done
				
2026-05-18 13:43:16 [http-nio-8495-exec-4] INFO  c.v.finance.services.impl.PraService -[PRA-I] GRN block entered: grnHdrId=3734
				
2026-05-18 13:43:16 [http-nio-8495-exec-4] INFO  c.v.finance.services.impl.PraService -[PRA-J] grnDtlIds=16934
				
2026-05-18 13:43:16 [http-nio-8495-exec-4] INFO  c.v.finance.services.impl.PraService -[PRA-K] GRN loop i=0
				
2026-05-18 13:43:16 [http-nio-8495-exec-4] INFO  c.v.finance.services.impl.PraService -[PRA-L] InsertPraDtl=12042, indentDtl=43659
				
2026-05-18 13:43:16 [http-nio-8495-exec-4] INFO  c.v.finance.services.impl.PraService -[PRA-M] UpdatedDateTime=2026-05-18
				
2026-05-18 13:43:16 [http-nio-8495-exec-4] INFO  c.v.finance.services.impl.PraService -[PRA-N] updateLastUpdatedDateTime done
				
2026-05-18 13:43:16 [http-nio-8495-exec-4] INFO  c.v.finance.services.impl.PraService -[PRA-P] entering pending amount update: praHdrId=3853, potId=10889
				
2026-05-18 13:43:16 [http-nio-8495-exec-4] INFO  c.v.finance.services.impl.PraService -[PRA-Q] paymentPending=4956000.000, invoiceValue=700000
				
2026-05-18 13:43:16 [http-nio-8495-exec-4] INFO  c.v.finance.services.impl.PraService -[PRA-R] pendAmt after subtract=4256000.000
				
2026-05-18 13:43:16 [http-nio-8495-exec-4] INFO  c.v.finance.services.impl.PraService -[PRA-S] updatePotPendingAmnt done
				
2026-05-18 13:43:16 [http-nio-8495-exec-4] INFO  c.v.finance.services.impl.PraService -[PRA-T] isLast check: isLast=0
				
2026-05-18 13:43:16 [http-nio-8495-exec-4] INFO  c.v.finance.services.impl.PraService -[PRA-W] pending amount block complete
				
2026-05-18 13:43:16 [http-nio-8495-exec-4] INFO  c.v.finance.controller.PraController -InsertPRA   method end
				
2026-05-18 13:43:16 [http-nio-8495-exec-5] INFO  c.v.g.c.NotificationGeneralController -getNotificationDetails   method Start
				
2026-05-18 13:43:17 [http-nio-8495-exec-7] INFO  c.v.g.c.NotificationGeneralController -getNotificationDetails   method Start
				
2026-05-18 14:10:03 [HikariPool-1 housekeeper] WARN  com.zaxxer.hikari.pool.HikariPool -HikariPool-1 - Thread starvation or clock leap detected (housekeeper delta=15m54s2ms).
				
2026-05-18 14:27:50 [HikariPool-1 housekeeper] WARN  com.zaxxer.hikari.pool.HikariPool -HikariPool-1 - Thread starvation or clock leap detected (housekeeper delta=17m17s141ms).
				
2026-05-18 14:36:52 [HikariPool-1 housekeeper] WARN  com.zaxxer.hikari.pool.HikariPool -HikariPool-1 - Thread starvation or clock leap detected (housekeeper delta=8m31s920ms).
				
2026-05-18 15:28:47 [HikariPool-1 housekeeper] WARN  com.zaxxer.hikari.pool.HikariPool -HikariPool-1 - Thread starvation or clock leap detected (housekeeper delta=15m54s666ms).
				
2026-05-18 15:45:18 [HikariPool-1 housekeeper] WARN  com.zaxxer.hikari.pool.HikariPool -HikariPool-1 - Thread starvation or clock leap detected (housekeeper delta=16m470ms).
				
2026-05-18 16:00:43 [HikariPool-1 housekeeper] WARN  com.zaxxer.hikari.pool.HikariPool -HikariPool-1 - Thread starvation or clock leap detected (housekeeper delta=15m25s47ms).
				
2026-05-18 16:01:40 [SpringApplicationShutdownHook] INFO  com.zaxxer.hikari.HikariDataSource -HikariPool-1 - Shutdown initiated...
				
2026-05-18 16:01:40 [SpringApplicationShutdownHook] INFO  com.zaxxer.hikari.HikariDataSource -HikariPool-1 - Shutdown completed.
				
2026-05-18 16:01:46 [background-preinit] INFO  o.h.validator.internal.util.Version -HV000001: Hibernate Validator 6.2.3.Final
				
2026-05-18 16:01:46 [restartedMain] INFO  o.s.boot.SpringApplication -

                                ooooooo &&&&&&&&                              
                              oo     oo &.     &                              
                    ooooooo  oo      oo &:     &&                             
                 oo        oooo      oo &&       *&&&&  &&&&&&                
               oo            oo      oo &&                    &&&             
              oo                     oo &&&&&                  &o             
              oo                     oo &&     &&&&&           &              
              oo           ooo       oo &&           &&&       &&             
           ooooo           o:        oo &&              &        &&           
       ooo     *oo       oo          oo &&                        &&&&&&&     
     oo           ooooooo            oo &&                              &&    
    o&                                      &&&&*       &&               &&   
   oo                                            &&       &&              &&  
   o     ooooo                  @     @@    @@     &&:     &&           &&    
  oo ooo       ooo          @@@@@@@@@@@@@@@@@@@@@    &&     &&         &&     
  ooo            oo         @@ @@@ @@@@@@@@@@@  @     &&     &&         &     
  oo               o      @@@@ @@@ @@@@@@@@@@@  @@@    &&     &         &&    
  o&               oo       @@ @@@ @@@@@@@@@@@  @       &     &         &&    
  oo               oo       @@ @@ @ @@@@        @       &&                &&& 
  oo                      @@@@ @@@@@@@@@@@@@@@  @@@:    &&                  &&
  oo                        @@ @@@@@@@@@@@ @@@  @       &&        o&        &&
   o                        @@ @@@@@ @@@  @@@@  @       &         &&        &.
   oo                     @@@@ @@@ @@@@@@@@@@@  @@@@   &          &    .&&&&  
    o         oooo          @@                  @     &.         &&    &&     
    oo    ooo      &oo          @     @@    @@      &&          &&    &&      
     oo oo            oo        @     @     @@    &&           &&    &&       
      ooo              oo                      &&&           &&      &&       
         oooooooo       oo           oo &&&&&&              &&         &      
              oo        oo           oo &&         &      &&           &&     
              o        :o            oo &&  .&&&&&     &&.           &&       
              o       oo             oo &&                    &&&&&&&&        
              oo    ooo              oo &&                  &&                
                oo                   oo &&                &&                  
                  oo        oooo     oo &&                &                   
                     ooooooo  &o     oo &&      &&&       &                   
                                oo   oo && :&&&   .&& &&&*                    
                                   &ooo &&&                                   

==============================================
SmartRun Product by SmartRun Tech. All rights reserved.
==============================================
Application Version : 2.6.7
Application Title : SmartRun MES
Contact : support@smartruntech.com
==============================================

				
2026-05-18 16:01:46 [restartedMain] INFO  com.vmfg.VMFGApplication -Starting VMFGApplication using Java 1.8.0_482 on Peachs-Mac-mini.local with PID 4738 (/Users/peach/Spring_Boot_Projects/bgr/OneDrive_1_4-15-2026/BGR-SOURCE_CODE/SmartRun_ProjectManagement_Java/SR_Management/target/classes started by peach in /Users/peach/Spring_Boot_Projects/bgr/OneDrive_1_4-15-2026/BGR-SOURCE_CODE/SmartRun_ProjectManagement_Java/SR_Management)
				
2026-05-18 16:01:46 [restartedMain] INFO  com.vmfg.VMFGApplication -The following 1 profile is active: "dev"
				
2026-05-18 16:01:47 [restartedMain] INFO  o.s.b.d.e.DevToolsPropertyDefaultsPostProcessor -Devtools property defaults active! Set 'spring.devtools.add-properties' to 'false' to disable
				
2026-05-18 16:01:47 [restartedMain] INFO  o.s.b.d.e.DevToolsPropertyDefaultsPostProcessor -For additional web related logging consider setting the 'logging.level.web' property to 'DEBUG'
				
2026-05-18 16:01:49 [restartedMain] INFO  o.s.d.r.c.RepositoryConfigurationDelegate -Bootstrapping Spring Data JDBC repositories in DEFAULT mode.
				
2026-05-18 16:01:49 [restartedMain] INFO  o.s.d.r.c.RepositoryConfigurationDelegate -Finished Spring Data repository scanning in 134 ms. Found 0 JDBC repository interfaces.
				
2026-05-18 16:01:50 [restartedMain] INFO  o.s.b.w.e.tomcat.TomcatWebServer -Tomcat initialized with port(s): 8495 (http)
				
2026-05-18 16:01:50 [restartedMain] INFO  o.a.coyote.http11.Http11NioProtocol -Initializing ProtocolHandler ["http-nio-8495"]
				
2026-05-18 16:01:50 [restartedMain] INFO  o.a.catalina.core.StandardService -Starting service [Tomcat]
				
2026-05-18 16:01:50 [restartedMain] INFO  o.a.catalina.core.StandardEngine -Starting Servlet engine: [Apache Tomcat/9.0.63]
				
2026-05-18 16:01:50 [restartedMain] INFO  o.a.c.c.C.[.[localhost].[/smartrun] -Initializing Spring embedded WebApplicationContext
				
2026-05-18 16:01:50 [restartedMain] INFO  o.s.b.w.s.c.ServletWebServerApplicationContext -Root WebApplicationContext: initialization completed in 3603 ms
				
2026-05-18 16:01:53 [restartedMain] INFO  s.d.s.w.PropertySourcedRequestMappingHandlerMapping -Mapped URL path [/v2/api-docs] onto method [springfox.documentation.swagger2.web.Swagger2Controller#getDocumentation(String, HttpServletRequest)]
				
2026-05-18 16:01:54 [restartedMain] INFO  o.s.s.web.DefaultSecurityFilterChain -Will secure any request with [org.springframework.security.web.session.DisableEncodeUrlFilter@2a20401a, org.springframework.security.web.context.request.async.WebAsyncManagerIntegrationFilter@4e8dd966, org.springframework.security.web.context.SecurityContextPersistenceFilter@66d35fbc, org.springframework.security.web.header.HeaderWriterFilter@578d7ef1, org.springframework.web.filter.CorsFilter@76affb9, org.springframework.security.web.authentication.logout.LogoutFilter@66dbf0f4, com.vmfg.security.config.JwtRequestFilter@4eed87f2, org.springframework.security.web.savedrequest.RequestCacheAwareFilter@5d175760, org.springframework.security.web.servletapi.SecurityContextHolderAwareRequestFilter@29641bd1, org.springframework.security.web.authentication.AnonymousAuthenticationFilter@28926c81, org.springframework.security.web.session.SessionManagementFilter@47c511be, org.springframework.security.web.access.ExceptionTranslationFilter@34ad448d, org.springframework.security.web.access.intercept.FilterSecurityInterceptor@29930f2]
				
2026-05-18 16:01:54 [restartedMain] INFO  o.s.b.d.a.OptionalLiveReloadServer -LiveReload server is running on port 35729
				
2026-05-18 16:01:54 [restartedMain] INFO  com.zaxxer.hikari.HikariDataSource -HikariPool-1 - Starting...
				
2026-05-18 16:01:54 [restartedMain] INFO  com.zaxxer.hikari.HikariDataSource -HikariPool-1 - Start completed.
				
2026-05-18 16:01:55 [restartedMain] INFO  o.a.coyote.http11.Http11NioProtocol -Starting ProtocolHandler ["http-nio-8495"]
				
2026-05-18 16:01:55 [restartedMain] INFO  o.s.b.w.e.tomcat.TomcatWebServer -Tomcat started on port(s): 8495 (http) with context path '/smartrun'
				
2026-05-18 16:01:55 [restartedMain] INFO  s.d.s.w.p.DocumentationPluginsBootstrapper -Context refreshed
				
2026-05-18 16:01:55 [restartedMain] INFO  s.d.s.w.p.DocumentationPluginsBootstrapper -Found 1 custom documentation plugin(s)
				
2026-05-18 16:01:55 [restartedMain] INFO  s.d.s.w.s.ApiListingReferenceScanner -Scanning for api listing references
				
2026-05-18 16:01:56 [restartedMain] INFO  s.d.s.w.r.o.CachingOperationNameGenerator -Generating unique operation named: insertOrUpdateSalesBudgetSheetHdrAndDtlUsingPOST_1
				
2026-05-18 16:01:56 [restartedMain] INFO  s.d.s.w.r.o.CachingOperationNameGenerator -Generating unique operation named: getVendorDetailHdrViewUsingPOST_1
				
2026-05-18 16:01:57 [restartedMain] INFO  s.d.s.w.r.o.CachingOperationNameGenerator -Generating unique operation named: updateUserRoleMappingUsingPOST_1
				
2026-05-18 16:01:57 [restartedMain] INFO  com.vmfg.VMFGApplication -Started VMFGApplication in 11.333 seconds (JVM running for 12.103)
				
2026-05-18 16:01:57 [main] ERROR com.vmfg.VMFGApplication -SmartRun Application Start Exception--->org.springframework.boot.devtools.restart.SilentExitExceptionHandler$SilentExitException
				
2026-05-18 16:27:41 [SpringApplicationShutdownHook] INFO  com.zaxxer.hikari.HikariDataSource -HikariPool-1 - Shutdown initiated...
				
2026-05-18 16:27:41 [SpringApplicationShutdownHook] INFO  com.zaxxer.hikari.HikariDataSource -HikariPool-1 - Shutdown completed.
				
2026-05-18 17:25:50 [background-preinit] INFO  o.h.validator.internal.util.Version -HV000001: Hibernate Validator 6.2.3.Final
				
2026-05-18 17:25:51 [restartedMain] INFO  o.s.boot.SpringApplication -

                                ooooooo &&&&&&&&                              
                              oo     oo &.     &                              
                    ooooooo  oo      oo &:     &&                             
                 oo        oooo      oo &&       *&&&&  &&&&&&                
               oo            oo      oo &&                    &&&             
              oo                     oo &&&&&                  &o             
              oo                     oo &&     &&&&&           &              
              oo           ooo       oo &&           &&&       &&             
           ooooo           o:        oo &&              &        &&           
       ooo     *oo       oo          oo &&                        &&&&&&&     
     oo           ooooooo            oo &&                              &&    
    o&                                      &&&&*       &&               &&   
   oo                                            &&       &&              &&  
   o     ooooo                  @     @@    @@     &&:     &&           &&    
  oo ooo       ooo          @@@@@@@@@@@@@@@@@@@@@    &&     &&         &&     
  ooo            oo         @@ @@@ @@@@@@@@@@@  @     &&     &&         &     
  oo               o      @@@@ @@@ @@@@@@@@@@@  @@@    &&     &         &&    
  o&               oo       @@ @@@ @@@@@@@@@@@  @       &     &         &&    
  oo               oo       @@ @@ @ @@@@        @       &&                &&& 
  oo                      @@@@ @@@@@@@@@@@@@@@  @@@:    &&                  &&
  oo                        @@ @@@@@@@@@@@ @@@  @       &&        o&        &&
   o                        @@ @@@@@ @@@  @@@@  @       &         &&        &.
   oo                     @@@@ @@@ @@@@@@@@@@@  @@@@   &          &    .&&&&  
    o         oooo          @@                  @     &.         &&    &&     
    oo    ooo      &oo          @     @@    @@      &&          &&    &&      
     oo oo            oo        @     @     @@    &&           &&    &&       
      ooo              oo                      &&&           &&      &&       
         oooooooo       oo           oo &&&&&&              &&         &      
              oo        oo           oo &&         &      &&           &&     
              o        :o            oo &&  .&&&&&     &&.           &&       
              o       oo             oo &&                    &&&&&&&&        
              oo    ooo              oo &&                  &&                
                oo                   oo &&                &&                  
                  oo        oooo     oo &&                &                   
                     ooooooo  &o     oo &&      &&&       &                   
                                oo   oo && :&&&   .&& &&&*                    
                                   &ooo &&&                                   

==============================================
SmartRun Product by SmartRun Tech. All rights reserved.
==============================================
Application Version : 2.6.7
Application Title : SmartRun MES
Contact : support@smartruntech.com
==============================================

				
2026-05-18 17:25:51 [restartedMain] INFO  com.vmfg.VMFGApplication -Starting VMFGApplication using Java 1.8.0_482 on Peachs-Mac-mini.local with PID 6195 (/Users/peach/Spring_Boot_Projects/bgr/OneDrive_1_4-15-2026/BGR-SOURCE_CODE/SmartRun_ProjectManagement_Java/SR_Management/target/classes started by peach in /Users/peach/Spring_Boot_Projects/bgr/OneDrive_1_4-15-2026/BGR-SOURCE_CODE/SmartRun_ProjectManagement_Java/SR_Management)
				
2026-05-18 17:25:51 [restartedMain] INFO  com.vmfg.VMFGApplication -The following 1 profile is active: "dev"
				
2026-05-18 17:25:51 [restartedMain] INFO  o.s.b.d.e.DevToolsPropertyDefaultsPostProcessor -Devtools property defaults active! Set 'spring.devtools.add-properties' to 'false' to disable
				
2026-05-18 17:25:51 [restartedMain] INFO  o.s.b.d.e.DevToolsPropertyDefaultsPostProcessor -For additional web related logging consider setting the 'logging.level.web' property to 'DEBUG'
				
2026-05-18 17:25:54 [restartedMain] INFO  o.s.d.r.c.RepositoryConfigurationDelegate -Bootstrapping Spring Data JDBC repositories in DEFAULT mode.
				
2026-05-18 17:25:54 [restartedMain] INFO  o.s.d.r.c.RepositoryConfigurationDelegate -Finished Spring Data repository scanning in 88 ms. Found 0 JDBC repository interfaces.
				
2026-05-18 17:25:55 [restartedMain] INFO  o.s.b.w.e.tomcat.TomcatWebServer -Tomcat initialized with port(s): 8495 (http)
				
2026-05-18 17:25:55 [restartedMain] INFO  o.a.coyote.http11.Http11NioProtocol -Initializing ProtocolHandler ["http-nio-8495"]
				
2026-05-18 17:25:55 [restartedMain] INFO  o.a.catalina.core.StandardService -Starting service [Tomcat]
				
2026-05-18 17:25:55 [restartedMain] INFO  o.a.catalina.core.StandardEngine -Starting Servlet engine: [Apache Tomcat/9.0.63]
				
2026-05-18 17:25:55 [restartedMain] INFO  o.a.c.c.C.[.[localhost].[/smartrun] -Initializing Spring embedded WebApplicationContext
				
2026-05-18 17:25:55 [restartedMain] INFO  o.s.b.w.s.c.ServletWebServerApplicationContext -Root WebApplicationContext: initialization completed in 3899 ms
				
2026-05-18 17:25:59 [restartedMain] INFO  s.d.s.w.PropertySourcedRequestMappingHandlerMapping -Mapped URL path [/v2/api-docs] onto method [springfox.documentation.swagger2.web.Swagger2Controller#getDocumentation(String, HttpServletRequest)]
				
2026-05-18 17:25:59 [restartedMain] INFO  o.s.s.web.DefaultSecurityFilterChain -Will secure any request with [org.springframework.security.web.session.DisableEncodeUrlFilter@15667cf0, org.springframework.security.web.context.request.async.WebAsyncManagerIntegrationFilter@70d2ca62, org.springframework.security.web.context.SecurityContextPersistenceFilter@5fccead2, org.springframework.security.web.header.HeaderWriterFilter@110449bb, org.springframework.web.filter.CorsFilter@594f9318, org.springframework.security.web.authentication.logout.LogoutFilter@46c9afd7, com.vmfg.security.config.JwtRequestFilter@4eed87f2, org.springframework.security.web.savedrequest.RequestCacheAwareFilter@1f53f5c6, org.springframework.security.web.servletapi.SecurityContextHolderAwareRequestFilter@34dbea61, org.springframework.security.web.authentication.AnonymousAuthenticationFilter@27844f9c, org.springframework.security.web.session.SessionManagementFilter@71f12ecb, org.springframework.security.web.access.ExceptionTranslationFilter@672de65, org.springframework.security.web.access.intercept.FilterSecurityInterceptor@41ddbfde]
				
2026-05-18 17:25:59 [restartedMain] INFO  o.s.b.d.a.OptionalLiveReloadServer -LiveReload server is running on port 35729
				
2026-05-18 17:25:59 [restartedMain] INFO  com.zaxxer.hikari.HikariDataSource -HikariPool-1 - Starting...
				
2026-05-18 17:25:59 [restartedMain] INFO  com.zaxxer.hikari.HikariDataSource -HikariPool-1 - Start completed.
				
2026-05-18 17:26:00 [restartedMain] INFO  o.a.coyote.http11.Http11NioProtocol -Starting ProtocolHandler ["http-nio-8495"]
				
2026-05-18 17:26:00 [restartedMain] INFO  o.s.b.w.e.tomcat.TomcatWebServer -Tomcat started on port(s): 8495 (http) with context path '/smartrun'
				
2026-05-18 17:26:00 [restartedMain] INFO  s.d.s.w.p.DocumentationPluginsBootstrapper -Context refreshed
				
2026-05-18 17:26:00 [restartedMain] INFO  s.d.s.w.p.DocumentationPluginsBootstrapper -Found 1 custom documentation plugin(s)
				
2026-05-18 17:26:00 [restartedMain] INFO  s.d.s.w.s.ApiListingReferenceScanner -Scanning for api listing references
				
2026-05-18 17:26:02 [restartedMain] INFO  s.d.s.w.r.o.CachingOperationNameGenerator -Generating unique operation named: insertOrUpdateSalesBudgetSheetHdrAndDtlUsingPOST_1
				
2026-05-18 17:26:02 [restartedMain] INFO  s.d.s.w.r.o.CachingOperationNameGenerator -Generating unique operation named: getVendorDetailHdrViewUsingPOST_1
				
2026-05-18 17:26:02 [restartedMain] INFO  s.d.s.w.r.o.CachingOperationNameGenerator -Generating unique operation named: updateUserRoleMappingUsingPOST_1
				
2026-05-18 17:26:02 [restartedMain] INFO  com.vmfg.VMFGApplication -Started VMFGApplication in 12.94 seconds (JVM running for 14.012)
				
2026-05-18 17:26:02 [main] ERROR com.vmfg.VMFGApplication -SmartRun Application Start Exception--->org.springframework.boot.devtools.restart.SilentExitExceptionHandler$SilentExitException
				
2026-05-18 17:26:26 [http-nio-8495-exec-2] INFO  o.a.c.c.C.[.[localhost].[/smartrun] -Initializing Spring DispatcherServlet 'dispatcherServlet'
				
2026-05-18 17:26:26 [http-nio-8495-exec-2] INFO  o.s.web.servlet.DispatcherServlet -Initializing Servlet 'dispatcherServlet'
				
2026-05-18 17:26:26 [http-nio-8495-exec-2] INFO  o.s.web.servlet.DispatcherServlet -Completed initialization in 7 ms
				
2026-05-18 17:26:27 [http-nio-8495-exec-8] INFO  c.v.g.c.NotificationGeneralController -getNotificationDetails   method Start
				
2026-05-18 17:26:27 [http-nio-8495-exec-6] INFO  c.v.g.c.NotificationGeneralController -getNotificationDetails   method Start
				
2026-05-18 17:26:27 [http-nio-8495-exec-7] INFO  c.v.g.c.NotificationGeneralController -getNotificationDetails   method Start
				
2026-05-18 17:26:27 [http-nio-8495-exec-2] INFO  com.vmfg.scm.controller.PoController -getPoHdrDtlsByIndentId Controller  method Start
				
2026-05-18 17:26:27 [http-nio-8495-exec-3] INFO  c.v.s.c.IndentManagementController -indentHdrDropDownByProjectCode Controller  method Start
				
2026-05-18 17:26:27 [http-nio-8495-exec-3] INFO  c.v.s.c.IndentManagementController -indentHdrDropDownByProjectCode Controller  method end
				
2026-05-18 17:26:27 [http-nio-8495-exec-1] INFO  c.v.g.c.NotificationGeneralController -getNotificationDetails   method Start
				
2026-05-18 17:26:28 [http-nio-8495-exec-2] INFO  com.vmfg.scm.controller.PoController -getPoHdrDtlsByIndentId Controller  method end
				
2026-05-18 17:26:28 [http-nio-8495-exec-4] INFO  c.v.g.c.NotificationGeneralController -getNotificationDetails   method Start
				
2026-05-18 17:26:33 [http-nio-8495-exec-3] INFO  c.v.d.c.IndentUploadController -getIndentTypeMstDropDown Controller  method Start
				
2026-05-18 17:26:33 [http-nio-8495-exec-9] INFO  c.v.s.c.IndentManagementController -getIndentProjectDtlsByDate Controller  method Start
				
2026-05-18 17:26:33 [http-nio-8495-exec-9] INFO  c.v.s.c.IndentManagementController -getIndentProjectDtlsByDate Controller  method end
				
2026-05-18 17:26:33 [http-nio-8495-exec-3] INFO  c.v.d.c.IndentUploadController -getIndentTypeMstDropDown Controller  method end
				
2026-05-18 17:26:33 [http-nio-8495-exec-6] INFO  c.v.g.c.NotificationGeneralController -getNotificationDetails   method Start
				
2026-05-18 17:26:33 [http-nio-8495-exec-1] INFO  c.v.g.c.NotificationGeneralController -getNotificationDetails   method Start
				
2026-05-18 17:26:46 [http-nio-8495-exec-8] INFO  c.v.s.c.IndentManagementController -getIndentProjectDtlsByDate Controller  method Start
				
2026-05-18 17:26:46 [http-nio-8495-exec-8] INFO  c.v.s.c.IndentManagementController -getIndentProjectDtlsByDate Controller  method end
				
2026-05-18 17:26:46 [http-nio-8495-exec-7] INFO  c.v.g.c.NotificationGeneralController -getNotificationDetails   method Start
				
2026-05-18 18:00:06 [HikariPool-1 housekeeper] WARN  com.zaxxer.hikari.pool.HikariPool -HikariPool-1 - Thread starvation or clock leap detected (housekeeper delta=16m36s540ms).
				
2026-05-18 18:10:17 [HikariPool-1 housekeeper] WARN  com.zaxxer.hikari.pool.HikariPool -HikariPool-1 - Thread starvation or clock leap detected (housekeeper delta=9m40s987ms).
				
2026-05-18 18:27:17 [HikariPool-1 housekeeper] WARN  com.zaxxer.hikari.pool.HikariPool -HikariPool-1 - Thread starvation or clock leap detected (housekeeper delta=16m59s415ms).
				
2026-05-18 18:43:43 [HikariPool-1 housekeeper] WARN  com.zaxxer.hikari.pool.HikariPool -HikariPool-1 - Thread starvation or clock leap detected (housekeeper delta=15m55s812ms).
				
2026-05-18 19:01:28 [HikariPool-1 housekeeper] WARN  com.zaxxer.hikari.pool.HikariPool -HikariPool-1 - Thread starvation or clock leap detected (housekeeper delta=17m15s380ms).
				
2026-05-18 19:17:32 [HikariPool-1 housekeeper] WARN  com.zaxxer.hikari.pool.HikariPool -HikariPool-1 - Thread starvation or clock leap detected (housekeeper delta=15m33s952ms).
				
2026-05-18 19:21:52 [HikariPool-1 housekeeper] WARN  com.zaxxer.hikari.pool.HikariPool -HikariPool-1 - Thread starvation or clock leap detected (housekeeper delta=4m20s491ms).
				
2026-05-18 19:25:45 [SpringApplicationShutdownHook] INFO  com.zaxxer.hikari.HikariDataSource -HikariPool-1 - Shutdown initiated...
				
2026-05-18 19:25:45 [SpringApplicationShutdownHook] INFO  com.zaxxer.hikari.HikariDataSource -HikariPool-1 - Shutdown completed.
				
