2026-09-18 09:38:52 [background-preinit] INFO  o.h.validator.internal.util.Version -HV000001: Hibernate Validator 6.2.3.Final
				
2026-09-18 09:38:53 [restartedMain] INFO  o.s.boot.SpringApplication -

                                ooooooo &&&&&&&&                              
                              oo     oo &.     &                              
                    ooooooo  oo      oo &:     &&                             
                 oo        oooo      oo &&       *&&&&  &&&&&&                
               oo            oo      oo &&                    &&&             
              oo                     oo &&&&&                  &o             
              oo                     oo &&     &&&&&           &              
              oo           ooo       oo &&           &&&       &&             
           ooooo           o:        oo &&              &        &&           
       ooo     *oo       oo          oo &&                        &&&&&&&     
     oo           ooooooo            oo &&                              &&    
    o&                                      &&&&*       &&               &&   
   oo                                            &&       &&              &&  
   o     ooooo                  @     @@    @@     &&:     &&           &&    
  oo ooo       ooo          @@@@@@@@@@@@@@@@@@@@@    &&     &&         &&     
  ooo            oo         @@ @@@ @@@@@@@@@@@  @     &&     &&         &     
  oo               o      @@@@ @@@ @@@@@@@@@@@  @@@    &&     &         &&    
  o&               oo       @@ @@@ @@@@@@@@@@@  @       &     &         &&    
  oo               oo       @@ @@ @ @@@@        @       &&                &&& 
  oo                      @@@@ @@@@@@@@@@@@@@@  @@@:    &&                  &&
  oo                        @@ @@@@@@@@@@@ @@@  @       &&        o&        &&
   o                        @@ @@@@@ @@@  @@@@  @       &         &&        &.
   oo                     @@@@ @@@ @@@@@@@@@@@  @@@@   &          &    .&&&&  
    o         oooo          @@                  @     &.         &&    &&     
    oo    ooo      &oo          @     @@    @@      &&          &&    &&      
     oo oo            oo        @     @     @@    &&           &&    &&       
      ooo              oo                      &&&           &&      &&       
         oooooooo       oo           oo &&&&&&              &&         &      
              oo        oo           oo &&         &      &&           &&     
              o        :o            oo &&  .&&&&&     &&.           &&       
              o       oo             oo &&                    &&&&&&&&        
              oo    ooo              oo &&                  &&                
                oo                   oo &&                &&                  
                  oo        oooo     oo &&                &                   
                     ooooooo  &o     oo &&      &&&       &                   
                                oo   oo && :&&&   .&& &&&*                    
                                   &ooo &&&                                   

==============================================
SmartRun Product by SmartRun Tech. All rights reserved.
==============================================
Application Version : 2.6.7
Application Title : SmartRun MES
Contact : support@smartruntech.com
==============================================

				
2026-09-18 09:38:53 [restartedMain] INFO  com.vmfg.VMFGApplication -Starting VMFGApplication using Java 1.8.0_482 on Peachs-Mac-mini.local with PID 1613 (/Users/peach/Spring_Boot_Projects/bgr/OneDrive_1_4-15-2026/BGR-SOURCE_CODE-sandbox/SmartRun_ProjectManagement_Java/SR_Management/target/classes started by peach in /Users/peach/Spring_Boot_Projects/bgr/OneDrive_1_4-15-2026/BGR-SOURCE_CODE-sandbox/SmartRun_ProjectManagement_Java/SR_Management)
				
2026-09-18 09:38:53 [restartedMain] INFO  com.vmfg.VMFGApplication -The following 1 profile is active: "dev"
				
2026-09-18 09:38:54 [restartedMain] INFO  o.s.b.d.e.DevToolsPropertyDefaultsPostProcessor -Devtools property defaults active! Set 'spring.devtools.add-properties' to 'false' to disable
				
2026-09-18 09:38:54 [restartedMain] INFO  o.s.b.d.e.DevToolsPropertyDefaultsPostProcessor -For additional web related logging consider setting the 'logging.level.web' property to 'DEBUG'
				
2026-09-18 09:38:56 [restartedMain] INFO  o.s.d.r.c.RepositoryConfigurationDelegate -Bootstrapping Spring Data JDBC repositories in DEFAULT mode.
				
2026-09-18 09:38:56 [restartedMain] INFO  o.s.d.r.c.RepositoryConfigurationDelegate -Finished Spring Data repository scanning in 85 ms. Found 0 JDBC repository interfaces.
				
2026-09-18 09:38:58 [restartedMain] INFO  o.s.b.w.e.tomcat.TomcatWebServer -Tomcat initialized with port(s): 8495 (http)
				
2026-09-18 09:38:58 [restartedMain] INFO  o.a.coyote.http11.Http11NioProtocol -Initializing ProtocolHandler ["http-nio-8495"]
				
2026-09-18 09:38:58 [restartedMain] INFO  o.a.catalina.core.StandardService -Starting service [Tomcat]
				
2026-09-18 09:38:58 [restartedMain] INFO  o.a.catalina.core.StandardEngine -Starting Servlet engine: [Apache Tomcat/9.0.63]
				
2026-09-18 09:38:58 [restartedMain] INFO  o.a.c.c.C.[.[localhost].[/smartrun] -Initializing Spring embedded WebApplicationContext
				
2026-09-18 09:38:58 [restartedMain] INFO  o.s.b.w.s.c.ServletWebServerApplicationContext -Root WebApplicationContext: initialization completed in 3993 ms
				
2026-09-18 09:39:01 [restartedMain] INFO  s.d.s.w.PropertySourcedRequestMappingHandlerMapping -Mapped URL path [/v2/api-docs] onto method [springfox.documentation.swagger2.web.Swagger2Controller#getDocumentation(String, HttpServletRequest)]
				
2026-09-18 09:39:01 [restartedMain] INFO  o.s.s.web.DefaultSecurityFilterChain -Will secure any request with [org.springframework.security.web.session.DisableEncodeUrlFilter@52525e09, org.springframework.security.web.context.request.async.WebAsyncManagerIntegrationFilter@22e7771f, org.springframework.security.web.context.SecurityContextPersistenceFilter@5e854b35, org.springframework.security.web.header.HeaderWriterFilter@2200bfc6, org.springframework.web.filter.CorsFilter@18938f8d, org.springframework.security.web.authentication.logout.LogoutFilter@4c3ccfc4, com.vmfg.security.config.JwtRequestFilter@b1644af, org.springframework.security.web.savedrequest.RequestCacheAwareFilter@4571fccc, org.springframework.security.web.servletapi.SecurityContextHolderAwareRequestFilter@66ec667a, org.springframework.security.web.authentication.AnonymousAuthenticationFilter@6e4ee4a2, org.springframework.security.web.session.SessionManagementFilter@5ec9baa2, org.springframework.security.web.access.ExceptionTranslationFilter@12e08616, org.springframework.security.web.access.intercept.FilterSecurityInterceptor@1967552c]
				
2026-09-18 09:39:01 [restartedMain] INFO  o.s.b.d.a.OptionalLiveReloadServer -LiveReload server is running on port 35729
				
2026-09-18 09:39:02 [restartedMain] INFO  com.zaxxer.hikari.HikariDataSource -HikariPool-1 - Starting...
				
2026-09-18 09:39:02 [restartedMain] INFO  com.zaxxer.hikari.HikariDataSource -HikariPool-1 - Start completed.
				
2026-09-18 09:39:03 [restartedMain] INFO  o.a.coyote.http11.Http11NioProtocol -Starting ProtocolHandler ["http-nio-8495"]
				
2026-09-18 09:39:03 [restartedMain] INFO  o.s.b.w.e.tomcat.TomcatWebServer -Tomcat started on port(s): 8495 (http) with context path '/smartrun'
				
2026-09-18 09:39:03 [restartedMain] INFO  s.d.s.w.p.DocumentationPluginsBootstrapper -Context refreshed
				
2026-09-18 09:39:03 [restartedMain] INFO  s.d.s.w.p.DocumentationPluginsBootstrapper -Found 1 custom documentation plugin(s)
				
2026-09-18 09:39:03 [restartedMain] INFO  s.d.s.w.s.ApiListingReferenceScanner -Scanning for api listing references
				
2026-09-18 09:39:04 [restartedMain] INFO  s.d.s.w.r.o.CachingOperationNameGenerator -Generating unique operation named: insertOrUpdateSalesBudgetSheetHdrAndDtlUsingPOST_1
				
2026-09-18 09:39:04 [restartedMain] INFO  s.d.s.w.r.o.CachingOperationNameGenerator -Generating unique operation named: getVendorDetailHdrViewUsingPOST_1
				
2026-09-18 09:39:05 [restartedMain] INFO  s.d.s.w.r.o.CachingOperationNameGenerator -Generating unique operation named: updateUserRoleMappingUsingPOST_1
				
2026-09-18 09:39:05 [restartedMain] INFO  com.vmfg.VMFGApplication -Started VMFGApplication in 13.904 seconds (JVM running for 15.629)
				
2026-09-18 09:39:05 [main] ERROR com.vmfg.VMFGApplication -SmartRun Application Start Exception--->org.springframework.boot.devtools.restart.SilentExitExceptionHandler$SilentExitException
				
2026-09-18 09:39:25 [http-nio-8495-exec-3] INFO  o.a.c.c.C.[.[localhost].[/smartrun] -Initializing Spring DispatcherServlet 'dispatcherServlet'
				
2026-09-18 09:39:25 [http-nio-8495-exec-3] INFO  o.s.web.servlet.DispatcherServlet -Initializing Servlet 'dispatcherServlet'
				
2026-09-18 09:39:25 [http-nio-8495-exec-3] INFO  o.s.web.servlet.DispatcherServlet -Completed initialization in 6 ms
				
2026-09-18 09:39:26 [http-nio-8495-exec-8] ERROR com.vmfg.util.GetPropertyValue -getTenantPropertyVal Method Exception|||org.springframework.dao.EmptyResultDataAccessException: Incorrect result size: expected 1, actual 0
				
2026-09-18 09:39:26 [http-nio-8495-exec-8] ERROR com.vmfg.util.GetPropertyValue -getTenantPropertyValByTenantId Method Exception|||org.springframework.dao.EmptyResultDataAccessException: Incorrect result size: expected 1, actual 0
				
2026-09-18 09:39:26 [http-nio-8495-exec-8] INFO  com.vmfg.util.CommonBase64Class -CommonBase64Class getBasesBinary method Start
				
2026-09-18 09:39:26 [http-nio-8495-exec-8] ERROR com.vmfg.util.CommonBase64Class -CommonBase64Class getBasesBinary Method FileNotFoundException---->java.io.FileNotFoundException:  (No such file or directory)
				
2026-09-18 09:39:26 [http-nio-8495-exec-8] ERROR c.v.authentication.UserLoginService -getImageUrl DAO Method Exceptionjava.lang.NullPointerException
				
2026-09-18 09:40:08 [http-nio-8495-exec-9] INFO  com.vmfg.authentication.UserLoginDAO - getUserDtlForAuth DAO method Start
				
2026-09-18 09:40:09 [http-nio-8495-exec-9] INFO  com.vmfg.authentication.UserLoginDAO -getUserLoginInfo DAO method end
				
2026-09-18 09:40:09 [http-nio-8495-exec-6] INFO  c.v.g.c.NotificationGeneralController -getNotificationDetails   method Start
				
2026-09-18 09:40:09 [http-nio-8495-exec-7] INFO  c.v.g.c.NotificationGeneralController -getNotificationDetails   method Start
				
2026-09-18 09:40:09 [http-nio-8495-exec-5] INFO  c.v.g.c.NotificationGeneralController -getNotificationDetails   method Start
				
2026-09-18 09:40:09 [http-nio-8495-exec-10] INFO  c.v.s.c.IndentManagementController -getIndentProjectDtlsByDate Controller  method Start
				
2026-09-18 09:40:09 [http-nio-8495-exec-4] INFO  c.v.g.services.impl.TileViewService -getSaleTileView  method start
				
2026-09-18 09:40:09 [http-nio-8495-exec-2] INFO  c.v.s.c.IndentManagementController -getScmHdrBasedDtl   method Start
				
2026-09-18 09:40:09 [http-nio-8495-exec-10] INFO  c.v.s.c.IndentManagementController -getIndentProjectDtlsByDate Controller  method end
				
2026-09-18 09:40:09 [http-nio-8495-exec-1] INFO  c.v.g.c.NotificationGeneralController -getNotificationDetails   method Start
				
2026-09-18 09:40:12 [http-nio-8495-exec-2] INFO  c.v.s.c.IndentManagementController -getScmHdrBasedDtl  method end
				
2026-09-18 09:40:12 [http-nio-8495-exec-4] INFO  c.v.g.c.StageManagementController -getSCMTitleView   method end
				
2026-09-18 09:40:12 [http-nio-8495-exec-2] INFO  c.v.g.c.NotificationGeneralController -getNotificationDetails   method Start
				
2026-09-18 09:40:12 [http-nio-8495-exec-8] INFO  c.v.g.c.NotificationGeneralController -getNotificationDetails   method Start
				
2026-09-18 09:41:26 [http-nio-8495-exec-4] INFO  c.v.s.c.IndentManagementController -getScmHdrBasedDtl   method Start
				
2026-09-18 09:41:26 [http-nio-8495-exec-1] INFO  c.v.g.services.impl.TileViewService -getSaleTileView  method start
				
2026-09-18 09:41:26 [http-nio-8495-exec-4] INFO  c.v.s.c.IndentManagementController -getScmHdrBasedDtl  method end
				
2026-09-18 09:41:26 [http-nio-8495-exec-1] INFO  c.v.g.c.StageManagementController -getSCMTitleView   method end
				
2026-09-18 09:41:26 [http-nio-8495-exec-2] INFO  c.v.g.c.NotificationGeneralController -getNotificationDetails   method Start
				
2026-09-18 09:41:26 [http-nio-8495-exec-8] INFO  c.v.g.c.NotificationGeneralController -getNotificationDetails   method Start
				
2026-09-18 09:41:26 [http-nio-8495-exec-10] INFO  c.v.g.c.NotificationGeneralController -getNotificationDetails   method Start
				
2026-09-18 09:41:26 [http-nio-8495-exec-9] INFO  c.v.g.c.DepartmentAndEmployeeInfoController -getprocessAssignedTeam   method Start
				
2026-09-18 09:41:26 [http-nio-8495-exec-9] INFO  c.v.g.s.i.DepartmentAndEmployeeService -getprocessAssignedTeam  method start
				
2026-09-18 09:41:26 [http-nio-8495-exec-4] INFO  c.v.g.c.NotificationGeneralController -getNotificationDetails   method Start
				
2026-09-18 09:41:26 [http-nio-8495-exec-1] INFO  c.v.g.c.NotificationGeneralController -getNotificationDetails   method Start
				
2026-09-18 09:41:26 [http-nio-8495-exec-5] INFO  c.v.g.c.NotificationGeneralController -getNotificationDetails   method Start
				
2026-09-18 09:41:27 [http-nio-8495-exec-7] INFO  c.v.g.c.NotificationGeneralController -getNotificationDetails   method Start
				
2026-09-18 09:41:27 [http-nio-8495-exec-9] INFO  c.v.g.c.NotificationGeneralController -getNotificationDetails   method Start
				
2026-09-18 09:41:40 [http-nio-8495-exec-1] INFO  c.v.g.c.NotificationGeneralController -getNotificationDetails   method Start
				
2026-09-18 09:41:40 [http-nio-8495-exec-2] INFO  com.vmfg.scm.controller.PoController -getPoHdrDtlsByIndentId Controller  method Start
				
2026-09-18 09:41:40 [http-nio-8495-exec-10] INFO  c.v.s.c.IndentManagementController -indentHdrDropDownByProjectCode Controller  method Start
				
2026-09-18 09:41:40 [http-nio-8495-exec-10] INFO  c.v.s.c.IndentManagementController -indentHdrDropDownByProjectCode Controller  method end
				
2026-09-18 09:41:40 [http-nio-8495-exec-5] INFO  c.v.g.c.NotificationGeneralController -getNotificationDetails   method Start
				
2026-09-18 09:41:40 [http-nio-8495-exec-2] INFO  com.vmfg.scm.controller.PoController -getPoHdrDtlsByIndentId Controller  method end
				
2026-09-18 09:41:40 [http-nio-8495-exec-4] INFO  c.v.g.c.NotificationGeneralController -getNotificationDetails   method Start
				
2026-09-18 09:41:47 [http-nio-8495-exec-7] INFO  c.v.s.c.IndentManagementController -indentHdrDropDownByProjectCode Controller  method Start
				
2026-09-18 09:41:47 [http-nio-8495-exec-7] INFO  c.v.s.c.IndentManagementController -indentHdrDropDownByProjectCode Controller  method end
				
2026-09-18 09:41:47 [http-nio-8495-exec-6] INFO  c.v.g.c.NotificationGeneralController -getNotificationDetails   method Start
				
2026-09-18 09:41:47 [http-nio-8495-exec-8] INFO  c.v.g.c.NotificationGeneralController -getNotificationDetails   method Start
				
2026-09-18 09:41:49 [http-nio-8495-exec-1] INFO  c.v.s.c.IndentManagementController -getIndentGrpNewProdByStation Controller  method Start
				
2026-09-18 09:41:49 [http-nio-8495-exec-1] INFO  c.v.s.c.IndentManagementController -getIndentGrpNewProdByStation Controller  method end
				
2026-09-18 09:41:49 [http-nio-8495-exec-2] INFO  c.v.g.c.NotificationGeneralController -getNotificationDetails   method Start
				
2026-09-18 09:41:49 [http-nio-8495-exec-5] INFO  c.v.g.c.NotificationGeneralController -getNotificationDetails   method Start
				
2026-09-18 09:41:51 [http-nio-8495-exec-7] INFO  c.v.g.c.NotificationGeneralController -getNotificationDetails   method Start
				
2026-09-18 09:41:54 [http-nio-8495-exec-6] INFO  c.v.m.controller.VendorController -getApprVendorDtls method Start
				
2026-09-18 09:41:54 [http-nio-8495-exec-10] INFO  c.v.g.c.NotificationGeneralController -getNotificationDetails   method Start
				
2026-09-18 09:41:54 [http-nio-8495-exec-3] INFO  c.v.g.c.NotificationGeneralController -getNotificationDetails   method Start
				
2026-09-18 09:41:54 [http-nio-8495-exec-5] INFO  c.v.g.c.NotificationGeneralController -getNotificationDetails   method Start
				
2026-09-18 09:41:55 [http-nio-8495-exec-7] INFO  c.v.g.c.NotificationGeneralController -getNotificationDetails   method Start
				
2026-09-18 09:42:07 [http-nio-8495-exec-8] INFO  c.v.g.c.NotificationGeneralController -getNotificationDetails   method Start
				
2026-09-18 09:42:10 [http-nio-8495-exec-1] INFO  com.vmfg.scm.controller.PoController -getPoHdrDtlsByIndentId Controller  method Start
				
2026-09-18 09:42:10 [http-nio-8495-exec-6] INFO  c.v.s.c.IndentManagementController -indentHdrDropDownByProjectCode Controller  method Start
				
2026-09-18 09:42:10 [http-nio-8495-exec-6] INFO  c.v.s.c.IndentManagementController -indentHdrDropDownByProjectCode Controller  method end
				
2026-09-18 09:42:10 [http-nio-8495-exec-1] INFO  com.vmfg.scm.controller.PoController -getPoHdrDtlsByIndentId Controller  method end
				
2026-09-18 09:42:10 [http-nio-8495-exec-2] INFO  c.v.g.c.NotificationGeneralController -getNotificationDetails   method Start
				
2026-09-18 09:42:10 [http-nio-8495-exec-10] INFO  c.v.g.c.NotificationGeneralController -getNotificationDetails   method Start
				
2026-09-18 09:43:28 [http-nio-8495-exec-2] INFO  c.v.g.c.NotificationGeneralController -getNotificationDetails   method Start
				
2026-09-18 09:43:28 [http-nio-8495-exec-4] INFO  com.vmfg.scm.services.impl.PoService -getDCTypeDtl Service start 
				
2026-09-18 09:43:28 [http-nio-8495-exec-10] INFO  com.vmfg.scm.controller.PoController -getPoHdrDtlsByIndentId Controller  method Start
				
2026-09-18 09:43:28 [http-nio-8495-exec-7] INFO  com.vmfg.scm.services.impl.PoService -getdivisionDesc Service start 
				
2026-09-18 09:43:29 [http-nio-8495-exec-7] INFO  com.vmfg.scm.services.impl.PoService -getdivisionDesc Service end 
				
2026-09-18 09:43:29 [http-nio-8495-exec-4] INFO  com.vmfg.scm.services.impl.PoService -getDCTypeDtl Service end 
				
2026-09-18 09:43:29 [http-nio-8495-exec-5] INFO  com.vmfg.scm.services.impl.PoService -getInspectScopeDesc Service start 
				
2026-09-18 09:43:29 [http-nio-8495-exec-5] INFO  com.vmfg.scm.services.impl.PoService -getInspectScopeDesc Service end 
				
2026-09-18 09:43:29 [http-nio-8495-exec-10] INFO  com.vmfg.scm.controller.PoController -getPoHdrDtlsByIndentId Controller  method end
				
2026-09-18 09:43:29 [http-nio-8495-exec-7] INFO  com.vmfg.scm.services.impl.PoService -getTransitInsuranceDesc Service start 
				
2026-09-18 09:43:29 [http-nio-8495-exec-4] INFO  com.vmfg.scm.services.impl.PoService -getHsnCodeByPartNo Service start 
				
2026-09-18 09:43:29 [http-nio-8495-exec-7] INFO  com.vmfg.scm.services.impl.PoService -getTransitInsuranceDesc Service end 
				
2026-09-18 09:43:29 [http-nio-8495-exec-4] INFO  com.vmfg.scm.services.impl.PoService -getModeOfDispatchDesc Service end 
				
2026-09-18 09:43:29 [http-nio-8495-exec-10] INFO  com.vmfg.scm.services.impl.PoService -getHsnCodeByPartNo Service start 
				
2026-09-18 09:43:29 [http-nio-8495-exec-10] INFO  com.vmfg.scm.services.impl.PoService -getModeOfDispatchDesc Service end 
				
2026-09-18 09:43:29 [http-nio-8495-exec-6] INFO  com.vmfg.scm.services.impl.PoService -getdivisionDesc Service start 
				
2026-09-18 09:43:29 [http-nio-8495-exec-4] INFO  com.vmfg.scm.services.impl.PoService -getTransitInsuranceDesc Service start 
				
2026-09-18 09:43:29 [http-nio-8495-exec-8] INFO  com.vmfg.scm.services.impl.PoService -getInspectScopeDesc Service start 
				
2026-09-18 09:43:29 [http-nio-8495-exec-4] INFO  com.vmfg.scm.services.impl.PoService -getTransitInsuranceDesc Service end 
				
2026-09-18 09:43:29 [http-nio-8495-exec-6] INFO  com.vmfg.scm.services.impl.PoService -getdivisionDesc Service end 
				
2026-09-18 09:43:29 [http-nio-8495-exec-8] INFO  com.vmfg.scm.services.impl.PoService -getInspectScopeDesc Service end 
				
2026-09-18 09:43:29 [http-nio-8495-exec-6] INFO  c.v.g.c.NotificationGeneralController -getNotificationDetails   method Start
				
2026-09-18 09:43:29 [http-nio-8495-exec-8] INFO  c.v.g.c.NotificationGeneralController -getNotificationDetails   method Start
				
2026-09-18 09:43:29 [http-nio-8495-exec-4] INFO  com.vmfg.scm.services.impl.PoService -getDCTypeDtl Service start 
				
2026-09-18 09:43:29 [http-nio-8495-exec-4] INFO  com.vmfg.scm.services.impl.PoService -getDCTypeDtl Service end 
				
2026-09-18 09:43:29 [http-nio-8495-exec-9] INFO  c.v.g.c.NotificationGeneralController -getNotificationDetails   method Start
				
2026-09-18 09:43:29 [http-nio-8495-exec-5] ERROR com.vmfg.scm.dao.impl.PoDAO -getPaymentTermStatus error---> org.springframework.dao.EmptyResultDataAccessException: Incorrect result size: expected 1, actual 0
				
2026-09-18 09:43:29 [http-nio-8495-exec-3] ERROR com.vmfg.scm.dao.impl.PoDAO -getPaymentTermStatus error---> org.springframework.dao.EmptyResultDataAccessException: Incorrect result size: expected 1, actual 0
				
2026-09-18 09:43:29 [http-nio-8495-exec-1] INFO  c.v.g.c.NotificationGeneralController -getNotificationDetails   method Start
				
2026-09-18 09:43:29 [http-nio-8495-exec-5] INFO  c.v.g.c.NotificationGeneralController -getNotificationDetails   method Start
				
2026-09-18 09:43:29 [http-nio-8495-exec-7] INFO  c.v.g.c.NotificationGeneralController -getNotificationDetails   method Start
				
2026-09-18 09:43:29 [http-nio-8495-exec-10] INFO  c.v.g.c.NotificationGeneralController -getNotificationDetails   method Start
				
2026-09-18 09:43:29 [http-nio-8495-exec-6] INFO  c.v.g.c.NotificationGeneralController -getNotificationDetails   method Start
				
2026-09-18 09:43:29 [http-nio-8495-exec-9] INFO  c.v.g.c.NotificationGeneralController -getNotificationDetails   method Start
				
2026-09-18 09:43:29 [http-nio-8495-exec-2] INFO  c.v.g.c.NotificationGeneralController -getNotificationDetails   method Start
				
2026-09-18 09:43:29 [http-nio-8495-exec-4] INFO  c.v.g.c.NotificationGeneralController -getNotificationDetails   method Start
				
2026-09-18 09:43:29 [http-nio-8495-exec-3] INFO  c.v.g.c.NotificationGeneralController -getNotificationDetails   method Start
				
2026-09-18 09:43:30 [http-nio-8495-exec-8] INFO  c.v.g.c.NotificationGeneralController -getNotificationDetails   method Start
				
2026-09-18 09:43:45 [http-nio-8495-exec-5] INFO  com.vmfg.scm.services.impl.PoService -getDCTypeDtl Service start 
				
2026-09-18 09:43:45 [http-nio-8495-exec-5] INFO  com.vmfg.scm.services.impl.PoService -getDCTypeDtl Service end 
				
2026-09-18 09:43:45 [http-nio-8495-exec-7] INFO  c.v.g.c.NotificationGeneralController -getNotificationDetails   method Start
				
2026-09-18 09:44:52 [http-nio-8495-exec-1] INFO  com.vmfg.scm.services.impl.PoService -getHsnCodeByPartNo Service start 
				
2026-09-18 09:44:52 [http-nio-8495-exec-1] INFO  com.vmfg.scm.services.impl.PoService -getHsnCodeByPartNo Service end 
				
2026-09-18 09:44:52 [http-nio-8495-exec-5] INFO  c.v.g.c.NotificationGeneralController -getNotificationDetails   method Start
				
2026-09-18 09:44:57 [http-nio-8495-exec-7] INFO  com.vmfg.scm.services.impl.PoService -getHsnCodeByPartNo Service start 
				
2026-09-18 09:44:58 [http-nio-8495-exec-7] INFO  com.vmfg.scm.services.impl.PoService -getHsnCodeByPartNo Service end 
				
2026-09-18 09:44:58 [http-nio-8495-exec-6] INFO  c.v.g.c.NotificationGeneralController -getNotificationDetails   method Start
				
2026-09-18 09:45:04 [http-nio-8495-exec-9] INFO  com.vmfg.scm.services.impl.PoService -getHsnCodeByPartNo Service start 
				
2026-09-18 09:45:04 [http-nio-8495-exec-9] INFO  com.vmfg.scm.services.impl.PoService -getHsnCodeByPartNo Service end 
				
2026-09-18 09:45:04 [http-nio-8495-exec-4] INFO  c.v.g.c.NotificationGeneralController -getNotificationDetails   method Start
				
2026-09-18 09:46:50 [http-nio-8495-exec-8] INFO  c.v.g.c.NotificationGeneralController -getNotificationDetails   method Start
				
2026-09-18 09:46:50 [http-nio-8495-exec-1] INFO  com.vmfg.scm.controller.PoController -getPoHdrDtlsByIndentId Controller  method Start
				
2026-09-18 09:46:50 [http-nio-8495-exec-5] INFO  com.vmfg.scm.controller.PoController -getPoHdrDtlsByIndentId Controller  method Start
				
2026-09-18 09:46:50 [http-nio-8495-exec-7] INFO  com.vmfg.scm.controller.PoController -getPoHdrDtlsByIndentId Controller  method Start
				
2026-09-18 09:46:50 [http-nio-8495-exec-9] INFO  com.vmfg.scm.controller.PoController -getPoHdrDtlsByIndentId Controller  method Start
				
2026-09-18 09:46:50 [http-nio-8495-exec-9] INFO  com.vmfg.scm.controller.PoController -getPoHdrDtlsByIndentId Controller  method end
				
2026-09-18 09:46:50 [http-nio-8495-exec-5] INFO  com.vmfg.scm.controller.PoController -getPoHdrDtlsByIndentId Controller  method end
				
2026-09-18 09:46:50 [http-nio-8495-exec-7] INFO  com.vmfg.scm.controller.PoController -getPoHdrDtlsByIndentId Controller  method end
				
2026-09-18 09:46:50 [http-nio-8495-exec-1] INFO  com.vmfg.scm.controller.PoController -getPoHdrDtlsByIndentId Controller  method end
				
2026-09-18 09:46:50 [http-nio-8495-exec-3] INFO  c.v.g.c.NotificationGeneralController -getNotificationDetails   method Start
				
2026-09-18 09:46:50 [http-nio-8495-exec-10] INFO  c.v.g.c.NotificationGeneralController -getNotificationDetails   method Start
				
2026-09-18 09:46:50 [http-nio-8495-exec-2] INFO  c.v.g.c.NotificationGeneralController -getNotificationDetails   method Start
				
2026-09-18 09:46:50 [http-nio-8495-exec-1] INFO  c.v.g.c.NotificationGeneralController -getNotificationDetails   method Start
				
2026-09-18 09:46:50 [http-nio-8495-exec-4] INFO  com.vmfg.util.CommonNotifyMethod -InvokeNotificationMethod: 2 47  bgrn [BGRN/2026/1110/2] [] 0 5 78 DS42,DS54,DS10,DS34,DS43
				
2026-09-18 09:46:50 [http-nio-8495-exec-4] INFO  com.vmfg.util.NotificationRequest -notificationreq start
				
2026-09-18 09:46:50 [http-nio-8495-exec-4] INFO  com.vmfg.util.NotificationRequest -appdesigArrDS42DS42,DS54,DS10,DS34,DS43bgrn
				
2026-09-18 09:46:50 [http-nio-8495-exec-4] INFO  com.vmfg.util.NotificationRequest -appdesigArrDS54DS42,DS54,DS10,DS34,DS43bgrn
				
2026-09-18 09:46:50 [http-nio-8495-exec-4] INFO  com.vmfg.util.NotificationRequest -appdesigArrDS10DS42,DS54,DS10,DS34,DS43bgrn
				
2026-09-18 09:46:50 [http-nio-8495-exec-4] INFO  com.vmfg.util.NotificationRequest -appdesigArrDS34DS42,DS54,DS10,DS34,DS43bgrn
				
2026-09-18 09:46:50 [http-nio-8495-exec-4] INFO  com.vmfg.util.NotificationRequest -appdesigArrDS43DS42,DS54,DS10,DS34,DS43bgrn
				
2026-09-18 09:46:50 [http-nio-8495-exec-4] INFO  com.vmfg.util.NotificationRequest -Notifyparams
				
2026-09-18 09:46:50 [http-nio-8495-exec-4] INFO  com.vmfg.util.NotificationRequest -Notifyparams
				
2026-09-18 09:46:50 [http-nio-8495-exec-4] INFO  com.vmfg.util.NotificationRequest -Notifyparams
				
2026-09-18 09:46:51 [http-nio-8495-exec-4] INFO  com.vmfg.util.NotificationRequest -Notifyparams
				
2026-09-18 09:46:51 [http-nio-8495-exec-4] INFO  com.vmfg.util.NotificationRequest -Notifyparams
				
2026-09-18 09:46:51 [http-nio-8495-exec-4] INFO  com.vmfg.util.NotificationRequest -Notifyparams
				
2026-09-18 09:46:51 [http-nio-8495-exec-4] INFO  com.vmfg.util.NotificationRequest -Notifyparams
				
2026-09-18 09:46:51 [http-nio-8495-exec-4] INFO  com.vmfg.util.NotificationRequest -notificationreq end
				
2026-09-18 09:46:51 [http-nio-8495-exec-4] INFO  com.vmfg.util.DocumentApprovalInsert -InsertDocApprovalDtls starts
				
2026-09-18 09:46:51 [http-nio-8495-exec-4] INFO  com.vmfg.util.DocumentApprovalInsert -DocumentApprovalInsert insertHdrId 55321
				
2026-09-18 09:46:51 [http-nio-8495-exec-4] INFO  com.vmfg.util.DocumentApprovalInsert -InsertDocApprovalDtls end
				
2026-09-18 09:46:51 [http-nio-8495-exec-6] INFO  c.v.g.c.NotificationGeneralController -getNotificationDetails   method Start
				
2026-09-18 09:46:51 [http-nio-8495-exec-9] INFO  com.vmfg.scm.controller.PoController -getPoHdrDtlsByIndentId Controller  method Start
				
2026-09-18 09:46:51 [http-nio-8495-exec-9] INFO  com.vmfg.scm.controller.PoController -getPoHdrDtlsByIndentId Controller  method end
				
2026-09-18 09:46:51 [http-nio-8495-exec-5] INFO  c.v.g.c.NotificationGeneralController -getNotificationDetails   method Start
				
2026-09-18 09:47:00 [http-nio-8495-exec-3] INFO  com.vmfg.scm.services.impl.PoService -getDCTypeDtl Service start 
				
2026-09-18 09:47:00 [http-nio-8495-exec-10] INFO  com.vmfg.scm.services.impl.PoService -getdivisionDesc Service start 
				
2026-09-18 09:47:00 [http-nio-8495-exec-3] INFO  com.vmfg.scm.services.impl.PoService -getDCTypeDtl Service end 
				
2026-09-18 09:47:00 [http-nio-8495-exec-1] INFO  com.vmfg.scm.services.impl.PoService -getHsnCodeByPartNo Service start 
				
2026-09-18 09:47:00 [http-nio-8495-exec-8] INFO  com.vmfg.scm.services.impl.PoService -getInspectScopeDesc Service start 
				
2026-09-18 09:47:00 [http-nio-8495-exec-2] INFO  com.vmfg.scm.services.impl.PoService -getTransitInsuranceDesc Service start 
				
2026-09-18 09:47:00 [http-nio-8495-exec-10] INFO  com.vmfg.scm.services.impl.PoService -getdivisionDesc Service end 
				
2026-09-18 09:47:00 [http-nio-8495-exec-1] INFO  com.vmfg.scm.services.impl.PoService -getModeOfDispatchDesc Service end 
				
2026-09-18 09:47:00 [http-nio-8495-exec-8] INFO  com.vmfg.scm.services.impl.PoService -getInspectScopeDesc Service end 
				
2026-09-18 09:47:00 [http-nio-8495-exec-2] INFO  com.vmfg.scm.services.impl.PoService -getTransitInsuranceDesc Service end 
				
2026-09-18 09:47:00 [http-nio-8495-exec-10] INFO  com.vmfg.scm.services.impl.PoService -getInspectScopeDesc Service start 
				
2026-09-18 09:47:00 [http-nio-8495-exec-10] INFO  com.vmfg.scm.services.impl.PoService -getInspectScopeDesc Service end 
				
2026-09-18 09:47:00 [http-nio-8495-exec-4] INFO  com.vmfg.scm.services.impl.PoService -getHsnCodeByPartNo Service start 
				
2026-09-18 09:47:00 [http-nio-8495-exec-4] INFO  com.vmfg.scm.services.impl.PoService -getModeOfDispatchDesc Service end 
				
2026-09-18 09:47:00 [http-nio-8495-exec-5] INFO  com.vmfg.scm.services.impl.PoService -getDCTypeDtl Service start 
				
2026-09-18 09:47:00 [http-nio-8495-exec-1] INFO  c.v.g.c.NotificationGeneralController -getNotificationDetails   method Start
				
2026-09-18 09:47:00 [http-nio-8495-exec-5] INFO  com.vmfg.scm.services.impl.PoService -getDCTypeDtl Service end 
				
2026-09-18 09:47:00 [http-nio-8495-exec-5] INFO  c.v.g.c.NotificationGeneralController -getNotificationDetails   method Start
				
2026-09-18 09:47:00 [http-nio-8495-exec-6] INFO  com.vmfg.scm.services.impl.PoService -getTransitInsuranceDesc Service start 
				
2026-09-18 09:47:00 [http-nio-8495-exec-9] INFO  com.vmfg.scm.services.impl.PoService -getdivisionDesc Service start 
				
2026-09-18 09:47:00 [http-nio-8495-exec-6] INFO  com.vmfg.scm.services.impl.PoService -getTransitInsuranceDesc Service end 
				
2026-09-18 09:47:00 [http-nio-8495-exec-9] INFO  com.vmfg.scm.services.impl.PoService -getdivisionDesc Service end 
				
2026-09-18 09:47:00 [http-nio-8495-exec-3] ERROR com.vmfg.scm.dao.impl.PoDAO -getPaymentTermStatus error---> org.springframework.dao.EmptyResultDataAccessException: Incorrect result size: expected 1, actual 0
				
2026-09-18 09:47:00 [http-nio-8495-exec-7] ERROR com.vmfg.scm.dao.impl.PoDAO -getPaymentTermStatus error---> org.springframework.dao.EmptyResultDataAccessException: Incorrect result size: expected 1, actual 0
				
2026-09-18 09:47:00 [http-nio-8495-exec-10] INFO  c.v.g.c.NotificationGeneralController -getNotificationDetails   method Start
				
2026-09-18 09:47:00 [http-nio-8495-exec-8] INFO  c.v.g.c.NotificationGeneralController -getNotificationDetails   method Start
				
2026-09-18 09:47:00 [http-nio-8495-exec-4] INFO  c.v.g.c.NotificationGeneralController -getNotificationDetails   method Start
				
2026-09-18 09:47:00 [http-nio-8495-exec-2] INFO  c.v.g.c.NotificationGeneralController -getNotificationDetails   method Start
				
2026-09-18 09:47:01 [http-nio-8495-exec-7] INFO  c.v.g.c.NotificationGeneralController -getNotificationDetails   method Start
				
2026-09-18 09:47:01 [http-nio-8495-exec-6] INFO  c.v.g.c.NotificationGeneralController -getNotificationDetails   method Start
				
2026-09-18 09:47:01 [http-nio-8495-exec-9] INFO  c.v.g.c.NotificationGeneralController -getNotificationDetails   method Start
				
2026-09-18 09:47:01 [http-nio-8495-exec-3] INFO  c.v.g.c.NotificationGeneralController -getNotificationDetails   method Start
				
2026-09-18 09:47:01 [http-nio-8495-exec-1] INFO  c.v.g.c.NotificationGeneralController -getNotificationDetails   method Start
				
2026-09-18 09:47:01 [http-nio-8495-exec-5] INFO  c.v.g.c.NotificationGeneralController -getNotificationDetails   method Start
				
2026-09-18 09:47:36 [http-nio-8495-exec-10] INFO  c.v.s.c.IndentManagementController -indentHdrDropDownByProjectCode Controller  method Start
				
2026-09-18 09:47:36 [http-nio-8495-exec-10] INFO  c.v.s.c.IndentManagementController -indentHdrDropDownByProjectCode Controller  method end
				
2026-09-18 09:47:36 [http-nio-8495-exec-4] INFO  c.v.g.c.NotificationGeneralController -getNotificationDetails   method Start
				
2026-09-18 09:47:36 [http-nio-8495-exec-2] INFO  c.v.g.c.NotificationGeneralController -getNotificationDetails   method Start
				
2026-09-18 09:47:39 [http-nio-8495-exec-3] INFO  c.v.s.c.IndentManagementController -getIndentGrpNewProdByStation Controller  method Start
				
2026-09-18 09:47:39 [http-nio-8495-exec-7] INFO  c.v.g.c.NotificationGeneralController -getNotificationDetails   method Start
				
2026-09-18 09:47:39 [http-nio-8495-exec-3] INFO  c.v.s.c.IndentManagementController -getIndentGrpNewProdByStation Controller  method end
				
2026-09-18 09:47:39 [http-nio-8495-exec-9] INFO  c.v.g.c.NotificationGeneralController -getNotificationDetails   method Start
				
2026-09-18 09:47:41 [http-nio-8495-exec-6] INFO  c.v.g.c.NotificationGeneralController -getNotificationDetails   method Start
				
2026-09-18 09:47:45 [http-nio-8495-exec-10] INFO  c.v.m.controller.VendorController -getApprVendorDtls method Start
				
2026-09-18 09:47:45 [http-nio-8495-exec-4] INFO  c.v.g.c.NotificationGeneralController -getNotificationDetails   method Start
				
2026-09-18 09:47:45 [http-nio-8495-exec-2] INFO  c.v.g.c.NotificationGeneralController -getNotificationDetails   method Start
				
2026-09-18 09:47:45 [http-nio-8495-exec-1] ERROR com.vmfg.scm.dao.impl.GrnDAO -getPoCodeByPoId method Errororg.springframework.dao.EmptyResultDataAccessException: Incorrect result size: expected 1, actual 0
				
2026-09-18 09:47:45 [http-nio-8495-exec-3] INFO  c.v.g.c.NotificationGeneralController -getNotificationDetails   method Start
				
2026-09-18 09:47:55 [http-nio-8495-exec-9] INFO  c.v.g.c.NotificationGeneralController -getNotificationDetails   method Start
				
2026-09-18 09:47:58 [http-nio-8495-exec-6] INFO  com.vmfg.scm.controller.PoController -getPoHdrDtlsByIndentId Controller  method Start
				
2026-09-18 09:47:58 [http-nio-8495-exec-5] INFO  c.v.s.c.IndentManagementController -indentHdrDropDownByProjectCode Controller  method Start
				
2026-09-18 09:47:58 [http-nio-8495-exec-5] INFO  c.v.s.c.IndentManagementController -indentHdrDropDownByProjectCode Controller  method end
				
2026-09-18 09:47:58 [http-nio-8495-exec-8] INFO  c.v.g.c.NotificationGeneralController -getNotificationDetails   method Start
				
2026-09-18 09:47:58 [http-nio-8495-exec-6] INFO  com.vmfg.scm.controller.PoController -getPoHdrDtlsByIndentId Controller  method end
				
2026-09-18 09:47:58 [http-nio-8495-exec-10] INFO  c.v.g.c.NotificationGeneralController -getNotificationDetails   method Start
				
2026-09-18 09:48:06 [http-nio-8495-exec-7] INFO  com.vmfg.scm.services.impl.PoService -getInspectScopeDesc Service start 
				
2026-09-18 09:48:06 [http-nio-8495-exec-5] INFO  com.vmfg.scm.services.impl.PoService -getdivisionDesc Service start 
				
2026-09-18 09:48:06 [http-nio-8495-exec-6] INFO  com.vmfg.scm.services.impl.PoService -getHsnCodeByPartNo Service start 
				
2026-09-18 09:48:06 [http-nio-8495-exec-8] INFO  com.vmfg.scm.services.impl.PoService -getTransitInsuranceDesc Service start 
				
2026-09-18 09:48:06 [http-nio-8495-exec-9] INFO  com.vmfg.scm.services.impl.PoService -getDCTypeDtl Service start 
				
2026-09-18 09:48:06 [http-nio-8495-exec-8] INFO  com.vmfg.scm.services.impl.PoService -getTransitInsuranceDesc Service end 
				
2026-09-18 09:48:06 [http-nio-8495-exec-6] INFO  com.vmfg.scm.services.impl.PoService -getModeOfDispatchDesc Service end 
				
2026-09-18 09:48:06 [http-nio-8495-exec-9] INFO  com.vmfg.scm.services.impl.PoService -getDCTypeDtl Service end 
				
2026-09-18 09:48:06 [http-nio-8495-exec-7] INFO  com.vmfg.scm.services.impl.PoService -getInspectScopeDesc Service end 
				
2026-09-18 09:48:06 [http-nio-8495-exec-5] INFO  com.vmfg.scm.services.impl.PoService -getdivisionDesc Service end 
				
2026-09-18 09:48:06 [http-nio-8495-exec-7] INFO  com.vmfg.scm.services.impl.PoService -getHsnCodeByPartNo Service start 
				
2026-09-18 09:48:06 [http-nio-8495-exec-6] INFO  com.vmfg.scm.services.impl.PoService -getdivisionDesc Service start 
				
2026-09-18 09:48:06 [http-nio-8495-exec-5] INFO  com.vmfg.scm.services.impl.PoService -getInspectScopeDesc Service start 
				
2026-09-18 09:48:06 [http-nio-8495-exec-8] INFO  com.vmfg.scm.services.impl.PoService -getTransitInsuranceDesc Service start 
				
2026-09-18 09:48:06 [http-nio-8495-exec-7] INFO  com.vmfg.scm.services.impl.PoService -getModeOfDispatchDesc Service end 
				
2026-09-18 09:48:06 [http-nio-8495-exec-6] INFO  com.vmfg.scm.services.impl.PoService -getdivisionDesc Service end 
				
2026-09-18 09:48:06 [http-nio-8495-exec-8] INFO  com.vmfg.scm.services.impl.PoService -getTransitInsuranceDesc Service end 
				
2026-09-18 09:48:06 [http-nio-8495-exec-5] INFO  com.vmfg.scm.services.impl.PoService -getInspectScopeDesc Service end 
				
2026-09-18 09:48:07 [http-nio-8495-exec-7] INFO  c.v.g.c.NotificationGeneralController -getNotificationDetails   method Start
				
2026-09-18 09:48:07 [http-nio-8495-exec-6] INFO  com.vmfg.scm.services.impl.PoService -getDCTypeDtl Service start 
				
2026-09-18 09:48:07 [http-nio-8495-exec-8] INFO  c.v.g.c.NotificationGeneralController -getNotificationDetails   method Start
				
2026-09-18 09:48:07 [http-nio-8495-exec-5] INFO  c.v.g.c.NotificationGeneralController -getNotificationDetails   method Start
				
2026-09-18 09:48:07 [http-nio-8495-exec-6] INFO  com.vmfg.scm.services.impl.PoService -getDCTypeDtl Service end 
				
2026-09-18 09:48:07 [http-nio-8495-exec-9] ERROR com.vmfg.scm.dao.impl.PoDAO -getPaymentTermStatus error---> org.springframework.dao.EmptyResultDataAccessException: Incorrect result size: expected 1, actual 0
				
2026-09-18 09:48:07 [http-nio-8495-exec-3] ERROR com.vmfg.scm.dao.impl.PoDAO -getPaymentTermStatus error---> org.springframework.dao.EmptyResultDataAccessException: Incorrect result size: expected 1, actual 0
				
2026-09-18 09:48:07 [http-nio-8495-exec-6] INFO  c.v.g.c.NotificationGeneralController -getNotificationDetails   method Start
				
2026-09-18 09:48:07 [http-nio-8495-exec-3] INFO  c.v.g.c.NotificationGeneralController -getNotificationDetails   method Start
				
2026-09-18 09:48:07 [http-nio-8495-exec-9] INFO  c.v.g.c.NotificationGeneralController -getNotificationDetails   method Start
				
2026-09-18 09:48:07 [http-nio-8495-exec-8] INFO  c.v.g.c.NotificationGeneralController -getNotificationDetails   method Start
				
2026-09-18 09:48:07 [http-nio-8495-exec-5] INFO  c.v.g.c.NotificationGeneralController -getNotificationDetails   method Start
				
2026-09-18 09:48:07 [http-nio-8495-exec-7] INFO  c.v.g.c.NotificationGeneralController -getNotificationDetails   method Start
				
2026-09-18 09:48:07 [http-nio-8495-exec-6] INFO  c.v.g.c.NotificationGeneralController -getNotificationDetails   method Start
				
2026-09-18 09:48:07 [http-nio-8495-exec-2] INFO  c.v.g.c.NotificationGeneralController -getNotificationDetails   method Start
				
2026-09-18 09:48:07 [http-nio-8495-exec-10] INFO  c.v.g.c.NotificationGeneralController -getNotificationDetails   method Start
				
2026-09-18 09:49:16 [http-nio-8495-exec-5] INFO  c.v.s.c.IndentManagementController -indentHdrDropDownByProjectCode Controller  method Start
				
2026-09-18 09:49:16 [http-nio-8495-exec-5] INFO  c.v.s.c.IndentManagementController -indentHdrDropDownByProjectCode Controller  method end
				
2026-09-18 09:49:16 [http-nio-8495-exec-10] INFO  c.v.g.c.NotificationGeneralController -getNotificationDetails   method Start
				
2026-09-18 09:49:16 [http-nio-8495-exec-2] INFO  c.v.g.c.NotificationGeneralController -getNotificationDetails   method Start
				
2026-09-18 09:49:20 [http-nio-8495-exec-7] INFO  c.v.m.controller.VendorController -getApprVendorDtls method Start
				
2026-09-18 09:49:20 [http-nio-8495-exec-9] INFO  c.v.g.c.NotificationGeneralController -getNotificationDetails   method Start
				
2026-09-18 09:49:20 [http-nio-8495-exec-3] INFO  c.v.g.c.NotificationGeneralController -getNotificationDetails   method Start
				
2026-09-18 09:49:20 [http-nio-8495-exec-4] ERROR com.vmfg.scm.dao.impl.GrnDAO -getPoCodeByPoId method Errororg.springframework.dao.EmptyResultDataAccessException: Incorrect result size: expected 1, actual 0
				
2026-09-18 09:49:20 [http-nio-8495-exec-1] INFO  c.v.g.c.NotificationGeneralController -getNotificationDetails   method Start
				
2026-09-18 09:49:34 [http-nio-8495-exec-6] INFO  c.v.g.c.NotificationGeneralController -getNotificationDetails   method Start
				
2026-09-18 09:49:35 [http-nio-8495-exec-10] INFO  c.v.s.c.IndentManagementController -indentHdrDropDownByProjectCode Controller  method Start
				
2026-09-18 09:49:35 [http-nio-8495-exec-2] INFO  com.vmfg.scm.controller.PoController -getPoHdrDtlsByIndentId Controller  method Start
				
2026-09-18 09:49:35 [http-nio-8495-exec-10] INFO  c.v.s.c.IndentManagementController -indentHdrDropDownByProjectCode Controller  method end
				
2026-09-18 09:49:35 [http-nio-8495-exec-2] INFO  com.vmfg.scm.controller.PoController -getPoHdrDtlsByIndentId Controller  method end
				
2026-09-18 09:49:35 [http-nio-8495-exec-8] INFO  c.v.g.c.NotificationGeneralController -getNotificationDetails   method Start
				
2026-09-18 09:49:35 [http-nio-8495-exec-7] INFO  c.v.g.c.NotificationGeneralController -getNotificationDetails   method Start
				
2026-09-18 10:03:59 [http-nio-8495-exec-6] INFO  com.vmfg.scm.services.impl.PoService -getHsnCodeByPartNo Service start 
				
2026-09-18 10:03:59 [http-nio-8495-exec-2] INFO  com.vmfg.scm.services.impl.PoService -getTransitInsuranceDesc Service start 
				
2026-09-18 10:03:59 [http-nio-8495-exec-8] INFO  com.vmfg.scm.services.impl.PoService -getInspectScopeDesc Service start 
				
2026-09-18 10:03:59 [http-nio-8495-exec-5] INFO  com.vmfg.scm.services.impl.PoService -getDCTypeDtl Service start 
				
2026-09-18 10:03:59 [http-nio-8495-exec-10] INFO  com.vmfg.scm.services.impl.PoService -getdivisionDesc Service start 
				
2026-09-18 10:03:59 [http-nio-8495-exec-2] INFO  com.vmfg.scm.services.impl.PoService -getTransitInsuranceDesc Service end 
				
2026-09-18 10:03:59 [http-nio-8495-exec-10] INFO  com.vmfg.scm.services.impl.PoService -getdivisionDesc Service end 
				
2026-09-18 10:03:59 [http-nio-8495-exec-8] INFO  com.vmfg.scm.services.impl.PoService -getInspectScopeDesc Service end 
				
2026-09-18 10:03:59 [http-nio-8495-exec-6] INFO  com.vmfg.scm.services.impl.PoService -getModeOfDispatchDesc Service end 
				
2026-09-18 10:03:59 [http-nio-8495-exec-5] INFO  com.vmfg.scm.services.impl.PoService -getDCTypeDtl Service end 
				
2026-09-18 10:03:59 [http-nio-8495-exec-2] INFO  com.vmfg.scm.services.impl.PoService -getTransitInsuranceDesc Service start 
				
2026-09-18 10:03:59 [http-nio-8495-exec-10] INFO  com.vmfg.scm.services.impl.PoService -getdivisionDesc Service start 
				
2026-09-18 10:03:59 [http-nio-8495-exec-8] INFO  com.vmfg.scm.services.impl.PoService -getHsnCodeByPartNo Service start 
				
2026-09-18 10:03:59 [http-nio-8495-exec-5] INFO  com.vmfg.scm.services.impl.PoService -getInspectScopeDesc Service start 
				
2026-09-18 10:03:59 [http-nio-8495-exec-5] INFO  com.vmfg.scm.services.impl.PoService -getInspectScopeDesc Service end 
				
2026-09-18 10:03:59 [http-nio-8495-exec-2] INFO  com.vmfg.scm.services.impl.PoService -getTransitInsuranceDesc Service end 
				
2026-09-18 10:03:59 [http-nio-8495-exec-10] INFO  com.vmfg.scm.services.impl.PoService -getdivisionDesc Service end 
				
2026-09-18 10:03:59 [http-nio-8495-exec-8] INFO  com.vmfg.scm.services.impl.PoService -getModeOfDispatchDesc Service end 
				
2026-09-18 10:04:00 [http-nio-8495-exec-7] INFO  com.vmfg.scm.services.impl.PoService -getDCTypeDtl Service start 
				
2026-09-18 10:04:00 [http-nio-8495-exec-4] INFO  c.v.g.c.NotificationGeneralController -getNotificationDetails   method Start
				
2026-09-18 10:04:00 [http-nio-8495-exec-7] INFO  com.vmfg.scm.services.impl.PoService -getDCTypeDtl Service end 
				
2026-09-18 10:04:00 [http-nio-8495-exec-3] INFO  c.v.g.c.NotificationGeneralController -getNotificationDetails   method Start
				
2026-09-18 10:04:00 [http-nio-8495-exec-9] INFO  c.v.g.c.NotificationGeneralController -getNotificationDetails   method Start
				
2026-09-18 10:04:00 [http-nio-8495-exec-5] INFO  c.v.g.c.NotificationGeneralController -getNotificationDetails   method Start
				
2026-09-18 10:04:00 [http-nio-8495-exec-1] ERROR com.vmfg.scm.dao.impl.PoDAO -getPaymentTermStatus error---> org.springframework.dao.EmptyResultDataAccessException: Incorrect result size: expected 1, actual 0
				
2026-09-18 10:04:00 [http-nio-8495-exec-6] ERROR com.vmfg.scm.dao.impl.PoDAO -getPaymentTermStatus error---> org.springframework.dao.EmptyResultDataAccessException: Incorrect result size: expected 1, actual 0
				
2026-09-18 10:04:00 [http-nio-8495-exec-10] INFO  c.v.g.c.NotificationGeneralController -getNotificationDetails   method Start
				
2026-09-18 10:04:00 [http-nio-8495-exec-8] INFO  c.v.g.c.NotificationGeneralController -getNotificationDetails   method Start
				
2026-09-18 10:04:00 [http-nio-8495-exec-3] INFO  c.v.g.c.NotificationGeneralController -getNotificationDetails   method Start
				
2026-09-18 10:04:00 [http-nio-8495-exec-5] INFO  c.v.g.c.NotificationGeneralController -getNotificationDetails   method Start
				
2026-09-18 10:04:00 [http-nio-8495-exec-9] INFO  c.v.g.c.NotificationGeneralController -getNotificationDetails   method Start
				
2026-09-18 10:04:00 [http-nio-8495-exec-4] INFO  c.v.g.c.NotificationGeneralController -getNotificationDetails   method Start
				
2026-09-18 10:04:00 [http-nio-8495-exec-10] INFO  c.v.g.c.NotificationGeneralController -getNotificationDetails   method Start
				
2026-09-18 10:04:00 [http-nio-8495-exec-8] INFO  c.v.g.c.NotificationGeneralController -getNotificationDetails   method Start
				
2026-09-18 10:04:43 [http-nio-8495-exec-7] INFO  c.v.s.c.IndentManagementController -indentHdrDropDownByProjectCode Controller  method Start
				
2026-09-18 10:04:43 [http-nio-8495-exec-7] INFO  c.v.s.c.IndentManagementController -indentHdrDropDownByProjectCode Controller  method end
				
2026-09-18 10:04:43 [http-nio-8495-exec-1] INFO  c.v.g.c.NotificationGeneralController -getNotificationDetails   method Start
				
2026-09-18 10:04:43 [http-nio-8495-exec-6] INFO  c.v.g.c.NotificationGeneralController -getNotificationDetails   method Start
				
2026-09-18 10:05:18 [http-nio-8495-exec-10] INFO  c.v.s.c.IndentManagementController -indentHdrDropDownByProjectCode Controller  method Start
				
2026-09-18 10:05:18 [http-nio-8495-exec-8] INFO  com.vmfg.scm.controller.PoController -getPoHdrDtlsByIndentId Controller  method Start
				
2026-09-18 10:05:18 [http-nio-8495-exec-10] INFO  c.v.s.c.IndentManagementController -indentHdrDropDownByProjectCode Controller  method end
				
2026-09-18 10:05:18 [http-nio-8495-exec-8] INFO  com.vmfg.scm.controller.PoController -getPoHdrDtlsByIndentId Controller  method end
				
2026-09-18 10:05:18 [http-nio-8495-exec-7] INFO  c.v.g.c.NotificationGeneralController -getNotificationDetails   method Start
				
2026-09-18 10:05:18 [http-nio-8495-exec-2] INFO  c.v.g.c.NotificationGeneralController -getNotificationDetails   method Start
				
2026-09-18 10:05:20 [http-nio-8495-exec-3] INFO  com.vmfg.scm.services.impl.PoService -getTransitInsuranceDesc Service start 
				
2026-09-18 10:05:20 [http-nio-8495-exec-9] INFO  com.vmfg.scm.services.impl.PoService -getHsnCodeByPartNo Service start 
				
2026-09-18 10:05:20 [http-nio-8495-exec-5] INFO  com.vmfg.scm.services.impl.PoService -getdivisionDesc Service start 
				
2026-09-18 10:05:20 [http-nio-8495-exec-6] INFO  com.vmfg.scm.services.impl.PoService -getDCTypeDtl Service start 
				
2026-09-18 10:05:20 [http-nio-8495-exec-3] INFO  com.vmfg.scm.services.impl.PoService -getTransitInsuranceDesc Service end 
				
2026-09-18 10:05:20 [http-nio-8495-exec-9] INFO  com.vmfg.scm.services.impl.PoService -getModeOfDispatchDesc Service end 
				
2026-09-18 10:05:20 [http-nio-8495-exec-5] INFO  com.vmfg.scm.services.impl.PoService -getdivisionDesc Service end 
				
2026-09-18 10:05:20 [http-nio-8495-exec-6] INFO  com.vmfg.scm.services.impl.PoService -getDCTypeDtl Service end 
				
2026-09-18 10:05:20 [http-nio-8495-exec-8] INFO  com.vmfg.scm.services.impl.PoService -getdivisionDesc Service start 
				
2026-09-18 10:05:20 [http-nio-8495-exec-4] INFO  com.vmfg.scm.services.impl.PoService -getInspectScopeDesc Service start 
				
2026-09-18 10:05:20 [http-nio-8495-exec-6] INFO  com.vmfg.scm.services.impl.PoService -getHsnCodeByPartNo Service start 
				
2026-09-18 10:05:20 [http-nio-8495-exec-10] INFO  com.vmfg.scm.services.impl.PoService -getInspectScopeDesc Service start 
				
2026-09-18 10:05:20 [http-nio-8495-exec-8] INFO  com.vmfg.scm.services.impl.PoService -getdivisionDesc Service end 
				
2026-09-18 10:05:20 [http-nio-8495-exec-4] INFO  com.vmfg.scm.services.impl.PoService -getInspectScopeDesc Service end 
				
2026-09-18 10:05:20 [http-nio-8495-exec-10] INFO  com.vmfg.scm.services.impl.PoService -getInspectScopeDesc Service end 
				
2026-09-18 10:05:20 [http-nio-8495-exec-6] INFO  com.vmfg.scm.services.impl.PoService -getModeOfDispatchDesc Service end 
				
2026-09-18 10:05:20 [http-nio-8495-exec-4] INFO  c.v.g.c.NotificationGeneralController -getNotificationDetails   method Start
				
2026-09-18 10:05:20 [http-nio-8495-exec-8] INFO  c.v.g.c.NotificationGeneralController -getNotificationDetails   method Start
				
2026-09-18 10:05:20 [http-nio-8495-exec-6] INFO  com.vmfg.scm.services.impl.PoService -getTransitInsuranceDesc Service start 
				
2026-09-18 10:05:20 [http-nio-8495-exec-6] INFO  com.vmfg.scm.services.impl.PoService -getTransitInsuranceDesc Service end 
				
2026-09-18 10:05:20 [http-nio-8495-exec-2] INFO  c.v.g.c.NotificationGeneralController -getNotificationDetails   method Start
				
2026-09-18 10:05:20 [http-nio-8495-exec-6] INFO  com.vmfg.scm.services.impl.PoService -getDCTypeDtl Service start 
				
2026-09-18 10:05:20 [http-nio-8495-exec-6] INFO  com.vmfg.scm.services.impl.PoService -getDCTypeDtl Service end 
				
2026-09-18 10:05:20 [http-nio-8495-exec-6] INFO  c.v.g.c.NotificationGeneralController -getNotificationDetails   method Start
				
2026-09-18 10:05:20 [http-nio-8495-exec-1] ERROR com.vmfg.scm.dao.impl.PoDAO -getPaymentTermStatus error---> org.springframework.dao.EmptyResultDataAccessException: Incorrect result size: expected 1, actual 0
				
2026-09-18 10:05:20 [http-nio-8495-exec-7] ERROR com.vmfg.scm.dao.impl.PoDAO -getPaymentTermStatus error---> org.springframework.dao.EmptyResultDataAccessException: Incorrect result size: expected 1, actual 0
				
2026-09-18 10:05:21 [http-nio-8495-exec-1] INFO  c.v.g.c.NotificationGeneralController -getNotificationDetails   method Start
				
2026-09-18 10:05:21 [http-nio-8495-exec-7] INFO  c.v.g.c.NotificationGeneralController -getNotificationDetails   method Start
				
2026-09-18 10:05:21 [http-nio-8495-exec-6] INFO  c.v.g.c.NotificationGeneralController -getNotificationDetails   method Start
				
2026-09-18 10:05:21 [http-nio-8495-exec-4] INFO  c.v.g.c.NotificationGeneralController -getNotificationDetails   method Start
				
2026-09-18 10:05:21 [http-nio-8495-exec-8] INFO  c.v.g.c.NotificationGeneralController -getNotificationDetails   method Start
				
2026-09-18 10:05:21 [http-nio-8495-exec-2] INFO  c.v.g.c.NotificationGeneralController -getNotificationDetails   method Start
				
2026-09-18 10:05:21 [http-nio-8495-exec-1] INFO  c.v.g.c.NotificationGeneralController -getNotificationDetails   method Start
				
2026-09-18 10:05:21 [http-nio-8495-exec-7] INFO  c.v.g.c.NotificationGeneralController -getNotificationDetails   method Start
				
2026-09-18 10:22:18 [http-nio-8495-exec-10] INFO  c.v.s.c.IndentManagementController -indentHdrDropDownByProjectCode Controller  method Start
				
2026-09-18 10:22:18 [http-nio-8495-exec-3] INFO  c.v.g.c.NotificationGeneralController -getNotificationDetails   method Start
				
2026-09-18 10:22:18 [http-nio-8495-exec-9] INFO  c.v.g.c.NotificationGeneralController -getNotificationDetails   method Start
				
2026-09-18 10:22:18 [http-nio-8495-exec-8] INFO  com.vmfg.scm.controller.PoController -getPoHdrDtlsByIndentId Controller  method Start
				
2026-09-18 10:22:18 [http-nio-8495-exec-1] INFO  c.v.g.c.NotificationGeneralController -getNotificationDetails   method Start
				
2026-09-18 10:22:18 [http-nio-8495-exec-10] INFO  c.v.s.c.IndentManagementController -indentHdrDropDownByProjectCode Controller  method end
				
2026-09-18 10:22:18 [http-nio-8495-exec-8] INFO  com.vmfg.scm.controller.PoController -getPoHdrDtlsByIndentId Controller  method end
				
2026-09-18 10:22:18 [http-nio-8495-exec-6] INFO  c.v.g.c.NotificationGeneralController -getNotificationDetails   method Start
				
2026-09-18 10:22:18 [http-nio-8495-exec-5] INFO  c.v.g.c.NotificationGeneralController -getNotificationDetails   method Start
				
2026-09-18 10:22:29 [http-nio-8495-exec-10] INFO  c.v.g.c.NotificationGeneralController -getNotificationDetails   method Start
				
2026-09-18 10:22:29 [http-nio-8495-exec-8] INFO  c.v.g.c.NotificationGeneralController -getNotificationDetails   method Start
				
2026-09-18 10:22:29 [http-nio-8495-exec-9] INFO  c.v.g.c.NotificationGeneralController -getNotificationDetails   method Start
				
2026-09-18 10:22:29 [http-nio-8495-exec-1] INFO  com.vmfg.scm.controller.PoController -getPoHdrDtlsByIndentId Controller  method Start
				
2026-09-18 10:22:29 [http-nio-8495-exec-3] INFO  c.v.s.c.IndentManagementController -indentHdrDropDownByProjectCode Controller  method Start
				
2026-09-18 10:22:29 [http-nio-8495-exec-3] INFO  c.v.s.c.IndentManagementController -indentHdrDropDownByProjectCode Controller  method end
				
2026-09-18 10:22:29 [http-nio-8495-exec-6] INFO  c.v.g.c.NotificationGeneralController -getNotificationDetails   method Start
				
2026-09-18 10:22:29 [http-nio-8495-exec-1] INFO  com.vmfg.scm.controller.PoController -getPoHdrDtlsByIndentId Controller  method end
				
2026-09-18 10:22:29 [http-nio-8495-exec-5] INFO  c.v.g.c.NotificationGeneralController -getNotificationDetails   method Start
				
2026-09-18 10:22:45 [http-nio-8495-exec-7] INFO  c.v.g.c.NotificationGeneralController -getNotificationDetails   method Start
				
2026-09-18 10:22:45 [http-nio-8495-exec-3] INFO  c.v.g.c.NotificationGeneralController -getNotificationDetails   method Start
				
2026-09-18 10:22:45 [http-nio-8495-exec-1] INFO  c.v.g.c.NotificationGeneralController -getNotificationDetails   method Start
				
2026-09-18 10:22:45 [http-nio-8495-exec-8] INFO  com.vmfg.scm.controller.PoController -getPoHdrDtlsByIndentId Controller  method Start
				
2026-09-18 10:22:45 [http-nio-8495-exec-10] INFO  c.v.s.c.IndentManagementController -indentHdrDropDownByProjectCode Controller  method Start
				
2026-09-18 10:22:45 [http-nio-8495-exec-10] INFO  c.v.s.c.IndentManagementController -indentHdrDropDownByProjectCode Controller  method end
				
2026-09-18 10:22:45 [http-nio-8495-exec-10] INFO  c.v.g.c.NotificationGeneralController -getNotificationDetails   method Start
				
2026-09-18 10:22:45 [http-nio-8495-exec-8] INFO  com.vmfg.scm.controller.PoController -getPoHdrDtlsByIndentId Controller  method end
				
2026-09-18 10:22:45 [http-nio-8495-exec-5] INFO  c.v.g.c.NotificationGeneralController -getNotificationDetails   method Start
				
2026-09-18 10:22:49 [http-nio-8495-exec-4] INFO  c.v.g.c.NotificationGeneralController -getNotificationDetails   method Start
				
2026-09-18 10:22:49 [http-nio-8495-exec-8] INFO  c.v.g.c.NotificationGeneralController -getNotificationDetails   method Start
				
2026-09-18 10:22:49 [http-nio-8495-exec-3] INFO  c.v.g.c.NotificationGeneralController -getNotificationDetails   method Start
				
2026-09-18 10:22:49 [http-nio-8495-exec-1] INFO  com.vmfg.scm.controller.PoController -getPoHdrDtlsByIndentId Controller  method Start
				
2026-09-18 10:22:49 [http-nio-8495-exec-7] INFO  c.v.s.c.IndentManagementController -indentHdrDropDownByProjectCode Controller  method Start
				
2026-09-18 10:22:49 [http-nio-8495-exec-7] INFO  c.v.s.c.IndentManagementController -indentHdrDropDownByProjectCode Controller  method end
				
2026-09-18 10:22:49 [http-nio-8495-exec-10] INFO  c.v.g.c.NotificationGeneralController -getNotificationDetails   method Start
				
2026-09-18 10:22:49 [http-nio-8495-exec-1] INFO  com.vmfg.scm.controller.PoController -getPoHdrDtlsByIndentId Controller  method end
				
2026-09-18 10:22:49 [http-nio-8495-exec-5] INFO  c.v.g.c.NotificationGeneralController -getNotificationDetails   method Start
				
2026-09-18 10:25:43 [http-nio-8495-exec-3] INFO  c.v.g.c.NotificationGeneralController -getNotificationDetails   method Start
				
2026-09-18 10:25:43 [http-nio-8495-exec-5] INFO  c.v.g.c.NotificationGeneralController -getNotificationDetails   method Start
				
2026-09-18 10:25:43 [http-nio-8495-exec-10] INFO  c.v.g.c.NotificationGeneralController -getNotificationDetails   method Start
				
2026-09-18 10:25:43 [http-nio-8495-exec-9] INFO  c.v.s.c.IndentManagementController -indentHdrDropDownByProjectCode Controller  method Start
				
2026-09-18 10:25:43 [http-nio-8495-exec-6] INFO  com.vmfg.scm.controller.PoController -getPoHdrDtlsByIndentId Controller  method Start
				
2026-09-18 10:25:43 [http-nio-8495-exec-9] INFO  c.v.s.c.IndentManagementController -indentHdrDropDownByProjectCode Controller  method end
				
2026-09-18 10:25:43 [http-nio-8495-exec-6] INFO  com.vmfg.scm.controller.PoController -getPoHdrDtlsByIndentId Controller  method end
				
2026-09-18 10:25:44 [http-nio-8495-exec-7] INFO  c.v.g.c.NotificationGeneralController -getNotificationDetails   method Start
				
2026-09-18 10:25:44 [http-nio-8495-exec-9] INFO  c.v.g.c.NotificationGeneralController -getNotificationDetails   method Start
				
2026-09-18 10:26:17 [http-nio-8495-exec-3] INFO  c.v.g.c.NotificationGeneralController -getNotificationDetails   method Start
				
2026-09-18 10:26:17 [http-nio-8495-exec-7] INFO  c.v.g.c.NotificationGeneralController -getNotificationDetails   method Start
				
2026-09-18 10:26:17 [http-nio-8495-exec-10] INFO  c.v.g.c.NotificationGeneralController -getNotificationDetails   method Start
				
2026-09-18 10:26:17 [http-nio-8495-exec-1] INFO  com.vmfg.scm.controller.PoController -getPoHdrDtlsByIndentId Controller  method Start
				
2026-09-18 10:26:17 [http-nio-8495-exec-9] INFO  c.v.s.c.IndentManagementController -indentHdrDropDownByProjectCode Controller  method Start
				
2026-09-18 10:26:17 [http-nio-8495-exec-9] INFO  c.v.s.c.IndentManagementController -indentHdrDropDownByProjectCode Controller  method end
				
2026-09-18 10:26:17 [http-nio-8495-exec-8] INFO  c.v.g.c.NotificationGeneralController -getNotificationDetails   method Start
				
2026-09-18 10:26:17 [http-nio-8495-exec-1] INFO  com.vmfg.scm.controller.PoController -getPoHdrDtlsByIndentId Controller  method end
				
2026-09-18 10:26:17 [http-nio-8495-exec-2] INFO  c.v.g.c.NotificationGeneralController -getNotificationDetails   method Start
				
2026-09-18 10:26:23 [http-nio-8495-exec-3] INFO  com.vmfg.scm.services.impl.PoService -getTransitInsuranceDesc Service start 
				
2026-09-18 10:26:23 [http-nio-8495-exec-1] INFO  com.vmfg.scm.services.impl.PoService -getHsnCodeByPartNo Service start 
				
2026-09-18 10:26:23 [http-nio-8495-exec-9] INFO  com.vmfg.scm.services.impl.PoService -getdivisionDesc Service start 
				
2026-09-18 10:26:23 [http-nio-8495-exec-3] INFO  com.vmfg.scm.services.impl.PoService -getTransitInsuranceDesc Service end 
				
2026-09-18 10:26:23 [http-nio-8495-exec-1] INFO  com.vmfg.scm.services.impl.PoService -getModeOfDispatchDesc Service end 
				
2026-09-18 10:26:23 [http-nio-8495-exec-5] INFO  com.vmfg.scm.services.impl.PoService -getDCTypeDtl Service start 
				
2026-09-18 10:26:23 [http-nio-8495-exec-6] INFO  com.vmfg.scm.services.impl.PoService -getInspectScopeDesc Service start 
				
2026-09-18 10:26:23 [http-nio-8495-exec-9] INFO  com.vmfg.scm.services.impl.PoService -getdivisionDesc Service end 
				
2026-09-18 10:26:23 [http-nio-8495-exec-5] INFO  com.vmfg.scm.services.impl.PoService -getDCTypeDtl Service end 
				
2026-09-18 10:26:23 [http-nio-8495-exec-6] INFO  com.vmfg.scm.services.impl.PoService -getInspectScopeDesc Service end 
				
2026-09-18 10:26:23 [http-nio-8495-exec-7] INFO  com.vmfg.scm.services.impl.PoService -getHsnCodeByPartNo Service start 
				
2026-09-18 10:26:23 [http-nio-8495-exec-9] INFO  com.vmfg.scm.services.impl.PoService -getInspectScopeDesc Service start 
				
2026-09-18 10:26:23 [http-nio-8495-exec-1] INFO  com.vmfg.scm.services.impl.PoService -getdivisionDesc Service start 
				
2026-09-18 10:26:23 [http-nio-8495-exec-10] INFO  com.vmfg.scm.services.impl.PoService -getTransitInsuranceDesc Service start 
				
2026-09-18 10:26:23 [http-nio-8495-exec-10] INFO  com.vmfg.scm.services.impl.PoService -getTransitInsuranceDesc Service end 
				
2026-09-18 10:26:23 [http-nio-8495-exec-1] INFO  com.vmfg.scm.services.impl.PoService -getdivisionDesc Service end 
				
2026-09-18 10:26:23 [http-nio-8495-exec-7] INFO  com.vmfg.scm.services.impl.PoService -getModeOfDispatchDesc Service end 
				
2026-09-18 10:26:23 [http-nio-8495-exec-9] INFO  com.vmfg.scm.services.impl.PoService -getInspectScopeDesc Service end 
				
2026-09-18 10:26:23 [http-nio-8495-exec-10] INFO  com.vmfg.scm.services.impl.PoService -getDCTypeDtl Service start 
				
2026-09-18 10:26:23 [http-nio-8495-exec-10] INFO  com.vmfg.scm.services.impl.PoService -getDCTypeDtl Service end 
				
2026-09-18 10:26:23 [http-nio-8495-exec-8] INFO  c.v.g.c.NotificationGeneralController -getNotificationDetails   method Start
				
2026-09-18 10:26:23 [http-nio-8495-exec-7] INFO  c.v.g.c.NotificationGeneralController -getNotificationDetails   method Start
				
2026-09-18 10:26:23 [http-nio-8495-exec-9] INFO  c.v.g.c.NotificationGeneralController -getNotificationDetails   method Start
				
2026-09-18 10:26:23 [http-nio-8495-exec-10] INFO  c.v.g.c.NotificationGeneralController -getNotificationDetails   method Start
				
2026-09-18 10:26:23 [http-nio-8495-exec-4] ERROR com.vmfg.scm.dao.impl.PoDAO -getPaymentTermStatus error---> org.springframework.dao.EmptyResultDataAccessException: Incorrect result size: expected 1, actual 0
				
2026-09-18 10:26:23 [http-nio-8495-exec-5] ERROR com.vmfg.scm.dao.impl.PoDAO -getPaymentTermStatus error---> org.springframework.dao.EmptyResultDataAccessException: Incorrect result size: expected 1, actual 0
				
2026-09-18 10:26:23 [http-nio-8495-exec-2] INFO  c.v.g.c.NotificationGeneralController -getNotificationDetails   method Start
				
2026-09-18 10:26:23 [http-nio-8495-exec-3] INFO  c.v.g.c.NotificationGeneralController -getNotificationDetails   method Start
				
2026-09-18 10:26:23 [http-nio-8495-exec-2] INFO  c.v.g.c.NotificationGeneralController -getNotificationDetails   method Start
				
2026-09-18 10:26:23 [http-nio-8495-exec-10] INFO  c.v.g.c.NotificationGeneralController -getNotificationDetails   method Start
				
2026-09-18 10:26:24 [http-nio-8495-exec-9] INFO  c.v.g.c.NotificationGeneralController -getNotificationDetails   method Start
				
2026-09-18 10:26:24 [http-nio-8495-exec-3] INFO  c.v.g.c.NotificationGeneralController -getNotificationDetails   method Start
				
2026-09-18 10:26:24 [http-nio-8495-exec-8] INFO  c.v.g.c.NotificationGeneralController -getNotificationDetails   method Start
				
2026-09-18 10:26:24 [http-nio-8495-exec-7] INFO  c.v.g.c.NotificationGeneralController -getNotificationDetails   method Start
				
2026-09-18 10:29:28 [http-nio-8495-exec-10] INFO  c.v.g.c.NotificationGeneralController -getNotificationDetails   method Start
				
2026-09-18 10:29:28 [http-nio-8495-exec-3] INFO  c.v.s.c.IndentManagementController -getScmHdrBasedDtl   method Start
				
2026-09-18 10:29:28 [http-nio-8495-exec-6] INFO  c.v.s.c.IndentManagementController -getIndentProjectDtlsByDate Controller  method Start
				
2026-09-18 10:29:28 [http-nio-8495-exec-9] INFO  c.v.g.services.impl.TileViewService -getSaleTileView  method start
				
2026-09-18 10:29:28 [http-nio-8495-exec-6] INFO  c.v.s.c.IndentManagementController -getIndentProjectDtlsByDate Controller  method end
				
2026-09-18 10:29:28 [http-nio-8495-exec-6] INFO  c.v.g.c.NotificationGeneralController -getNotificationDetails   method Start
				
2026-09-18 10:29:30 [http-nio-8495-exec-9] INFO  c.v.g.c.StageManagementController -getSCMTitleView   method end
				
2026-09-18 10:29:30 [http-nio-8495-exec-3] INFO  c.v.s.c.IndentManagementController -getScmHdrBasedDtl  method end
				
2026-09-18 10:29:30 [http-nio-8495-exec-7] INFO  c.v.g.c.NotificationGeneralController -getNotificationDetails   method Start
				
2026-09-18 10:29:30 [http-nio-8495-exec-2] INFO  c.v.g.c.NotificationGeneralController -getNotificationDetails   method Start
				
2026-09-18 10:29:35 [http-nio-8495-exec-1] INFO  c.v.s.c.IndentManagementController -getScmHdrBasedDtl   method Start
				
2026-09-18 10:29:35 [http-nio-8495-exec-4] INFO  c.v.g.services.impl.TileViewService -getSaleTileView  method start
				
2026-09-18 10:29:35 [http-nio-8495-exec-1] INFO  c.v.s.c.IndentManagementController -getScmHdrBasedDtl  method end
				
2026-09-18 10:29:35 [http-nio-8495-exec-4] INFO  c.v.g.c.StageManagementController -getSCMTitleView   method end
				
2026-09-18 10:29:35 [http-nio-8495-exec-5] INFO  c.v.g.c.NotificationGeneralController -getNotificationDetails   method Start
				
2026-09-18 10:29:35 [http-nio-8495-exec-8] INFO  c.v.g.c.NotificationGeneralController -getNotificationDetails   method Start
				
2026-09-18 10:29:35 [http-nio-8495-exec-6] INFO  c.v.g.c.NotificationGeneralController -getNotificationDetails   method Start
				
2026-09-18 10:29:35 [http-nio-8495-exec-3] INFO  c.v.g.c.DepartmentAndEmployeeInfoController -getprocessAssignedTeam   method Start
				
2026-09-18 10:29:35 [http-nio-8495-exec-3] INFO  c.v.g.s.i.DepartmentAndEmployeeService -getprocessAssignedTeam  method start
				
2026-09-18 10:29:35 [http-nio-8495-exec-9] INFO  c.v.g.c.NotificationGeneralController -getNotificationDetails   method Start
				
2026-09-18 10:29:35 [http-nio-8495-exec-7] INFO  c.v.g.c.NotificationGeneralController -getNotificationDetails   method Start
				
2026-09-18 10:29:35 [http-nio-8495-exec-4] INFO  c.v.g.c.NotificationGeneralController -getNotificationDetails   method Start
				
2026-09-18 10:29:35 [http-nio-8495-exec-1] INFO  c.v.g.c.NotificationGeneralController -getNotificationDetails   method Start
				
2026-09-18 10:29:35 [http-nio-8495-exec-10] INFO  c.v.g.c.NotificationGeneralController -getNotificationDetails   method Start
				
2026-09-18 10:29:37 [http-nio-8495-exec-5] INFO  com.vmfg.scm.controller.PoController -getPoHdrDtlsByIndentId Controller  method Start
				
2026-09-18 10:29:37 [http-nio-8495-exec-3] INFO  c.v.s.c.IndentManagementController -indentHdrDropDownByProjectCode Controller  method Start
				
2026-09-18 10:29:37 [http-nio-8495-exec-3] INFO  c.v.s.c.IndentManagementController -indentHdrDropDownByProjectCode Controller  method end
				
2026-09-18 10:29:37 [http-nio-8495-exec-8] INFO  c.v.g.c.NotificationGeneralController -getNotificationDetails   method Start
				
2026-09-18 10:29:37 [http-nio-8495-exec-6] INFO  c.v.g.c.NotificationGeneralController -getNotificationDetails   method Start
				
2026-09-18 10:29:38 [http-nio-8495-exec-5] INFO  com.vmfg.scm.controller.PoController -getPoHdrDtlsByIndentId Controller  method end
				
2026-09-18 10:29:38 [http-nio-8495-exec-9] INFO  c.v.g.c.NotificationGeneralController -getNotificationDetails   method Start
				
2026-09-18 10:29:40 [http-nio-8495-exec-7] INFO  com.vmfg.scm.services.impl.PoService -getDCTypeDtl Service start 
				
2026-09-18 10:29:40 [http-nio-8495-exec-1] INFO  com.vmfg.scm.services.impl.PoService -getdivisionDesc Service start 
				
2026-09-18 10:29:40 [http-nio-8495-exec-3] INFO  com.vmfg.scm.services.impl.PoService -getTransitInsuranceDesc Service start 
				
2026-09-18 10:29:40 [http-nio-8495-exec-4] INFO  com.vmfg.scm.services.impl.PoService -getInspectScopeDesc Service start 
				
2026-09-18 10:29:40 [http-nio-8495-exec-2] INFO  com.vmfg.scm.services.impl.PoService -getHsnCodeByPartNo Service start 
				
2026-09-18 10:29:40 [http-nio-8495-exec-3] INFO  com.vmfg.scm.services.impl.PoService -getTransitInsuranceDesc Service end 
				
2026-09-18 10:29:40 [http-nio-8495-exec-1] INFO  com.vmfg.scm.services.impl.PoService -getdivisionDesc Service end 
				
2026-09-18 10:29:40 [http-nio-8495-exec-4] INFO  com.vmfg.scm.services.impl.PoService -getInspectScopeDesc Service end 
				
2026-09-18 10:29:40 [http-nio-8495-exec-2] INFO  com.vmfg.scm.services.impl.PoService -getModeOfDispatchDesc Service end 
				
2026-09-18 10:29:40 [http-nio-8495-exec-7] INFO  com.vmfg.scm.services.impl.PoService -getDCTypeDtl Service end 
				
2026-09-18 10:29:40 [http-nio-8495-exec-7] INFO  com.vmfg.scm.services.impl.PoService -getInspectScopeDesc Service start 
				
2026-09-18 10:29:40 [http-nio-8495-exec-8] INFO  com.vmfg.scm.services.impl.PoService -getHsnCodeByPartNo Service start 
				
2026-09-18 10:29:40 [http-nio-8495-exec-6] INFO  com.vmfg.scm.services.impl.PoService -getTransitInsuranceDesc Service start 
				
2026-09-18 10:29:40 [http-nio-8495-exec-3] INFO  com.vmfg.scm.services.impl.PoService -getdivisionDesc Service start 
				
2026-09-18 10:29:40 [http-nio-8495-exec-3] INFO  com.vmfg.scm.services.impl.PoService -getdivisionDesc Service end 
				
2026-09-18 10:29:40 [http-nio-8495-exec-8] INFO  com.vmfg.scm.services.impl.PoService -getModeOfDispatchDesc Service end 
				
2026-09-18 10:29:40 [http-nio-8495-exec-6] INFO  com.vmfg.scm.services.impl.PoService -getTransitInsuranceDesc Service end 
				
2026-09-18 10:29:40 [http-nio-8495-exec-7] INFO  com.vmfg.scm.services.impl.PoService -getInspectScopeDesc Service end 
				
2026-09-18 10:29:41 [http-nio-8495-exec-3] INFO  com.vmfg.scm.services.impl.PoService -getDCTypeDtl Service start 
				
2026-09-18 10:29:41 [http-nio-8495-exec-7] INFO  c.v.g.c.NotificationGeneralController -getNotificationDetails   method Start
				
2026-09-18 10:29:41 [http-nio-8495-exec-6] INFO  c.v.g.c.NotificationGeneralController -getNotificationDetails   method Start
				
2026-09-18 10:29:41 [http-nio-8495-exec-8] INFO  c.v.g.c.NotificationGeneralController -getNotificationDetails   method Start
				
2026-09-18 10:29:41 [http-nio-8495-exec-3] INFO  com.vmfg.scm.services.impl.PoService -getDCTypeDtl Service end 
				
2026-09-18 10:29:41 [http-nio-8495-exec-3] INFO  c.v.g.c.NotificationGeneralController -getNotificationDetails   method Start
				
2026-09-18 10:29:41 [http-nio-8495-exec-5] INFO  c.v.g.c.NotificationGeneralController -getNotificationDetails   method Start
				
2026-09-18 10:29:41 [http-nio-8495-exec-8] INFO  c.v.g.c.NotificationGeneralController -getNotificationDetails   method Start
				
2026-09-18 10:29:41 [http-nio-8495-exec-9] INFO  c.v.g.c.NotificationGeneralController -getNotificationDetails   method Start
				
2026-09-18 10:29:41 [http-nio-8495-exec-1] INFO  c.v.g.c.NotificationGeneralController -getNotificationDetails   method Start
				
2026-09-18 10:29:41 [http-nio-8495-exec-2] INFO  c.v.g.c.NotificationGeneralController -getNotificationDetails   method Start
				
2026-09-18 10:29:41 [http-nio-8495-exec-6] INFO  c.v.g.c.NotificationGeneralController -getNotificationDetails   method Start
				
2026-09-18 10:29:42 [http-nio-8495-exec-7] INFO  c.v.g.c.NotificationGeneralController -getNotificationDetails   method Start
				
2026-09-18 10:29:42 [http-nio-8495-exec-8] INFO  c.v.g.c.NotificationGeneralController -getNotificationDetails   method Start
				
2026-09-18 10:30:11 [http-nio-8495-exec-9] INFO  com.vmfg.scm.services.impl.PoService -getDCTypeDtl Service start 
				
2026-09-18 10:30:11 [http-nio-8495-exec-4] INFO  com.vmfg.scm.services.impl.PoService -getdivisionDesc Service start 
				
2026-09-18 10:30:11 [http-nio-8495-exec-1] INFO  com.vmfg.scm.services.impl.PoService -getInspectScopeDesc Service start 
				
2026-09-18 10:30:11 [http-nio-8495-exec-5] INFO  com.vmfg.scm.services.impl.PoService -getTransitInsuranceDesc Service start 
				
2026-09-18 10:30:11 [http-nio-8495-exec-10] INFO  com.vmfg.scm.services.impl.PoService -getHsnCodeByPartNo Service start 
				
2026-09-18 10:30:11 [http-nio-8495-exec-4] INFO  com.vmfg.scm.services.impl.PoService -getdivisionDesc Service end 
				
2026-09-18 10:30:11 [http-nio-8495-exec-9] INFO  com.vmfg.scm.services.impl.PoService -getDCTypeDtl Service end 
				
2026-09-18 10:30:11 [http-nio-8495-exec-5] INFO  com.vmfg.scm.services.impl.PoService -getTransitInsuranceDesc Service end 
				
2026-09-18 10:30:11 [http-nio-8495-exec-10] INFO  com.vmfg.scm.services.impl.PoService -getModeOfDispatchDesc Service end 
				
2026-09-18 10:30:11 [http-nio-8495-exec-1] INFO  com.vmfg.scm.services.impl.PoService -getInspectScopeDesc Service end 
				
2026-09-18 10:30:11 [http-nio-8495-exec-8] INFO  com.vmfg.scm.services.impl.PoService -getInspectScopeDesc Service start 
				
2026-09-18 10:30:11 [http-nio-8495-exec-7] INFO  com.vmfg.scm.services.impl.PoService -getHsnCodeByPartNo Service start 
				
2026-09-18 10:30:11 [http-nio-8495-exec-4] INFO  com.vmfg.scm.services.impl.PoService -getTransitInsuranceDesc Service start 
				
2026-09-18 10:30:11 [http-nio-8495-exec-6] INFO  com.vmfg.scm.services.impl.PoService -getdivisionDesc Service start 
				
2026-09-18 10:30:11 [http-nio-8495-exec-8] INFO  com.vmfg.scm.services.impl.PoService -getInspectScopeDesc Service end 
				
2026-09-18 10:30:11 [http-nio-8495-exec-7] INFO  com.vmfg.scm.services.impl.PoService -getModeOfDispatchDesc Service end 
				
2026-09-18 10:30:11 [http-nio-8495-exec-4] INFO  com.vmfg.scm.services.impl.PoService -getTransitInsuranceDesc Service end 
				
2026-09-18 10:30:11 [http-nio-8495-exec-6] INFO  com.vmfg.scm.services.impl.PoService -getdivisionDesc Service end 
				
2026-09-18 10:30:11 [http-nio-8495-exec-5] INFO  com.vmfg.scm.services.impl.PoService -getDCTypeDtl Service start 
				
2026-09-18 10:30:11 [http-nio-8495-exec-5] INFO  com.vmfg.scm.services.impl.PoService -getDCTypeDtl Service end 
				
2026-09-18 10:30:11 [http-nio-8495-exec-1] INFO  c.v.g.c.NotificationGeneralController -getNotificationDetails   method Start
				
2026-09-18 10:30:11 [http-nio-8495-exec-4] INFO  c.v.g.c.NotificationGeneralController -getNotificationDetails   method Start
				
2026-09-18 10:30:11 [http-nio-8495-exec-9] INFO  c.v.g.c.NotificationGeneralController -getNotificationDetails   method Start
				
2026-09-18 10:30:11 [http-nio-8495-exec-5] INFO  c.v.g.c.NotificationGeneralController -getNotificationDetails   method Start
				
2026-09-18 10:30:12 [http-nio-8495-exec-3] INFO  c.v.g.c.NotificationGeneralController -getNotificationDetails   method Start
				
2026-09-18 10:30:12 [http-nio-8495-exec-2] INFO  c.v.g.c.NotificationGeneralController -getNotificationDetails   method Start
				
2026-09-18 10:30:12 [http-nio-8495-exec-1] INFO  c.v.g.c.NotificationGeneralController -getNotificationDetails   method Start
				
2026-09-18 10:30:12 [http-nio-8495-exec-9] INFO  c.v.g.c.NotificationGeneralController -getNotificationDetails   method Start
				
2026-09-18 10:30:12 [http-nio-8495-exec-4] INFO  c.v.g.c.NotificationGeneralController -getNotificationDetails   method Start
				
2026-09-18 10:30:12 [http-nio-8495-exec-10] INFO  c.v.g.c.NotificationGeneralController -getNotificationDetails   method Start
				
2026-09-18 10:30:12 [http-nio-8495-exec-7] INFO  c.v.g.c.NotificationGeneralController -getNotificationDetails   method Start
				
2026-09-18 10:30:12 [http-nio-8495-exec-8] INFO  c.v.g.c.NotificationGeneralController -getNotificationDetails   method Start
				
2026-09-18 10:30:42 [http-nio-8495-exec-5] INFO  c.v.g.c.NotificationGeneralController -getNotificationDetails   method Start
				
2026-09-18 10:30:42 [http-nio-8495-exec-1] INFO  c.v.s.c.IndentManagementController -getIndentProjectDtlsByDate Controller  method Start
				
2026-09-18 10:30:42 [http-nio-8495-exec-3] INFO  c.v.s.c.IndentManagementController -getScmHdrBasedDtl   method Start
				
2026-09-18 10:30:42 [http-nio-8495-exec-2] INFO  c.v.g.services.impl.TileViewService -getSaleTileView  method start
				
2026-09-18 10:30:42 [http-nio-8495-exec-1] INFO  c.v.s.c.IndentManagementController -getIndentProjectDtlsByDate Controller  method end
				
2026-09-18 10:30:42 [http-nio-8495-exec-9] INFO  c.v.g.c.NotificationGeneralController -getNotificationDetails   method Start
				
2026-09-18 10:30:44 [http-nio-8495-exec-3] INFO  c.v.s.c.IndentManagementController -getScmHdrBasedDtl  method end
				
2026-09-18 10:30:44 [http-nio-8495-exec-2] INFO  c.v.g.c.StageManagementController -getSCMTitleView   method end
				
2026-09-18 10:30:44 [http-nio-8495-exec-4] INFO  c.v.g.c.NotificationGeneralController -getNotificationDetails   method Start
				
2026-09-18 10:30:44 [http-nio-8495-exec-10] INFO  c.v.g.c.NotificationGeneralController -getNotificationDetails   method Start
				
2026-09-18 10:30:51 [http-nio-8495-exec-7] INFO  c.v.s.c.IndentManagementController -getScmHdrBasedDtl   method Start
				
2026-09-18 10:30:51 [http-nio-8495-exec-8] INFO  c.v.g.services.impl.TileViewService -getSaleTileView  method start
				
2026-09-18 10:30:51 [http-nio-8495-exec-7] INFO  c.v.s.c.IndentManagementController -getScmHdrBasedDtl  method end
				
2026-09-18 10:30:51 [http-nio-8495-exec-8] INFO  c.v.g.c.StageManagementController -getSCMTitleView   method end
				
2026-09-18 10:30:51 [http-nio-8495-exec-6] INFO  c.v.g.c.NotificationGeneralController -getNotificationDetails   method Start
				
2026-09-18 10:30:51 [http-nio-8495-exec-5] INFO  c.v.g.c.NotificationGeneralController -getNotificationDetails   method Start
				
2026-09-18 10:30:51 [http-nio-8495-exec-9] INFO  c.v.g.c.NotificationGeneralController -getNotificationDetails   method Start
				
2026-09-18 10:30:51 [http-nio-8495-exec-3] INFO  c.v.g.c.DepartmentAndEmployeeInfoController -getprocessAssignedTeam   method Start
				
2026-09-18 10:30:51 [http-nio-8495-exec-3] INFO  c.v.g.s.i.DepartmentAndEmployeeService -getprocessAssignedTeam  method start
				
2026-09-18 10:30:51 [http-nio-8495-exec-7] INFO  c.v.g.c.NotificationGeneralController -getNotificationDetails   method Start
				
2026-09-18 10:30:51 [http-nio-8495-exec-8] INFO  c.v.g.c.NotificationGeneralController -getNotificationDetails   method Start
				
2026-09-18 10:30:51 [http-nio-8495-exec-4] INFO  c.v.g.c.NotificationGeneralController -getNotificationDetails   method Start
				
2026-09-18 10:30:51 [http-nio-8495-exec-5] INFO  c.v.g.c.NotificationGeneralController -getNotificationDetails   method Start
				
2026-09-18 10:30:51 [http-nio-8495-exec-6] INFO  c.v.g.c.NotificationGeneralController -getNotificationDetails   method Start
				
2026-09-18 10:30:53 [http-nio-8495-exec-10] INFO  c.v.s.c.IndentManagementController -indentHdrDropDownByProjectCode Controller  method Start
				
2026-09-18 10:30:53 [http-nio-8495-exec-3] INFO  com.vmfg.scm.controller.PoController -getPoHdrDtlsByIndentId Controller  method Start
				
2026-09-18 10:30:53 [http-nio-8495-exec-10] INFO  c.v.s.c.IndentManagementController -indentHdrDropDownByProjectCode Controller  method end
				
2026-09-18 10:30:53 [http-nio-8495-exec-10] INFO  c.v.g.c.NotificationGeneralController -getNotificationDetails   method Start
				
2026-09-18 10:30:53 [http-nio-8495-exec-1] INFO  c.v.g.c.NotificationGeneralController -getNotificationDetails   method Start
				
2026-09-18 10:30:53 [http-nio-8495-exec-3] INFO  com.vmfg.scm.controller.PoController -getPoHdrDtlsByIndentId Controller  method end
				
2026-09-18 10:30:53 [http-nio-8495-exec-2] INFO  c.v.g.c.NotificationGeneralController -getNotificationDetails   method Start
				
2026-09-18 10:30:55 [http-nio-8495-exec-6] INFO  com.vmfg.scm.services.impl.PoService -getDCTypeDtl Service start 
				
2026-09-18 10:30:55 [http-nio-8495-exec-8] INFO  com.vmfg.scm.services.impl.PoService -getInspectScopeDesc Service start 
				
2026-09-18 10:30:55 [http-nio-8495-exec-4] INFO  com.vmfg.scm.services.impl.PoService -getdivisionDesc Service start 
				
2026-09-18 10:30:55 [http-nio-8495-exec-5] INFO  com.vmfg.scm.services.impl.PoService -getTransitInsuranceDesc Service start 
				
2026-09-18 10:30:55 [http-nio-8495-exec-7] INFO  com.vmfg.scm.services.impl.PoService -getHsnCodeByPartNo Service start 
				
2026-09-18 10:30:55 [http-nio-8495-exec-7] INFO  com.vmfg.scm.services.impl.PoService -getModeOfDispatchDesc Service end 
				
2026-09-18 10:30:55 [http-nio-8495-exec-8] INFO  com.vmfg.scm.services.impl.PoService -getInspectScopeDesc Service end 
				
2026-09-18 10:30:55 [http-nio-8495-exec-4] INFO  com.vmfg.scm.services.impl.PoService -getdivisionDesc Service end 
				
2026-09-18 10:30:55 [http-nio-8495-exec-5] INFO  com.vmfg.scm.services.impl.PoService -getTransitInsuranceDesc Service end 
				
2026-09-18 10:30:55 [http-nio-8495-exec-6] INFO  com.vmfg.scm.services.impl.PoService -getDCTypeDtl Service end 
				
2026-09-18 10:30:55 [http-nio-8495-exec-8] INFO  com.vmfg.scm.services.impl.PoService -getInspectScopeDesc Service start 
				
2026-09-18 10:30:55 [http-nio-8495-exec-6] INFO  com.vmfg.scm.services.impl.PoService -getdivisionDesc Service start 
				
2026-09-18 10:30:55 [http-nio-8495-exec-7] INFO  com.vmfg.scm.services.impl.PoService -getTransitInsuranceDesc Service start 
				
2026-09-18 10:30:55 [http-nio-8495-exec-8] INFO  com.vmfg.scm.services.impl.PoService -getInspectScopeDesc Service end 
				
2026-09-18 10:30:55 [http-nio-8495-exec-6] INFO  com.vmfg.scm.services.impl.PoService -getdivisionDesc Service end 
				
2026-09-18 10:30:55 [http-nio-8495-exec-7] INFO  com.vmfg.scm.services.impl.PoService -getTransitInsuranceDesc Service end 
				
2026-09-18 10:30:55 [http-nio-8495-exec-3] INFO  com.vmfg.scm.services.impl.PoService -getHsnCodeByPartNo Service start 
				
2026-09-18 10:30:55 [http-nio-8495-exec-3] INFO  com.vmfg.scm.services.impl.PoService -getModeOfDispatchDesc Service end 
				
2026-09-18 10:30:55 [http-nio-8495-exec-8] INFO  com.vmfg.scm.services.impl.PoService -getDCTypeDtl Service start 
				
2026-09-18 10:30:55 [http-nio-8495-exec-6] INFO  c.v.g.c.NotificationGeneralController -getNotificationDetails   method Start
				
2026-09-18 10:30:55 [http-nio-8495-exec-8] INFO  com.vmfg.scm.services.impl.PoService -getDCTypeDtl Service end 
				
2026-09-18 10:30:55 [http-nio-8495-exec-3] INFO  c.v.g.c.NotificationGeneralController -getNotificationDetails   method Start
				
2026-09-18 10:30:55 [http-nio-8495-exec-10] INFO  c.v.g.c.NotificationGeneralController -getNotificationDetails   method Start
				
2026-09-18 10:30:55 [http-nio-8495-exec-2] INFO  c.v.g.c.NotificationGeneralController -getNotificationDetails   method Start
				
2026-09-18 10:30:55 [http-nio-8495-exec-4] ERROR com.vmfg.scm.dao.impl.PoDAO -getPaymentTermStatus error---> org.springframework.dao.EmptyResultDataAccessException: Incorrect result size: expected 1, actual 0
				
2026-09-18 10:30:55 [http-nio-8495-exec-9] ERROR com.vmfg.scm.dao.impl.PoDAO -getPaymentTermStatus error---> org.springframework.dao.EmptyResultDataAccessException: Incorrect result size: expected 1, actual 0
				
2026-09-18 10:30:55 [http-nio-8495-exec-5] INFO  c.v.g.c.NotificationGeneralController -getNotificationDetails   method Start
				
2026-09-18 10:30:55 [http-nio-8495-exec-1] INFO  c.v.g.c.NotificationGeneralController -getNotificationDetails   method Start
				
2026-09-18 10:30:56 [http-nio-8495-exec-8] INFO  c.v.g.c.NotificationGeneralController -getNotificationDetails   method Start
				
2026-09-18 10:30:56 [http-nio-8495-exec-7] INFO  c.v.g.c.NotificationGeneralController -getNotificationDetails   method Start
				
2026-09-18 10:30:56 [http-nio-8495-exec-4] INFO  c.v.g.c.NotificationGeneralController -getNotificationDetails   method Start
				
2026-09-18 10:30:56 [http-nio-8495-exec-6] INFO  c.v.g.c.NotificationGeneralController -getNotificationDetails   method Start
				
2026-09-18 10:30:56 [http-nio-8495-exec-9] INFO  c.v.g.c.NotificationGeneralController -getNotificationDetails   method Start
				
2026-09-18 10:30:56 [http-nio-8495-exec-3] INFO  c.v.g.c.NotificationGeneralController -getNotificationDetails   method Start
				
2026-09-18 10:32:11 [http-nio-8495-exec-6] INFO  c.v.g.c.NotificationGeneralController -getNotificationDetails   method Start
				
2026-09-18 10:32:11 [http-nio-8495-exec-9] INFO  c.v.g.services.impl.TileViewService -getSaleTileView  method start
				
2026-09-18 10:32:11 [http-nio-8495-exec-3] INFO  c.v.s.c.IndentManagementController -getScmHdrBasedDtl   method Start
				
2026-09-18 10:32:11 [http-nio-8495-exec-1] INFO  c.v.s.c.IndentManagementController -getIndentProjectDtlsByDate Controller  method Start
				
2026-09-18 10:32:11 [http-nio-8495-exec-1] INFO  c.v.s.c.IndentManagementController -getIndentProjectDtlsByDate Controller  method end
				
2026-09-18 10:32:11 [http-nio-8495-exec-2] INFO  c.v.g.c.NotificationGeneralController -getNotificationDetails   method Start
				
2026-09-18 10:32:13 [http-nio-8495-exec-9] INFO  c.v.g.c.StageManagementController -getSCMTitleView   method end
				
2026-09-18 10:32:13 [http-nio-8495-exec-3] INFO  c.v.s.c.IndentManagementController -getScmHdrBasedDtl  method end
				
2026-09-18 10:32:13 [http-nio-8495-exec-7] INFO  c.v.g.c.NotificationGeneralController -getNotificationDetails   method Start
				
2026-09-18 10:32:13 [http-nio-8495-exec-8] INFO  c.v.g.c.NotificationGeneralController -getNotificationDetails   method Start
				
2026-09-18 10:32:20 [http-nio-8495-exec-10] INFO  c.v.g.services.impl.TileViewService -getSaleTileView  method start
				
2026-09-18 10:32:21 [http-nio-8495-exec-5] INFO  c.v.s.c.IndentManagementController -getScmHdrBasedDtl   method Start
				
2026-09-18 10:32:21 [http-nio-8495-exec-5] INFO  c.v.s.c.IndentManagementController -getScmHdrBasedDtl  method end
				
2026-09-18 10:32:21 [http-nio-8495-exec-10] INFO  c.v.g.c.StageManagementController -getSCMTitleView   method end
				
2026-09-18 10:32:21 [http-nio-8495-exec-4] INFO  c.v.g.c.NotificationGeneralController -getNotificationDetails   method Start
				
2026-09-18 10:32:21 [http-nio-8495-exec-6] INFO  c.v.g.c.NotificationGeneralController -getNotificationDetails   method Start
				
2026-09-18 10:32:21 [http-nio-8495-exec-2] INFO  c.v.g.c.NotificationGeneralController -getNotificationDetails   method Start
				
2026-09-18 10:32:21 [http-nio-8495-exec-7] INFO  c.v.g.c.DepartmentAndEmployeeInfoController -getprocessAssignedTeam   method Start
				
2026-09-18 10:32:21 [http-nio-8495-exec-7] INFO  c.v.g.s.i.DepartmentAndEmployeeService -getprocessAssignedTeam  method start
				
2026-09-18 10:32:21 [http-nio-8495-exec-5] INFO  c.v.g.c.NotificationGeneralController -getNotificationDetails   method Start
				
2026-09-18 10:32:21 [http-nio-8495-exec-1] INFO  c.v.g.c.NotificationGeneralController -getNotificationDetails   method Start
				
2026-09-18 10:32:21 [http-nio-8495-exec-10] INFO  c.v.g.c.NotificationGeneralController -getNotificationDetails   method Start
				
2026-09-18 10:32:21 [http-nio-8495-exec-3] INFO  c.v.g.c.NotificationGeneralController -getNotificationDetails   method Start
				
2026-09-18 10:32:21 [http-nio-8495-exec-9] INFO  c.v.g.c.NotificationGeneralController -getNotificationDetails   method Start
				
2026-09-18 10:32:23 [http-nio-8495-exec-4] INFO  com.vmfg.scm.controller.PoController -getPoHdrDtlsByIndentId Controller  method Start
				
2026-09-18 10:32:23 [http-nio-8495-exec-8] INFO  c.v.s.c.IndentManagementController -indentHdrDropDownByProjectCode Controller  method Start
				
2026-09-18 10:32:23 [http-nio-8495-exec-8] INFO  c.v.s.c.IndentManagementController -indentHdrDropDownByProjectCode Controller  method end
				
2026-09-18 10:32:23 [http-nio-8495-exec-2] INFO  c.v.g.c.NotificationGeneralController -getNotificationDetails   method Start
				
2026-09-18 10:32:23 [http-nio-8495-exec-6] INFO  c.v.g.c.NotificationGeneralController -getNotificationDetails   method Start
				
2026-09-18 10:32:24 [http-nio-8495-exec-4] INFO  com.vmfg.scm.controller.PoController -getPoHdrDtlsByIndentId Controller  method end
				
2026-09-18 10:32:24 [http-nio-8495-exec-5] INFO  c.v.g.c.NotificationGeneralController -getNotificationDetails   method Start
				
2026-09-18 10:32:30 [http-nio-8495-exec-10] INFO  com.vmfg.scm.services.impl.PoService -getDCTypeDtl Service start 
				
2026-09-18 10:32:30 [http-nio-8495-exec-9] INFO  com.vmfg.scm.services.impl.PoService -getdivisionDesc Service start 
				
2026-09-18 10:32:30 [http-nio-8495-exec-3] INFO  com.vmfg.scm.services.impl.PoService -getInspectScopeDesc Service start 
				
2026-09-18 10:32:30 [http-nio-8495-exec-8] INFO  com.vmfg.scm.services.impl.PoService -getTransitInsuranceDesc Service start 
				
2026-09-18 10:32:30 [http-nio-8495-exec-7] INFO  com.vmfg.scm.services.impl.PoService -getHsnCodeByPartNo Service start 
				
2026-09-18 10:32:30 [http-nio-8495-exec-10] INFO  com.vmfg.scm.services.impl.PoService -getDCTypeDtl Service end 
				
2026-09-18 10:32:30 [http-nio-8495-exec-3] INFO  com.vmfg.scm.services.impl.PoService -getInspectScopeDesc Service end 
				
2026-09-18 10:32:30 [http-nio-8495-exec-8] INFO  com.vmfg.scm.services.impl.PoService -getTransitInsuranceDesc Service end 
				
2026-09-18 10:32:30 [http-nio-8495-exec-7] INFO  com.vmfg.scm.services.impl.PoService -getModeOfDispatchDesc Service end 
				
2026-09-18 10:32:30 [http-nio-8495-exec-9] INFO  com.vmfg.scm.services.impl.PoService -getdivisionDesc Service end 
				
2026-09-18 10:32:30 [http-nio-8495-exec-2] INFO  com.vmfg.scm.services.impl.PoService -getInspectScopeDesc Service start 
				
2026-09-18 10:32:30 [http-nio-8495-exec-5] INFO  com.vmfg.scm.services.impl.PoService -getHsnCodeByPartNo Service start 
				
2026-09-18 10:32:30 [http-nio-8495-exec-4] INFO  com.vmfg.scm.services.impl.PoService -getdivisionDesc Service start 
				
2026-09-18 10:32:30 [http-nio-8495-exec-3] INFO  com.vmfg.scm.services.impl.PoService -getTransitInsuranceDesc Service start 
				
2026-09-18 10:32:30 [http-nio-8495-exec-4] INFO  com.vmfg.scm.services.impl.PoService -getdivisionDesc Service end 
				
2026-09-18 10:32:30 [http-nio-8495-exec-2] INFO  com.vmfg.scm.services.impl.PoService -getInspectScopeDesc Service end 
				
2026-09-18 10:32:30 [http-nio-8495-exec-3] INFO  com.vmfg.scm.services.impl.PoService -getTransitInsuranceDesc Service end 
				
2026-09-18 10:32:30 [http-nio-8495-exec-5] INFO  com.vmfg.scm.services.impl.PoService -getModeOfDispatchDesc Service end 
				
2026-09-18 10:32:30 [http-nio-8495-exec-8] INFO  c.v.g.c.NotificationGeneralController -getNotificationDetails   method Start
				
2026-09-18 10:32:30 [http-nio-8495-exec-4] INFO  c.v.g.c.NotificationGeneralController -getNotificationDetails   method Start
				
2026-09-18 10:32:30 [http-nio-8495-exec-2] INFO  com.vmfg.scm.services.impl.PoService -getDCTypeDtl Service start 
				
2026-09-18 10:32:30 [http-nio-8495-exec-9] INFO  c.v.g.c.NotificationGeneralController -getNotificationDetails   method Start
				
2026-09-18 10:32:30 [http-nio-8495-exec-2] INFO  com.vmfg.scm.services.impl.PoService -getDCTypeDtl Service end 
				
2026-09-18 10:32:30 [http-nio-8495-exec-2] INFO  c.v.g.c.NotificationGeneralController -getNotificationDetails   method Start
				
2026-09-18 10:32:31 [http-nio-8495-exec-1] INFO  c.v.g.c.NotificationGeneralController -getNotificationDetails   method Start
				
2026-09-18 10:32:31 [http-nio-8495-exec-6] INFO  c.v.g.c.NotificationGeneralController -getNotificationDetails   method Start
				
2026-09-18 10:32:31 [http-nio-8495-exec-4] INFO  c.v.g.c.NotificationGeneralController -getNotificationDetails   method Start
				
2026-09-18 10:32:31 [http-nio-8495-exec-10] INFO  c.v.g.c.NotificationGeneralController -getNotificationDetails   method Start
				
2026-09-18 10:32:31 [http-nio-8495-exec-8] INFO  c.v.g.c.NotificationGeneralController -getNotificationDetails   method Start
				
2026-09-18 10:32:31 [http-nio-8495-exec-7] INFO  c.v.g.c.NotificationGeneralController -getNotificationDetails   method Start
				
2026-09-18 10:32:31 [http-nio-8495-exec-5] INFO  c.v.g.c.NotificationGeneralController -getNotificationDetails   method Start
				
2026-09-18 10:32:31 [http-nio-8495-exec-3] INFO  c.v.g.c.NotificationGeneralController -getNotificationDetails   method Start
				
2026-09-18 10:33:05 [http-nio-8495-exec-2] INFO  c.v.g.c.NotificationGeneralController -getNotificationDetails   method Start
				
2026-09-18 10:33:06 [http-nio-8495-exec-10] INFO  c.v.s.c.IndentManagementController -getIndentProjectDtlsByDate Controller  method Start
				
2026-09-18 10:33:06 [http-nio-8495-exec-10] INFO  c.v.s.c.IndentManagementController -getIndentProjectDtlsByDate Controller  method end
				
2026-09-18 10:33:06 [http-nio-8495-exec-6] INFO  c.v.g.services.impl.TileViewService -getSaleTileView  method start
				
2026-09-18 10:33:06 [http-nio-8495-exec-1] INFO  c.v.s.c.IndentManagementController -getScmHdrBasedDtl   method Start
				
2026-09-18 10:33:06 [http-nio-8495-exec-4] INFO  c.v.g.c.NotificationGeneralController -getNotificationDetails   method Start
				
2026-09-18 10:33:08 [http-nio-8495-exec-1] INFO  c.v.s.c.IndentManagementController -getScmHdrBasedDtl  method end
				
2026-09-18 10:33:08 [http-nio-8495-exec-6] INFO  c.v.g.c.StageManagementController -getSCMTitleView   method end
				
2026-09-18 10:33:08 [http-nio-8495-exec-8] INFO  c.v.g.c.NotificationGeneralController -getNotificationDetails   method Start
				
2026-09-18 10:33:08 [http-nio-8495-exec-7] INFO  c.v.g.c.NotificationGeneralController -getNotificationDetails   method Start
				
2026-09-18 10:33:14 [http-nio-8495-exec-5] INFO  c.v.s.c.IndentManagementController -getScmHdrBasedDtl   method Start
				
2026-09-18 10:33:14 [http-nio-8495-exec-3] INFO  c.v.g.services.impl.TileViewService -getSaleTileView  method start
				
2026-09-18 10:33:14 [http-nio-8495-exec-5] INFO  c.v.s.c.IndentManagementController -getScmHdrBasedDtl  method end
				
2026-09-18 10:33:14 [http-nio-8495-exec-3] INFO  c.v.g.c.StageManagementController -getSCMTitleView   method end
				
2026-09-18 10:33:14 [http-nio-8495-exec-9] INFO  c.v.g.c.NotificationGeneralController -getNotificationDetails   method Start
				
2026-09-18 10:33:14 [http-nio-8495-exec-2] INFO  c.v.g.c.NotificationGeneralController -getNotificationDetails   method Start
				
2026-09-18 10:33:14 [http-nio-8495-exec-4] INFO  c.v.g.c.NotificationGeneralController -getNotificationDetails   method Start
				
2026-09-18 10:33:14 [http-nio-8495-exec-6] INFO  c.v.g.c.DepartmentAndEmployeeInfoController -getprocessAssignedTeam   method Start
				
2026-09-18 10:33:14 [http-nio-8495-exec-6] INFO  c.v.g.s.i.DepartmentAndEmployeeService -getprocessAssignedTeam  method start
				
2026-09-18 10:33:14 [http-nio-8495-exec-5] INFO  c.v.g.c.NotificationGeneralController -getNotificationDetails   method Start
				
2026-09-18 10:33:14 [http-nio-8495-exec-3] INFO  c.v.g.c.NotificationGeneralController -getNotificationDetails   method Start
				
2026-09-18 10:33:14 [http-nio-8495-exec-10] INFO  c.v.g.c.NotificationGeneralController -getNotificationDetails   method Start
				
2026-09-18 10:33:14 [http-nio-8495-exec-8] INFO  c.v.g.c.NotificationGeneralController -getNotificationDetails   method Start
				
2026-09-18 10:33:14 [http-nio-8495-exec-1] INFO  c.v.g.c.NotificationGeneralController -getNotificationDetails   method Start
				
2026-09-18 10:33:28 [http-nio-8495-exec-9] INFO  c.v.s.c.IndentManagementController -indentHdrDropDownByProjectCode Controller  method Start
				
2026-09-18 10:33:28 [http-nio-8495-exec-7] INFO  com.vmfg.scm.controller.PoController -getPoHdrDtlsByIndentId Controller  method Start
				
2026-09-18 10:33:28 [http-nio-8495-exec-9] INFO  c.v.s.c.IndentManagementController -indentHdrDropDownByProjectCode Controller  method end
				
2026-09-18 10:33:28 [http-nio-8495-exec-7] INFO  com.vmfg.scm.controller.PoController -getPoHdrDtlsByIndentId Controller  method end
				
2026-09-18 10:33:28 [http-nio-8495-exec-4] INFO  c.v.g.c.NotificationGeneralController -getNotificationDetails   method Start
				
2026-09-18 10:33:28 [http-nio-8495-exec-2] INFO  c.v.g.c.NotificationGeneralController -getNotificationDetails   method Start
				
2026-09-18 10:33:28 [http-nio-8495-exec-5] INFO  c.v.g.c.NotificationGeneralController -getNotificationDetails   method Start
				
2026-09-18 10:33:36 [http-nio-8495-exec-9] INFO  com.vmfg.scm.services.impl.PoService -getInspectScopeDesc Service start 
				
2026-09-18 10:33:36 [http-nio-8495-exec-8] INFO  com.vmfg.scm.services.impl.PoService -getDCTypeDtl Service start 
				
2026-09-18 10:33:36 [http-nio-8495-exec-6] INFO  com.vmfg.scm.services.impl.PoService -getTransitInsuranceDesc Service start 
				
2026-09-18 10:33:36 [http-nio-8495-exec-1] INFO  com.vmfg.scm.services.impl.PoService -getHsnCodeByPartNo Service start 
				
2026-09-18 10:33:36 [http-nio-8495-exec-3] INFO  com.vmfg.scm.services.impl.PoService -getdivisionDesc Service start 
				
2026-09-18 10:33:36 [http-nio-8495-exec-3] INFO  com.vmfg.scm.services.impl.PoService -getdivisionDesc Service end 
				
2026-09-18 10:33:36 [http-nio-8495-exec-1] INFO  com.vmfg.scm.services.impl.PoService -getModeOfDispatchDesc Service end 
				
2026-09-18 10:33:36 [http-nio-8495-exec-9] INFO  com.vmfg.scm.services.impl.PoService -getInspectScopeDesc Service end 
				
2026-09-18 10:33:36 [http-nio-8495-exec-6] INFO  com.vmfg.scm.services.impl.PoService -getTransitInsuranceDesc Service end 
				
2026-09-18 10:33:36 [http-nio-8495-exec-8] INFO  com.vmfg.scm.services.impl.PoService -getDCTypeDtl Service end 
				
2026-09-18 10:33:36 [http-nio-8495-exec-7] INFO  com.vmfg.scm.services.impl.PoService -getHsnCodeByPartNo Service start 
				
2026-09-18 10:33:36 [http-nio-8495-exec-8] INFO  com.vmfg.scm.services.impl.PoService -getdivisionDesc Service start 
				
2026-09-18 10:33:36 [http-nio-8495-exec-5] INFO  com.vmfg.scm.services.impl.PoService -getTransitInsuranceDesc Service start 
				
2026-09-18 10:33:36 [http-nio-8495-exec-3] INFO  com.vmfg.scm.services.impl.PoService -getInspectScopeDesc Service start 
				
2026-09-18 10:33:36 [http-nio-8495-exec-5] INFO  com.vmfg.scm.services.impl.PoService -getTransitInsuranceDesc Service end 
				
2026-09-18 10:33:36 [http-nio-8495-exec-3] INFO  com.vmfg.scm.services.impl.PoService -getInspectScopeDesc Service end 
				
2026-09-18 10:33:36 [http-nio-8495-exec-7] INFO  com.vmfg.scm.services.impl.PoService -getModeOfDispatchDesc Service end 
				
2026-09-18 10:33:36 [http-nio-8495-exec-8] INFO  com.vmfg.scm.services.impl.PoService -getdivisionDesc Service end 
				
2026-09-18 10:33:36 [http-nio-8495-exec-7] INFO  com.vmfg.scm.services.impl.PoService -getDCTypeDtl Service start 
				
2026-09-18 10:33:36 [http-nio-8495-exec-5] INFO  c.v.g.c.NotificationGeneralController -getNotificationDetails   method Start
				
2026-09-18 10:33:36 [http-nio-8495-exec-8] INFO  c.v.g.c.NotificationGeneralController -getNotificationDetails   method Start
				
2026-09-18 10:33:36 [http-nio-8495-exec-3] INFO  c.v.g.c.NotificationGeneralController -getNotificationDetails   method Start
				
2026-09-18 10:33:36 [http-nio-8495-exec-7] INFO  com.vmfg.scm.services.impl.PoService -getDCTypeDtl Service end 
				
2026-09-18 10:33:36 [http-nio-8495-exec-7] INFO  c.v.g.c.NotificationGeneralController -getNotificationDetails   method Start
				
2026-09-18 10:33:36 [http-nio-8495-exec-6] ERROR com.vmfg.scm.dao.impl.PoDAO -getPaymentTermStatus error---> org.springframework.dao.EmptyResultDataAccessException: Incorrect result size: expected 1, actual 0
				
2026-09-18 10:33:36 [http-nio-8495-exec-10] ERROR com.vmfg.scm.dao.impl.PoDAO -getPaymentTermStatus error---> org.springframework.dao.EmptyResultDataAccessException: Incorrect result size: expected 1, actual 0
				
2026-09-18 10:33:36 [http-nio-8495-exec-6] INFO  c.v.g.c.NotificationGeneralController -getNotificationDetails   method Start
				
2026-09-18 10:33:36 [http-nio-8495-exec-10] INFO  c.v.g.c.NotificationGeneralController -getNotificationDetails   method Start
				
2026-09-18 10:33:36 [http-nio-8495-exec-9] INFO  c.v.g.c.NotificationGeneralController -getNotificationDetails   method Start
				
2026-09-18 10:33:36 [http-nio-8495-exec-2] INFO  c.v.g.c.NotificationGeneralController -getNotificationDetails   method Start
				
2026-09-18 10:33:36 [http-nio-8495-exec-4] INFO  c.v.g.c.NotificationGeneralController -getNotificationDetails   method Start
				
2026-09-18 10:33:36 [http-nio-8495-exec-1] INFO  c.v.g.c.NotificationGeneralController -getNotificationDetails   method Start
				
2026-09-18 10:33:36 [http-nio-8495-exec-8] INFO  c.v.g.c.NotificationGeneralController -getNotificationDetails   method Start
				
2026-09-18 10:33:36 [http-nio-8495-exec-7] INFO  c.v.g.c.NotificationGeneralController -getNotificationDetails   method Start
				
2026-09-18 10:33:54 [http-nio-8495-exec-5] INFO  com.vmfg.util.CommonNotifyMethod -InvokeNotificationMethod: 2 48  bgrn [BGRN/2026/1110/2] [] 0 5 78 DS10,DS11,DS12,DS13,DS14,DS15,DS16,DS42,DS46,DS54,DS34,DS43
				
2026-09-18 10:33:54 [http-nio-8495-exec-5] INFO  com.vmfg.util.NotificationRequest -notificationreq start
				
2026-09-18 10:33:54 [http-nio-8495-exec-5] INFO  com.vmfg.util.NotificationRequest -appdesigArrDS10DS10,DS11,DS12,DS13,DS14,DS15,DS16,DS42,DS46,DS54,DS34,DS43bgrn
				
2026-09-18 10:33:54 [http-nio-8495-exec-5] INFO  com.vmfg.util.NotificationRequest -appdesigArrDS11DS10,DS11,DS12,DS13,DS14,DS15,DS16,DS42,DS46,DS54,DS34,DS43bgrn
				
2026-09-18 10:33:54 [http-nio-8495-exec-5] INFO  com.vmfg.util.NotificationRequest -appdesigArrDS12DS10,DS11,DS12,DS13,DS14,DS15,DS16,DS42,DS46,DS54,DS34,DS43bgrn
				
2026-09-18 10:33:54 [http-nio-8495-exec-5] INFO  com.vmfg.util.NotificationRequest -appdesigArrDS13DS10,DS11,DS12,DS13,DS14,DS15,DS16,DS42,DS46,DS54,DS34,DS43bgrn
				
2026-09-18 10:33:54 [http-nio-8495-exec-5] INFO  com.vmfg.util.NotificationRequest -appdesigArrDS14DS10,DS11,DS12,DS13,DS14,DS15,DS16,DS42,DS46,DS54,DS34,DS43bgrn
				
2026-09-18 10:33:54 [http-nio-8495-exec-5] INFO  com.vmfg.util.NotificationRequest -appdesigArrDS15DS10,DS11,DS12,DS13,DS14,DS15,DS16,DS42,DS46,DS54,DS34,DS43bgrn
				
2026-09-18 10:33:54 [http-nio-8495-exec-5] INFO  com.vmfg.util.NotificationRequest -appdesigArrDS16DS10,DS11,DS12,DS13,DS14,DS15,DS16,DS42,DS46,DS54,DS34,DS43bgrn
				
2026-09-18 10:33:54 [http-nio-8495-exec-5] INFO  com.vmfg.util.NotificationRequest -appdesigArrDS42DS10,DS11,DS12,DS13,DS14,DS15,DS16,DS42,DS46,DS54,DS34,DS43bgrn
				
2026-09-18 10:33:54 [http-nio-8495-exec-5] INFO  com.vmfg.util.NotificationRequest -appdesigArrDS46DS10,DS11,DS12,DS13,DS14,DS15,DS16,DS42,DS46,DS54,DS34,DS43bgrn
				
2026-09-18 10:33:54 [http-nio-8495-exec-5] INFO  com.vmfg.util.NotificationRequest -appdesigArrDS54DS10,DS11,DS12,DS13,DS14,DS15,DS16,DS42,DS46,DS54,DS34,DS43bgrn
				
2026-09-18 10:33:54 [http-nio-8495-exec-5] INFO  com.vmfg.util.NotificationRequest -appdesigArrDS34DS10,DS11,DS12,DS13,DS14,DS15,DS16,DS42,DS46,DS54,DS34,DS43bgrn
				
2026-09-18 10:33:54 [http-nio-8495-exec-5] INFO  com.vmfg.util.NotificationRequest -appdesigArrDS43DS10,DS11,DS12,DS13,DS14,DS15,DS16,DS42,DS46,DS54,DS34,DS43bgrn
				
2026-09-18 10:33:54 [http-nio-8495-exec-5] INFO  com.vmfg.util.NotificationRequest -Notifyparams
				
2026-09-18 10:33:55 [http-nio-8495-exec-5] INFO  com.vmfg.util.NotificationRequest -Notifyparams
				
2026-09-18 10:33:55 [http-nio-8495-exec-5] INFO  com.vmfg.util.NotificationRequest -Notifyparams
				
2026-09-18 10:33:55 [http-nio-8495-exec-5] INFO  com.vmfg.util.NotificationRequest -Notifyparams
				
2026-09-18 10:33:55 [http-nio-8495-exec-5] INFO  com.vmfg.util.NotificationRequest -Notifyparams
				
2026-09-18 10:33:55 [http-nio-8495-exec-5] INFO  com.vmfg.util.NotificationRequest -Notifyparams
				
2026-09-18 10:33:55 [http-nio-8495-exec-5] INFO  com.vmfg.util.NotificationRequest -Notifyparams
				
2026-09-18 10:33:55 [http-nio-8495-exec-5] INFO  com.vmfg.util.NotificationRequest -Notifyparams
				
2026-09-18 10:33:56 [http-nio-8495-exec-5] INFO  com.vmfg.util.NotificationRequest -Notifyparams
				
2026-09-18 10:33:56 [http-nio-8495-exec-5] INFO  com.vmfg.util.NotificationRequest -Notifyparams
				
2026-09-18 10:33:56 [http-nio-8495-exec-5] INFO  com.vmfg.util.NotificationRequest -Notifyparams
				
2026-09-18 10:33:56 [http-nio-8495-exec-5] INFO  com.vmfg.util.NotificationRequest -Notifyparams
				
2026-09-18 10:33:56 [http-nio-8495-exec-5] INFO  com.vmfg.util.NotificationRequest -Notifyparams
				
2026-09-18 10:33:56 [http-nio-8495-exec-5] INFO  com.vmfg.util.NotificationRequest -Notifyparams
				
2026-09-18 10:33:56 [http-nio-8495-exec-5] INFO  com.vmfg.util.NotificationRequest -notificationreq end
				
2026-09-18 10:33:56 [http-nio-8495-exec-5] INFO  com.vmfg.util.DocumentApprovalInsert -InsertDocApprovalDtls starts
				
2026-09-18 10:33:56 [http-nio-8495-exec-5] INFO  com.vmfg.util.DocumentApprovalInsert -DocumentApprovalInsert insertHdrId 55321
				
2026-09-18 10:33:56 [http-nio-8495-exec-5] INFO  com.vmfg.util.DocumentApprovalInsert -InsertDocApprovalDtls end
				
2026-09-18 10:33:57 [http-nio-8495-exec-3] INFO  c.v.g.c.NotificationGeneralController -getNotificationDetails   method Start
				
2026-09-18 10:33:57 [http-nio-8495-exec-10] INFO  com.vmfg.scm.controller.PoController -getPoHdrDtlsByIndentId Controller  method Start
				
2026-09-18 10:33:57 [http-nio-8495-exec-10] INFO  com.vmfg.scm.controller.PoController -getPoHdrDtlsByIndentId Controller  method end
				
2026-09-18 10:33:57 [http-nio-8495-exec-6] INFO  c.v.g.c.NotificationGeneralController -getNotificationDetails   method Start
				
2026-09-18 10:34:04 [http-nio-8495-exec-2] INFO  c.v.s.c.IndentManagementController -indentHdrDropDownByProjectCode Controller  method Start
				
2026-09-18 10:34:04 [http-nio-8495-exec-2] INFO  c.v.s.c.IndentManagementController -indentHdrDropDownByProjectCode Controller  method end
				
2026-09-18 10:34:04 [http-nio-8495-exec-9] INFO  c.v.g.c.NotificationGeneralController -getNotificationDetails   method Start
				
2026-09-18 10:34:04 [http-nio-8495-exec-1] INFO  c.v.g.c.NotificationGeneralController -getNotificationDetails   method Start
				
2026-09-18 10:34:10 [http-nio-8495-exec-7] INFO  c.v.m.controller.VendorController -getApprVendorDtls method Start
				
2026-09-18 10:34:10 [http-nio-8495-exec-5] INFO  c.v.g.c.NotificationGeneralController -getNotificationDetails   method Start
				
2026-09-18 10:34:10 [http-nio-8495-exec-10] INFO  c.v.g.c.NotificationGeneralController -getNotificationDetails   method Start
				
2026-09-18 10:34:10 [http-nio-8495-exec-3] ERROR com.vmfg.scm.dao.impl.PoDAO -getPaymentTermStatus error---> org.springframework.dao.EmptyResultDataAccessException: Incorrect result size: expected 1, actual 0
				
2026-09-18 10:34:10 [http-nio-8495-exec-3] ERROR c.v.design.dao.impl.IndentUploadDAO -getStatusCodebySeqAndDocTypeByDocGrp Method Exception --->org.springframework.dao.EmptyResultDataAccessException: Incorrect result size: expected 1, actual 0
				
2026-09-18 10:34:10 [http-nio-8495-exec-3] ERROR c.v.design.dao.impl.IndentUploadDAO -getStatusCodebySeqAndDocTypeByDocGrp Method Exception --->org.springframework.dao.EmptyResultDataAccessException: Incorrect result size: expected 1, actual 0
				
2026-09-18 10:34:10 [http-nio-8495-exec-6] INFO  c.v.g.c.NotificationGeneralController -getNotificationDetails   method Start
				
2026-09-18 10:34:30 [http-nio-8495-exec-4] INFO  c.v.s.s.impl.IndentGroupService -insertScpDtlsByIgHdrId service start
				
2026-09-18 10:34:30 [http-nio-8495-exec-4] INFO  com.vmfg.util.CommonNotifyMethod -InvokeNotificationMethod: 2 45 null bgrn [1110-W-70-D-4] [E0167, E0123, E0157] 0 null null null
				
2026-09-18 10:34:30 [http-nio-8495-exec-4] INFO  com.vmfg.util.NotificationRequest -notificationreq start
				
2026-09-18 10:34:30 [http-nio-8495-exec-4] INFO  com.vmfg.util.NotificationRequest -Notifyparams
				
2026-09-18 10:34:30 [http-nio-8495-exec-4] INFO  com.vmfg.util.NotificationRequest -Notifyparams
				
2026-09-18 10:34:30 [http-nio-8495-exec-4] INFO  com.vmfg.util.NotificationRequest -Notifyparams
				
2026-09-18 10:34:30 [http-nio-8495-exec-4] INFO  com.vmfg.util.NotificationRequest -notificationreq end
				
2026-09-18 10:34:30 [http-nio-8495-exec-4] INFO  c.v.s.s.impl.IndentGroupService -insertScpDtlsByIgHdrId service end
				
2026-09-18 10:34:30 [http-nio-8495-exec-9] INFO  c.v.g.c.NotificationGeneralController -getNotificationDetails   method Start
				
2026-09-18 10:34:30 [http-nio-8495-exec-7] INFO  c.v.s.s.impl.IndentGroupService -updateScpSeqAndStatus service start
				
2026-09-18 10:34:30 [http-nio-8495-exec-7] INFO  com.vmfg.util.CommonNotifyMethod -InvokeNotificationMethod: 2 27 null bgrn [1110-M-70-C-3] []  5  DS10,DS11,DS12,DS42,DS46,DS54
				
2026-09-18 10:34:30 [http-nio-8495-exec-7] INFO  com.vmfg.util.NotificationRequest -notificationreq start
				
2026-09-18 10:34:30 [http-nio-8495-exec-7] INFO  com.vmfg.util.NotificationRequest -appdesigArrDS10DS10,DS11,DS12,DS42,DS46,DS54bgrn
				
2026-09-18 10:34:30 [http-nio-8495-exec-7] INFO  com.vmfg.util.NotificationRequest -appdesigArrDS11DS10,DS11,DS12,DS42,DS46,DS54bgrn
				
2026-09-18 10:34:30 [http-nio-8495-exec-7] INFO  com.vmfg.util.NotificationRequest -appdesigArrDS12DS10,DS11,DS12,DS42,DS46,DS54bgrn
				
2026-09-18 10:34:30 [http-nio-8495-exec-7] INFO  com.vmfg.util.NotificationRequest -appdesigArrDS42DS10,DS11,DS12,DS42,DS46,DS54bgrn
				
2026-09-18 10:34:30 [http-nio-8495-exec-7] INFO  com.vmfg.util.NotificationRequest -appdesigArrDS46DS10,DS11,DS12,DS42,DS46,DS54bgrn
				
2026-09-18 10:34:30 [http-nio-8495-exec-7] INFO  com.vmfg.util.NotificationRequest -appdesigArrDS54DS10,DS11,DS12,DS42,DS46,DS54bgrn
				
2026-09-18 10:34:30 [http-nio-8495-exec-7] INFO  com.vmfg.util.NotificationRequest -Notifyparams
				
2026-09-18 10:34:30 [http-nio-8495-exec-3] INFO  c.v.g.c.NotificationGeneralController -getNotificationDetails   method Start
				
2026-09-18 10:34:30 [http-nio-8495-exec-7] INFO  com.vmfg.util.NotificationRequest -Notifyparams
				
2026-09-18 10:34:31 [http-nio-8495-exec-7] INFO  com.vmfg.util.NotificationRequest -Notifyparams
				
2026-09-18 10:34:31 [http-nio-8495-exec-7] INFO  com.vmfg.util.NotificationRequest -Notifyparams
				
2026-09-18 10:34:31 [http-nio-8495-exec-7] INFO  com.vmfg.util.NotificationRequest -Notifyparams
				
2026-09-18 10:34:31 [http-nio-8495-exec-7] INFO  com.vmfg.util.NotificationRequest -Notifyparams
				
2026-09-18 10:34:31 [http-nio-8495-exec-7] INFO  com.vmfg.util.NotificationRequest -Notifyparams
				
2026-09-18 10:34:31 [http-nio-8495-exec-7] INFO  com.vmfg.util.NotificationRequest -Notifyparams
				
2026-09-18 10:34:31 [http-nio-8495-exec-7] INFO  com.vmfg.util.NotificationRequest -Notifyparams
				
2026-09-18 10:34:31 [http-nio-8495-exec-7] INFO  com.vmfg.util.NotificationRequest -Notifyparams
				
2026-09-18 10:34:32 [http-nio-8495-exec-7] INFO  com.vmfg.util.NotificationRequest -Notifyparams
				
2026-09-18 10:34:32 [http-nio-8495-exec-7] INFO  com.vmfg.util.NotificationRequest -notificationreq end
				
2026-09-18 10:34:32 [http-nio-8495-exec-7] INFO  com.vmfg.util.DocumentApprovalInsert -InsertDocApprovalDtls starts
				
2026-09-18 10:34:32 [http-nio-8495-exec-7] INFO  com.vmfg.util.DocumentApprovalInsert -DocumentApprovalInsert insertHdrId 55316
				
2026-09-18 10:34:32 [http-nio-8495-exec-7] INFO  com.vmfg.util.DocumentApprovalInsert -InsertDocApprovalDtls end
				
2026-09-18 10:34:32 [http-nio-8495-exec-5] INFO  c.v.g.c.NotificationGeneralController -getNotificationDetails   method Start
				
2026-09-18 10:34:32 [http-nio-8495-exec-6] INFO  c.v.g.c.NotificationGeneralController -getNotificationDetails   method Start
				
2026-09-18 10:34:36 [http-nio-8495-exec-2] INFO  c.v.m.controller.VendorController -getApprVendorDtls method Start
				
2026-09-18 10:34:36 [http-nio-8495-exec-8] INFO  c.v.g.c.NotificationGeneralController -getNotificationDetails   method Start
				
2026-09-18 10:34:36 [http-nio-8495-exec-1] INFO  c.v.g.c.NotificationGeneralController -getNotificationDetails   method Start
				
2026-09-18 10:34:36 [http-nio-8495-exec-9] ERROR com.vmfg.scm.dao.impl.PoDAO -getPaymentTermStatus error---> org.springframework.dao.EmptyResultDataAccessException: Incorrect result size: expected 1, actual 0
				
2026-09-18 10:34:36 [http-nio-8495-exec-3] INFO  c.v.g.c.NotificationGeneralController -getNotificationDetails   method Start
				
2026-09-18 10:34:43 [http-nio-8495-exec-6] INFO  c.v.s.s.impl.IndentGroupService -insertScpDtlsByIgHdrId service start
				
2026-09-18 10:34:43 [http-nio-8495-exec-6] INFO  com.vmfg.util.CommonNotifyMethod -InvokeNotificationMethod: 2 45 null bgrn [1110-W-70-D-4] [E0167, E0123, E0157] 0 null null null
				
2026-09-18 10:34:43 [http-nio-8495-exec-6] INFO  com.vmfg.util.NotificationRequest -notificationreq start
				
2026-09-18 10:34:43 [http-nio-8495-exec-6] INFO  com.vmfg.util.NotificationRequest -Notifyparams
				
2026-09-18 10:34:43 [http-nio-8495-exec-6] INFO  com.vmfg.util.NotificationRequest -Notifyparams
				
2026-09-18 10:34:44 [http-nio-8495-exec-6] INFO  com.vmfg.util.NotificationRequest -Notifyparams
				
2026-09-18 10:34:44 [http-nio-8495-exec-6] INFO  com.vmfg.util.NotificationRequest -notificationreq end
				
2026-09-18 10:34:44 [http-nio-8495-exec-6] INFO  c.v.s.s.impl.IndentGroupService -insertScpDtlsByIgHdrId service end
				
2026-09-18 10:34:44 [http-nio-8495-exec-6] INFO  c.v.g.c.NotificationGeneralController -getNotificationDetails   method Start
				
2026-09-18 10:34:44 [http-nio-8495-exec-2] INFO  c.v.s.s.impl.IndentGroupService -updateScpSeqAndStatus service start
				
2026-09-18 10:34:44 [http-nio-8495-exec-2] INFO  com.vmfg.util.CommonNotifyMethod -InvokeNotificationMethod: 2 27 null bgrn [1110-M-70-C-3] []  5  DS04,DS44
				
2026-09-18 10:34:44 [http-nio-8495-exec-2] INFO  com.vmfg.util.NotificationRequest -notificationreq start
				
2026-09-18 10:34:44 [http-nio-8495-exec-2] INFO  com.vmfg.util.NotificationRequest -appdesigArrDS04DS04,DS44bgrn
				
2026-09-18 10:34:44 [http-nio-8495-exec-2] INFO  com.vmfg.util.NotificationRequest -appdesigArrDS44DS04,DS44bgrn
				
2026-09-18 10:34:44 [http-nio-8495-exec-2] INFO  com.vmfg.util.NotificationRequest -Notifyparams
				
2026-09-18 10:34:44 [http-nio-8495-exec-9] INFO  c.v.g.c.NotificationGeneralController -getNotificationDetails   method Start
				
2026-09-18 10:34:44 [http-nio-8495-exec-2] INFO  com.vmfg.util.NotificationRequest -Notifyparams
				
2026-09-18 10:34:44 [http-nio-8495-exec-2] INFO  com.vmfg.util.NotificationRequest -Notifyparams
				
2026-09-18 10:34:44 [http-nio-8495-exec-2] INFO  com.vmfg.util.NotificationRequest -Notifyparams
				
2026-09-18 10:34:44 [http-nio-8495-exec-2] INFO  com.vmfg.util.NotificationRequest -Notifyparams
				
2026-09-18 10:34:45 [http-nio-8495-exec-2] INFO  com.vmfg.util.NotificationRequest -notificationreq end
				
2026-09-18 10:34:45 [http-nio-8495-exec-2] INFO  com.vmfg.util.DocumentApprovalInsert -InsertDocApprovalDtls starts
				
2026-09-18 10:34:45 [http-nio-8495-exec-2] INFO  com.vmfg.util.DocumentApprovalInsert -DocumentApprovalInsert insertHdrId 55316
				
2026-09-18 10:34:45 [http-nio-8495-exec-2] INFO  com.vmfg.util.DocumentApprovalInsert -InsertDocApprovalDtls end
				
2026-09-18 10:34:45 [http-nio-8495-exec-8] INFO  c.v.g.c.NotificationGeneralController -getNotificationDetails   method Start
				
2026-09-18 10:34:45 [http-nio-8495-exec-3] INFO  c.v.g.c.NotificationGeneralController -getNotificationDetails   method Start
				
2026-09-18 10:34:59 [http-nio-8495-exec-10] INFO  c.v.m.controller.VendorController -getApprVendorDtls method Start
				
2026-09-18 10:34:59 [http-nio-8495-exec-7] INFO  c.v.g.c.NotificationGeneralController -getNotificationDetails   method Start
				
2026-09-18 10:34:59 [http-nio-8495-exec-4] INFO  c.v.g.c.NotificationGeneralController -getNotificationDetails   method Start
				
2026-09-18 10:34:59 [http-nio-8495-exec-6] ERROR com.vmfg.scm.dao.impl.PoDAO -getPaymentTermStatus error---> org.springframework.dao.EmptyResultDataAccessException: Incorrect result size: expected 1, actual 0
				
2026-09-18 10:34:59 [http-nio-8495-exec-9] INFO  c.v.g.c.NotificationGeneralController -getNotificationDetails   method Start
				
2026-09-18 10:35:03 [http-nio-8495-exec-1] INFO  c.v.g.c.NotificationGeneralController -getNotificationDetails   method Start
				
2026-09-18 10:35:07 [http-nio-8495-exec-8] INFO  c.v.g.c.DepartmentAndEmployeeInfoController -DepartmentAndEmployeeInfoController   method Start
				
2026-09-18 10:35:07 [http-nio-8495-exec-6] INFO  c.v.p.controller.ProjectController -getCostFlowTypeByPmHdrId   method Start
				
2026-09-18 10:35:07 [http-nio-8495-exec-8] INFO  c.v.g.s.i.DepartmentAndEmployeeService -DepartmentAndEmployeeService  method start
				
2026-09-18 10:35:07 [http-nio-8495-exec-7] INFO  c.v.g.c.NotificationGeneralController -getNotificationDetails   method Start
				
2026-09-18 10:35:07 [http-nio-8495-exec-9] INFO  c.v.g.c.NotificationGeneralController -getNotificationDetails   method Start
				
2026-09-18 10:35:07 [http-nio-8495-exec-2] INFO  c.v.g.c.NotificationGeneralController -getNotificationDetails   method Start
				
2026-09-18 10:35:14 [http-nio-8495-exec-1] ERROR com.vmfg.util.GetPropertyValue -getTenantPropertyVal Method Exception|||org.springframework.dao.EmptyResultDataAccessException: Incorrect result size: expected 1, actual 0
				
2026-09-18 10:35:14 [http-nio-8495-exec-1] ERROR com.vmfg.util.GetPropertyValue -getTenantPropertyValByTenantId Method Exception|||org.springframework.dao.EmptyResultDataAccessException: Incorrect result size: expected 1, actual 0
				
2026-09-18 10:35:14 [http-nio-8495-exec-1] INFO  com.vmfg.util.CommonBase64Class -CommonBase64Class getBasesBinary method Start
				
2026-09-18 10:35:14 [http-nio-8495-exec-1] ERROR com.vmfg.util.CommonBase64Class -CommonBase64Class getBasesBinary Method FileNotFoundException---->java.io.FileNotFoundException:  (No such file or directory)
				
2026-09-18 10:35:14 [http-nio-8495-exec-1] ERROR c.v.authentication.UserLoginService -getImageUrl DAO Method Exceptionjava.lang.NullPointerException
				
2026-09-18 10:35:30 [http-nio-8495-exec-5] INFO  com.vmfg.authentication.UserLoginDAO - getUserDtlForAuth DAO method Start
				
2026-09-18 10:35:30 [http-nio-8495-exec-5] INFO  com.vmfg.authentication.UserLoginDAO -getUserLoginInfo DAO method end
				
2026-09-18 10:35:30 [http-nio-8495-exec-10] INFO  c.v.g.c.NotificationGeneralController -getNotificationDetails   method Start
				
2026-09-18 10:35:30 [http-nio-8495-exec-7] INFO  c.v.g.c.NotificationGeneralController -getNotificationDetails   method Start
				
2026-09-18 10:35:30 [http-nio-8495-exec-9] INFO  c.v.g.c.NotificationGeneralController -getNotificationDetails   method Start
				
2026-09-18 10:35:30 [http-nio-8495-exec-3] INFO  c.v.s.c.IndentManagementController -getIndentProjectDtlsByDate Controller  method Start
				
2026-09-18 10:35:30 [http-nio-8495-exec-3] INFO  c.v.s.c.IndentManagementController -getIndentProjectDtlsByDate Controller  method end
				
2026-09-18 10:35:31 [http-nio-8495-exec-8] INFO  c.v.p.controller.ProjectController -getProjectDtl   method Start
				
2026-09-18 10:35:31 [http-nio-8495-exec-5] INFO  c.v.g.services.impl.TileViewService -getProjectTitleView  method start
				
2026-09-18 10:35:31 [http-nio-8495-exec-4] INFO  c.v.g.c.NotificationGeneralController -getNotificationDetails   method Start
				
2026-09-18 10:35:31 [http-nio-8495-exec-5] INFO  c.v.g.c.StageManagementController -getProjectTitleView   method end
				
2026-09-18 10:35:31 [http-nio-8495-exec-6] INFO  c.v.g.c.NotificationGeneralController -getNotificationDetails   method Start
				
2026-09-18 10:35:31 [http-nio-8495-exec-1] INFO  c.v.g.c.NotificationGeneralController -getNotificationDetails   method Start
				
2026-09-18 10:35:38 [http-nio-8495-exec-9] INFO  c.v.p.controller.ProjectController -getProjectDtl   method Start
				
2026-09-18 10:35:38 [http-nio-8495-exec-7] INFO  c.v.g.services.impl.TileViewService -getProjectTitleView  method start
				
2026-09-18 10:35:38 [http-nio-8495-exec-2] INFO  c.v.p.controller.ProjectController -getProjectDtl   method Start
				
2026-09-18 10:35:38 [http-nio-8495-exec-10] INFO  c.v.g.c.NotificationGeneralController -getNotificationDetails   method Start
				
2026-09-18 10:35:38 [http-nio-8495-exec-7] INFO  c.v.g.c.StageManagementController -getProjectTitleView   method end
				
2026-09-18 10:35:38 [http-nio-8495-exec-3] INFO  c.v.g.c.NotificationGeneralController -getNotificationDetails   method Start
				
2026-09-18 10:35:38 [http-nio-8495-exec-5] INFO  c.v.g.c.NotificationGeneralController -getNotificationDetails   method Start
				
2026-09-18 10:35:38 [http-nio-8495-exec-4] INFO  c.v.g.c.NotificationGeneralController -getNotificationDetails   method Start
				
2026-09-18 10:35:38 [http-nio-8495-exec-2] INFO  c.v.g.c.DepartmentAndEmployeeInfoController -DepartmentAndEmployeeInfoController   method Start
				
2026-09-18 10:35:38 [http-nio-8495-exec-2] INFO  c.v.g.s.i.DepartmentAndEmployeeService -DepartmentAndEmployeeService  method start
				
2026-09-18 10:35:38 [http-nio-8495-exec-8] INFO  c.v.p.controller.ProjectController -getProjectDtl   method Start
				
2026-09-18 10:35:38 [http-nio-8495-exec-1] INFO  c.v.p.controller.ProjectController -getTimeLineByPM   method Start
				
2026-09-18 10:35:38 [http-nio-8495-exec-9] INFO  c.v.p.controller.ProjectController -getProjTimePlanDropDown   method Start
				
2026-09-18 10:35:38 [http-nio-8495-exec-7] INFO  c.v.g.c.NotificationGeneralController -getNotificationDetails   method Start
				
2026-09-18 10:35:38 [http-nio-8495-exec-2] INFO  c.v.p.controller.ProjectController -getProjectInitiationMstResp   method Start
				
2026-09-18 10:35:38 [http-nio-8495-exec-9] INFO  c.v.p.controller.ProjectController -getLinkStatusByPMId   method Start
				
2026-09-18 10:35:38 [http-nio-8495-exec-9] INFO  com.vmfg.project.dao.impl.ProjectDAO -DAO - Running query: SELECT se.IS_INTERNAL FROM project_hdr ph, sales_enq_hdr se WHERE ph.ENQUIRY_ID = se.SE_ID AND ph.TENANT_ID = ? AND ph.PM_HDR_ID = ? with tenantId=bgrn and pmHdrId=133
				
2026-09-18 10:35:38 [http-nio-8495-exec-9] INFO  com.vmfg.project.dao.impl.ProjectDAO -DAO - Query result size: 1
				
2026-09-18 10:35:38 [http-nio-8495-exec-9] INFO  com.vmfg.project.dao.impl.ProjectDAO -DAO - First result: com.vmfg.project.response.ProjectInternalResponse@3ac0adf8
				
2026-09-18 10:35:38 [http-nio-8495-exec-8] INFO  c.v.s.c.SalesBudgetSheetController -getKeyCategory   method Start
				
2026-09-18 10:35:38 [http-nio-8495-exec-8] INFO  c.v.s.c.SalesBudgetSheetController -getKeyCategory method End
				
2026-09-18 10:35:38 [http-nio-8495-exec-2] INFO  c.v.g.c.NotificationGeneralController -getNotificationDetails   method Start
				
2026-09-18 10:35:38 [http-nio-8495-exec-9] INFO  c.v.g.c.NotificationGeneralController -getNotificationDetails   method Start
				
2026-09-18 10:35:39 [http-nio-8495-exec-3] INFO  c.v.g.c.NotificationGeneralController -getNotificationDetails   method Start
				
2026-09-18 10:35:39 [http-nio-8495-exec-5] INFO  c.v.g.c.NotificationGeneralController -getNotificationDetails   method Start
				
2026-09-18 10:35:39 [http-nio-8495-exec-6] INFO  c.v.g.c.NotificationGeneralController -getNotificationDetails   method Start
				
2026-09-18 10:35:39 [http-nio-8495-exec-1] INFO  c.v.g.c.NotificationGeneralController -getNotificationDetails   method Start
				
2026-09-18 10:35:39 [http-nio-8495-exec-10] INFO  c.v.g.c.NotificationGeneralController -getNotificationDetails   method Start
				
2026-09-18 10:35:39 [http-nio-8495-exec-8] INFO  c.v.g.c.NotificationGeneralController -getNotificationDetails   method Start
				
2026-09-18 10:35:39 [http-nio-8495-exec-4] INFO  c.v.g.c.NotificationGeneralController -getNotificationDetails   method Start
				
2026-09-18 10:35:45 [http-nio-8495-exec-2] INFO  c.v.g.c.NotificationGeneralController -getNotificationDetails   method Start
				
2026-09-18 10:35:45 [http-nio-8495-exec-5] INFO  c.v.g.c.NotificationGeneralController -getNotificationDetails   method Start
				
2026-09-18 10:35:48 [http-nio-8495-exec-6] INFO  c.v.m.controller.VendorController -getApprVendorDtls method Start
				
2026-09-18 10:35:49 [http-nio-8495-exec-1] ERROR com.vmfg.scm.dao.impl.PoDAO -getPaymentTermStatus error---> org.springframework.dao.EmptyResultDataAccessException: Incorrect result size: expected 1, actual 0
				
2026-09-18 10:35:49 [http-nio-8495-exec-8] INFO  c.v.g.c.NotificationGeneralController -getNotificationDetails   method Start
				
2026-09-18 10:35:49 [http-nio-8495-exec-4] INFO  c.v.g.c.NotificationGeneralController -getNotificationDetails   method Start
				
2026-09-18 10:35:50 [http-nio-8495-exec-7] INFO  c.v.m.controller.VendorController -getApprVendorDtls method Start
				
2026-09-18 10:35:50 [http-nio-8495-exec-9] INFO  c.v.g.c.NotificationGeneralController -getNotificationDetails   method Start
				
2026-09-18 10:35:50 [http-nio-8495-exec-3] INFO  c.v.g.c.NotificationGeneralController -getNotificationDetails   method Start
				
2026-09-18 10:36:09 [http-nio-8495-exec-2] INFO  c.v.s.s.impl.IndentGroupService -insertScpDtlsByIgHdrId service start
				
2026-09-18 10:36:09 [http-nio-8495-exec-2] INFO  com.vmfg.util.CommonNotifyMethod -InvokeNotificationMethod: 2 45 null bgrn [1110-W-70-D-4] [E0167, E0123, E0157] 0 null null null
				
2026-09-18 10:36:09 [http-nio-8495-exec-2] INFO  com.vmfg.util.NotificationRequest -notificationreq start
				
2026-09-18 10:36:09 [http-nio-8495-exec-2] INFO  com.vmfg.util.NotificationRequest -Notifyparams
				
2026-09-18 10:36:09 [http-nio-8495-exec-2] INFO  com.vmfg.util.NotificationRequest -Notifyparams
				
2026-09-18 10:36:09 [http-nio-8495-exec-2] INFO  com.vmfg.util.NotificationRequest -Notifyparams
				
2026-09-18 10:36:09 [http-nio-8495-exec-2] INFO  com.vmfg.util.NotificationRequest -notificationreq end
				
2026-09-18 10:36:09 [http-nio-8495-exec-2] INFO  c.v.s.s.impl.IndentGroupService -insertScpDtlsByIgHdrId service end
				
2026-09-18 10:36:09 [http-nio-8495-exec-5] INFO  c.v.g.c.NotificationGeneralController -getNotificationDetails   method Start
				
2026-09-18 10:36:09 [http-nio-8495-exec-10] INFO  c.v.s.s.impl.IndentGroupService -updateScpSeqAndStatus service start
				
2026-09-18 10:36:10 [http-nio-8495-exec-10] INFO  com.vmfg.util.CommonNotifyMethod -InvokeNotificationMethod: 1 46 null bgrn [BGRN/2026/1110/2] [] 0 3 133 DS42,DS54,DS10,DS34,DS43
				
2026-09-18 10:36:10 [http-nio-8495-exec-10] INFO  com.vmfg.util.NotificationRequest -notificationreq start
				
2026-09-18 10:36:10 [http-nio-8495-exec-10] INFO  com.vmfg.util.NotificationRequest -appdesigArrDS42DS42,DS54,DS10,DS34,DS43bgrn
				
2026-09-18 10:36:10 [http-nio-8495-exec-10] INFO  com.vmfg.util.NotificationRequest -appdesigArrDS54DS42,DS54,DS10,DS34,DS43bgrn
				
2026-09-18 10:36:10 [http-nio-8495-exec-10] INFO  com.vmfg.util.NotificationRequest -appdesigArrDS10DS42,DS54,DS10,DS34,DS43bgrn
				
2026-09-18 10:36:10 [http-nio-8495-exec-10] INFO  com.vmfg.util.NotificationRequest -appdesigArrDS34DS42,DS54,DS10,DS34,DS43bgrn
				
2026-09-18 10:36:10 [http-nio-8495-exec-10] INFO  com.vmfg.util.NotificationRequest -appdesigArrDS43DS42,DS54,DS10,DS34,DS43bgrn
				
2026-09-18 10:36:10 [http-nio-8495-exec-10] INFO  com.vmfg.util.NotificationRequest -notificationreq end
				
2026-09-18 10:36:10 [http-nio-8495-exec-10] INFO  com.vmfg.util.DocumentApprovalInsert -InsertDocApprovalDtls starts
				
2026-09-18 10:36:10 [http-nio-8495-exec-10] INFO  com.vmfg.util.DocumentApprovalInsert -DocumentApprovalInsert insertHdrId 0
				
2026-09-18 10:36:10 [http-nio-8495-exec-10] ERROR com.vmfg.util.DocumentApprovalInsert -DocumentApprovalInsert error org.springframework.dao.EmptyResultDataAccessException: Incorrect result size: expected 1, actual 0
				
2026-09-18 10:36:10 [http-nio-8495-exec-10] INFO  com.vmfg.util.DocumentApprovalInsert -InsertDocApprovalDtls end
				
2026-09-18 10:36:10 [http-nio-8495-exec-1] INFO  c.v.g.c.NotificationGeneralController -getNotificationDetails   method Start
				
2026-09-18 10:36:10 [http-nio-8495-exec-6] INFO  c.v.m.controller.VendorController -getApprVendorDtls method Start
				
2026-09-18 10:36:10 [http-nio-8495-exec-4] ERROR com.vmfg.scm.dao.impl.PoDAO -getPaymentTermStatus error---> org.springframework.dao.EmptyResultDataAccessException: Incorrect result size: expected 1, actual 0
				
2026-09-18 10:36:10 [http-nio-8495-exec-4] INFO  c.v.g.c.NotificationGeneralController -getNotificationDetails   method Start
				
2026-09-18 10:36:10 [http-nio-8495-exec-7] INFO  c.v.g.c.NotificationGeneralController -getNotificationDetails   method Start
				
2026-09-18 10:36:10 [http-nio-8495-exec-9] INFO  c.v.g.c.NotificationGeneralController -getNotificationDetails   method Start
				
2026-09-18 10:36:10 [http-nio-8495-exec-2] INFO  c.v.g.c.NotificationGeneralController -getNotificationDetails   method Start
				
2026-09-18 10:36:10 [http-nio-8495-exec-3] INFO  c.v.m.controller.VendorController -getApprVendorDtls method Start
				
2026-09-18 10:36:10 [http-nio-8495-exec-3] INFO  c.v.g.c.NotificationGeneralController -getNotificationDetails   method Start
				
2026-09-18 10:36:16 [http-nio-8495-exec-10] INFO  c.v.m.controller.VendorController -getApprVendorDtls method Start
				
2026-09-18 10:36:16 [http-nio-8495-exec-5] ERROR com.vmfg.scm.dao.impl.PoDAO -getPaymentTermStatus error---> org.springframework.dao.EmptyResultDataAccessException: Incorrect result size: expected 1, actual 0
				
2026-09-18 10:36:16 [http-nio-8495-exec-6] INFO  c.v.g.c.NotificationGeneralController -getNotificationDetails   method Start
				
2026-09-18 10:36:18 [http-nio-8495-exec-4] INFO  c.v.g.c.NotificationGeneralController -getNotificationDetails   method Start
				
2026-09-18 10:36:18 [http-nio-8495-exec-1] INFO  c.v.m.controller.VendorController -getApprVendorDtls method Start
				
2026-09-18 10:36:18 [http-nio-8495-exec-7] INFO  c.v.g.c.NotificationGeneralController -getNotificationDetails   method Start
				
2026-09-18 10:36:18 [http-nio-8495-exec-2] INFO  c.v.g.c.NotificationGeneralController -getNotificationDetails   method Start
				
2026-09-18 10:36:26 [http-nio-8495-exec-9] ERROR com.vmfg.util.GetPropertyValue -getTenantPropertyVal Method Exception|||org.springframework.dao.EmptyResultDataAccessException: Incorrect result size: expected 1, actual 0
				
2026-09-18 10:36:26 [http-nio-8495-exec-9] ERROR com.vmfg.util.GetPropertyValue -getTenantPropertyValByTenantId Method Exception|||org.springframework.dao.EmptyResultDataAccessException: Incorrect result size: expected 1, actual 0
				
2026-09-18 10:36:26 [http-nio-8495-exec-9] INFO  com.vmfg.util.CommonBase64Class -CommonBase64Class getBasesBinary method Start
				
2026-09-18 10:36:26 [http-nio-8495-exec-9] ERROR com.vmfg.util.CommonBase64Class -CommonBase64Class getBasesBinary Method FileNotFoundException---->java.io.FileNotFoundException:  (No such file or directory)
				
2026-09-18 10:36:26 [http-nio-8495-exec-9] ERROR c.v.authentication.UserLoginService -getImageUrl DAO Method Exceptionjava.lang.NullPointerException
				
2026-09-18 10:37:00 [http-nio-8495-exec-5] ERROR com.vmfg.util.GetPropertyValue -getTenantPropertyVal Method Exception|||org.springframework.dao.EmptyResultDataAccessException: Incorrect result size: expected 1, actual 0
				
2026-09-18 10:37:00 [http-nio-8495-exec-5] ERROR com.vmfg.util.GetPropertyValue -getTenantPropertyValByTenantId Method Exception|||org.springframework.dao.EmptyResultDataAccessException: Incorrect result size: expected 1, actual 0
				
2026-09-18 10:37:00 [http-nio-8495-exec-5] INFO  com.vmfg.util.CommonBase64Class -CommonBase64Class getBasesBinary method Start
				
2026-09-18 10:37:00 [http-nio-8495-exec-5] ERROR com.vmfg.util.CommonBase64Class -CommonBase64Class getBasesBinary Method FileNotFoundException---->java.io.FileNotFoundException:  (No such file or directory)
				
2026-09-18 10:37:00 [http-nio-8495-exec-5] ERROR c.v.authentication.UserLoginService -getImageUrl DAO Method Exceptionjava.lang.NullPointerException
				
2026-09-18 10:37:16 [http-nio-8495-exec-2] INFO  com.vmfg.authentication.UserLoginDAO - getUserDtlForAuth DAO method Start
				
2026-09-18 10:37:16 [http-nio-8495-exec-2] INFO  com.vmfg.authentication.UserLoginDAO -getUserLoginInfo DAO method end
				
2026-09-18 10:37:16 [http-nio-8495-exec-8] INFO  c.v.g.c.NotificationGeneralController -getNotificationDetails   method Start
				
2026-09-18 10:37:16 [http-nio-8495-exec-5] INFO  c.v.g.c.NotificationGeneralController -getNotificationDetails   method Start
				
2026-09-18 10:37:16 [http-nio-8495-exec-10] INFO  c.v.g.c.NotificationGeneralController -getNotificationDetails   method Start
				
2026-09-18 10:37:16 [http-nio-8495-exec-1] INFO  c.v.s.c.IndentManagementController -getIndentProjectDtlsByDate Controller  method Start
				
2026-09-18 10:37:16 [http-nio-8495-exec-7] INFO  c.v.s.c.IndentManagementController -getScmHdrBasedDtl   method Start
				
2026-09-18 10:37:16 [http-nio-8495-exec-6] INFO  c.v.g.services.impl.TileViewService -getSaleTileView  method start
				
2026-09-18 10:37:16 [http-nio-8495-exec-1] INFO  c.v.s.c.IndentManagementController -getIndentProjectDtlsByDate Controller  method end
				
2026-09-18 10:37:16 [http-nio-8495-exec-4] INFO  c.v.g.c.NotificationGeneralController -getNotificationDetails   method Start
				
2026-09-18 10:37:19 [http-nio-8495-exec-6] INFO  c.v.g.c.StageManagementController -getSCMTitleView   method end
				
2026-09-18 10:37:19 [http-nio-8495-exec-7] INFO  c.v.s.c.IndentManagementController -getScmHdrBasedDtl  method end
				
2026-09-18 10:37:19 [http-nio-8495-exec-2] INFO  c.v.g.c.NotificationGeneralController -getNotificationDetails   method Start
				
2026-09-18 10:37:19 [http-nio-8495-exec-3] INFO  c.v.g.c.NotificationGeneralController -getNotificationDetails   method Start
				
2026-09-18 10:37:24 [http-nio-8495-exec-9] INFO  c.v.s.c.IndentManagementController -getScmHdrBasedDtl   method Start
				
2026-09-18 10:37:24 [http-nio-8495-exec-1] INFO  c.v.g.services.impl.TileViewService -getSaleTileView  method start
				
2026-09-18 10:37:24 [http-nio-8495-exec-9] INFO  c.v.s.c.IndentManagementController -getScmHdrBasedDtl  method end
				
2026-09-18 10:37:24 [http-nio-8495-exec-1] INFO  c.v.g.c.StageManagementController -getSCMTitleView   method end
				
2026-09-18 10:37:24 [http-nio-8495-exec-5] INFO  c.v.g.c.NotificationGeneralController -getNotificationDetails   method Start
				
2026-09-18 10:37:24 [http-nio-8495-exec-10] INFO  c.v.g.c.NotificationGeneralController -getNotificationDetails   method Start
				
2026-09-18 10:37:24 [http-nio-8495-exec-4] INFO  c.v.g.c.NotificationGeneralController -getNotificationDetails   method Start
				
2026-09-18 10:37:24 [http-nio-8495-exec-6] INFO  c.v.g.c.DepartmentAndEmployeeInfoController -getprocessAssignedTeam   method Start
				
2026-09-18 10:37:24 [http-nio-8495-exec-6] INFO  c.v.g.s.i.DepartmentAndEmployeeService -getprocessAssignedTeam  method start
				
2026-09-18 10:37:24 [http-nio-8495-exec-1] INFO  c.v.g.c.NotificationGeneralController -getNotificationDetails   method Start
				
2026-09-18 10:37:24 [http-nio-8495-exec-8] INFO  c.v.g.c.NotificationGeneralController -getNotificationDetails   method Start
				
2026-09-18 10:37:24 [http-nio-8495-exec-7] INFO  c.v.g.c.NotificationGeneralController -getNotificationDetails   method Start
				
2026-09-18 10:37:25 [http-nio-8495-exec-5] INFO  c.v.g.c.NotificationGeneralController -getNotificationDetails   method Start
				
2026-09-18 10:37:25 [http-nio-8495-exec-10] INFO  c.v.g.c.NotificationGeneralController -getNotificationDetails   method Start
				
2026-09-18 10:37:28 [http-nio-8495-exec-3] INFO  c.v.g.c.NotificationGeneralController -getNotificationDetails   method Start
				
2026-09-18 10:37:28 [http-nio-8495-exec-2] INFO  c.v.s.c.IndentManagementController -indentHdrDropDownByProjectCode Controller  method Start
				
2026-09-18 10:37:28 [http-nio-8495-exec-2] INFO  c.v.s.c.IndentManagementController -indentHdrDropDownByProjectCode Controller  method end
				
2026-09-18 10:37:28 [http-nio-8495-exec-9] INFO  c.v.g.c.NotificationGeneralController -getNotificationDetails   method Start
				
2026-09-18 10:37:28 [http-nio-8495-exec-4] INFO  c.v.g.c.NotificationGeneralController -getNotificationDetails   method Start
				
2026-09-18 10:37:55 [http-nio-8495-exec-7] INFO  c.v.m.controller.VendorController -getApprVendorDtls method Start
				
2026-09-18 10:37:55 [http-nio-8495-exec-1] INFO  c.v.g.c.NotificationGeneralController -getNotificationDetails   method Start
				
2026-09-18 10:37:55 [http-nio-8495-exec-10] INFO  c.v.g.c.NotificationGeneralController -getNotificationDetails   method Start
				
2026-09-18 10:37:55 [http-nio-8495-exec-5] ERROR com.vmfg.scm.dao.impl.PoDAO -getPaymentTermStatus error---> org.springframework.dao.EmptyResultDataAccessException: Incorrect result size: expected 1, actual 0
				
2026-09-18 10:37:55 [http-nio-8495-exec-2] INFO  c.v.g.c.NotificationGeneralController -getNotificationDetails   method Start
				
2026-09-18 10:37:59 [http-nio-8495-exec-3] INFO  c.v.g.c.NotificationGeneralController -getNotificationDetails   method Start
				
2026-09-18 10:38:01 [http-nio-8495-exec-4] INFO  com.vmfg.scm.controller.PoController -getPoHdrDtlsByIndentId Controller  method Start
				
2026-09-18 10:38:01 [http-nio-8495-exec-9] INFO  c.v.s.c.IndentManagementController -indentHdrDropDownByProjectCode Controller  method Start
				
2026-09-18 10:38:01 [http-nio-8495-exec-9] INFO  c.v.s.c.IndentManagementController -indentHdrDropDownByProjectCode Controller  method end
				
2026-09-18 10:38:01 [http-nio-8495-exec-8] INFO  c.v.g.c.NotificationGeneralController -getNotificationDetails   method Start
				
2026-09-18 10:38:01 [http-nio-8495-exec-4] INFO  com.vmfg.scm.controller.PoController -getPoHdrDtlsByIndentId Controller  method end
				
2026-09-18 10:38:01 [http-nio-8495-exec-7] INFO  c.v.g.c.NotificationGeneralController -getNotificationDetails   method Start
				
2026-09-18 10:38:07 [http-nio-8495-exec-1] INFO  c.v.g.c.NotificationGeneralController -getNotificationDetails   method Start
				
2026-09-18 10:38:07 [http-nio-8495-exec-6] INFO  com.vmfg.scm.services.impl.PoService -getDCTypeDtl Service start 
				
2026-09-18 10:38:07 [http-nio-8495-exec-10] INFO  com.vmfg.scm.controller.PoController -getPoHdrDtlsByIndentId Controller  method Start
				
2026-09-18 10:38:07 [http-nio-8495-exec-3] INFO  com.vmfg.scm.services.impl.PoService -getInspectScopeDesc Service start 
				
2026-09-18 10:38:07 [http-nio-8495-exec-9] INFO  com.vmfg.scm.services.impl.PoService -getdivisionDesc Service start 
				
2026-09-18 10:38:07 [http-nio-8495-exec-6] INFO  com.vmfg.scm.services.impl.PoService -getDCTypeDtl Service end 
				
2026-09-18 10:38:07 [http-nio-8495-exec-3] INFO  com.vmfg.scm.services.impl.PoService -getInspectScopeDesc Service end 
				
2026-09-18 10:38:07 [http-nio-8495-exec-9] INFO  com.vmfg.scm.services.impl.PoService -getdivisionDesc Service end 
				
2026-09-18 10:38:07 [http-nio-8495-exec-10] INFO  com.vmfg.scm.controller.PoController -getPoHdrDtlsByIndentId Controller  method end
				
2026-09-18 10:38:07 [http-nio-8495-exec-7] INFO  com.vmfg.scm.services.impl.PoService -getTransitInsuranceDesc Service start 
				
2026-09-18 10:38:07 [http-nio-8495-exec-5] INFO  com.vmfg.scm.services.impl.PoService -getInspectScopeDesc Service start 
				
2026-09-18 10:38:07 [http-nio-8495-exec-8] INFO  com.vmfg.scm.services.impl.PoService -getHsnCodeByPartNo Service start 
				
2026-09-18 10:38:07 [http-nio-8495-exec-7] INFO  com.vmfg.scm.services.impl.PoService -getTransitInsuranceDesc Service end 
				
2026-09-18 10:38:07 [http-nio-8495-exec-8] INFO  com.vmfg.scm.services.impl.PoService -getModeOfDispatchDesc Service end 
				
2026-09-18 10:38:07 [http-nio-8495-exec-5] INFO  com.vmfg.scm.services.impl.PoService -getInspectScopeDesc Service end 
				
2026-09-18 10:38:07 [http-nio-8495-exec-9] INFO  com.vmfg.scm.services.impl.PoService -getHsnCodeByPartNo Service start 
				
2026-09-18 10:38:07 [http-nio-8495-exec-9] INFO  com.vmfg.scm.services.impl.PoService -getModeOfDispatchDesc Service end 
				
2026-09-18 10:38:07 [http-nio-8495-exec-6] INFO  com.vmfg.scm.services.impl.PoService -getdivisionDesc Service start 
				
2026-09-18 10:38:07 [http-nio-8495-exec-6] INFO  com.vmfg.scm.services.impl.PoService -getdivisionDesc Service end 
				
2026-09-18 10:38:07 [http-nio-8495-exec-3] INFO  com.vmfg.scm.services.impl.PoService -getTransitInsuranceDesc Service start 
				
2026-09-18 10:38:07 [http-nio-8495-exec-3] INFO  com.vmfg.scm.services.impl.PoService -getTransitInsuranceDesc Service end 
				
2026-09-18 10:38:07 [http-nio-8495-exec-8] INFO  c.v.g.c.NotificationGeneralController -getNotificationDetails   method Start
				
2026-09-18 10:38:07 [http-nio-8495-exec-7] INFO  c.v.g.c.NotificationGeneralController -getNotificationDetails   method Start
				
2026-09-18 10:38:07 [http-nio-8495-exec-10] INFO  com.vmfg.scm.services.impl.PoService -getDCTypeDtl Service start 
				
2026-09-18 10:38:07 [http-nio-8495-exec-10] INFO  com.vmfg.scm.services.impl.PoService -getDCTypeDtl Service end 
				
2026-09-18 10:38:07 [http-nio-8495-exec-10] INFO  c.v.g.c.NotificationGeneralController -getNotificationDetails   method Start
				
2026-09-18 10:38:07 [http-nio-8495-exec-4] ERROR com.vmfg.scm.dao.impl.PoDAO -getPaymentTermStatus error---> org.springframework.dao.EmptyResultDataAccessException: Incorrect result size: expected 1, actual 0
				
2026-09-18 10:38:07 [http-nio-8495-exec-2] ERROR com.vmfg.scm.dao.impl.PoDAO -getPaymentTermStatus error---> org.springframework.dao.EmptyResultDataAccessException: Incorrect result size: expected 1, actual 0
				
2026-09-18 10:38:07 [http-nio-8495-exec-4] INFO  c.v.g.c.NotificationGeneralController -getNotificationDetails   method Start
				
2026-09-18 10:38:07 [http-nio-8495-exec-2] INFO  c.v.g.c.NotificationGeneralController -getNotificationDetails   method Start
				
2026-09-18 10:38:07 [http-nio-8495-exec-1] INFO  c.v.g.c.NotificationGeneralController -getNotificationDetails   method Start
				
2026-09-18 10:38:08 [http-nio-8495-exec-5] INFO  c.v.g.c.NotificationGeneralController -getNotificationDetails   method Start
				
2026-09-18 10:38:08 [http-nio-8495-exec-9] INFO  c.v.g.c.NotificationGeneralController -getNotificationDetails   method Start
				
2026-09-18 10:38:08 [http-nio-8495-exec-6] INFO  c.v.g.c.NotificationGeneralController -getNotificationDetails   method Start
				
2026-09-18 10:38:08 [http-nio-8495-exec-3] INFO  c.v.g.c.NotificationGeneralController -getNotificationDetails   method Start
				
2026-09-18 10:38:08 [http-nio-8495-exec-2] INFO  c.v.g.c.NotificationGeneralController -getNotificationDetails   method Start
				
2026-09-18 10:38:08 [http-nio-8495-exec-5] INFO  c.v.g.c.NotificationGeneralController -getNotificationDetails   method Start
				
2026-09-18 10:38:08 [http-nio-8495-exec-9] INFO  c.v.g.c.NotificationGeneralController -getNotificationDetails   method Start
				
2026-09-18 10:38:17 [http-nio-8495-exec-7] INFO  com.vmfg.scm.services.impl.PoService -getDCTypeDtl Service start 
				
2026-09-18 10:38:17 [http-nio-8495-exec-7] INFO  com.vmfg.scm.services.impl.PoService -getDCTypeDtl Service end 
				
2026-09-18 10:38:17 [http-nio-8495-exec-8] INFO  c.v.g.c.NotificationGeneralController -getNotificationDetails   method Start
				
2026-09-18 10:40:28 [http-nio-8495-exec-9] INFO  com.vmfg.scm.services.impl.PoService -getHsnCodeByPartNo Service start 
				
2026-09-18 10:40:28 [http-nio-8495-exec-9] INFO  com.vmfg.scm.services.impl.PoService -getHsnCodeByPartNo Service end 
				
2026-09-18 10:40:28 [http-nio-8495-exec-7] INFO  c.v.g.c.NotificationGeneralController -getNotificationDetails   method Start
				
2026-09-18 10:40:30 [http-nio-8495-exec-8] INFO  com.vmfg.scm.services.impl.PoService -getHsnCodeByPartNo Service start 
				
2026-09-18 10:40:30 [http-nio-8495-exec-8] INFO  com.vmfg.scm.services.impl.PoService -getHsnCodeByPartNo Service end 
				
2026-09-18 10:40:30 [http-nio-8495-exec-4] INFO  c.v.g.c.NotificationGeneralController -getNotificationDetails   method Start
				
2026-09-18 10:40:31 [http-nio-8495-exec-3] INFO  com.vmfg.scm.services.impl.PoService -getHsnCodeByPartNo Service start 
				
2026-09-18 10:40:31 [http-nio-8495-exec-3] INFO  com.vmfg.scm.services.impl.PoService -getHsnCodeByPartNo Service end 
				
2026-09-18 10:40:31 [http-nio-8495-exec-1] INFO  c.v.g.c.NotificationGeneralController -getNotificationDetails   method Start
				
2026-09-18 10:40:31 [http-nio-8495-exec-10] INFO  com.vmfg.scm.services.impl.PoService -getHsnCodeByPartNo Service start 
				
2026-09-18 10:40:31 [http-nio-8495-exec-10] INFO  com.vmfg.scm.services.impl.PoService -getHsnCodeByPartNo Service end 
				
2026-09-18 10:40:31 [http-nio-8495-exec-6] INFO  c.v.g.c.NotificationGeneralController -getNotificationDetails   method Start
				
2026-09-18 10:40:32 [http-nio-8495-exec-2] INFO  com.vmfg.scm.services.impl.PoService -getHsnCodeByPartNo Service start 
				
2026-09-18 10:40:32 [http-nio-8495-exec-2] INFO  com.vmfg.scm.services.impl.PoService -getHsnCodeByPartNo Service end 
				
2026-09-18 10:40:32 [http-nio-8495-exec-9] INFO  c.v.g.c.NotificationGeneralController -getNotificationDetails   method Start
				
2026-09-18 10:40:33 [HikariPool-1 housekeeper] WARN  com.zaxxer.hikari.pool.HikariPool -HikariPool-1 - Retrograde clock change detected (housekeeper delta=29s869ms), soft-evicting connections from pool.
				
2026-09-18 10:40:33 [http-nio-8495-exec-5] INFO  com.vmfg.scm.services.impl.PoService -getHsnCodeByPartNo Service start 
				
2026-09-18 10:40:33 [http-nio-8495-exec-5] INFO  com.vmfg.scm.services.impl.PoService -getHsnCodeByPartNo Service end 
				
2026-09-18 10:40:33 [http-nio-8495-exec-5] INFO  c.v.g.c.NotificationGeneralController -getNotificationDetails   method Start
				
2026-09-18 10:40:34 [http-nio-8495-exec-7] INFO  com.vmfg.scm.services.impl.PoService -getHsnCodeByPartNo Service start 
				
2026-09-18 10:40:34 [http-nio-8495-exec-7] INFO  com.vmfg.scm.services.impl.PoService -getHsnCodeByPartNo Service end 
				
2026-09-18 10:40:34 [http-nio-8495-exec-8] INFO  c.v.g.c.NotificationGeneralController -getNotificationDetails   method Start
				
2026-09-18 10:40:40 [http-nio-8495-exec-3] INFO  c.v.g.c.NotificationGeneralController -getNotificationDetails   method Start
				
2026-09-18 10:40:40 [http-nio-8495-exec-6] INFO  com.vmfg.scm.controller.PoController -getPoHdrDtlsByIndentId Controller  method Start
				
2026-09-18 10:40:40 [http-nio-8495-exec-1] INFO  com.vmfg.scm.controller.PoController -getPoHdrDtlsByIndentId Controller  method Start
				
2026-09-18 10:40:40 [http-nio-8495-exec-1] INFO  com.vmfg.scm.controller.PoController -getPoHdrDtlsByIndentId Controller  method end
				
2026-09-18 10:40:40 [http-nio-8495-exec-6] INFO  com.vmfg.scm.controller.PoController -getPoHdrDtlsByIndentId Controller  method end
				
2026-09-18 10:40:40 [http-nio-8495-exec-10] INFO  com.vmfg.util.CommonNotifyMethod -InvokeNotificationMethod: 2 47  bgrn [BGRN/2026/1110/2] [] 0 5 78 DS42,DS54,DS10,DS34,DS43
				
2026-09-18 10:40:40 [http-nio-8495-exec-10] INFO  com.vmfg.util.NotificationRequest -notificationreq start
				
2026-09-18 10:40:40 [http-nio-8495-exec-10] INFO  com.vmfg.util.NotificationRequest -appdesigArrDS42DS42,DS54,DS10,DS34,DS43bgrn
				
2026-09-18 10:40:40 [http-nio-8495-exec-10] INFO  com.vmfg.util.NotificationRequest -appdesigArrDS54DS42,DS54,DS10,DS34,DS43bgrn
				
2026-09-18 10:40:40 [http-nio-8495-exec-10] INFO  com.vmfg.util.NotificationRequest -appdesigArrDS10DS42,DS54,DS10,DS34,DS43bgrn
				
2026-09-18 10:40:40 [http-nio-8495-exec-10] INFO  com.vmfg.util.NotificationRequest -appdesigArrDS34DS42,DS54,DS10,DS34,DS43bgrn
				
2026-09-18 10:40:40 [http-nio-8495-exec-10] INFO  com.vmfg.util.NotificationRequest -appdesigArrDS43DS42,DS54,DS10,DS34,DS43bgrn
				
2026-09-18 10:40:40 [http-nio-8495-exec-10] INFO  com.vmfg.util.NotificationRequest -Notifyparams
				
2026-09-18 10:40:40 [http-nio-8495-exec-2] INFO  c.v.g.c.NotificationGeneralController -getNotificationDetails   method Start
				
2026-09-18 10:40:40 [http-nio-8495-exec-9] INFO  c.v.g.c.NotificationGeneralController -getNotificationDetails   method Start
				
2026-09-18 10:40:40 [http-nio-8495-exec-10] INFO  com.vmfg.util.NotificationRequest -Notifyparams
				
2026-09-18 10:40:40 [http-nio-8495-exec-10] INFO  com.vmfg.util.NotificationRequest -Notifyparams
				
2026-09-18 10:40:40 [http-nio-8495-exec-10] INFO  com.vmfg.util.NotificationRequest -Notifyparams
				
2026-09-18 10:40:40 [http-nio-8495-exec-10] INFO  com.vmfg.util.NotificationRequest -Notifyparams
				
2026-09-18 10:40:41 [http-nio-8495-exec-10] INFO  com.vmfg.util.NotificationRequest -Notifyparams
				
2026-09-18 10:40:41 [http-nio-8495-exec-10] INFO  com.vmfg.util.NotificationRequest -Notifyparams
				
2026-09-18 10:40:41 [http-nio-8495-exec-10] INFO  com.vmfg.util.NotificationRequest -notificationreq end
				
2026-09-18 10:40:41 [http-nio-8495-exec-10] INFO  com.vmfg.util.DocumentApprovalInsert -InsertDocApprovalDtls starts
				
2026-09-18 10:40:41 [http-nio-8495-exec-10] INFO  com.vmfg.util.DocumentApprovalInsert -DocumentApprovalInsert insertHdrId 55322
				
2026-09-18 10:40:41 [http-nio-8495-exec-10] INFO  com.vmfg.util.DocumentApprovalInsert -InsertDocApprovalDtls end
				
2026-09-18 10:40:41 [http-nio-8495-exec-5] INFO  c.v.g.c.NotificationGeneralController -getNotificationDetails   method Start
				
2026-09-18 10:40:41 [http-nio-8495-exec-7] INFO  com.vmfg.scm.controller.PoController -getPoHdrDtlsByIndentId Controller  method Start
				
2026-09-18 10:40:41 [http-nio-8495-exec-8] INFO  com.vmfg.scm.controller.PoController -getPoHdrDtlsByIndentId Controller  method Start
				
2026-09-18 10:40:41 [http-nio-8495-exec-7] INFO  com.vmfg.scm.controller.PoController -getPoHdrDtlsByIndentId Controller  method end
				
2026-09-18 10:40:41 [http-nio-8495-exec-8] INFO  com.vmfg.scm.controller.PoController -getPoHdrDtlsByIndentId Controller  method end
				
2026-09-18 10:40:41 [http-nio-8495-exec-4] INFO  c.v.g.c.NotificationGeneralController -getNotificationDetails   method Start
				
2026-09-18 10:40:41 [http-nio-8495-exec-1] INFO  c.v.g.c.NotificationGeneralController -getNotificationDetails   method Start
				
2026-09-18 10:40:48 [http-nio-8495-exec-2] INFO  com.vmfg.scm.services.impl.PoService -getDCTypeDtl Service start 
				
2026-09-18 10:40:48 [http-nio-8495-exec-7] INFO  com.vmfg.scm.services.impl.PoService -getTransitInsuranceDesc Service start 
				
2026-09-18 10:40:48 [http-nio-8495-exec-3] INFO  com.vmfg.scm.services.impl.PoService -getInspectScopeDesc Service start 
				
2026-09-18 10:40:48 [http-nio-8495-exec-9] INFO  com.vmfg.scm.services.impl.PoService -getdivisionDesc Service start 
				
2026-09-18 10:40:48 [http-nio-8495-exec-10] INFO  com.vmfg.scm.services.impl.PoService -getHsnCodeByPartNo Service start 
				
2026-09-18 10:40:48 [http-nio-8495-exec-9] INFO  com.vmfg.scm.services.impl.PoService -getdivisionDesc Service end 
				
2026-09-18 10:40:48 [http-nio-8495-exec-2] INFO  com.vmfg.scm.services.impl.PoService -getDCTypeDtl Service end 
				
2026-09-18 10:40:48 [http-nio-8495-exec-3] INFO  com.vmfg.scm.services.impl.PoService -getInspectScopeDesc Service end 
				
2026-09-18 10:40:48 [http-nio-8495-exec-10] INFO  com.vmfg.scm.services.impl.PoService -getModeOfDispatchDesc Service end 
				
2026-09-18 10:40:48 [http-nio-8495-exec-7] INFO  com.vmfg.scm.services.impl.PoService -getTransitInsuranceDesc Service end 
				
2026-09-18 10:40:48 [http-nio-8495-exec-1] INFO  com.vmfg.scm.services.impl.PoService -getdivisionDesc Service start 
				
2026-09-18 10:40:48 [http-nio-8495-exec-9] INFO  com.vmfg.scm.services.impl.PoService -getInspectScopeDesc Service start 
				
2026-09-18 10:40:48 [http-nio-8495-exec-5] INFO  com.vmfg.scm.services.impl.PoService -getTransitInsuranceDesc Service start 
				
2026-09-18 10:40:48 [http-nio-8495-exec-4] INFO  com.vmfg.scm.services.impl.PoService -getHsnCodeByPartNo Service start 
				
2026-09-18 10:40:48 [http-nio-8495-exec-1] INFO  com.vmfg.scm.services.impl.PoService -getdivisionDesc Service end 
				
2026-09-18 10:40:48 [http-nio-8495-exec-5] INFO  com.vmfg.scm.services.impl.PoService -getTransitInsuranceDesc Service end 
				
2026-09-18 10:40:48 [http-nio-8495-exec-4] INFO  com.vmfg.scm.services.impl.PoService -getModeOfDispatchDesc Service end 
				
2026-09-18 10:40:48 [http-nio-8495-exec-9] INFO  com.vmfg.scm.services.impl.PoService -getInspectScopeDesc Service end 
				
2026-09-18 10:40:48 [http-nio-8495-exec-3] INFO  c.v.g.c.NotificationGeneralController -getNotificationDetails   method Start
				
2026-09-18 10:40:48 [http-nio-8495-exec-2] INFO  c.v.g.c.NotificationGeneralController -getNotificationDetails   method Start
				
2026-09-18 10:40:48 [http-nio-8495-exec-10] INFO  com.vmfg.scm.services.impl.PoService -getDCTypeDtl Service start 
				
2026-09-18 10:40:48 [http-nio-8495-exec-1] INFO  c.v.g.c.NotificationGeneralController -getNotificationDetails   method Start
				
2026-09-18 10:40:48 [http-nio-8495-exec-10] INFO  com.vmfg.scm.services.impl.PoService -getDCTypeDtl Service end 
				
2026-09-18 10:40:48 [http-nio-8495-exec-4] INFO  c.v.g.c.NotificationGeneralController -getNotificationDetails   method Start
				
2026-09-18 10:40:48 [http-nio-8495-exec-8] ERROR com.vmfg.scm.dao.impl.PoDAO -getPaymentTermStatus error---> org.springframework.dao.EmptyResultDataAccessException: Incorrect result size: expected 1, actual 0
				
2026-09-18 10:40:48 [http-nio-8495-exec-6] ERROR com.vmfg.scm.dao.impl.PoDAO -getPaymentTermStatus error---> org.springframework.dao.EmptyResultDataAccessException: Incorrect result size: expected 1, actual 0
				
2026-09-18 10:40:48 [http-nio-8495-exec-8] INFO  c.v.g.c.NotificationGeneralController -getNotificationDetails   method Start
				
2026-09-18 10:40:48 [http-nio-8495-exec-6] INFO  c.v.g.c.NotificationGeneralController -getNotificationDetails   method Start
				
2026-09-18 10:40:48 [http-nio-8495-exec-7] INFO  c.v.g.c.NotificationGeneralController -getNotificationDetails   method Start
				
2026-09-18 10:40:48 [http-nio-8495-exec-9] INFO  c.v.g.c.NotificationGeneralController -getNotificationDetails   method Start
				
2026-09-18 10:40:48 [http-nio-8495-exec-10] INFO  c.v.g.c.NotificationGeneralController -getNotificationDetails   method Start
				
2026-09-18 10:40:48 [http-nio-8495-exec-5] INFO  c.v.g.c.NotificationGeneralController -getNotificationDetails   method Start
				
2026-09-18 10:40:48 [http-nio-8495-exec-1] INFO  c.v.g.c.NotificationGeneralController -getNotificationDetails   method Start
				
2026-09-18 10:40:48 [http-nio-8495-exec-2] INFO  c.v.g.c.NotificationGeneralController -getNotificationDetails   method Start
				
2026-09-18 10:41:06 [http-nio-8495-exec-8] INFO  c.vmfg.scm.controller.GrnController -getPoCostType Controller  method Start
				
2026-09-18 10:41:06 [http-nio-8495-exec-6] INFO  c.vmfg.scm.controller.GrnController -getGrnHdrDetails Controller  method Start
				
2026-09-18 10:41:06 [http-nio-8495-exec-8] INFO  c.vmfg.scm.controller.GrnController -getPoCostType  method end
				
2026-09-18 10:41:06 [http-nio-8495-exec-6] INFO  c.vmfg.scm.controller.GrnController -getGrnHdrDetails  method end
				
2026-09-18 10:41:06 [http-nio-8495-exec-9] INFO  c.v.g.c.NotificationGeneralController -getNotificationDetails   method Start
				
2026-09-18 10:41:06 [http-nio-8495-exec-10] INFO  c.v.g.c.NotificationGeneralController -getNotificationDetails   method Start
				
2026-09-18 10:41:56 [http-nio-8495-exec-4] INFO  c.v.finance.controller.PraController -InsertPRA   method Start
				
2026-09-18 10:41:57 [http-nio-8495-exec-4] INFO  com.vmfg.util.CommonNotifyMethod -InvokeNotificationMethod: 1 55 null bgrn [PRA4739, 1110, E0157, BGRN/2026/1110/2] [] 1 5 90 DS54,DS42,DS10,DS11
				
2026-09-18 10:41:57 [http-nio-8495-exec-4] INFO  com.vmfg.util.NotificationRequest -notificationreq start
				
2026-09-18 10:41:57 [http-nio-8495-exec-4] INFO  com.vmfg.util.NotificationRequest -appdesigArrDS54DS54,DS42,DS10,DS11bgrn
				
2026-09-18 10:41:57 [http-nio-8495-exec-4] INFO  com.vmfg.util.NotificationRequest -appdesigArrDS42DS54,DS42,DS10,DS11bgrn
				
2026-09-18 10:41:57 [http-nio-8495-exec-4] INFO  com.vmfg.util.NotificationRequest -appdesigArrDS10DS54,DS42,DS10,DS11bgrn
				
2026-09-18 10:41:57 [http-nio-8495-exec-4] INFO  com.vmfg.util.NotificationRequest -appdesigArrDS11DS54,DS42,DS10,DS11bgrn
				
2026-09-18 10:41:57 [http-nio-8495-exec-4] INFO  com.vmfg.util.NotificationRequest -notificationreq end
				
2026-09-18 10:41:57 [http-nio-8495-exec-4] INFO  com.vmfg.util.DocumentApprovalInsert -InsertDocApprovalDtls starts
				
2026-09-18 10:41:57 [http-nio-8495-exec-4] INFO  com.vmfg.util.DocumentApprovalInsert -DocumentApprovalInsert insertHdrId 0
				
2026-09-18 10:41:57 [http-nio-8495-exec-4] INFO  com.vmfg.util.DocumentApprovalInsert -InsertDocApprovalDtls end
				
2026-09-18 10:41:57 [http-nio-8495-exec-4] INFO  c.v.finance.controller.PraController -InsertPRA   method end
				
2026-09-18 10:41:57 [http-nio-8495-exec-4] INFO  c.v.g.c.NotificationGeneralController -getNotificationDetails   method Start
				
2026-09-18 10:41:57 [http-nio-8495-exec-6] INFO  c.v.g.c.NotificationGeneralController -getNotificationDetails   method Start
				
2026-09-18 10:42:57 [http-nio-8495-exec-7] INFO  c.v.s.c.IndentManagementController -indentHdrDropDownByProjectCode Controller  method Start
				
2026-09-18 10:42:57 [http-nio-8495-exec-7] INFO  c.v.s.c.IndentManagementController -indentHdrDropDownByProjectCode Controller  method end
				
2026-09-18 10:42:57 [http-nio-8495-exec-3] INFO  c.v.g.c.NotificationGeneralController -getNotificationDetails   method Start
				
2026-09-18 10:42:58 [http-nio-8495-exec-8] INFO  c.v.g.c.NotificationGeneralController -getNotificationDetails   method Start
				
2026-09-18 10:43:00 [http-nio-8495-exec-6] INFO  c.v.m.controller.VendorController -getApprVendorDtls method Start
				
2026-09-18 10:43:00 [http-nio-8495-exec-10] INFO  c.v.g.c.NotificationGeneralController -getNotificationDetails   method Start
				
2026-09-18 10:43:00 [http-nio-8495-exec-9] INFO  c.v.g.c.NotificationGeneralController -getNotificationDetails   method Start
				
2026-09-18 10:43:00 [http-nio-8495-exec-7] INFO  c.v.g.c.NotificationGeneralController -getNotificationDetails   method Start
				
2026-09-18 10:43:01 [http-nio-8495-exec-8] INFO  c.v.g.c.NotificationGeneralController -getNotificationDetails   method Start
				
2026-09-18 10:43:08 [http-nio-8495-exec-6] INFO  c.v.g.c.NotificationGeneralController -getNotificationDetails   method Start
				
2026-09-18 10:43:11 [http-nio-8495-exec-2] INFO  c.v.s.c.IndentManagementController -indentHdrDropDownByProjectCode Controller  method Start
				
2026-09-18 10:43:11 [http-nio-8495-exec-10] INFO  com.vmfg.scm.controller.PoController -getPoHdrDtlsByIndentId Controller  method Start
				
2026-09-18 10:43:11 [http-nio-8495-exec-2] INFO  c.v.s.c.IndentManagementController -indentHdrDropDownByProjectCode Controller  method end
				
2026-09-18 10:43:11 [http-nio-8495-exec-9] INFO  c.v.g.c.NotificationGeneralController -getNotificationDetails   method Start
				
2026-09-18 10:43:11 [http-nio-8495-exec-10] INFO  com.vmfg.scm.controller.PoController -getPoHdrDtlsByIndentId Controller  method end
				
2026-09-18 10:43:11 [http-nio-8495-exec-7] INFO  c.v.g.c.NotificationGeneralController -getNotificationDetails   method Start
				
2026-09-18 10:43:14 [http-nio-8495-exec-3] INFO  com.vmfg.scm.services.impl.PoService -getDCTypeDtl Service start 
				
2026-09-18 10:43:14 [http-nio-8495-exec-8] INFO  com.vmfg.scm.services.impl.PoService -getInspectScopeDesc Service start 
				
2026-09-18 10:43:14 [http-nio-8495-exec-1] INFO  com.vmfg.scm.services.impl.PoService -getHsnCodeByPartNo Service start 
				
2026-09-18 10:43:14 [http-nio-8495-exec-4] INFO  com.vmfg.scm.services.impl.PoService -getTransitInsuranceDesc Service start 
				
2026-09-18 10:43:14 [http-nio-8495-exec-6] INFO  com.vmfg.scm.services.impl.PoService -getdivisionDesc Service start 
				
2026-09-18 10:43:14 [http-nio-8495-exec-3] INFO  com.vmfg.scm.services.impl.PoService -getDCTypeDtl Service end 
				
2026-09-18 10:43:14 [http-nio-8495-exec-1] INFO  com.vmfg.scm.services.impl.PoService -getModeOfDispatchDesc Service end 
				
2026-09-18 10:43:14 [http-nio-8495-exec-8] INFO  com.vmfg.scm.services.impl.PoService -getInspectScopeDesc Service end 
				
2026-09-18 10:43:14 [http-nio-8495-exec-6] INFO  com.vmfg.scm.services.impl.PoService -getdivisionDesc Service end 
				
2026-09-18 10:43:14 [http-nio-8495-exec-4] INFO  com.vmfg.scm.services.impl.PoService -getTransitInsuranceDesc Service end 
				
2026-09-18 10:43:14 [http-nio-8495-exec-6] INFO  com.vmfg.scm.services.impl.PoService -getTransitInsuranceDesc Service start 
				
2026-09-18 10:43:14 [http-nio-8495-exec-7] INFO  com.vmfg.scm.services.impl.PoService -getdivisionDesc Service start 
				
2026-09-18 10:43:14 [http-nio-8495-exec-9] INFO  com.vmfg.scm.services.impl.PoService -getInspectScopeDesc Service start 
				
2026-09-18 10:43:14 [http-nio-8495-exec-10] INFO  com.vmfg.scm.services.impl.PoService -getHsnCodeByPartNo Service start 
				
2026-09-18 10:43:14 [http-nio-8495-exec-7] INFO  com.vmfg.scm.services.impl.PoService -getdivisionDesc Service end 
				
2026-09-18 10:43:14 [http-nio-8495-exec-6] INFO  com.vmfg.scm.services.impl.PoService -getTransitInsuranceDesc Service end 
				
2026-09-18 10:43:14 [http-nio-8495-exec-9] INFO  com.vmfg.scm.services.impl.PoService -getInspectScopeDesc Service end 
				
2026-09-18 10:43:14 [http-nio-8495-exec-10] INFO  com.vmfg.scm.services.impl.PoService -getModeOfDispatchDesc Service end 
				
2026-09-18 10:43:14 [http-nio-8495-exec-7] INFO  com.vmfg.scm.services.impl.PoService -getDCTypeDtl Service start 
				
2026-09-18 10:43:14 [http-nio-8495-exec-6] INFO  c.v.g.c.NotificationGeneralController -getNotificationDetails   method Start
				
2026-09-18 10:43:14 [http-nio-8495-exec-9] INFO  c.v.g.c.NotificationGeneralController -getNotificationDetails   method Start
				
2026-09-18 10:43:14 [http-nio-8495-exec-7] INFO  com.vmfg.scm.services.impl.PoService -getDCTypeDtl Service end 
				
2026-09-18 10:43:14 [http-nio-8495-exec-1] INFO  c.v.g.c.NotificationGeneralController -getNotificationDetails   method Start
				
2026-09-18 10:43:14 [http-nio-8495-exec-4] INFO  c.v.g.c.NotificationGeneralController -getNotificationDetails   method Start
				
2026-09-18 10:43:14 [http-nio-8495-exec-3] INFO  c.v.g.c.NotificationGeneralController -getNotificationDetails   method Start
				
2026-09-18 10:43:14 [http-nio-8495-exec-2] INFO  c.v.g.c.NotificationGeneralController -getNotificationDetails   method Start
				
2026-09-18 10:43:14 [http-nio-8495-exec-10] INFO  c.v.g.c.NotificationGeneralController -getNotificationDetails   method Start
				
2026-09-18 10:43:14 [http-nio-8495-exec-7] INFO  c.v.g.c.NotificationGeneralController -getNotificationDetails   method Start
				
2026-09-18 10:43:14 [http-nio-8495-exec-5] INFO  c.v.g.c.NotificationGeneralController -getNotificationDetails   method Start
				
2026-09-18 10:43:14 [http-nio-8495-exec-8] INFO  c.v.g.c.NotificationGeneralController -getNotificationDetails   method Start
				
2026-09-18 10:43:14 [http-nio-8495-exec-6] INFO  c.v.g.c.NotificationGeneralController -getNotificationDetails   method Start
				
2026-09-18 10:43:14 [http-nio-8495-exec-1] INFO  c.v.g.c.NotificationGeneralController -getNotificationDetails   method Start
				
2026-09-18 10:55:51 [http-nio-8495-exec-5] ERROR com.vmfg.util.GetPropertyValue -getTenantPropertyVal Method Exception|||org.springframework.dao.EmptyResultDataAccessException: Incorrect result size: expected 1, actual 0
				
2026-09-18 10:55:51 [http-nio-8495-exec-5] ERROR com.vmfg.util.GetPropertyValue -getTenantPropertyValByTenantId Method Exception|||org.springframework.dao.EmptyResultDataAccessException: Incorrect result size: expected 1, actual 0
				
2026-09-18 10:55:51 [http-nio-8495-exec-5] INFO  com.vmfg.util.CommonBase64Class -CommonBase64Class getBasesBinary method Start
				
2026-09-18 10:55:51 [http-nio-8495-exec-5] ERROR com.vmfg.util.CommonBase64Class -CommonBase64Class getBasesBinary Method FileNotFoundException---->java.io.FileNotFoundException:  (No such file or directory)
				
2026-09-18 10:55:51 [http-nio-8495-exec-5] ERROR c.v.authentication.UserLoginService -getImageUrl DAO Method Exceptionjava.lang.NullPointerException
				
2026-09-18 10:58:51 [SpringApplicationShutdownHook] INFO  com.zaxxer.hikari.HikariDataSource -HikariPool-1 - Shutdown initiated...
				
2026-09-18 10:58:51 [SpringApplicationShutdownHook] INFO  com.zaxxer.hikari.HikariDataSource -HikariPool-1 - Shutdown completed.
				
2026-09-18 10:59:00 [background-preinit] INFO  o.h.validator.internal.util.Version -HV000001: Hibernate Validator 6.2.3.Final
				
2026-09-18 10:59:01 [restartedMain] INFO  o.s.boot.SpringApplication -

                                ooooooo &&&&&&&&                              
                              oo     oo &.     &                              
                    ooooooo  oo      oo &:     &&                             
                 oo        oooo      oo &&       *&&&&  &&&&&&                
               oo            oo      oo &&                    &&&             
              oo                     oo &&&&&                  &o             
              oo                     oo &&     &&&&&           &              
              oo           ooo       oo &&           &&&       &&             
           ooooo           o:        oo &&              &        &&           
       ooo     *oo       oo          oo &&                        &&&&&&&     
     oo           ooooooo            oo &&                              &&    
    o&                                      &&&&*       &&               &&   
   oo                                            &&       &&              &&  
   o     ooooo                  @     @@    @@     &&:     &&           &&    
  oo ooo       ooo          @@@@@@@@@@@@@@@@@@@@@    &&     &&         &&     
  ooo            oo         @@ @@@ @@@@@@@@@@@  @     &&     &&         &     
  oo               o      @@@@ @@@ @@@@@@@@@@@  @@@    &&     &         &&    
  o&               oo       @@ @@@ @@@@@@@@@@@  @       &     &         &&    
  oo               oo       @@ @@ @ @@@@        @       &&                &&& 
  oo                      @@@@ @@@@@@@@@@@@@@@  @@@:    &&                  &&
  oo                        @@ @@@@@@@@@@@ @@@  @       &&        o&        &&
   o                        @@ @@@@@ @@@  @@@@  @       &         &&        &.
   oo                     @@@@ @@@ @@@@@@@@@@@  @@@@   &          &    .&&&&  
    o         oooo          @@                  @     &.         &&    &&     
    oo    ooo      &oo          @     @@    @@      &&          &&    &&      
     oo oo            oo        @     @     @@    &&           &&    &&       
      ooo              oo                      &&&           &&      &&       
         oooooooo       oo           oo &&&&&&              &&         &      
              oo        oo           oo &&         &      &&           &&     
              o        :o            oo &&  .&&&&&     &&.           &&       
              o       oo             oo &&                    &&&&&&&&        
              oo    ooo              oo &&                  &&                
                oo                   oo &&                &&                  
                  oo        oooo     oo &&                &                   
                     ooooooo  &o     oo &&      &&&       &                   
                                oo   oo && :&&&   .&& &&&*                    
                                   &ooo &&&                                   

==============================================
SmartRun Product by SmartRun Tech. All rights reserved.
==============================================
Application Version : 2.6.7
Application Title : SmartRun MES
Contact : support@smartruntech.com
==============================================

				
2026-09-18 10:59:01 [restartedMain] INFO  com.vmfg.VMFGApplication -Starting VMFGApplication using Java 1.8.0_482 on Peachs-Mac-mini.local with PID 3602 (/Users/peach/Spring_Boot_Projects/bgr/OneDrive_1_4-15-2026/BGR-SOURCE_CODE-sandbox/SmartRun_ProjectManagement_Java/SR_Management/target/classes started by peach in /Users/peach/Spring_Boot_Projects/bgr/OneDrive_1_4-15-2026/BGR-SOURCE_CODE-sandbox/SmartRun_ProjectManagement_Java/SR_Management)
				
2026-09-18 10:59:01 [restartedMain] INFO  com.vmfg.VMFGApplication -The following 1 profile is active: "dev"
				
2026-09-18 10:59:01 [restartedMain] INFO  o.s.b.d.e.DevToolsPropertyDefaultsPostProcessor -Devtools property defaults active! Set 'spring.devtools.add-properties' to 'false' to disable
				
2026-09-18 10:59:01 [restartedMain] INFO  o.s.b.d.e.DevToolsPropertyDefaultsPostProcessor -For additional web related logging consider setting the 'logging.level.web' property to 'DEBUG'
				
2026-09-18 10:59:03 [restartedMain] INFO  o.s.d.r.c.RepositoryConfigurationDelegate -Bootstrapping Spring Data JDBC repositories in DEFAULT mode.
				
2026-09-18 10:59:04 [restartedMain] INFO  o.s.d.r.c.RepositoryConfigurationDelegate -Finished Spring Data repository scanning in 101 ms. Found 0 JDBC repository interfaces.
				
2026-09-18 10:59:05 [restartedMain] INFO  o.s.b.w.e.tomcat.TomcatWebServer -Tomcat initialized with port(s): 8495 (http)
				
2026-09-18 10:59:05 [restartedMain] INFO  o.a.coyote.http11.Http11NioProtocol -Initializing ProtocolHandler ["http-nio-8495"]
				
2026-09-18 10:59:05 [restartedMain] INFO  o.a.catalina.core.StandardService -Starting service [Tomcat]
				
2026-09-18 10:59:05 [restartedMain] INFO  o.a.catalina.core.StandardEngine -Starting Servlet engine: [Apache Tomcat/9.0.63]
				
2026-09-18 10:59:05 [restartedMain] INFO  o.a.c.c.C.[.[localhost].[/smartrun] -Initializing Spring embedded WebApplicationContext
				
2026-09-18 10:59:05 [restartedMain] INFO  o.s.b.w.s.c.ServletWebServerApplicationContext -Root WebApplicationContext: initialization completed in 3651 ms
				
2026-09-18 10:59:08 [restartedMain] INFO  s.d.s.w.PropertySourcedRequestMappingHandlerMapping -Mapped URL path [/v2/api-docs] onto method [springfox.documentation.swagger2.web.Swagger2Controller#getDocumentation(String, HttpServletRequest)]
				
2026-09-18 10:59:08 [restartedMain] INFO  o.s.s.web.DefaultSecurityFilterChain -Will secure any request with [org.springframework.security.web.session.DisableEncodeUrlFilter@1ed09eb, org.springframework.security.web.context.request.async.WebAsyncManagerIntegrationFilter@5ee10c9b, org.springframework.security.web.context.SecurityContextPersistenceFilter@110449bb, org.springframework.security.web.header.HeaderWriterFilter@2bb8fa20, org.springframework.web.filter.CorsFilter@41ddbfde, org.springframework.security.web.authentication.logout.LogoutFilter@4675d736, com.vmfg.security.config.JwtRequestFilter@1dc98cd, org.springframework.security.web.savedrequest.RequestCacheAwareFilter@22df8ae3, org.springframework.security.web.servletapi.SecurityContextHolderAwareRequestFilter@66dbf0f4, org.springframework.security.web.authentication.AnonymousAuthenticationFilter@5570c45f, org.springframework.security.web.session.SessionManagementFilter@672de65, org.springframework.security.web.access.ExceptionTranslationFilter@138e953b, org.springframework.security.web.access.intercept.FilterSecurityInterceptor@77fecdc0]
				
2026-09-18 10:59:08 [restartedMain] INFO  o.s.b.d.a.OptionalLiveReloadServer -LiveReload server is running on port 35729
				
2026-09-18 10:59:09 [restartedMain] INFO  com.zaxxer.hikari.HikariDataSource -HikariPool-1 - Starting...
				
2026-09-18 10:59:09 [restartedMain] INFO  com.zaxxer.hikari.HikariDataSource -HikariPool-1 - Start completed.
				
2026-09-18 10:59:10 [restartedMain] INFO  o.a.coyote.http11.Http11NioProtocol -Starting ProtocolHandler ["http-nio-8495"]
				
2026-09-18 10:59:10 [restartedMain] INFO  o.s.b.w.e.tomcat.TomcatWebServer -Tomcat started on port(s): 8495 (http) with context path '/smartrun'
				
2026-09-18 10:59:10 [restartedMain] INFO  s.d.s.w.p.DocumentationPluginsBootstrapper -Context refreshed
				
2026-09-18 10:59:10 [restartedMain] INFO  s.d.s.w.p.DocumentationPluginsBootstrapper -Found 1 custom documentation plugin(s)
				
2026-09-18 10:59:10 [restartedMain] INFO  s.d.s.w.s.ApiListingReferenceScanner -Scanning for api listing references
				
2026-09-18 10:59:11 [restartedMain] INFO  s.d.s.w.r.o.CachingOperationNameGenerator -Generating unique operation named: insertOrUpdateSalesBudgetSheetHdrAndDtlUsingPOST_1
				
2026-09-18 10:59:11 [restartedMain] INFO  s.d.s.w.r.o.CachingOperationNameGenerator -Generating unique operation named: getVendorDetailHdrViewUsingPOST_1
				
2026-09-18 10:59:11 [restartedMain] INFO  s.d.s.w.r.o.CachingOperationNameGenerator -Generating unique operation named: updateUserRoleMappingUsingPOST_1
				
2026-09-18 10:59:11 [restartedMain] INFO  com.vmfg.VMFGApplication -Started VMFGApplication in 11.754 seconds (JVM running for 12.614)
				
2026-09-18 10:59:11 [main] ERROR com.vmfg.VMFGApplication -SmartRun Application Start Exception--->org.springframework.boot.devtools.restart.SilentExitExceptionHandler$SilentExitException
				
2026-09-18 10:59:31 [http-nio-8495-exec-1] INFO  o.a.c.c.C.[.[localhost].[/smartrun] -Initializing Spring DispatcherServlet 'dispatcherServlet'
				
2026-09-18 10:59:31 [http-nio-8495-exec-1] INFO  o.s.web.servlet.DispatcherServlet -Initializing Servlet 'dispatcherServlet'
				
2026-09-18 10:59:31 [http-nio-8495-exec-1] INFO  o.s.web.servlet.DispatcherServlet -Completed initialization in 6 ms
				
2026-09-18 10:59:31 [http-nio-8495-exec-1] ERROR com.vmfg.util.GetPropertyValue -getTenantPropertyVal Method Exception|||org.springframework.dao.EmptyResultDataAccessException: Incorrect result size: expected 1, actual 0
				
2026-09-18 10:59:31 [http-nio-8495-exec-1] ERROR com.vmfg.util.GetPropertyValue -getTenantPropertyValByTenantId Method Exception|||org.springframework.dao.EmptyResultDataAccessException: Incorrect result size: expected 1, actual 0
				
2026-09-18 10:59:31 [http-nio-8495-exec-1] INFO  com.vmfg.util.CommonBase64Class -CommonBase64Class getBasesBinary method Start
				
2026-09-18 10:59:31 [http-nio-8495-exec-1] ERROR com.vmfg.util.CommonBase64Class -CommonBase64Class getBasesBinary Method FileNotFoundException---->java.io.FileNotFoundException:  (No such file or directory)
				
2026-09-18 10:59:31 [http-nio-8495-exec-1] ERROR c.v.authentication.UserLoginService -getImageUrl DAO Method Exceptionjava.lang.NullPointerException
				
2026-09-18 10:59:45 [http-nio-8495-exec-2] INFO  com.vmfg.authentication.UserLoginDAO - getUserDtlForAuth DAO method Start
				
2026-09-18 10:59:45 [http-nio-8495-exec-2] INFO  com.vmfg.authentication.UserLoginDAO -getUserLoginInfo DAO method end
				
2026-09-18 10:59:46 [http-nio-8495-exec-8] INFO  c.v.g.c.NotificationGeneralController -getNotificationDetails   method Start
				
2026-09-18 10:59:46 [http-nio-8495-exec-7] INFO  c.v.g.c.NotificationGeneralController -getNotificationDetails   method Start
				
2026-09-18 10:59:46 [http-nio-8495-exec-6] INFO  c.v.g.c.NotificationGeneralController -getNotificationDetails   method Start
				
2026-09-18 10:59:46 [http-nio-8495-exec-4] INFO  c.v.s.c.IndentManagementController -getIndentProjectDtlsByDate Controller  method Start
				
2026-09-18 10:59:46 [http-nio-8495-exec-10] INFO  c.v.s.c.IndentManagementController -getScmHdrBasedDtl   method Start
				
2026-09-18 10:59:46 [http-nio-8495-exec-2] INFO  c.v.g.services.impl.TileViewService -getSaleTileView  method start
				
2026-09-18 10:59:46 [http-nio-8495-exec-4] INFO  c.v.s.c.IndentManagementController -getIndentProjectDtlsByDate Controller  method end
				
2026-09-18 10:59:46 [http-nio-8495-exec-3] INFO  c.v.g.c.NotificationGeneralController -getNotificationDetails   method Start
				
2026-09-18 10:59:49 [http-nio-8495-exec-10] INFO  c.v.s.c.IndentManagementController -getScmHdrBasedDtl  method end
				
2026-09-18 10:59:49 [http-nio-8495-exec-2] INFO  c.v.g.c.StageManagementController -getSCMTitleView   method end
				
2026-09-18 10:59:49 [http-nio-8495-exec-1] INFO  c.v.g.c.NotificationGeneralController -getNotificationDetails   method Start
				
2026-09-18 10:59:49 [http-nio-8495-exec-9] INFO  c.v.g.c.NotificationGeneralController -getNotificationDetails   method Start
				
2026-09-18 11:00:06 [http-nio-8495-exec-4] INFO  c.v.g.services.impl.TileViewService -getSaleTileView  method start
				
2026-09-18 11:00:06 [http-nio-8495-exec-5] INFO  c.v.s.c.IndentManagementController -getScmHdrBasedDtl   method Start
				
2026-09-18 11:00:06 [http-nio-8495-exec-5] INFO  c.v.s.c.IndentManagementController -getScmHdrBasedDtl  method end
				
2026-09-18 11:00:06 [http-nio-8495-exec-4] INFO  c.v.g.c.StageManagementController -getSCMTitleView   method end
				
2026-09-18 11:00:07 [http-nio-8495-exec-7] INFO  c.v.g.c.NotificationGeneralController -getNotificationDetails   method Start
				
2026-09-18 11:00:07 [http-nio-8495-exec-8] INFO  c.v.g.c.NotificationGeneralController -getNotificationDetails   method Start
				
2026-09-18 11:00:07 [http-nio-8495-exec-3] INFO  c.v.g.c.NotificationGeneralController -getNotificationDetails   method Start
				
2026-09-18 11:00:07 [http-nio-8495-exec-6] INFO  c.v.g.c.DepartmentAndEmployeeInfoController -getprocessAssignedTeam   method Start
				
2026-09-18 11:00:07 [http-nio-8495-exec-6] INFO  c.v.g.s.i.DepartmentAndEmployeeService -getprocessAssignedTeam  method start
				
2026-09-18 11:00:07 [http-nio-8495-exec-5] INFO  c.v.g.c.NotificationGeneralController -getNotificationDetails   method Start
				
2026-09-18 11:00:07 [http-nio-8495-exec-9] INFO  c.v.g.c.NotificationGeneralController -getNotificationDetails   method Start
				
2026-09-18 11:00:07 [http-nio-8495-exec-4] INFO  c.v.g.c.NotificationGeneralController -getNotificationDetails   method Start
				
2026-09-18 11:00:07 [http-nio-8495-exec-1] INFO  c.v.g.c.NotificationGeneralController -getNotificationDetails   method Start
				
2026-09-18 11:00:07 [http-nio-8495-exec-2] INFO  c.v.g.c.NotificationGeneralController -getNotificationDetails   method Start
				
2026-09-18 11:00:09 [http-nio-8495-exec-7] INFO  c.v.g.c.NotificationGeneralController -getNotificationDetails   method Start
				
2026-09-18 11:00:09 [http-nio-8495-exec-10] INFO  c.v.s.c.IndentManagementController -indentHdrDropDownByProjectCode Controller  method Start
				
2026-09-18 11:00:09 [http-nio-8495-exec-8] INFO  com.vmfg.scm.controller.PoController -getPoHdrDtlsByIndentId Controller  method Start
				
2026-09-18 11:00:09 [http-nio-8495-exec-10] INFO  c.v.s.c.IndentManagementController -indentHdrDropDownByProjectCode Controller  method end
				
2026-09-18 11:00:09 [http-nio-8495-exec-3] INFO  c.v.g.c.NotificationGeneralController -getNotificationDetails   method Start
				
2026-09-18 11:00:09 [http-nio-8495-exec-8] INFO  com.vmfg.scm.controller.PoController -getPoHdrDtlsByIndentId Controller  method end
				
2026-09-18 11:00:09 [http-nio-8495-exec-4] INFO  c.v.g.c.NotificationGeneralController -getNotificationDetails   method Start
				
2026-09-18 11:00:18 [http-nio-8495-exec-7] INFO  com.vmfg.scm.services.impl.PoService -getDCTypeDtl Service start 
				
2026-09-18 11:00:18 [http-nio-8495-exec-1] INFO  com.vmfg.scm.services.impl.PoService -getInspectScopeDesc Service start 
				
2026-09-18 11:00:18 [http-nio-8495-exec-9] INFO  com.vmfg.scm.services.impl.PoService -getHsnCodeByPartNo Service start 
				
2026-09-18 11:00:18 [http-nio-8495-exec-5] INFO  com.vmfg.scm.services.impl.PoService -getdivisionDesc Service start 
				
2026-09-18 11:00:18 [http-nio-8495-exec-2] INFO  com.vmfg.scm.services.impl.PoService -getTransitInsuranceDesc Service start 
				
2026-09-18 11:00:18 [http-nio-8495-exec-7] INFO  com.vmfg.scm.services.impl.PoService -getDCTypeDtl Service end 
				
2026-09-18 11:00:18 [http-nio-8495-exec-5] INFO  com.vmfg.scm.services.impl.PoService -getdivisionDesc Service end 
				
2026-09-18 11:00:18 [http-nio-8495-exec-1] INFO  com.vmfg.scm.services.impl.PoService -getInspectScopeDesc Service end 
				
2026-09-18 11:00:18 [http-nio-8495-exec-9] INFO  com.vmfg.scm.services.impl.PoService -getModeOfDispatchDesc Service end 
				
2026-09-18 11:00:18 [http-nio-8495-exec-2] INFO  com.vmfg.scm.services.impl.PoService -getTransitInsuranceDesc Service end 
				
2026-09-18 11:00:18 [http-nio-8495-exec-9] INFO  com.vmfg.scm.services.impl.PoService -getTransitInsuranceDesc Service start 
				
2026-09-18 11:00:18 [http-nio-8495-exec-2] INFO  com.vmfg.scm.services.impl.PoService -getdivisionDesc Service start 
				
2026-09-18 11:00:18 [http-nio-8495-exec-5] INFO  com.vmfg.scm.services.impl.PoService -getInspectScopeDesc Service start 
				
2026-09-18 11:00:18 [http-nio-8495-exec-7] INFO  com.vmfg.scm.services.impl.PoService -getHsnCodeByPartNo Service start 
				
2026-09-18 11:00:18 [http-nio-8495-exec-7] INFO  com.vmfg.scm.services.impl.PoService -getModeOfDispatchDesc Service end 
				
2026-09-18 11:00:18 [http-nio-8495-exec-5] INFO  com.vmfg.scm.services.impl.PoService -getInspectScopeDesc Service end 
				
2026-09-18 11:00:18 [http-nio-8495-exec-2] INFO  com.vmfg.scm.services.impl.PoService -getdivisionDesc Service end 
				
2026-09-18 11:00:18 [http-nio-8495-exec-9] INFO  com.vmfg.scm.services.impl.PoService -getTransitInsuranceDesc Service end 
				
2026-09-18 11:00:18 [http-nio-8495-exec-6] INFO  com.vmfg.scm.services.impl.PoService -getDCTypeDtl Service start 
				
2026-09-18 11:00:18 [http-nio-8495-exec-3] INFO  c.v.g.c.NotificationGeneralController -getNotificationDetails   method Start
				
2026-09-18 11:00:18 [http-nio-8495-exec-10] INFO  c.v.g.c.NotificationGeneralController -getNotificationDetails   method Start
				
2026-09-18 11:00:18 [http-nio-8495-exec-4] INFO  c.v.g.c.NotificationGeneralController -getNotificationDetails   method Start
				
2026-09-18 11:00:18 [http-nio-8495-exec-6] INFO  com.vmfg.scm.services.impl.PoService -getDCTypeDtl Service end 
				
2026-09-18 11:00:18 [http-nio-8495-exec-7] INFO  c.v.g.c.NotificationGeneralController -getNotificationDetails   method Start
				
2026-09-18 11:00:18 [http-nio-8495-exec-2] INFO  c.v.g.c.NotificationGeneralController -getNotificationDetails   method Start
				
2026-09-18 11:00:18 [http-nio-8495-exec-8] INFO  c.v.g.c.NotificationGeneralController -getNotificationDetails   method Start
				
2026-09-18 11:00:18 [http-nio-8495-exec-6] INFO  c.v.g.c.NotificationGeneralController -getNotificationDetails   method Start
				
2026-09-18 11:00:18 [http-nio-8495-exec-5] INFO  c.v.g.c.NotificationGeneralController -getNotificationDetails   method Start
				
2026-09-18 11:00:18 [http-nio-8495-exec-1] INFO  c.v.g.c.NotificationGeneralController -getNotificationDetails   method Start
				
2026-09-18 11:00:18 [http-nio-8495-exec-9] INFO  c.v.g.c.NotificationGeneralController -getNotificationDetails   method Start
				
2026-09-18 11:00:19 [http-nio-8495-exec-8] INFO  c.v.g.c.NotificationGeneralController -getNotificationDetails   method Start
				
2026-09-18 11:00:19 [http-nio-8495-exec-2] INFO  c.v.g.c.NotificationGeneralController -getNotificationDetails   method Start
				
2026-09-18 11:00:29 [http-nio-8495-exec-3] INFO  c.v.finance.controller.PraController -retrievePRA   method Start
				
2026-09-18 11:00:29 [http-nio-8495-exec-7] INFO  com.vmfg.scm.services.impl.PoService -getPoDtlsByDateAndPoId Service start 
				
2026-09-18 11:00:29 [http-nio-8495-exec-7] INFO  com.vmfg.scm.services.impl.PoService -getPoDtlsByDateAndPoId Service end 
				
2026-09-18 11:00:29 [http-nio-8495-exec-1] INFO  c.v.g.c.NotificationGeneralController -getNotificationDetails   method Start
				
2026-09-18 11:00:29 [http-nio-8495-exec-3] INFO  c.v.finance.controller.PraController -retrievePRA   method end
				
2026-09-18 11:00:29 [http-nio-8495-exec-5] INFO  c.v.g.c.NotificationGeneralController -getNotificationDetails   method Start
				
2026-09-18 11:00:38 [http-nio-8495-exec-9] INFO  com.vmfg.scm.controller.PoController -getPoHdrDtlsByIndentId Controller  method Start
				
2026-09-18 11:00:38 [http-nio-8495-exec-6] INFO  c.v.s.c.IndentManagementController -indentHdrDropDownByProjectCode Controller  method Start
				
2026-09-18 11:00:38 [http-nio-8495-exec-6] INFO  c.v.s.c.IndentManagementController -indentHdrDropDownByProjectCode Controller  method end
				
2026-09-18 11:00:38 [http-nio-8495-exec-6] INFO  c.v.g.c.NotificationGeneralController -getNotificationDetails   method Start
				
2026-09-18 11:00:38 [http-nio-8495-exec-9] INFO  com.vmfg.scm.controller.PoController -getPoHdrDtlsByIndentId Controller  method end
				
2026-09-18 11:00:38 [http-nio-8495-exec-2] INFO  c.v.g.c.NotificationGeneralController -getNotificationDetails   method Start
				
2026-09-18 11:00:44 [http-nio-8495-exec-3] INFO  com.vmfg.scm.services.impl.PoService -getHsnCodeByPartNo Service start 
				
2026-09-18 11:00:44 [http-nio-8495-exec-7] INFO  com.vmfg.scm.services.impl.PoService -getdivisionDesc Service start 
				
2026-09-18 11:00:44 [http-nio-8495-exec-5] INFO  com.vmfg.scm.services.impl.PoService -getTransitInsuranceDesc Service start 
				
2026-09-18 11:00:44 [http-nio-8495-exec-4] INFO  com.vmfg.scm.services.impl.PoService -getInspectScopeDesc Service start 
				
2026-09-18 11:00:44 [http-nio-8495-exec-10] INFO  com.vmfg.scm.services.impl.PoService -getDCTypeDtl Service start 
				
2026-09-18 11:00:44 [http-nio-8495-exec-10] INFO  com.vmfg.scm.services.impl.PoService -getDCTypeDtl Service end 
				
2026-09-18 11:00:44 [http-nio-8495-exec-3] INFO  com.vmfg.scm.services.impl.PoService -getModeOfDispatchDesc Service end 
				
2026-09-18 11:00:44 [http-nio-8495-exec-4] INFO  com.vmfg.scm.services.impl.PoService -getInspectScopeDesc Service end 
				
2026-09-18 11:00:44 [http-nio-8495-exec-5] INFO  com.vmfg.scm.services.impl.PoService -getTransitInsuranceDesc Service end 
				
2026-09-18 11:00:44 [http-nio-8495-exec-7] INFO  com.vmfg.scm.services.impl.PoService -getdivisionDesc Service end 
				
2026-09-18 11:00:44 [http-nio-8495-exec-1] INFO  com.vmfg.scm.services.impl.PoService -getdivisionDesc Service start 
				
2026-09-18 11:00:44 [http-nio-8495-exec-6] INFO  com.vmfg.scm.services.impl.PoService -getHsnCodeByPartNo Service start 
				
2026-09-18 11:00:44 [http-nio-8495-exec-1] INFO  com.vmfg.scm.services.impl.PoService -getdivisionDesc Service end 
				
2026-09-18 11:00:44 [http-nio-8495-exec-2] INFO  com.vmfg.scm.services.impl.PoService -getInspectScopeDesc Service start 
				
2026-09-18 11:00:44 [http-nio-8495-exec-6] INFO  com.vmfg.scm.services.impl.PoService -getModeOfDispatchDesc Service end 
				
2026-09-18 11:00:44 [http-nio-8495-exec-5] INFO  com.vmfg.scm.services.impl.PoService -getTransitInsuranceDesc Service start 
				
2026-09-18 11:00:44 [http-nio-8495-exec-2] INFO  com.vmfg.scm.services.impl.PoService -getInspectScopeDesc Service end 
				
2026-09-18 11:00:44 [http-nio-8495-exec-5] INFO  com.vmfg.scm.services.impl.PoService -getTransitInsuranceDesc Service end 
				
2026-09-18 11:00:44 [http-nio-8495-exec-3] INFO  com.vmfg.scm.services.impl.PoService -getDCTypeDtl Service start 
				
2026-09-18 11:00:44 [http-nio-8495-exec-2] INFO  c.v.g.c.NotificationGeneralController -getNotificationDetails   method Start
				
2026-09-18 11:00:44 [http-nio-8495-exec-10] INFO  c.v.g.c.NotificationGeneralController -getNotificationDetails   method Start
				
2026-09-18 11:00:44 [http-nio-8495-exec-4] INFO  c.v.g.c.NotificationGeneralController -getNotificationDetails   method Start
				
2026-09-18 11:00:44 [http-nio-8495-exec-3] INFO  com.vmfg.scm.services.impl.PoService -getDCTypeDtl Service end 
				
2026-09-18 11:00:44 [http-nio-8495-exec-7] INFO  c.v.g.c.NotificationGeneralController -getNotificationDetails   method Start
				
2026-09-18 11:00:44 [http-nio-8495-exec-1] INFO  c.v.g.c.NotificationGeneralController -getNotificationDetails   method Start
				
2026-09-18 11:00:44 [http-nio-8495-exec-6] INFO  c.v.g.c.NotificationGeneralController -getNotificationDetails   method Start
				
2026-09-18 11:00:45 [http-nio-8495-exec-9] INFO  c.v.g.c.NotificationGeneralController -getNotificationDetails   method Start
				
2026-09-18 11:00:45 [http-nio-8495-exec-8] INFO  c.v.g.c.NotificationGeneralController -getNotificationDetails   method Start
				
2026-09-18 11:00:45 [http-nio-8495-exec-5] INFO  c.v.g.c.NotificationGeneralController -getNotificationDetails   method Start
				
2026-09-18 11:00:45 [http-nio-8495-exec-3] INFO  c.v.g.c.NotificationGeneralController -getNotificationDetails   method Start
				
2026-09-18 11:00:45 [http-nio-8495-exec-2] INFO  c.v.g.c.NotificationGeneralController -getNotificationDetails   method Start
				
2026-09-18 11:00:45 [http-nio-8495-exec-7] INFO  c.v.g.c.NotificationGeneralController -getNotificationDetails   method Start
				
2026-09-18 11:01:08 [http-nio-8495-exec-4] INFO  com.vmfg.scm.services.impl.PoService -getPoDtlsByDateAndPoId Service start 
				
2026-09-18 11:01:08 [http-nio-8495-exec-10] INFO  c.v.finance.controller.PraController -retrievePRA   method Start
				
2026-09-18 11:01:08 [http-nio-8495-exec-4] INFO  com.vmfg.scm.services.impl.PoService -getPoDtlsByDateAndPoId Service end 
				
2026-09-18 11:01:09 [http-nio-8495-exec-6] INFO  c.v.g.c.NotificationGeneralController -getNotificationDetails   method Start
				
2026-09-18 11:01:09 [http-nio-8495-exec-10] INFO  c.v.finance.controller.PraController -retrievePRA   method end
				
2026-09-18 11:01:09 [http-nio-8495-exec-1] INFO  c.v.g.c.NotificationGeneralController -getNotificationDetails   method Start
				
2026-09-18 11:01:35 [http-nio-8495-exec-7] INFO  c.v.finance.controller.PraController -getPraDtl   method Start
				
2026-09-18 11:01:35 [http-nio-8495-exec-7] INFO  c.v.finance.controller.PraController -getPraDtl   method end
				
2026-09-18 11:01:35 [http-nio-8495-exec-5] INFO  c.v.g.c.NotificationGeneralController -getNotificationDetails   method Start
				
2026-09-18 11:02:08 [http-nio-8495-exec-6] INFO  com.vmfg.scm.controller.PoController -getPoHdrDtlsByIndentId Controller  method Start
				
2026-09-18 11:02:08 [http-nio-8495-exec-10] INFO  c.v.s.c.IndentManagementController -indentHdrDropDownByProjectCode Controller  method Start
				
2026-09-18 11:02:08 [http-nio-8495-exec-10] INFO  c.v.s.c.IndentManagementController -indentHdrDropDownByProjectCode Controller  method end
				
2026-09-18 11:02:08 [http-nio-8495-exec-6] INFO  com.vmfg.scm.controller.PoController -getPoHdrDtlsByIndentId Controller  method end
				
2026-09-18 11:02:08 [http-nio-8495-exec-10] INFO  c.v.g.c.NotificationGeneralController -getNotificationDetails   method Start
				
2026-09-18 11:02:08 [http-nio-8495-exec-1] INFO  c.v.g.c.NotificationGeneralController -getNotificationDetails   method Start
				
2026-09-18 11:02:10 [http-nio-8495-exec-5] INFO  com.vmfg.scm.services.impl.PoService -getDCTypeDtl Service start 
				
2026-09-18 11:02:10 [http-nio-8495-exec-7] INFO  com.vmfg.scm.services.impl.PoService -getInspectScopeDesc Service start 
				
2026-09-18 11:02:10 [http-nio-8495-exec-9] INFO  com.vmfg.scm.services.impl.PoService -getdivisionDesc Service start 
				
2026-09-18 11:02:10 [http-nio-8495-exec-2] INFO  com.vmfg.scm.services.impl.PoService -getTransitInsuranceDesc Service start 
				
2026-09-18 11:02:10 [http-nio-8495-exec-4] INFO  com.vmfg.scm.services.impl.PoService -getHsnCodeByPartNo Service start 
				
2026-09-18 11:02:10 [http-nio-8495-exec-5] INFO  com.vmfg.scm.services.impl.PoService -getDCTypeDtl Service end 
				
2026-09-18 11:02:10 [http-nio-8495-exec-4] INFO  com.vmfg.scm.services.impl.PoService -getModeOfDispatchDesc Service end 
				
2026-09-18 11:02:10 [http-nio-8495-exec-2] INFO  com.vmfg.scm.services.impl.PoService -getTransitInsuranceDesc Service end 
				
2026-09-18 11:02:10 [http-nio-8495-exec-7] INFO  com.vmfg.scm.services.impl.PoService -getInspectScopeDesc Service end 
				
2026-09-18 11:02:10 [http-nio-8495-exec-9] INFO  com.vmfg.scm.services.impl.PoService -getdivisionDesc Service end 
				
2026-09-18 11:02:10 [http-nio-8495-exec-2] INFO  com.vmfg.scm.services.impl.PoService -getdivisionDesc Service start 
				
2026-09-18 11:02:10 [http-nio-8495-exec-9] INFO  com.vmfg.scm.services.impl.PoService -getInspectScopeDesc Service start 
				
2026-09-18 11:02:10 [http-nio-8495-exec-5] INFO  com.vmfg.scm.services.impl.PoService -getHsnCodeByPartNo Service start 
				
2026-09-18 11:02:10 [http-nio-8495-exec-2] INFO  com.vmfg.scm.services.impl.PoService -getdivisionDesc Service end 
				
2026-09-18 11:02:10 [http-nio-8495-exec-9] INFO  com.vmfg.scm.services.impl.PoService -getInspectScopeDesc Service end 
				
2026-09-18 11:02:10 [http-nio-8495-exec-5] INFO  com.vmfg.scm.services.impl.PoService -getModeOfDispatchDesc Service end 
				
2026-09-18 11:02:10 [http-nio-8495-exec-9] INFO  com.vmfg.scm.services.impl.PoService -getDCTypeDtl Service start 
				
2026-09-18 11:02:10 [http-nio-8495-exec-3] INFO  com.vmfg.scm.services.impl.PoService -getTransitInsuranceDesc Service start 
				
2026-09-18 11:02:10 [http-nio-8495-exec-6] INFO  c.v.g.c.NotificationGeneralController -getNotificationDetails   method Start
				
2026-09-18 11:02:10 [http-nio-8495-exec-2] INFO  c.v.g.c.NotificationGeneralController -getNotificationDetails   method Start
				
2026-09-18 11:02:10 [http-nio-8495-exec-9] INFO  com.vmfg.scm.services.impl.PoService -getDCTypeDtl Service end 
				
2026-09-18 11:02:10 [http-nio-8495-exec-3] INFO  com.vmfg.scm.services.impl.PoService -getTransitInsuranceDesc Service end 
				
2026-09-18 11:02:10 [http-nio-8495-exec-1] INFO  c.v.g.c.NotificationGeneralController -getNotificationDetails   method Start
				
2026-09-18 11:02:10 [http-nio-8495-exec-10] INFO  c.v.g.c.NotificationGeneralController -getNotificationDetails   method Start
				
2026-09-18 11:02:10 [http-nio-8495-exec-4] INFO  c.v.g.c.NotificationGeneralController -getNotificationDetails   method Start
				
2026-09-18 11:02:10 [http-nio-8495-exec-7] INFO  c.v.g.c.NotificationGeneralController -getNotificationDetails   method Start
				
2026-09-18 11:02:10 [http-nio-8495-exec-10] INFO  c.v.g.c.NotificationGeneralController -getNotificationDetails   method Start
				
2026-09-18 11:02:10 [http-nio-8495-exec-3] INFO  c.v.g.c.NotificationGeneralController -getNotificationDetails   method Start
				
2026-09-18 11:02:10 [http-nio-8495-exec-9] INFO  c.v.g.c.NotificationGeneralController -getNotificationDetails   method Start
				
2026-09-18 11:02:10 [http-nio-8495-exec-5] INFO  c.v.g.c.NotificationGeneralController -getNotificationDetails   method Start
				
2026-09-18 11:02:10 [http-nio-8495-exec-4] INFO  c.v.g.c.NotificationGeneralController -getNotificationDetails   method Start
				
2026-09-18 11:02:10 [http-nio-8495-exec-1] INFO  c.v.g.c.NotificationGeneralController -getNotificationDetails   method Start
				
2026-09-18 11:02:13 [http-nio-8495-exec-8] INFO  c.vmfg.scm.controller.GrnController -getPoCostType Controller  method Start
				
2026-09-18 11:02:13 [http-nio-8495-exec-2] INFO  c.vmfg.scm.controller.GrnController -getGrnHdrDetails Controller  method Start
				
2026-09-18 11:02:13 [http-nio-8495-exec-8] INFO  c.vmfg.scm.controller.GrnController -getPoCostType  method end
				
2026-09-18 11:02:13 [http-nio-8495-exec-2] INFO  c.vmfg.scm.controller.GrnController -getGrnHdrDetails  method end
				
2026-09-18 11:02:13 [http-nio-8495-exec-7] INFO  c.v.g.c.NotificationGeneralController -getNotificationDetails   method Start
				
2026-09-18 11:02:13 [http-nio-8495-exec-6] INFO  c.v.g.c.NotificationGeneralController -getNotificationDetails   method Start
				
2026-09-18 11:02:32 [http-nio-8495-exec-9] INFO  c.v.g.c.NotificationGeneralController -getNotificationDetails   method Start
				
2026-09-18 11:02:56 [http-nio-8495-exec-4] INFO  com.vmfg.scm.services.impl.PoService -getDCTypeDtl Service start 
				
2026-09-18 11:02:56 [http-nio-8495-exec-8] INFO  com.vmfg.scm.services.impl.PoService -getHsnCodeByPartNo Service start 
				
2026-09-18 11:02:56 [http-nio-8495-exec-5] INFO  com.vmfg.scm.services.impl.PoService -getdivisionDesc Service start 
				
2026-09-18 11:02:56 [http-nio-8495-exec-2] INFO  com.vmfg.scm.services.impl.PoService -getTransitInsuranceDesc Service start 
				
2026-09-18 11:02:56 [http-nio-8495-exec-3] INFO  com.vmfg.scm.services.impl.PoService -getInspectScopeDesc Service start 
				
2026-09-18 11:02:56 [http-nio-8495-exec-5] INFO  com.vmfg.scm.services.impl.PoService -getdivisionDesc Service end 
				
2026-09-18 11:02:56 [http-nio-8495-exec-4] INFO  com.vmfg.scm.services.impl.PoService -getDCTypeDtl Service end 
				
2026-09-18 11:02:56 [http-nio-8495-exec-3] INFO  com.vmfg.scm.services.impl.PoService -getInspectScopeDesc Service end 
				
2026-09-18 11:02:56 [http-nio-8495-exec-2] INFO  com.vmfg.scm.services.impl.PoService -getTransitInsuranceDesc Service end 
				
2026-09-18 11:02:56 [http-nio-8495-exec-8] INFO  com.vmfg.scm.services.impl.PoService -getModeOfDispatchDesc Service end 
				
2026-09-18 11:02:56 [http-nio-8495-exec-5] INFO  com.vmfg.scm.services.impl.PoService -getInspectScopeDesc Service start 
				
2026-09-18 11:02:56 [http-nio-8495-exec-8] INFO  com.vmfg.scm.services.impl.PoService -getdivisionDesc Service start 
				
2026-09-18 11:02:56 [http-nio-8495-exec-6] INFO  com.vmfg.scm.services.impl.PoService -getHsnCodeByPartNo Service start 
				
2026-09-18 11:02:56 [http-nio-8495-exec-7] INFO  com.vmfg.scm.services.impl.PoService -getTransitInsuranceDesc Service start 
				
2026-09-18 11:02:56 [http-nio-8495-exec-8] INFO  com.vmfg.scm.services.impl.PoService -getdivisionDesc Service end 
				
2026-09-18 11:02:56 [http-nio-8495-exec-6] INFO  com.vmfg.scm.services.impl.PoService -getModeOfDispatchDesc Service end 
				
2026-09-18 11:02:56 [http-nio-8495-exec-5] INFO  com.vmfg.scm.services.impl.PoService -getInspectScopeDesc Service end 
				
2026-09-18 11:02:56 [http-nio-8495-exec-7] INFO  com.vmfg.scm.services.impl.PoService -getTransitInsuranceDesc Service end 
				
2026-09-18 11:02:56 [http-nio-8495-exec-1] INFO  com.vmfg.scm.services.impl.PoService -getDCTypeDtl Service start 
				
2026-09-18 11:02:56 [http-nio-8495-exec-3] INFO  c.v.g.c.NotificationGeneralController -getNotificationDetails   method Start
				
2026-09-18 11:02:56 [http-nio-8495-exec-9] INFO  c.v.g.c.NotificationGeneralController -getNotificationDetails   method Start
				
2026-09-18 11:02:56 [http-nio-8495-exec-4] INFO  c.v.g.c.NotificationGeneralController -getNotificationDetails   method Start
				
2026-09-18 11:02:56 [http-nio-8495-exec-1] INFO  com.vmfg.scm.services.impl.PoService -getDCTypeDtl Service end 
				
2026-09-18 11:02:56 [http-nio-8495-exec-8] INFO  c.v.g.c.NotificationGeneralController -getNotificationDetails   method Start
				
2026-09-18 11:02:56 [http-nio-8495-exec-10] INFO  c.v.g.c.NotificationGeneralController -getNotificationDetails   method Start
				
2026-09-18 11:02:56 [http-nio-8495-exec-2] INFO  c.v.g.c.NotificationGeneralController -getNotificationDetails   method Start
				
2026-09-18 11:02:56 [http-nio-8495-exec-6] INFO  c.v.g.c.NotificationGeneralController -getNotificationDetails   method Start
				
2026-09-18 11:02:56 [http-nio-8495-exec-1] INFO  c.v.g.c.NotificationGeneralController -getNotificationDetails   method Start
				
2026-09-18 11:02:56 [http-nio-8495-exec-7] INFO  c.v.g.c.NotificationGeneralController -getNotificationDetails   method Start
				
2026-09-18 11:02:56 [http-nio-8495-exec-5] INFO  c.v.g.c.NotificationGeneralController -getNotificationDetails   method Start
				
2026-09-18 11:02:56 [http-nio-8495-exec-3] INFO  c.v.g.c.NotificationGeneralController -getNotificationDetails   method Start
				
2026-09-18 11:02:56 [http-nio-8495-exec-4] INFO  c.v.g.c.NotificationGeneralController -getNotificationDetails   method Start
				
2026-09-18 11:03:12 [http-nio-8495-exec-9] INFO  c.vmfg.scm.controller.GrnController -getGrnHdrDetails Controller  method Start
				
2026-09-18 11:03:12 [http-nio-8495-exec-8] INFO  c.vmfg.scm.controller.GrnController -getPoCostType Controller  method Start
				
2026-09-18 11:03:12 [http-nio-8495-exec-8] INFO  c.vmfg.scm.controller.GrnController -getPoCostType  method end
				
2026-09-18 11:03:12 [http-nio-8495-exec-9] INFO  c.vmfg.scm.controller.GrnController -getGrnHdrDetails  method end
				
2026-09-18 11:03:12 [http-nio-8495-exec-8] INFO  c.v.g.c.NotificationGeneralController -getNotificationDetails   method Start
				
2026-09-18 11:03:12 [http-nio-8495-exec-10] INFO  c.v.g.c.NotificationGeneralController -getNotificationDetails   method Start
				
2026-09-18 11:03:33 [http-nio-8495-exec-3] INFO  c.v.g.c.NotificationGeneralController -getNotificationDetails   method Start
				
2026-09-18 11:03:43 [http-nio-8495-exec-7] INFO  c.vmfg.scm.controller.GrnController -getPoCostType Controller  method Start
				
2026-09-18 11:03:43 [http-nio-8495-exec-1] INFO  c.vmfg.scm.controller.GrnController -getGrnHdrDetails Controller  method Start
				
2026-09-18 11:03:43 [http-nio-8495-exec-7] INFO  c.vmfg.scm.controller.GrnController -getPoCostType  method end
				
2026-09-18 11:03:43 [http-nio-8495-exec-1] INFO  c.vmfg.scm.controller.GrnController -getGrnHdrDetails  method end
				
2026-09-18 11:03:43 [http-nio-8495-exec-5] INFO  c.v.g.c.NotificationGeneralController -getNotificationDetails   method Start
				
2026-09-18 11:03:43 [http-nio-8495-exec-6] INFO  c.v.g.c.NotificationGeneralController -getNotificationDetails   method Start
				
2026-09-18 11:03:49 [http-nio-8495-exec-9] INFO  c.v.g.c.NotificationGeneralController -getNotificationDetails   method Start
				
2026-09-18 11:03:51 [http-nio-8495-exec-8] INFO  com.vmfg.scm.services.impl.PoService -getPoDtlsByDateAndPoId Service start 
				
2026-09-18 11:03:51 [http-nio-8495-exec-10] INFO  c.v.finance.controller.PraController -retrievePRA   method Start
				
2026-09-18 11:03:51 [http-nio-8495-exec-8] INFO  com.vmfg.scm.services.impl.PoService -getPoDtlsByDateAndPoId Service end 
				
2026-09-18 11:03:51 [http-nio-8495-exec-2] INFO  c.v.g.c.NotificationGeneralController -getNotificationDetails   method Start
				
2026-09-18 11:03:51 [http-nio-8495-exec-10] INFO  c.v.finance.controller.PraController -retrievePRA   method end
				
2026-09-18 11:03:51 [http-nio-8495-exec-3] INFO  c.v.g.c.NotificationGeneralController -getNotificationDetails   method Start
				
2026-09-18 11:03:55 [http-nio-8495-exec-7] INFO  c.v.finance.controller.PraController -getPraDtl   method Start
				
2026-09-18 11:03:55 [http-nio-8495-exec-7] INFO  c.v.finance.controller.PraController -getPraDtl   method end
				
2026-09-18 11:03:55 [http-nio-8495-exec-1] INFO  c.v.g.c.NotificationGeneralController -getNotificationDetails   method Start
				
2026-09-18 11:04:09 [http-nio-8495-exec-8] INFO  c.v.s.c.IndentManagementController -indentHdrDropDownByProjectCode Controller  method Start
				
2026-09-18 11:04:09 [http-nio-8495-exec-8] INFO  c.v.s.c.IndentManagementController -indentHdrDropDownByProjectCode Controller  method end
				
2026-09-18 11:04:09 [http-nio-8495-exec-3] INFO  c.v.g.c.NotificationGeneralController -getNotificationDetails   method Start
				
2026-09-18 11:04:10 [http-nio-8495-exec-2] INFO  c.v.g.c.NotificationGeneralController -getNotificationDetails   method Start
				
2026-09-18 11:13:05 [http-nio-8495-exec-4] INFO  com.vmfg.scm.controller.PoController -getPoHdrDtlsByIndentId Controller  method Start
				
2026-09-18 11:13:05 [http-nio-8495-exec-5] INFO  c.v.s.c.IndentManagementController -indentHdrDropDownByProjectCode Controller  method Start
				
2026-09-18 11:13:05 [http-nio-8495-exec-5] INFO  c.v.s.c.IndentManagementController -indentHdrDropDownByProjectCode Controller  method end
				
2026-09-18 11:13:05 [http-nio-8495-exec-4] INFO  com.vmfg.scm.controller.PoController -getPoHdrDtlsByIndentId Controller  method end
				
2026-09-18 11:13:05 [http-nio-8495-exec-5] INFO  c.v.g.c.NotificationGeneralController -getNotificationDetails   method Start
				
2026-09-18 11:13:05 [http-nio-8495-exec-6] INFO  c.v.g.c.NotificationGeneralController -getNotificationDetails   method Start
				
2026-09-18 11:13:08 [http-nio-8495-exec-8] INFO  com.vmfg.scm.services.impl.PoService -getDCTypeDtl Service start 
				
2026-09-18 11:13:08 [http-nio-8495-exec-7] INFO  com.vmfg.scm.services.impl.PoService -getHsnCodeByPartNo Service start 
				
2026-09-18 11:13:08 [http-nio-8495-exec-10] INFO  com.vmfg.scm.services.impl.PoService -getInspectScopeDesc Service start 
				
2026-09-18 11:13:08 [http-nio-8495-exec-2] INFO  com.vmfg.scm.services.impl.PoService -getTransitInsuranceDesc Service start 
				
2026-09-18 11:13:08 [http-nio-8495-exec-3] INFO  com.vmfg.scm.services.impl.PoService -getdivisionDesc Service start 
				
2026-09-18 11:13:08 [http-nio-8495-exec-8] INFO  com.vmfg.scm.services.impl.PoService -getDCTypeDtl Service end 
				
2026-09-18 11:13:08 [http-nio-8495-exec-7] INFO  com.vmfg.scm.services.impl.PoService -getModeOfDispatchDesc Service end 
				
2026-09-18 11:13:08 [http-nio-8495-exec-10] INFO  com.vmfg.scm.services.impl.PoService -getInspectScopeDesc Service end 
				
2026-09-18 11:13:08 [http-nio-8495-exec-2] INFO  com.vmfg.scm.services.impl.PoService -getTransitInsuranceDesc Service end 
				
2026-09-18 11:13:08 [http-nio-8495-exec-3] INFO  com.vmfg.scm.services.impl.PoService -getdivisionDesc Service end 
				
2026-09-18 11:13:08 [http-nio-8495-exec-8] INFO  com.vmfg.scm.services.impl.PoService -getdivisionDesc Service start 
				
2026-09-18 11:13:08 [http-nio-8495-exec-2] INFO  com.vmfg.scm.services.impl.PoService -getHsnCodeByPartNo Service start 
				
2026-09-18 11:13:09 [http-nio-8495-exec-3] INFO  com.vmfg.scm.services.impl.PoService -getInspectScopeDesc Service start 
				
2026-09-18 11:13:09 [http-nio-8495-exec-7] INFO  com.vmfg.scm.services.impl.PoService -getTransitInsuranceDesc Service start 
				
2026-09-18 11:13:09 [http-nio-8495-exec-8] INFO  com.vmfg.scm.services.impl.PoService -getdivisionDesc Service end 
				
2026-09-18 11:13:09 [http-nio-8495-exec-2] INFO  com.vmfg.scm.services.impl.PoService -getModeOfDispatchDesc Service end 
				
2026-09-18 11:13:09 [http-nio-8495-exec-3] INFO  com.vmfg.scm.services.impl.PoService -getInspectScopeDesc Service end 
				
2026-09-18 11:13:09 [http-nio-8495-exec-7] INFO  com.vmfg.scm.services.impl.PoService -getTransitInsuranceDesc Service end 
				
2026-09-18 11:13:09 [http-nio-8495-exec-8] INFO  com.vmfg.scm.services.impl.PoService -getDCTypeDtl Service start 
				
2026-09-18 11:13:09 [http-nio-8495-exec-2] INFO  c.v.g.c.NotificationGeneralController -getNotificationDetails   method Start
				
2026-09-18 11:13:09 [http-nio-8495-exec-3] INFO  c.v.g.c.NotificationGeneralController -getNotificationDetails   method Start
				
2026-09-18 11:13:09 [http-nio-8495-exec-8] INFO  com.vmfg.scm.services.impl.PoService -getDCTypeDtl Service end 
				
2026-09-18 11:13:09 [http-nio-8495-exec-7] INFO  c.v.g.c.NotificationGeneralController -getNotificationDetails   method Start
				
2026-09-18 11:13:09 [http-nio-8495-exec-8] INFO  c.v.g.c.NotificationGeneralController -getNotificationDetails   method Start
				
2026-09-18 11:13:09 [http-nio-8495-exec-4] INFO  c.v.g.c.NotificationGeneralController -getNotificationDetails   method Start
				
2026-09-18 11:13:09 [http-nio-8495-exec-1] INFO  c.v.g.c.NotificationGeneralController -getNotificationDetails   method Start
				
2026-09-18 11:13:09 [http-nio-8495-exec-3] INFO  c.v.g.c.NotificationGeneralController -getNotificationDetails   method Start
				
2026-09-18 11:13:09 [http-nio-8495-exec-2] INFO  c.v.g.c.NotificationGeneralController -getNotificationDetails   method Start
				
2026-09-18 11:13:09 [http-nio-8495-exec-8] INFO  c.v.g.c.NotificationGeneralController -getNotificationDetails   method Start
				
2026-09-18 11:13:09 [http-nio-8495-exec-7] INFO  c.v.g.c.NotificationGeneralController -getNotificationDetails   method Start
				
2026-09-18 11:13:09 [http-nio-8495-exec-4] INFO  c.v.g.c.NotificationGeneralController -getNotificationDetails   method Start
				
2026-09-18 11:13:09 [http-nio-8495-exec-6] INFO  c.v.g.c.NotificationGeneralController -getNotificationDetails   method Start
				
2026-09-18 11:13:16 [http-nio-8495-exec-9] INFO  c.vmfg.scm.controller.GrnController -getPoCostType Controller  method Start
				
2026-09-18 11:13:16 [http-nio-8495-exec-5] INFO  c.vmfg.scm.controller.GrnController -getGrnHdrDetails Controller  method Start
				
2026-09-18 11:13:16 [http-nio-8495-exec-9] INFO  c.vmfg.scm.controller.GrnController -getPoCostType  method end
				
2026-09-18 11:13:16 [http-nio-8495-exec-5] INFO  c.vmfg.scm.controller.GrnController -getGrnHdrDetails  method end
				
2026-09-18 11:13:16 [http-nio-8495-exec-10] INFO  c.v.g.c.NotificationGeneralController -getNotificationDetails   method Start
				
2026-09-18 11:13:16 [http-nio-8495-exec-1] INFO  c.v.g.c.NotificationGeneralController -getNotificationDetails   method Start
				
2026-09-18 11:39:23 [HikariPool-1 housekeeper] WARN  com.zaxxer.hikari.pool.HikariPool -HikariPool-1 - Thread starvation or clock leap detected (housekeeper delta=16m13s418ms).
				
2026-09-18 11:43:46 [HikariPool-1 housekeeper] WARN  com.zaxxer.hikari.pool.HikariPool -HikariPool-1 - Thread starvation or clock leap detected (housekeeper delta=2m23s47ms).
				
2026-09-18 11:44:18 [http-nio-8495-exec-5] INFO  c.v.g.c.NotificationGeneralController -getNotificationDetails   method Start
				
2026-09-18 11:44:19 [http-nio-8495-exec-10] INFO  c.v.s.c.IndentManagementController -indentHdrDropDownByProjectCode Controller  method Start
				
2026-09-18 11:44:19 [http-nio-8495-exec-10] INFO  c.v.s.c.IndentManagementController -indentHdrDropDownByProjectCode Controller  method end
				
2026-09-18 11:44:19 [http-nio-8495-exec-8] INFO  c.v.g.c.NotificationGeneralController -getNotificationDetails   method Start
				
2026-09-18 11:44:19 [http-nio-8495-exec-2] INFO  c.v.g.c.NotificationGeneralController -getNotificationDetails   method Start
				
2026-09-18 11:44:24 [http-nio-8495-exec-7] INFO  c.v.s.c.IndentManagementController -getIndentProjectDtlsByDate Controller  method Start
				
2026-09-18 11:44:24 [http-nio-8495-exec-7] INFO  c.v.s.c.IndentManagementController -getIndentProjectDtlsByDate Controller  method end
				
2026-09-18 11:44:24 [http-nio-8495-exec-4] INFO  c.v.g.c.NotificationGeneralController -getNotificationDetails   method Start
				
2026-09-18 11:44:24 [http-nio-8495-exec-3] INFO  c.v.p.controller.ProjectController -getCostFlowTypeByPmHdrId   method Start
				
2026-09-18 11:44:24 [http-nio-8495-exec-6] INFO  c.v.s.c.IndentManagementController -indentHdrDropDownByProjectCode Controller  method Start
				
2026-09-18 11:44:24 [http-nio-8495-exec-9] INFO  c.v.g.c.NotificationGeneralController -getNotificationDetails   method Start
				
2026-09-18 11:44:24 [http-nio-8495-exec-10] INFO  c.v.s.c.IndentManagementController -getStationsForGrouping Controller  method Start
				
2026-09-18 11:44:24 [http-nio-8495-exec-6] INFO  c.v.s.c.IndentManagementController -indentHdrDropDownByProjectCode Controller  method end
				
2026-09-18 11:44:24 [http-nio-8495-exec-1] INFO  c.v.g.c.NotificationGeneralController -getNotificationDetails   method Start
				
2026-09-18 11:44:24 [http-nio-8495-exec-10] INFO  c.v.s.c.IndentManagementController -getStationsForGrouping Controller  method end
				
2026-09-18 11:44:24 [http-nio-8495-exec-8] INFO  c.v.g.c.NotificationGeneralController -getNotificationDetails   method Start
				
2026-09-18 11:44:39 [http-nio-8495-exec-7] INFO  c.v.s.c.IndentManagementController -getIndentGrpNewProdByStation Controller  method Start
				
2026-09-18 11:44:39 [http-nio-8495-exec-7] INFO  c.v.s.c.IndentManagementController -getIndentGrpNewProdByStation Controller  method end
				
2026-09-18 11:44:39 [http-nio-8495-exec-3] INFO  c.v.g.c.NotificationGeneralController -getNotificationDetails   method Start
				
2026-09-18 11:45:04 [http-nio-8495-exec-5] INFO  c.v.s.c.IndentManagementController -getIndentGrpNewProdByStation Controller  method Start
				
2026-09-18 11:45:04 [http-nio-8495-exec-5] INFO  c.v.s.c.IndentManagementController -getIndentGrpNewProdByStation Controller  method end
				
2026-09-18 11:45:04 [http-nio-8495-exec-6] INFO  c.v.g.c.NotificationGeneralController -getNotificationDetails   method Start
				
2026-09-18 11:45:11 [http-nio-8495-exec-10] INFO  c.v.s.c.IndentManagementController -getIndentGrpNewProdByStation Controller  method Start
				
2026-09-18 11:45:11 [http-nio-8495-exec-10] INFO  c.v.s.c.IndentManagementController -getIndentGrpNewProdByStation Controller  method end
				
2026-09-18 11:45:11 [http-nio-8495-exec-9] INFO  c.v.g.c.NotificationGeneralController -getNotificationDetails   method Start
				
2026-09-18 11:45:20 [http-nio-8495-exec-4] INFO  c.v.s.c.IndentManagementController -getIndentGrpNewProdByStation Controller  method Start
				
2026-09-18 11:45:20 [http-nio-8495-exec-4] INFO  c.v.s.c.IndentManagementController -getIndentGrpNewProdByStation Controller  method end
				
2026-09-18 11:45:20 [http-nio-8495-exec-1] INFO  c.v.g.c.NotificationGeneralController -getNotificationDetails   method Start
				
2026-09-18 11:45:23 [http-nio-8495-exec-8] INFO  c.v.s.c.IndentManagementController -getIndentGrpNewProdByStation Controller  method Start
				
2026-09-18 11:45:23 [http-nio-8495-exec-8] INFO  c.v.s.c.IndentManagementController -getIndentGrpNewProdByStation Controller  method end
				
2026-09-18 11:45:24 [http-nio-8495-exec-8] INFO  c.v.g.c.NotificationGeneralController -getNotificationDetails   method Start
				
2026-09-18 11:45:38 [http-nio-8495-exec-5] INFO  c.v.s.c.IndentManagementController -getIndentGrpNewProdByStation Controller  method Start
				
2026-09-18 11:45:38 [http-nio-8495-exec-5] INFO  c.v.s.c.IndentManagementController -getIndentGrpNewProdByStation Controller  method end
				
2026-09-18 11:45:38 [http-nio-8495-exec-6] INFO  c.v.g.c.NotificationGeneralController -getNotificationDetails   method Start
				
2026-09-18 11:45:46 [http-nio-8495-exec-10] ERROR com.vmfg.util.GetPropertyValue -getTenantPropertyVal Method Exception|||org.springframework.dao.EmptyResultDataAccessException: Incorrect result size: expected 1, actual 0
				
2026-09-18 11:45:46 [http-nio-8495-exec-10] ERROR com.vmfg.util.GetPropertyValue -getTenantPropertyValByTenantId Method Exception|||org.springframework.dao.EmptyResultDataAccessException: Incorrect result size: expected 1, actual 0
				
2026-09-18 11:45:46 [http-nio-8495-exec-10] INFO  com.vmfg.util.CommonBase64Class -CommonBase64Class getBasesBinary method Start
				
2026-09-18 11:45:46 [http-nio-8495-exec-10] ERROR com.vmfg.util.CommonBase64Class -CommonBase64Class getBasesBinary Method FileNotFoundException---->java.io.FileNotFoundException:  (No such file or directory)
				
2026-09-18 11:45:46 [http-nio-8495-exec-10] ERROR c.v.authentication.UserLoginService -getImageUrl DAO Method Exceptionjava.lang.NullPointerException
				
2026-09-18 11:46:03 [http-nio-8495-exec-4] INFO  com.vmfg.authentication.UserLoginDAO - getUserDtlForAuth DAO method Start
				
2026-09-18 11:46:03 [http-nio-8495-exec-4] INFO  com.vmfg.authentication.UserLoginDAO -getUserLoginInfo DAO method end
				
2026-09-18 11:46:04 [http-nio-8495-exec-10] INFO  c.v.g.c.NotificationGeneralController -getNotificationDetails   method Start
				
2026-09-18 11:46:04 [http-nio-8495-exec-9] INFO  c.v.g.c.NotificationGeneralController -getNotificationDetails   method Start
				
2026-09-18 11:46:04 [http-nio-8495-exec-6] INFO  c.v.g.c.NotificationGeneralController -getNotificationDetails   method Start
				
2026-09-18 11:46:04 [http-nio-8495-exec-1] INFO  c.v.s.c.IndentManagementController -getIndentProjectDtlsByDate Controller  method Start
				
2026-09-18 11:46:04 [http-nio-8495-exec-1] INFO  c.v.s.c.IndentManagementController -getIndentProjectDtlsByDate Controller  method end
				
2026-09-18 11:46:04 [http-nio-8495-exec-3] INFO  c.v.d.controller.DesignController -getDesignDtl   method Start
				
2026-09-18 11:46:04 [http-nio-8495-exec-2] INFO  c.v.g.services.impl.TileViewService -getSaleTileView  method start
				
2026-09-18 11:46:04 [http-nio-8495-exec-5] INFO  c.v.g.c.NotificationGeneralController -getNotificationDetails   method Start
				
2026-09-18 11:46:04 [http-nio-8495-exec-2] ERROR c.v.d.rowmapper.DesignHdrRowMapper -DesignHdrRowMapper  Method Exceptionjava.sql.SQLSyntaxErrorException: Column 'IS_INTERNAL' not found.
				
2026-09-18 11:46:04 [http-nio-8495-exec-2] ERROR c.v.d.rowmapper.DesignHdrRowMapper -DesignHdrRowMapper  Method Exceptionjava.sql.SQLSyntaxErrorException: Column 'IS_INTERNAL' not found.
				
2026-09-18 11:46:04 [http-nio-8495-exec-2] ERROR c.v.d.rowmapper.DesignHdrRowMapper -DesignHdrRowMapper  Method Exceptionjava.sql.SQLSyntaxErrorException: Column 'IS_INTERNAL' not found.
				
2026-09-18 11:46:04 [http-nio-8495-exec-2] ERROR c.v.d.rowmapper.DesignHdrRowMapper -DesignHdrRowMapper  Method Exceptionjava.sql.SQLSyntaxErrorException: Column 'IS_INTERNAL' not found.
				
2026-09-18 11:46:04 [http-nio-8495-exec-2] ERROR c.v.d.rowmapper.DesignHdrRowMapper -DesignHdrRowMapper  Method Exceptionjava.sql.SQLSyntaxErrorException: Column 'IS_INTERNAL' not found.
				
2026-09-18 11:46:04 [http-nio-8495-exec-2] ERROR c.v.d.rowmapper.DesignHdrRowMapper -DesignHdrRowMapper  Method Exceptionjava.sql.SQLSyntaxErrorException: Column 'IS_INTERNAL' not found.
				
2026-09-18 11:46:04 [http-nio-8495-exec-2] ERROR c.v.d.rowmapper.DesignHdrRowMapper -DesignHdrRowMapper  Method Exceptionjava.sql.SQLSyntaxErrorException: Column 'IS_INTERNAL' not found.
				
2026-09-18 11:46:04 [http-nio-8495-exec-2] ERROR c.v.d.rowmapper.DesignHdrRowMapper -DesignHdrRowMapper  Method Exceptionjava.sql.SQLSyntaxErrorException: Column 'IS_INTERNAL' not found.
				
2026-09-18 11:46:04 [http-nio-8495-exec-2] ERROR c.v.d.rowmapper.DesignHdrRowMapper -DesignHdrRowMapper  Method Exceptionjava.sql.SQLSyntaxErrorException: Column 'IS_INTERNAL' not found.
				
2026-09-18 11:46:04 [http-nio-8495-exec-2] ERROR c.v.d.rowmapper.DesignHdrRowMapper -DesignHdrRowMapper  Method Exceptionjava.sql.SQLSyntaxErrorException: Column 'IS_INTERNAL' not found.
				
2026-09-18 11:46:04 [http-nio-8495-exec-2] ERROR c.v.d.rowmapper.DesignHdrRowMapper -DesignHdrRowMapper  Method Exceptionjava.sql.SQLSyntaxErrorException: Column 'IS_INTERNAL' not found.
				
2026-09-18 11:46:04 [http-nio-8495-exec-2] ERROR c.v.d.rowmapper.DesignHdrRowMapper -DesignHdrRowMapper  Method Exceptionjava.sql.SQLSyntaxErrorException: Column 'IS_INTERNAL' not found.
				
2026-09-18 11:46:04 [http-nio-8495-exec-2] ERROR c.v.d.rowmapper.DesignHdrRowMapper -DesignHdrRowMapper  Method Exceptionjava.sql.SQLSyntaxErrorException: Column 'IS_INTERNAL' not found.
				
2026-09-18 11:46:04 [http-nio-8495-exec-2] ERROR c.v.d.rowmapper.DesignHdrRowMapper -DesignHdrRowMapper  Method Exceptionjava.sql.SQLSyntaxErrorException: Column 'IS_INTERNAL' not found.
				
2026-09-18 11:46:04 [http-nio-8495-exec-2] ERROR c.v.d.rowmapper.DesignHdrRowMapper -DesignHdrRowMapper  Method Exceptionjava.sql.SQLSyntaxErrorException: Column 'IS_INTERNAL' not found.
				
2026-09-18 11:46:04 [http-nio-8495-exec-2] ERROR c.v.d.rowmapper.DesignHdrRowMapper -DesignHdrRowMapper  Method Exceptionjava.sql.SQLSyntaxErrorException: Column 'IS_INTERNAL' not found.
				
2026-09-18 11:46:04 [http-nio-8495-exec-2] ERROR c.v.d.rowmapper.DesignHdrRowMapper -DesignHdrRowMapper  Method Exceptionjava.sql.SQLSyntaxErrorException: Column 'IS_INTERNAL' not found.
				
2026-09-18 11:46:04 [http-nio-8495-exec-2] ERROR c.v.d.rowmapper.DesignHdrRowMapper -DesignHdrRowMapper  Method Exceptionjava.sql.SQLSyntaxErrorException: Column 'IS_INTERNAL' not found.
				
2026-09-18 11:46:04 [http-nio-8495-exec-2] ERROR c.v.d.rowmapper.DesignHdrRowMapper -DesignHdrRowMapper  Method Exceptionjava.sql.SQLSyntaxErrorException: Column 'IS_INTERNAL' not found.
				
2026-09-18 11:46:04 [http-nio-8495-exec-2] ERROR c.v.d.rowmapper.DesignHdrRowMapper -DesignHdrRowMapper  Method Exceptionjava.sql.SQLSyntaxErrorException: Column 'IS_INTERNAL' not found.
				
2026-09-18 11:46:04 [http-nio-8495-exec-2] ERROR c.v.d.rowmapper.DesignHdrRowMapper -DesignHdrRowMapper  Method Exceptionjava.sql.SQLSyntaxErrorException: Column 'IS_INTERNAL' not found.
				
2026-09-18 11:46:04 [http-nio-8495-exec-2] ERROR c.v.d.rowmapper.DesignHdrRowMapper -DesignHdrRowMapper  Method Exceptionjava.sql.SQLSyntaxErrorException: Column 'IS_INTERNAL' not found.
				
2026-09-18 11:46:04 [http-nio-8495-exec-2] ERROR c.v.d.rowmapper.DesignHdrRowMapper -DesignHdrRowMapper  Method Exceptionjava.sql.SQLSyntaxErrorException: Column 'IS_INTERNAL' not found.
				
2026-09-18 11:46:04 [http-nio-8495-exec-2] ERROR c.v.d.rowmapper.DesignHdrRowMapper -DesignHdrRowMapper  Method Exceptionjava.sql.SQLSyntaxErrorException: Column 'IS_INTERNAL' not found.
				
2026-09-18 11:46:04 [http-nio-8495-exec-2] ERROR c.v.d.rowmapper.DesignHdrRowMapper -DesignHdrRowMapper  Method Exceptionjava.sql.SQLSyntaxErrorException: Column 'IS_INTERNAL' not found.
				
2026-09-18 11:46:04 [http-nio-8495-exec-2] ERROR c.v.d.rowmapper.DesignHdrRowMapper -DesignHdrRowMapper  Method Exceptionjava.sql.SQLSyntaxErrorException: Column 'IS_INTERNAL' not found.
				
2026-09-18 11:46:04 [http-nio-8495-exec-2] ERROR c.v.d.rowmapper.DesignHdrRowMapper -DesignHdrRowMapper  Method Exceptionjava.sql.SQLSyntaxErrorException: Column 'IS_INTERNAL' not found.
				
2026-09-18 11:46:04 [http-nio-8495-exec-2] ERROR c.v.d.rowmapper.DesignHdrRowMapper -DesignHdrRowMapper  Method Exceptionjava.sql.SQLSyntaxErrorException: Column 'IS_INTERNAL' not found.
				
2026-09-18 11:46:04 [http-nio-8495-exec-2] ERROR c.v.d.rowmapper.DesignHdrRowMapper -DesignHdrRowMapper  Method Exceptionjava.sql.SQLSyntaxErrorException: Column 'IS_INTERNAL' not found.
				
2026-09-18 11:46:04 [http-nio-8495-exec-2] ERROR c.v.d.rowmapper.DesignHdrRowMapper -DesignHdrRowMapper  Method Exceptionjava.sql.SQLSyntaxErrorException: Column 'IS_INTERNAL' not found.
				
2026-09-18 11:46:04 [http-nio-8495-exec-2] ERROR c.v.d.rowmapper.DesignHdrRowMapper -DesignHdrRowMapper  Method Exceptionjava.sql.SQLSyntaxErrorException: Column 'IS_INTERNAL' not found.
				
2026-09-18 11:46:04 [http-nio-8495-exec-2] ERROR c.v.d.rowmapper.DesignHdrRowMapper -DesignHdrRowMapper  Method Exceptionjava.sql.SQLSyntaxErrorException: Column 'IS_INTERNAL' not found.
				
2026-09-18 11:46:04 [http-nio-8495-exec-2] ERROR c.v.d.rowmapper.DesignHdrRowMapper -DesignHdrRowMapper  Method Exceptionjava.sql.SQLSyntaxErrorException: Column 'IS_INTERNAL' not found.
				
2026-09-18 11:46:04 [http-nio-8495-exec-2] ERROR c.v.d.rowmapper.DesignHdrRowMapper -DesignHdrRowMapper  Method Exceptionjava.sql.SQLSyntaxErrorException: Column 'IS_INTERNAL' not found.
				
2026-09-18 11:46:04 [http-nio-8495-exec-2] ERROR c.v.d.rowmapper.DesignHdrRowMapper -DesignHdrRowMapper  Method Exceptionjava.sql.SQLSyntaxErrorException: Column 'IS_INTERNAL' not found.
				
2026-09-18 11:46:04 [http-nio-8495-exec-2] ERROR c.v.d.rowmapper.DesignHdrRowMapper -DesignHdrRowMapper  Method Exceptionjava.sql.SQLSyntaxErrorException: Column 'IS_INTERNAL' not found.
				
2026-09-18 11:46:04 [http-nio-8495-exec-2] ERROR c.v.d.rowmapper.DesignHdrRowMapper -DesignHdrRowMapper  Method Exceptionjava.sql.SQLSyntaxErrorException: Column 'IS_INTERNAL' not found.
				
2026-09-18 11:46:04 [http-nio-8495-exec-2] ERROR c.v.d.rowmapper.DesignHdrRowMapper -DesignHdrRowMapper  Method Exceptionjava.sql.SQLSyntaxErrorException: Column 'IS_INTERNAL' not found.
				
2026-09-18 11:46:04 [http-nio-8495-exec-2] ERROR c.v.d.rowmapper.DesignHdrRowMapper -DesignHdrRowMapper  Method Exceptionjava.sql.SQLSyntaxErrorException: Column 'IS_INTERNAL' not found.
				
2026-09-18 11:46:04 [http-nio-8495-exec-2] ERROR c.v.d.rowmapper.DesignHdrRowMapper -DesignHdrRowMapper  Method Exceptionjava.sql.SQLSyntaxErrorException: Column 'IS_INTERNAL' not found.
				
2026-09-18 11:46:04 [http-nio-8495-exec-2] ERROR c.v.d.rowmapper.DesignHdrRowMapper -DesignHdrRowMapper  Method Exceptionjava.sql.SQLSyntaxErrorException: Column 'IS_INTERNAL' not found.
				
2026-09-18 11:46:04 [http-nio-8495-exec-2] ERROR c.v.d.rowmapper.DesignHdrRowMapper -DesignHdrRowMapper  Method Exceptionjava.sql.SQLSyntaxErrorException: Column 'IS_INTERNAL' not found.
				
2026-09-18 11:46:04 [http-nio-8495-exec-2] ERROR c.v.d.rowmapper.DesignHdrRowMapper -DesignHdrRowMapper  Method Exceptionjava.sql.SQLSyntaxErrorException: Column 'IS_INTERNAL' not found.
				
2026-09-18 11:46:04 [http-nio-8495-exec-2] ERROR c.v.d.rowmapper.DesignHdrRowMapper -DesignHdrRowMapper  Method Exceptionjava.sql.SQLSyntaxErrorException: Column 'IS_INTERNAL' not found.
				
2026-09-18 11:46:04 [http-nio-8495-exec-2] ERROR c.v.d.rowmapper.DesignHdrRowMapper -DesignHdrRowMapper  Method Exceptionjava.sql.SQLSyntaxErrorException: Column 'IS_INTERNAL' not found.
				
2026-09-18 11:46:04 [http-nio-8495-exec-2] ERROR c.v.d.rowmapper.DesignHdrRowMapper -DesignHdrRowMapper  Method Exceptionjava.sql.SQLSyntaxErrorException: Column 'IS_INTERNAL' not found.
				
2026-09-18 11:46:04 [http-nio-8495-exec-2] ERROR c.v.d.rowmapper.DesignHdrRowMapper -DesignHdrRowMapper  Method Exceptionjava.sql.SQLSyntaxErrorException: Column 'IS_INTERNAL' not found.
				
2026-09-18 11:46:04 [http-nio-8495-exec-2] ERROR c.v.d.rowmapper.DesignHdrRowMapper -DesignHdrRowMapper  Method Exceptionjava.sql.SQLSyntaxErrorException: Column 'IS_INTERNAL' not found.
				
2026-09-18 11:46:04 [http-nio-8495-exec-2] ERROR c.v.d.rowmapper.DesignHdrRowMapper -DesignHdrRowMapper  Method Exceptionjava.sql.SQLSyntaxErrorException: Column 'IS_INTERNAL' not found.
				
2026-09-18 11:46:04 [http-nio-8495-exec-3] INFO  c.v.d.controller.DesignController -getDesignDtl   method end
				
2026-09-18 11:46:04 [http-nio-8495-exec-7] INFO  c.v.g.c.NotificationGeneralController -getNotificationDetails   method Start
				
2026-09-18 11:46:04 [http-nio-8495-exec-2] ERROR c.v.d.rowmapper.DesignHdrRowMapper -DesignHdrRowMapper  Method Exceptionjava.sql.SQLSyntaxErrorException: Column 'IS_INTERNAL' not found.
				
2026-09-18 11:46:04 [http-nio-8495-exec-2] ERROR c.v.d.rowmapper.DesignHdrRowMapper -DesignHdrRowMapper  Method Exceptionjava.sql.SQLSyntaxErrorException: Column 'IS_INTERNAL' not found.
				
2026-09-18 11:46:04 [http-nio-8495-exec-2] ERROR c.v.d.rowmapper.DesignHdrRowMapper -DesignHdrRowMapper  Method Exceptionjava.sql.SQLSyntaxErrorException: Column 'IS_INTERNAL' not found.
				
2026-09-18 11:46:04 [http-nio-8495-exec-2] ERROR c.v.d.rowmapper.DesignHdrRowMapper -DesignHdrRowMapper  Method Exceptionjava.sql.SQLSyntaxErrorException: Column 'IS_INTERNAL' not found.
				
2026-09-18 11:46:04 [http-nio-8495-exec-2] ERROR c.v.d.rowmapper.DesignHdrRowMapper -DesignHdrRowMapper  Method Exceptionjava.sql.SQLSyntaxErrorException: Column 'IS_INTERNAL' not found.
				
2026-09-18 11:46:04 [http-nio-8495-exec-2] ERROR c.v.d.rowmapper.DesignHdrRowMapper -DesignHdrRowMapper  Method Exceptionjava.sql.SQLSyntaxErrorException: Column 'IS_INTERNAL' not found.
				
2026-09-18 11:46:04 [http-nio-8495-exec-2] ERROR c.v.d.rowmapper.DesignHdrRowMapper -DesignHdrRowMapper  Method Exceptionjava.sql.SQLSyntaxErrorException: Column 'IS_INTERNAL' not found.
				
2026-09-18 11:46:04 [http-nio-8495-exec-2] ERROR c.v.d.rowmapper.DesignHdrRowMapper -DesignHdrRowMapper  Method Exceptionjava.sql.SQLSyntaxErrorException: Column 'IS_INTERNAL' not found.
				
2026-09-18 11:46:04 [http-nio-8495-exec-2] ERROR c.v.d.rowmapper.DesignHdrRowMapper -DesignHdrRowMapper  Method Exceptionjava.sql.SQLSyntaxErrorException: Column 'IS_INTERNAL' not found.
				
2026-09-18 11:46:04 [http-nio-8495-exec-2] ERROR c.v.d.rowmapper.DesignHdrRowMapper -DesignHdrRowMapper  Method Exceptionjava.sql.SQLSyntaxErrorException: Column 'IS_INTERNAL' not found.
				
2026-09-18 11:46:04 [http-nio-8495-exec-2] ERROR c.v.d.rowmapper.DesignHdrRowMapper -DesignHdrRowMapper  Method Exceptionjava.sql.SQLSyntaxErrorException: Column 'IS_INTERNAL' not found.
				
2026-09-18 11:46:04 [http-nio-8495-exec-2] ERROR c.v.d.rowmapper.DesignHdrRowMapper -DesignHdrRowMapper  Method Exceptionjava.sql.SQLSyntaxErrorException: Column 'IS_INTERNAL' not found.
				
2026-09-18 11:46:04 [http-nio-8495-exec-2] ERROR c.v.d.rowmapper.DesignHdrRowMapper -DesignHdrRowMapper  Method Exceptionjava.sql.SQLSyntaxErrorException: Column 'IS_INTERNAL' not found.
				
2026-09-18 11:46:04 [http-nio-8495-exec-2] ERROR c.v.d.rowmapper.DesignHdrRowMapper -DesignHdrRowMapper  Method Exceptionjava.sql.SQLSyntaxErrorException: Column 'IS_INTERNAL' not found.
				
2026-09-18 11:46:04 [http-nio-8495-exec-2] ERROR c.v.d.rowmapper.DesignHdrRowMapper -DesignHdrRowMapper  Method Exceptionjava.sql.SQLSyntaxErrorException: Column 'IS_INTERNAL' not found.
				
2026-09-18 11:46:04 [http-nio-8495-exec-2] ERROR c.v.d.rowmapper.DesignHdrRowMapper -DesignHdrRowMapper  Method Exceptionjava.sql.SQLSyntaxErrorException: Column 'IS_INTERNAL' not found.
				
2026-09-18 11:46:05 [http-nio-8495-exec-2] ERROR c.v.d.rowmapper.DesignHdrRowMapper -DesignHdrRowMapper  Method Exceptionjava.sql.SQLSyntaxErrorException: Column 'IS_INTERNAL' not found.
				
2026-09-18 11:46:05 [http-nio-8495-exec-2] ERROR c.v.d.rowmapper.DesignHdrRowMapper -DesignHdrRowMapper  Method Exceptionjava.sql.SQLSyntaxErrorException: Column 'IS_INTERNAL' not found.
				
2026-09-18 11:46:05 [http-nio-8495-exec-2] ERROR c.v.d.rowmapper.DesignHdrRowMapper -DesignHdrRowMapper  Method Exceptionjava.sql.SQLSyntaxErrorException: Column 'IS_INTERNAL' not found.
				
2026-09-18 11:46:05 [http-nio-8495-exec-2] ERROR c.v.d.rowmapper.DesignHdrRowMapper -DesignHdrRowMapper  Method Exceptionjava.sql.SQLSyntaxErrorException: Column 'IS_INTERNAL' not found.
				
2026-09-18 11:46:05 [http-nio-8495-exec-2] ERROR c.v.d.rowmapper.DesignHdrRowMapper -DesignHdrRowMapper  Method Exceptionjava.sql.SQLSyntaxErrorException: Column 'IS_INTERNAL' not found.
				
2026-09-18 11:46:05 [http-nio-8495-exec-2] ERROR c.v.d.rowmapper.DesignHdrRowMapper -DesignHdrRowMapper  Method Exceptionjava.sql.SQLSyntaxErrorException: Column 'IS_INTERNAL' not found.
				
2026-09-18 11:46:05 [http-nio-8495-exec-2] ERROR c.v.d.rowmapper.DesignHdrRowMapper -DesignHdrRowMapper  Method Exceptionjava.sql.SQLSyntaxErrorException: Column 'IS_INTERNAL' not found.
				
2026-09-18 11:46:05 [http-nio-8495-exec-2] INFO  c.v.g.c.StageManagementController -getDesignTitleView   method end
				
2026-09-18 11:46:05 [http-nio-8495-exec-8] INFO  c.v.g.c.NotificationGeneralController -getNotificationDetails   method Start
				
2026-09-18 11:46:25 [http-nio-8495-exec-4] INFO  c.v.d.controller.DesignController -getDesignDtl   method Start
				
2026-09-18 11:46:25 [http-nio-8495-exec-1] INFO  c.v.g.services.impl.TileViewService -getSaleTileView  method start
				
2026-09-18 11:46:25 [http-nio-8495-exec-4] INFO  c.v.d.controller.DesignController -getDesignDtl   method end
				
2026-09-18 11:46:25 [http-nio-8495-exec-1] ERROR c.v.d.rowmapper.DesignHdrRowMapper -DesignHdrRowMapper  Method Exceptionjava.sql.SQLSyntaxErrorException: Column 'IS_INTERNAL' not found.
				
2026-09-18 11:46:25 [http-nio-8495-exec-1] ERROR c.v.d.rowmapper.DesignHdrRowMapper -DesignHdrRowMapper  Method Exceptionjava.sql.SQLSyntaxErrorException: Column 'IS_INTERNAL' not found.
				
2026-09-18 11:46:25 [http-nio-8495-exec-1] ERROR c.v.d.rowmapper.DesignHdrRowMapper -DesignHdrRowMapper  Method Exceptionjava.sql.SQLSyntaxErrorException: Column 'IS_INTERNAL' not found.
				
2026-09-18 11:46:25 [http-nio-8495-exec-1] ERROR c.v.d.rowmapper.DesignHdrRowMapper -DesignHdrRowMapper  Method Exceptionjava.sql.SQLSyntaxErrorException: Column 'IS_INTERNAL' not found.
				
2026-09-18 11:46:25 [http-nio-8495-exec-1] ERROR c.v.d.rowmapper.DesignHdrRowMapper -DesignHdrRowMapper  Method Exceptionjava.sql.SQLSyntaxErrorException: Column 'IS_INTERNAL' not found.
				
2026-09-18 11:46:25 [http-nio-8495-exec-1] ERROR c.v.d.rowmapper.DesignHdrRowMapper -DesignHdrRowMapper  Method Exceptionjava.sql.SQLSyntaxErrorException: Column 'IS_INTERNAL' not found.
				
2026-09-18 11:46:25 [http-nio-8495-exec-1] ERROR c.v.d.rowmapper.DesignHdrRowMapper -DesignHdrRowMapper  Method Exceptionjava.sql.SQLSyntaxErrorException: Column 'IS_INTERNAL' not found.
				
2026-09-18 11:46:25 [http-nio-8495-exec-1] ERROR c.v.d.rowmapper.DesignHdrRowMapper -DesignHdrRowMapper  Method Exceptionjava.sql.SQLSyntaxErrorException: Column 'IS_INTERNAL' not found.
				
2026-09-18 11:46:25 [http-nio-8495-exec-1] ERROR c.v.d.rowmapper.DesignHdrRowMapper -DesignHdrRowMapper  Method Exceptionjava.sql.SQLSyntaxErrorException: Column 'IS_INTERNAL' not found.
				
2026-09-18 11:46:25 [http-nio-8495-exec-1] ERROR c.v.d.rowmapper.DesignHdrRowMapper -DesignHdrRowMapper  Method Exceptionjava.sql.SQLSyntaxErrorException: Column 'IS_INTERNAL' not found.
				
2026-09-18 11:46:25 [http-nio-8495-exec-1] ERROR c.v.d.rowmapper.DesignHdrRowMapper -DesignHdrRowMapper  Method Exceptionjava.sql.SQLSyntaxErrorException: Column 'IS_INTERNAL' not found.
				
2026-09-18 11:46:25 [http-nio-8495-exec-1] ERROR c.v.d.rowmapper.DesignHdrRowMapper -DesignHdrRowMapper  Method Exceptionjava.sql.SQLSyntaxErrorException: Column 'IS_INTERNAL' not found.
				
2026-09-18 11:46:25 [http-nio-8495-exec-1] ERROR c.v.d.rowmapper.DesignHdrRowMapper -DesignHdrRowMapper  Method Exceptionjava.sql.SQLSyntaxErrorException: Column 'IS_INTERNAL' not found.
				
2026-09-18 11:46:25 [http-nio-8495-exec-1] ERROR c.v.d.rowmapper.DesignHdrRowMapper -DesignHdrRowMapper  Method Exceptionjava.sql.SQLSyntaxErrorException: Column 'IS_INTERNAL' not found.
				
2026-09-18 11:46:25 [http-nio-8495-exec-1] ERROR c.v.d.rowmapper.DesignHdrRowMapper -DesignHdrRowMapper  Method Exceptionjava.sql.SQLSyntaxErrorException: Column 'IS_INTERNAL' not found.
				
2026-09-18 11:46:25 [http-nio-8495-exec-1] ERROR c.v.d.rowmapper.DesignHdrRowMapper -DesignHdrRowMapper  Method Exceptionjava.sql.SQLSyntaxErrorException: Column 'IS_INTERNAL' not found.
				
2026-09-18 11:46:25 [http-nio-8495-exec-1] ERROR c.v.d.rowmapper.DesignHdrRowMapper -DesignHdrRowMapper  Method Exceptionjava.sql.SQLSyntaxErrorException: Column 'IS_INTERNAL' not found.
				
2026-09-18 11:46:25 [http-nio-8495-exec-1] ERROR c.v.d.rowmapper.DesignHdrRowMapper -DesignHdrRowMapper  Method Exceptionjava.sql.SQLSyntaxErrorException: Column 'IS_INTERNAL' not found.
				
2026-09-18 11:46:25 [http-nio-8495-exec-1] ERROR c.v.d.rowmapper.DesignHdrRowMapper -DesignHdrRowMapper  Method Exceptionjava.sql.SQLSyntaxErrorException: Column 'IS_INTERNAL' not found.
				
2026-09-18 11:46:25 [http-nio-8495-exec-1] ERROR c.v.d.rowmapper.DesignHdrRowMapper -DesignHdrRowMapper  Method Exceptionjava.sql.SQLSyntaxErrorException: Column 'IS_INTERNAL' not found.
				
2026-09-18 11:46:25 [http-nio-8495-exec-1] ERROR c.v.d.rowmapper.DesignHdrRowMapper -DesignHdrRowMapper  Method Exceptionjava.sql.SQLSyntaxErrorException: Column 'IS_INTERNAL' not found.
				
2026-09-18 11:46:25 [http-nio-8495-exec-1] ERROR c.v.d.rowmapper.DesignHdrRowMapper -DesignHdrRowMapper  Method Exceptionjava.sql.SQLSyntaxErrorException: Column 'IS_INTERNAL' not found.
				
2026-09-18 11:46:25 [http-nio-8495-exec-1] ERROR c.v.d.rowmapper.DesignHdrRowMapper -DesignHdrRowMapper  Method Exceptionjava.sql.SQLSyntaxErrorException: Column 'IS_INTERNAL' not found.
				
2026-09-18 11:46:25 [http-nio-8495-exec-1] ERROR c.v.d.rowmapper.DesignHdrRowMapper -DesignHdrRowMapper  Method Exceptionjava.sql.SQLSyntaxErrorException: Column 'IS_INTERNAL' not found.
				
2026-09-18 11:46:25 [http-nio-8495-exec-1] ERROR c.v.d.rowmapper.DesignHdrRowMapper -DesignHdrRowMapper  Method Exceptionjava.sql.SQLSyntaxErrorException: Column 'IS_INTERNAL' not found.
				
2026-09-18 11:46:25 [http-nio-8495-exec-1] ERROR c.v.d.rowmapper.DesignHdrRowMapper -DesignHdrRowMapper  Method Exceptionjava.sql.SQLSyntaxErrorException: Column 'IS_INTERNAL' not found.
				
2026-09-18 11:46:25 [http-nio-8495-exec-1] ERROR c.v.d.rowmapper.DesignHdrRowMapper -DesignHdrRowMapper  Method Exceptionjava.sql.SQLSyntaxErrorException: Column 'IS_INTERNAL' not found.
				
2026-09-18 11:46:25 [http-nio-8495-exec-1] ERROR c.v.d.rowmapper.DesignHdrRowMapper -DesignHdrRowMapper  Method Exceptionjava.sql.SQLSyntaxErrorException: Column 'IS_INTERNAL' not found.
				
2026-09-18 11:46:25 [http-nio-8495-exec-1] ERROR c.v.d.rowmapper.DesignHdrRowMapper -DesignHdrRowMapper  Method Exceptionjava.sql.SQLSyntaxErrorException: Column 'IS_INTERNAL' not found.
				
2026-09-18 11:46:25 [http-nio-8495-exec-1] ERROR c.v.d.rowmapper.DesignHdrRowMapper -DesignHdrRowMapper  Method Exceptionjava.sql.SQLSyntaxErrorException: Column 'IS_INTERNAL' not found.
				
2026-09-18 11:46:25 [http-nio-8495-exec-1] ERROR c.v.d.rowmapper.DesignHdrRowMapper -DesignHdrRowMapper  Method Exceptionjava.sql.SQLSyntaxErrorException: Column 'IS_INTERNAL' not found.
				
2026-09-18 11:46:25 [http-nio-8495-exec-1] ERROR c.v.d.rowmapper.DesignHdrRowMapper -DesignHdrRowMapper  Method Exceptionjava.sql.SQLSyntaxErrorException: Column 'IS_INTERNAL' not found.
				
2026-09-18 11:46:25 [http-nio-8495-exec-1] ERROR c.v.d.rowmapper.DesignHdrRowMapper -DesignHdrRowMapper  Method Exceptionjava.sql.SQLSyntaxErrorException: Column 'IS_INTERNAL' not found.
				
2026-09-18 11:46:25 [http-nio-8495-exec-1] ERROR c.v.d.rowmapper.DesignHdrRowMapper -DesignHdrRowMapper  Method Exceptionjava.sql.SQLSyntaxErrorException: Column 'IS_INTERNAL' not found.
				
2026-09-18 11:46:25 [http-nio-8495-exec-1] ERROR c.v.d.rowmapper.DesignHdrRowMapper -DesignHdrRowMapper  Method Exceptionjava.sql.SQLSyntaxErrorException: Column 'IS_INTERNAL' not found.
				
2026-09-18 11:46:25 [http-nio-8495-exec-1] ERROR c.v.d.rowmapper.DesignHdrRowMapper -DesignHdrRowMapper  Method Exceptionjava.sql.SQLSyntaxErrorException: Column 'IS_INTERNAL' not found.
				
2026-09-18 11:46:25 [http-nio-8495-exec-1] ERROR c.v.d.rowmapper.DesignHdrRowMapper -DesignHdrRowMapper  Method Exceptionjava.sql.SQLSyntaxErrorException: Column 'IS_INTERNAL' not found.
				
2026-09-18 11:46:25 [http-nio-8495-exec-1] ERROR c.v.d.rowmapper.DesignHdrRowMapper -DesignHdrRowMapper  Method Exceptionjava.sql.SQLSyntaxErrorException: Column 'IS_INTERNAL' not found.
				
2026-09-18 11:46:25 [http-nio-8495-exec-1] ERROR c.v.d.rowmapper.DesignHdrRowMapper -DesignHdrRowMapper  Method Exceptionjava.sql.SQLSyntaxErrorException: Column 'IS_INTERNAL' not found.
				
2026-09-18 11:46:25 [http-nio-8495-exec-1] ERROR c.v.d.rowmapper.DesignHdrRowMapper -DesignHdrRowMapper  Method Exceptionjava.sql.SQLSyntaxErrorException: Column 'IS_INTERNAL' not found.
				
2026-09-18 11:46:25 [http-nio-8495-exec-1] ERROR c.v.d.rowmapper.DesignHdrRowMapper -DesignHdrRowMapper  Method Exceptionjava.sql.SQLSyntaxErrorException: Column 'IS_INTERNAL' not found.
				
2026-09-18 11:46:25 [http-nio-8495-exec-1] ERROR c.v.d.rowmapper.DesignHdrRowMapper -DesignHdrRowMapper  Method Exceptionjava.sql.SQLSyntaxErrorException: Column 'IS_INTERNAL' not found.
				
2026-09-18 11:46:25 [http-nio-8495-exec-1] ERROR c.v.d.rowmapper.DesignHdrRowMapper -DesignHdrRowMapper  Method Exceptionjava.sql.SQLSyntaxErrorException: Column 'IS_INTERNAL' not found.
				
2026-09-18 11:46:25 [http-nio-8495-exec-1] ERROR c.v.d.rowmapper.DesignHdrRowMapper -DesignHdrRowMapper  Method Exceptionjava.sql.SQLSyntaxErrorException: Column 'IS_INTERNAL' not found.
				
2026-09-18 11:46:25 [http-nio-8495-exec-1] ERROR c.v.d.rowmapper.DesignHdrRowMapper -DesignHdrRowMapper  Method Exceptionjava.sql.SQLSyntaxErrorException: Column 'IS_INTERNAL' not found.
				
2026-09-18 11:46:25 [http-nio-8495-exec-1] ERROR c.v.d.rowmapper.DesignHdrRowMapper -DesignHdrRowMapper  Method Exceptionjava.sql.SQLSyntaxErrorException: Column 'IS_INTERNAL' not found.
				
2026-09-18 11:46:25 [http-nio-8495-exec-1] ERROR c.v.d.rowmapper.DesignHdrRowMapper -DesignHdrRowMapper  Method Exceptionjava.sql.SQLSyntaxErrorException: Column 'IS_INTERNAL' not found.
				
2026-09-18 11:46:25 [http-nio-8495-exec-1] ERROR c.v.d.rowmapper.DesignHdrRowMapper -DesignHdrRowMapper  Method Exceptionjava.sql.SQLSyntaxErrorException: Column 'IS_INTERNAL' not found.
				
2026-09-18 11:46:25 [http-nio-8495-exec-1] ERROR c.v.d.rowmapper.DesignHdrRowMapper -DesignHdrRowMapper  Method Exceptionjava.sql.SQLSyntaxErrorException: Column 'IS_INTERNAL' not found.
				
2026-09-18 11:46:25 [http-nio-8495-exec-6] INFO  c.v.g.c.NotificationGeneralController -getNotificationDetails   method Start
				
2026-09-18 11:46:25 [http-nio-8495-exec-9] INFO  c.v.g.c.NotificationGeneralController -getNotificationDetails   method Start
				
2026-09-18 11:46:25 [http-nio-8495-exec-8] INFO  c.v.g.c.NotificationGeneralController -getNotificationDetails   method Start
				
2026-09-18 11:46:26 [http-nio-8495-exec-10] INFO  c.v.g.c.NotificationGeneralController -getNotificationDetails   method Start
				
2026-09-18 11:46:26 [http-nio-8495-exec-1] ERROR c.v.d.rowmapper.DesignHdrRowMapper -DesignHdrRowMapper  Method Exceptionjava.sql.SQLSyntaxErrorException: Column 'IS_INTERNAL' not found.
				
2026-09-18 11:46:26 [http-nio-8495-exec-1] ERROR c.v.d.rowmapper.DesignHdrRowMapper -DesignHdrRowMapper  Method Exceptionjava.sql.SQLSyntaxErrorException: Column 'IS_INTERNAL' not found.
				
2026-09-18 11:46:26 [http-nio-8495-exec-1] ERROR c.v.d.rowmapper.DesignHdrRowMapper -DesignHdrRowMapper  Method Exceptionjava.sql.SQLSyntaxErrorException: Column 'IS_INTERNAL' not found.
				
2026-09-18 11:46:26 [http-nio-8495-exec-1] ERROR c.v.d.rowmapper.DesignHdrRowMapper -DesignHdrRowMapper  Method Exceptionjava.sql.SQLSyntaxErrorException: Column 'IS_INTERNAL' not found.
				
2026-09-18 11:46:26 [http-nio-8495-exec-1] ERROR c.v.d.rowmapper.DesignHdrRowMapper -DesignHdrRowMapper  Method Exceptionjava.sql.SQLSyntaxErrorException: Column 'IS_INTERNAL' not found.
				
2026-09-18 11:46:26 [http-nio-8495-exec-1] ERROR c.v.d.rowmapper.DesignHdrRowMapper -DesignHdrRowMapper  Method Exceptionjava.sql.SQLSyntaxErrorException: Column 'IS_INTERNAL' not found.
				
2026-09-18 11:46:26 [http-nio-8495-exec-1] ERROR c.v.d.rowmapper.DesignHdrRowMapper -DesignHdrRowMapper  Method Exceptionjava.sql.SQLSyntaxErrorException: Column 'IS_INTERNAL' not found.
				
2026-09-18 11:46:26 [http-nio-8495-exec-1] ERROR c.v.d.rowmapper.DesignHdrRowMapper -DesignHdrRowMapper  Method Exceptionjava.sql.SQLSyntaxErrorException: Column 'IS_INTERNAL' not found.
				
2026-09-18 11:46:26 [http-nio-8495-exec-1] ERROR c.v.d.rowmapper.DesignHdrRowMapper -DesignHdrRowMapper  Method Exceptionjava.sql.SQLSyntaxErrorException: Column 'IS_INTERNAL' not found.
				
2026-09-18 11:46:26 [http-nio-8495-exec-1] ERROR c.v.d.rowmapper.DesignHdrRowMapper -DesignHdrRowMapper  Method Exceptionjava.sql.SQLSyntaxErrorException: Column 'IS_INTERNAL' not found.
				
2026-09-18 11:46:26 [http-nio-8495-exec-1] ERROR c.v.d.rowmapper.DesignHdrRowMapper -DesignHdrRowMapper  Method Exceptionjava.sql.SQLSyntaxErrorException: Column 'IS_INTERNAL' not found.
				
2026-09-18 11:46:26 [http-nio-8495-exec-1] ERROR c.v.d.rowmapper.DesignHdrRowMapper -DesignHdrRowMapper  Method Exceptionjava.sql.SQLSyntaxErrorException: Column 'IS_INTERNAL' not found.
				
2026-09-18 11:46:26 [http-nio-8495-exec-1] ERROR c.v.d.rowmapper.DesignHdrRowMapper -DesignHdrRowMapper  Method Exceptionjava.sql.SQLSyntaxErrorException: Column 'IS_INTERNAL' not found.
				
2026-09-18 11:46:26 [http-nio-8495-exec-1] ERROR c.v.d.rowmapper.DesignHdrRowMapper -DesignHdrRowMapper  Method Exceptionjava.sql.SQLSyntaxErrorException: Column 'IS_INTERNAL' not found.
				
2026-09-18 11:46:26 [http-nio-8495-exec-1] ERROR c.v.d.rowmapper.DesignHdrRowMapper -DesignHdrRowMapper  Method Exceptionjava.sql.SQLSyntaxErrorException: Column 'IS_INTERNAL' not found.
				
2026-09-18 11:46:26 [http-nio-8495-exec-1] ERROR c.v.d.rowmapper.DesignHdrRowMapper -DesignHdrRowMapper  Method Exceptionjava.sql.SQLSyntaxErrorException: Column 'IS_INTERNAL' not found.
				
2026-09-18 11:46:26 [http-nio-8495-exec-7] INFO  c.v.g.c.NotificationGeneralController -getNotificationDetails   method Start
				
2026-09-18 11:46:26 [http-nio-8495-exec-6] INFO  c.v.g.c.NotificationGeneralController -getNotificationDetails   method Start
				
2026-09-18 11:46:26 [http-nio-8495-exec-1] ERROR c.v.d.rowmapper.DesignHdrRowMapper -DesignHdrRowMapper  Method Exceptionjava.sql.SQLSyntaxErrorException: Column 'IS_INTERNAL' not found.
				
2026-09-18 11:46:26 [http-nio-8495-exec-1] ERROR c.v.d.rowmapper.DesignHdrRowMapper -DesignHdrRowMapper  Method Exceptionjava.sql.SQLSyntaxErrorException: Column 'IS_INTERNAL' not found.
				
2026-09-18 11:46:26 [http-nio-8495-exec-1] ERROR c.v.d.rowmapper.DesignHdrRowMapper -DesignHdrRowMapper  Method Exceptionjava.sql.SQLSyntaxErrorException: Column 'IS_INTERNAL' not found.
				
2026-09-18 11:46:26 [http-nio-8495-exec-1] ERROR c.v.d.rowmapper.DesignHdrRowMapper -DesignHdrRowMapper  Method Exceptionjava.sql.SQLSyntaxErrorException: Column 'IS_INTERNAL' not found.
				
2026-09-18 11:46:26 [http-nio-8495-exec-1] ERROR c.v.d.rowmapper.DesignHdrRowMapper -DesignHdrRowMapper  Method Exceptionjava.sql.SQLSyntaxErrorException: Column 'IS_INTERNAL' not found.
				
2026-09-18 11:46:26 [http-nio-8495-exec-1] ERROR c.v.d.rowmapper.DesignHdrRowMapper -DesignHdrRowMapper  Method Exceptionjava.sql.SQLSyntaxErrorException: Column 'IS_INTERNAL' not found.
				
2026-09-18 11:46:26 [http-nio-8495-exec-1] ERROR c.v.d.rowmapper.DesignHdrRowMapper -DesignHdrRowMapper  Method Exceptionjava.sql.SQLSyntaxErrorException: Column 'IS_INTERNAL' not found.
				
2026-09-18 11:46:26 [http-nio-8495-exec-1] INFO  c.v.g.c.StageManagementController -getDesignTitleView   method end
				
2026-09-18 11:46:26 [http-nio-8495-exec-2] INFO  c.v.g.c.NotificationGeneralController -getNotificationDetails   method Start
				
2026-09-18 11:46:28 [http-nio-8495-exec-8] INFO  c.v.p.controller.ProjectController -getCostFlowTypeByPmHdrId   method Start
				
2026-09-18 11:46:28 [http-nio-8495-exec-4] INFO  c.v.g.c.NotificationGeneralController -getNotificationDetails   method Start
				
2026-09-18 11:46:28 [http-nio-8495-exec-2] INFO  com.vmfg.scm.services.impl.PoService -getDCTypeDtl Service start 
				
2026-09-18 11:46:28 [http-nio-8495-exec-7] INFO  c.v.d.c.IndentUploadController -getIndentHdrDtlsByProjectId Controller  method Start
				
2026-09-18 11:46:28 [http-nio-8495-exec-3] INFO  c.v.g.c.NotificationGeneralController -getNotificationDetails   method Start
				
2026-09-18 11:46:28 [http-nio-8495-exec-6] INFO  c.v.g.c.NotificationGeneralController -getNotificationDetails   method Start
				
2026-09-18 11:46:28 [http-nio-8495-exec-1] INFO  c.v.g.c.NotificationGeneralController -getNotificationDetails   method Start
				
2026-09-18 11:46:28 [ForkJoinPool.commonPool-worker-6] ERROR c.v.scm.dao.impl.IndentManagementDAO -indentVerCheck Method Exception ---> org.springframework.dao.EmptyResultDataAccessException: Incorrect result size: expected 1, actual 0
				
2026-09-18 11:46:29 [http-nio-8495-exec-7] INFO  c.v.d.c.IndentUploadController -getIndentHdrDtlsByProjectId Controller  method end
				
2026-09-18 11:46:29 [http-nio-8495-exec-10] INFO  c.v.g.c.NotificationGeneralController -getNotificationDetails   method Start
				
2026-09-18 11:46:29 [http-nio-8495-exec-2] INFO  com.vmfg.scm.services.impl.PoService -getDCTypeDtl Service end 
				
2026-09-18 11:46:29 [http-nio-8495-exec-2] INFO  c.v.g.c.NotificationGeneralController -getNotificationDetails   method Start
				
2026-09-18 11:46:29 [http-nio-8495-exec-4] INFO  c.v.g.c.NotificationGeneralController -getNotificationDetails   method Start
				
2026-09-18 11:47:30 [http-nio-8495-exec-3] ERROR com.vmfg.util.GetPropertyValue -getTenantPropertyVal Method Exception|||org.springframework.dao.EmptyResultDataAccessException: Incorrect result size: expected 1, actual 0
				
2026-09-18 11:47:30 [http-nio-8495-exec-3] ERROR com.vmfg.util.GetPropertyValue -getTenantPropertyValByTenantId Method Exception|||org.springframework.dao.EmptyResultDataAccessException: Incorrect result size: expected 1, actual 0
				
2026-09-18 11:47:30 [http-nio-8495-exec-3] INFO  com.vmfg.util.CommonBase64Class -CommonBase64Class getBasesBinary method Start
				
2026-09-18 11:47:30 [http-nio-8495-exec-3] ERROR com.vmfg.util.CommonBase64Class -CommonBase64Class getBasesBinary Method FileNotFoundException---->java.io.FileNotFoundException:  (No such file or directory)
				
2026-09-18 11:47:30 [http-nio-8495-exec-3] ERROR c.v.authentication.UserLoginService -getImageUrl DAO Method Exceptionjava.lang.NullPointerException
				
2026-09-18 11:47:48 [http-nio-8495-exec-10] INFO  com.vmfg.authentication.UserLoginDAO - getUserDtlForAuth DAO method Start
				
2026-09-18 11:47:48 [http-nio-8495-exec-10] INFO  com.vmfg.authentication.UserLoginDAO -getUserLoginInfo DAO method end
				
2026-09-18 11:47:48 [http-nio-8495-exec-9] INFO  c.v.g.c.NotificationGeneralController -getNotificationDetails   method Start
				
2026-09-18 11:47:48 [http-nio-8495-exec-7] INFO  c.v.g.c.NotificationGeneralController -getNotificationDetails   method Start
				
2026-09-18 11:47:48 [http-nio-8495-exec-1] INFO  c.v.g.c.NotificationGeneralController -getNotificationDetails   method Start
				
2026-09-18 11:47:48 [http-nio-8495-exec-6] INFO  c.v.s.c.IndentManagementController -getIndentProjectDtlsByDate Controller  method Start
				
2026-09-18 11:47:48 [http-nio-8495-exec-8] INFO  c.v.g.services.impl.TileViewService -getSaleTileView  method start
				
2026-09-18 11:47:48 [http-nio-8495-exec-3] INFO  c.v.s.c.IndentManagementController -getScmHdrBasedDtl   method Start
				
2026-09-18 11:47:48 [http-nio-8495-exec-6] INFO  c.v.s.c.IndentManagementController -getIndentProjectDtlsByDate Controller  method end
				
2026-09-18 11:47:48 [http-nio-8495-exec-6] INFO  c.v.g.c.NotificationGeneralController -getNotificationDetails   method Start
				
2026-09-18 11:47:51 [http-nio-8495-exec-3] INFO  c.v.s.c.IndentManagementController -getScmHdrBasedDtl  method end
				
2026-09-18 11:47:51 [http-nio-8495-exec-8] INFO  c.v.g.c.StageManagementController -getSCMTitleView   method end
				
2026-09-18 11:47:51 [http-nio-8495-exec-5] INFO  c.v.g.c.NotificationGeneralController -getNotificationDetails   method Start
				
2026-09-18 11:47:51 [http-nio-8495-exec-10] INFO  c.v.g.c.NotificationGeneralController -getNotificationDetails   method Start
				
2026-09-18 11:48:01 [http-nio-8495-exec-2] INFO  c.v.s.c.IndentManagementController -getScmHdrBasedDtl   method Start
				
2026-09-18 11:48:01 [http-nio-8495-exec-4] INFO  c.v.g.services.impl.TileViewService -getSaleTileView  method start
				
2026-09-18 11:48:01 [http-nio-8495-exec-2] INFO  c.v.s.c.IndentManagementController -getScmHdrBasedDtl  method end
				
2026-09-18 11:48:01 [http-nio-8495-exec-4] INFO  c.v.g.c.StageManagementController -getSCMTitleView   method end
				
2026-09-18 11:48:01 [http-nio-8495-exec-9] INFO  c.v.g.c.NotificationGeneralController -getNotificationDetails   method Start
				
2026-09-18 11:48:01 [http-nio-8495-exec-7] INFO  c.v.g.c.NotificationGeneralController -getNotificationDetails   method Start
				
2026-09-18 11:48:02 [http-nio-8495-exec-6] INFO  c.v.g.c.NotificationGeneralController -getNotificationDetails   method Start
				
2026-09-18 11:48:02 [http-nio-8495-exec-10] INFO  c.v.g.c.DepartmentAndEmployeeInfoController -getprocessAssignedTeam   method Start
				
2026-09-18 11:48:02 [http-nio-8495-exec-10] INFO  c.v.g.s.i.DepartmentAndEmployeeService -getprocessAssignedTeam  method start
				
2026-09-18 11:48:02 [http-nio-8495-exec-4] INFO  c.v.g.c.NotificationGeneralController -getNotificationDetails   method Start
				
2026-09-18 11:48:02 [http-nio-8495-exec-1] INFO  c.v.g.c.NotificationGeneralController -getNotificationDetails   method Start
				
2026-09-18 11:48:02 [http-nio-8495-exec-10] INFO  c.v.g.c.NotificationGeneralController -getNotificationDetails   method Start
				
2026-09-18 11:48:02 [http-nio-8495-exec-3] INFO  c.v.g.c.NotificationGeneralController -getNotificationDetails   method Start
				
2026-09-18 11:48:02 [http-nio-8495-exec-8] INFO  c.v.g.c.NotificationGeneralController -getNotificationDetails   method Start
				
2026-09-18 11:48:03 [http-nio-8495-exec-2] INFO  c.v.s.c.IndentManagementController -indentHdrDropDownByProjectCode Controller  method Start
				
2026-09-18 11:48:03 [http-nio-8495-exec-9] INFO  com.vmfg.scm.controller.PoController -getPoHdrDtlsByIndentId Controller  method Start
				
2026-09-18 11:48:03 [http-nio-8495-exec-2] INFO  c.v.s.c.IndentManagementController -indentHdrDropDownByProjectCode Controller  method end
				
2026-09-18 11:48:03 [http-nio-8495-exec-6] INFO  c.v.g.c.NotificationGeneralController -getNotificationDetails   method Start
				
2026-09-18 11:48:03 [http-nio-8495-exec-7] INFO  c.v.g.c.NotificationGeneralController -getNotificationDetails   method Start
				
2026-09-18 11:48:03 [http-nio-8495-exec-9] INFO  com.vmfg.scm.controller.PoController -getPoHdrDtlsByIndentId Controller  method end
				
2026-09-18 11:48:03 [http-nio-8495-exec-4] INFO  c.v.g.c.NotificationGeneralController -getNotificationDetails   method Start
				
2026-09-18 11:48:10 [http-nio-8495-exec-10] INFO  com.vmfg.scm.services.impl.PoService -getDCTypeDtl Service start 
				
2026-09-18 11:48:10 [http-nio-8495-exec-3] INFO  com.vmfg.scm.services.impl.PoService -getInspectScopeDesc Service start 
				
2026-09-18 11:48:10 [http-nio-8495-exec-5] INFO  com.vmfg.scm.services.impl.PoService -getHsnCodeByPartNo Service start 
				
2026-09-18 11:48:10 [http-nio-8495-exec-2] INFO  com.vmfg.scm.services.impl.PoService -getTransitInsuranceDesc Service start 
				
2026-09-18 11:48:10 [http-nio-8495-exec-8] INFO  com.vmfg.scm.services.impl.PoService -getdivisionDesc Service start 
				
2026-09-18 11:48:10 [http-nio-8495-exec-10] INFO  com.vmfg.scm.services.impl.PoService -getDCTypeDtl Service end 
				
2026-09-18 11:48:10 [http-nio-8495-exec-3] INFO  com.vmfg.scm.services.impl.PoService -getInspectScopeDesc Service end 
				
2026-09-18 11:48:10 [http-nio-8495-exec-5] INFO  com.vmfg.scm.services.impl.PoService -getModeOfDispatchDesc Service end 
				
2026-09-18 11:48:10 [http-nio-8495-exec-8] INFO  com.vmfg.scm.services.impl.PoService -getdivisionDesc Service end 
				
2026-09-18 11:48:10 [http-nio-8495-exec-2] INFO  com.vmfg.scm.services.impl.PoService -getTransitInsuranceDesc Service end 
				
2026-09-18 11:48:10 [http-nio-8495-exec-6] INFO  com.vmfg.scm.services.impl.PoService -getdivisionDesc Service start 
				
2026-09-18 11:48:10 [http-nio-8495-exec-7] INFO  com.vmfg.scm.services.impl.PoService -getInspectScopeDesc Service start 
				
2026-09-18 11:48:10 [http-nio-8495-exec-4] INFO  com.vmfg.scm.services.impl.PoService -getHsnCodeByPartNo Service start 
				
2026-09-18 11:48:10 [http-nio-8495-exec-10] INFO  com.vmfg.scm.services.impl.PoService -getTransitInsuranceDesc Service start 
				
2026-09-18 11:48:10 [http-nio-8495-exec-7] INFO  com.vmfg.scm.services.impl.PoService -getInspectScopeDesc Service end 
				
2026-09-18 11:48:10 [http-nio-8495-exec-6] INFO  com.vmfg.scm.services.impl.PoService -getdivisionDesc Service end 
				
2026-09-18 11:48:10 [http-nio-8495-exec-10] INFO  com.vmfg.scm.services.impl.PoService -getTransitInsuranceDesc Service end 
				
2026-09-18 11:48:10 [http-nio-8495-exec-4] INFO  com.vmfg.scm.services.impl.PoService -getModeOfDispatchDesc Service end 
				
2026-09-18 11:48:10 [http-nio-8495-exec-8] INFO  com.vmfg.scm.services.impl.PoService -getDCTypeDtl Service start 
				
2026-09-18 11:48:10 [http-nio-8495-exec-3] INFO  c.v.g.c.NotificationGeneralController -getNotificationDetails   method Start
				
2026-09-18 11:48:10 [http-nio-8495-exec-2] INFO  c.v.g.c.NotificationGeneralController -getNotificationDetails   method Start
				
2026-09-18 11:48:10 [http-nio-8495-exec-5] INFO  c.v.g.c.NotificationGeneralController -getNotificationDetails   method Start
				
2026-09-18 11:48:10 [http-nio-8495-exec-8] INFO  com.vmfg.scm.services.impl.PoService -getDCTypeDtl Service end 
				
2026-09-18 11:48:10 [http-nio-8495-exec-6] INFO  c.v.g.c.NotificationGeneralController -getNotificationDetails   method Start
				
2026-09-18 11:48:10 [http-nio-8495-exec-1] INFO  c.v.g.c.NotificationGeneralController -getNotificationDetails   method Start
				
2026-09-18 11:48:10 [http-nio-8495-exec-9] INFO  c.v.g.c.NotificationGeneralController -getNotificationDetails   method Start
				
2026-09-18 11:48:11 [http-nio-8495-exec-7] INFO  c.v.g.c.NotificationGeneralController -getNotificationDetails   method Start
				
2026-09-18 11:48:11 [http-nio-8495-exec-4] INFO  c.v.g.c.NotificationGeneralController -getNotificationDetails   method Start
				
2026-09-18 11:48:11 [http-nio-8495-exec-10] INFO  c.v.g.c.NotificationGeneralController -getNotificationDetails   method Start
				
2026-09-18 11:48:11 [http-nio-8495-exec-8] INFO  c.v.g.c.NotificationGeneralController -getNotificationDetails   method Start
				
2026-09-18 11:48:11 [http-nio-8495-exec-3] INFO  c.v.g.c.NotificationGeneralController -getNotificationDetails   method Start
				
2026-09-18 11:48:11 [http-nio-8495-exec-6] INFO  c.v.g.c.NotificationGeneralController -getNotificationDetails   method Start
				
2026-09-18 11:48:18 [http-nio-8495-exec-2] ERROR com.vmfg.util.GetPropertyValue -getTenantPropertyVal Method Exception|||org.springframework.dao.EmptyResultDataAccessException: Incorrect result size: expected 1, actual 0
				
2026-09-18 11:48:18 [http-nio-8495-exec-2] ERROR com.vmfg.util.GetPropertyValue -getTenantPropertyValByTenantId Method Exception|||org.springframework.dao.EmptyResultDataAccessException: Incorrect result size: expected 1, actual 0
				
2026-09-18 11:48:18 [http-nio-8495-exec-2] INFO  com.vmfg.util.CommonBase64Class -CommonBase64Class getBasesBinary method Start
				
2026-09-18 11:48:18 [http-nio-8495-exec-2] ERROR com.vmfg.util.CommonBase64Class -CommonBase64Class getBasesBinary Method FileNotFoundException---->java.io.FileNotFoundException:  (No such file or directory)
				
2026-09-18 11:48:18 [http-nio-8495-exec-2] ERROR c.v.authentication.UserLoginService -getImageUrl DAO Method Exceptionjava.lang.NullPointerException
				
2026-09-18 11:48:33 [http-nio-8495-exec-5] INFO  com.vmfg.authentication.UserLoginDAO - getUserDtlForAuth DAO method Start
				
2026-09-18 11:48:33 [http-nio-8495-exec-5] INFO  com.vmfg.authentication.UserLoginDAO -getUserLoginInfo DAO method end
				
2026-09-18 11:48:33 [http-nio-8495-exec-7] INFO  c.v.g.c.NotificationGeneralController -getNotificationDetails   method Start
				
2026-09-18 11:48:33 [http-nio-8495-exec-4] INFO  c.v.g.c.NotificationGeneralController -getNotificationDetails   method Start
				
2026-09-18 11:48:33 [http-nio-8495-exec-8] INFO  c.v.g.c.NotificationGeneralController -getNotificationDetails   method Start
				
2026-09-18 11:48:33 [http-nio-8495-exec-6] INFO  c.v.g.services.impl.TileViewService -getSaleTileView  method start
				
2026-09-18 11:48:33 [http-nio-8495-exec-2] INFO  c.v.s.c.IndentManagementController -getIndentProjectDtlsByDate Controller  method Start
				
2026-09-18 11:48:33 [http-nio-8495-exec-3] INFO  c.v.d.controller.DesignController -getDesignDtl   method Start
				
2026-09-18 11:48:33 [http-nio-8495-exec-2] INFO  c.v.s.c.IndentManagementController -getIndentProjectDtlsByDate Controller  method end
				
2026-09-18 11:48:33 [http-nio-8495-exec-6] ERROR c.v.d.rowmapper.DesignHdrRowMapper -DesignHdrRowMapper  Method Exceptionjava.sql.SQLSyntaxErrorException: Column 'IS_INTERNAL' not found.
				
2026-09-18 11:48:33 [http-nio-8495-exec-6] ERROR c.v.d.rowmapper.DesignHdrRowMapper -DesignHdrRowMapper  Method Exceptionjava.sql.SQLSyntaxErrorException: Column 'IS_INTERNAL' not found.
				
2026-09-18 11:48:33 [http-nio-8495-exec-6] ERROR c.v.d.rowmapper.DesignHdrRowMapper -DesignHdrRowMapper  Method Exceptionjava.sql.SQLSyntaxErrorException: Column 'IS_INTERNAL' not found.
				
2026-09-18 11:48:33 [http-nio-8495-exec-6] ERROR c.v.d.rowmapper.DesignHdrRowMapper -DesignHdrRowMapper  Method Exceptionjava.sql.SQLSyntaxErrorException: Column 'IS_INTERNAL' not found.
				
2026-09-18 11:48:34 [http-nio-8495-exec-6] ERROR c.v.d.rowmapper.DesignHdrRowMapper -DesignHdrRowMapper  Method Exceptionjava.sql.SQLSyntaxErrorException: Column 'IS_INTERNAL' not found.
				
2026-09-18 11:48:34 [http-nio-8495-exec-6] ERROR c.v.d.rowmapper.DesignHdrRowMapper -DesignHdrRowMapper  Method Exceptionjava.sql.SQLSyntaxErrorException: Column 'IS_INTERNAL' not found.
				
2026-09-18 11:48:34 [http-nio-8495-exec-6] ERROR c.v.d.rowmapper.DesignHdrRowMapper -DesignHdrRowMapper  Method Exceptionjava.sql.SQLSyntaxErrorException: Column 'IS_INTERNAL' not found.
				
2026-09-18 11:48:34 [http-nio-8495-exec-6] ERROR c.v.d.rowmapper.DesignHdrRowMapper -DesignHdrRowMapper  Method Exceptionjava.sql.SQLSyntaxErrorException: Column 'IS_INTERNAL' not found.
				
2026-09-18 11:48:34 [http-nio-8495-exec-6] ERROR c.v.d.rowmapper.DesignHdrRowMapper -DesignHdrRowMapper  Method Exceptionjava.sql.SQLSyntaxErrorException: Column 'IS_INTERNAL' not found.
				
2026-09-18 11:48:34 [http-nio-8495-exec-6] ERROR c.v.d.rowmapper.DesignHdrRowMapper -DesignHdrRowMapper  Method Exceptionjava.sql.SQLSyntaxErrorException: Column 'IS_INTERNAL' not found.
				
2026-09-18 11:48:34 [http-nio-8495-exec-6] ERROR c.v.d.rowmapper.DesignHdrRowMapper -DesignHdrRowMapper  Method Exceptionjava.sql.SQLSyntaxErrorException: Column 'IS_INTERNAL' not found.
				
2026-09-18 11:48:34 [http-nio-8495-exec-6] ERROR c.v.d.rowmapper.DesignHdrRowMapper -DesignHdrRowMapper  Method Exceptionjava.sql.SQLSyntaxErrorException: Column 'IS_INTERNAL' not found.
				
2026-09-18 11:48:34 [http-nio-8495-exec-6] ERROR c.v.d.rowmapper.DesignHdrRowMapper -DesignHdrRowMapper  Method Exceptionjava.sql.SQLSyntaxErrorException: Column 'IS_INTERNAL' not found.
				
2026-09-18 11:48:34 [http-nio-8495-exec-6] ERROR c.v.d.rowmapper.DesignHdrRowMapper -DesignHdrRowMapper  Method Exceptionjava.sql.SQLSyntaxErrorException: Column 'IS_INTERNAL' not found.
				
2026-09-18 11:48:34 [http-nio-8495-exec-6] ERROR c.v.d.rowmapper.DesignHdrRowMapper -DesignHdrRowMapper  Method Exceptionjava.sql.SQLSyntaxErrorException: Column 'IS_INTERNAL' not found.
				
2026-09-18 11:48:34 [http-nio-8495-exec-6] ERROR c.v.d.rowmapper.DesignHdrRowMapper -DesignHdrRowMapper  Method Exceptionjava.sql.SQLSyntaxErrorException: Column 'IS_INTERNAL' not found.
				
2026-09-18 11:48:34 [http-nio-8495-exec-6] ERROR c.v.d.rowmapper.DesignHdrRowMapper -DesignHdrRowMapper  Method Exceptionjava.sql.SQLSyntaxErrorException: Column 'IS_INTERNAL' not found.
				
2026-09-18 11:48:34 [http-nio-8495-exec-6] ERROR c.v.d.rowmapper.DesignHdrRowMapper -DesignHdrRowMapper  Method Exceptionjava.sql.SQLSyntaxErrorException: Column 'IS_INTERNAL' not found.
				
2026-09-18 11:48:34 [http-nio-8495-exec-6] ERROR c.v.d.rowmapper.DesignHdrRowMapper -DesignHdrRowMapper  Method Exceptionjava.sql.SQLSyntaxErrorException: Column 'IS_INTERNAL' not found.
				
2026-09-18 11:48:34 [http-nio-8495-exec-6] ERROR c.v.d.rowmapper.DesignHdrRowMapper -DesignHdrRowMapper  Method Exceptionjava.sql.SQLSyntaxErrorException: Column 'IS_INTERNAL' not found.
				
2026-09-18 11:48:34 [http-nio-8495-exec-6] ERROR c.v.d.rowmapper.DesignHdrRowMapper -DesignHdrRowMapper  Method Exceptionjava.sql.SQLSyntaxErrorException: Column 'IS_INTERNAL' not found.
				
2026-09-18 11:48:34 [http-nio-8495-exec-6] ERROR c.v.d.rowmapper.DesignHdrRowMapper -DesignHdrRowMapper  Method Exceptionjava.sql.SQLSyntaxErrorException: Column 'IS_INTERNAL' not found.
				
2026-09-18 11:48:34 [http-nio-8495-exec-6] ERROR c.v.d.rowmapper.DesignHdrRowMapper -DesignHdrRowMapper  Method Exceptionjava.sql.SQLSyntaxErrorException: Column 'IS_INTERNAL' not found.
				
2026-09-18 11:48:34 [http-nio-8495-exec-6] ERROR c.v.d.rowmapper.DesignHdrRowMapper -DesignHdrRowMapper  Method Exceptionjava.sql.SQLSyntaxErrorException: Column 'IS_INTERNAL' not found.
				
2026-09-18 11:48:34 [http-nio-8495-exec-6] ERROR c.v.d.rowmapper.DesignHdrRowMapper -DesignHdrRowMapper  Method Exceptionjava.sql.SQLSyntaxErrorException: Column 'IS_INTERNAL' not found.
				
2026-09-18 11:48:34 [http-nio-8495-exec-6] ERROR c.v.d.rowmapper.DesignHdrRowMapper -DesignHdrRowMapper  Method Exceptionjava.sql.SQLSyntaxErrorException: Column 'IS_INTERNAL' not found.
				
2026-09-18 11:48:34 [http-nio-8495-exec-6] ERROR c.v.d.rowmapper.DesignHdrRowMapper -DesignHdrRowMapper  Method Exceptionjava.sql.SQLSyntaxErrorException: Column 'IS_INTERNAL' not found.
				
2026-09-18 11:48:34 [http-nio-8495-exec-6] ERROR c.v.d.rowmapper.DesignHdrRowMapper -DesignHdrRowMapper  Method Exceptionjava.sql.SQLSyntaxErrorException: Column 'IS_INTERNAL' not found.
				
2026-09-18 11:48:34 [http-nio-8495-exec-6] ERROR c.v.d.rowmapper.DesignHdrRowMapper -DesignHdrRowMapper  Method Exceptionjava.sql.SQLSyntaxErrorException: Column 'IS_INTERNAL' not found.
				
2026-09-18 11:48:34 [http-nio-8495-exec-6] ERROR c.v.d.rowmapper.DesignHdrRowMapper -DesignHdrRowMapper  Method Exceptionjava.sql.SQLSyntaxErrorException: Column 'IS_INTERNAL' not found.
				
2026-09-18 11:48:34 [http-nio-8495-exec-6] ERROR c.v.d.rowmapper.DesignHdrRowMapper -DesignHdrRowMapper  Method Exceptionjava.sql.SQLSyntaxErrorException: Column 'IS_INTERNAL' not found.
				
2026-09-18 11:48:34 [http-nio-8495-exec-6] ERROR c.v.d.rowmapper.DesignHdrRowMapper -DesignHdrRowMapper  Method Exceptionjava.sql.SQLSyntaxErrorException: Column 'IS_INTERNAL' not found.
				
2026-09-18 11:48:34 [http-nio-8495-exec-6] ERROR c.v.d.rowmapper.DesignHdrRowMapper -DesignHdrRowMapper  Method Exceptionjava.sql.SQLSyntaxErrorException: Column 'IS_INTERNAL' not found.
				
2026-09-18 11:48:34 [http-nio-8495-exec-6] ERROR c.v.d.rowmapper.DesignHdrRowMapper -DesignHdrRowMapper  Method Exceptionjava.sql.SQLSyntaxErrorException: Column 'IS_INTERNAL' not found.
				
2026-09-18 11:48:34 [http-nio-8495-exec-6] ERROR c.v.d.rowmapper.DesignHdrRowMapper -DesignHdrRowMapper  Method Exceptionjava.sql.SQLSyntaxErrorException: Column 'IS_INTERNAL' not found.
				
2026-09-18 11:48:34 [http-nio-8495-exec-6] ERROR c.v.d.rowmapper.DesignHdrRowMapper -DesignHdrRowMapper  Method Exceptionjava.sql.SQLSyntaxErrorException: Column 'IS_INTERNAL' not found.
				
2026-09-18 11:48:34 [http-nio-8495-exec-6] ERROR c.v.d.rowmapper.DesignHdrRowMapper -DesignHdrRowMapper  Method Exceptionjava.sql.SQLSyntaxErrorException: Column 'IS_INTERNAL' not found.
				
2026-09-18 11:48:34 [http-nio-8495-exec-6] ERROR c.v.d.rowmapper.DesignHdrRowMapper -DesignHdrRowMapper  Method Exceptionjava.sql.SQLSyntaxErrorException: Column 'IS_INTERNAL' not found.
				
2026-09-18 11:48:34 [http-nio-8495-exec-6] ERROR c.v.d.rowmapper.DesignHdrRowMapper -DesignHdrRowMapper  Method Exceptionjava.sql.SQLSyntaxErrorException: Column 'IS_INTERNAL' not found.
				
2026-09-18 11:48:34 [http-nio-8495-exec-6] ERROR c.v.d.rowmapper.DesignHdrRowMapper -DesignHdrRowMapper  Method Exceptionjava.sql.SQLSyntaxErrorException: Column 'IS_INTERNAL' not found.
				
2026-09-18 11:48:34 [http-nio-8495-exec-6] ERROR c.v.d.rowmapper.DesignHdrRowMapper -DesignHdrRowMapper  Method Exceptionjava.sql.SQLSyntaxErrorException: Column 'IS_INTERNAL' not found.
				
2026-09-18 11:48:34 [http-nio-8495-exec-6] ERROR c.v.d.rowmapper.DesignHdrRowMapper -DesignHdrRowMapper  Method Exceptionjava.sql.SQLSyntaxErrorException: Column 'IS_INTERNAL' not found.
				
2026-09-18 11:48:34 [http-nio-8495-exec-6] ERROR c.v.d.rowmapper.DesignHdrRowMapper -DesignHdrRowMapper  Method Exceptionjava.sql.SQLSyntaxErrorException: Column 'IS_INTERNAL' not found.
				
2026-09-18 11:48:34 [http-nio-8495-exec-6] ERROR c.v.d.rowmapper.DesignHdrRowMapper -DesignHdrRowMapper  Method Exceptionjava.sql.SQLSyntaxErrorException: Column 'IS_INTERNAL' not found.
				
2026-09-18 11:48:34 [http-nio-8495-exec-6] ERROR c.v.d.rowmapper.DesignHdrRowMapper -DesignHdrRowMapper  Method Exceptionjava.sql.SQLSyntaxErrorException: Column 'IS_INTERNAL' not found.
				
2026-09-18 11:48:34 [http-nio-8495-exec-6] ERROR c.v.d.rowmapper.DesignHdrRowMapper -DesignHdrRowMapper  Method Exceptionjava.sql.SQLSyntaxErrorException: Column 'IS_INTERNAL' not found.
				
2026-09-18 11:48:34 [http-nio-8495-exec-6] ERROR c.v.d.rowmapper.DesignHdrRowMapper -DesignHdrRowMapper  Method Exceptionjava.sql.SQLSyntaxErrorException: Column 'IS_INTERNAL' not found.
				
2026-09-18 11:48:34 [http-nio-8495-exec-6] ERROR c.v.d.rowmapper.DesignHdrRowMapper -DesignHdrRowMapper  Method Exceptionjava.sql.SQLSyntaxErrorException: Column 'IS_INTERNAL' not found.
				
2026-09-18 11:48:34 [http-nio-8495-exec-6] ERROR c.v.d.rowmapper.DesignHdrRowMapper -DesignHdrRowMapper  Method Exceptionjava.sql.SQLSyntaxErrorException: Column 'IS_INTERNAL' not found.
				
2026-09-18 11:48:34 [http-nio-8495-exec-5] INFO  c.v.g.c.NotificationGeneralController -getNotificationDetails   method Start
				
2026-09-18 11:48:34 [http-nio-8495-exec-3] INFO  c.v.d.controller.DesignController -getDesignDtl   method end
				
2026-09-18 11:48:34 [http-nio-8495-exec-10] INFO  c.v.g.c.NotificationGeneralController -getNotificationDetails   method Start
				
2026-09-18 11:48:34 [http-nio-8495-exec-6] ERROR c.v.d.rowmapper.DesignHdrRowMapper -DesignHdrRowMapper  Method Exceptionjava.sql.SQLSyntaxErrorException: Column 'IS_INTERNAL' not found.
				
2026-09-18 11:48:34 [http-nio-8495-exec-6] ERROR c.v.d.rowmapper.DesignHdrRowMapper -DesignHdrRowMapper  Method Exceptionjava.sql.SQLSyntaxErrorException: Column 'IS_INTERNAL' not found.
				
2026-09-18 11:48:34 [http-nio-8495-exec-6] ERROR c.v.d.rowmapper.DesignHdrRowMapper -DesignHdrRowMapper  Method Exceptionjava.sql.SQLSyntaxErrorException: Column 'IS_INTERNAL' not found.
				
2026-09-18 11:48:34 [http-nio-8495-exec-6] ERROR c.v.d.rowmapper.DesignHdrRowMapper -DesignHdrRowMapper  Method Exceptionjava.sql.SQLSyntaxErrorException: Column 'IS_INTERNAL' not found.
				
2026-09-18 11:48:34 [http-nio-8495-exec-6] ERROR c.v.d.rowmapper.DesignHdrRowMapper -DesignHdrRowMapper  Method Exceptionjava.sql.SQLSyntaxErrorException: Column 'IS_INTERNAL' not found.
				
2026-09-18 11:48:34 [http-nio-8495-exec-6] ERROR c.v.d.rowmapper.DesignHdrRowMapper -DesignHdrRowMapper  Method Exceptionjava.sql.SQLSyntaxErrorException: Column 'IS_INTERNAL' not found.
				
2026-09-18 11:48:34 [http-nio-8495-exec-6] ERROR c.v.d.rowmapper.DesignHdrRowMapper -DesignHdrRowMapper  Method Exceptionjava.sql.SQLSyntaxErrorException: Column 'IS_INTERNAL' not found.
				
2026-09-18 11:48:34 [http-nio-8495-exec-6] ERROR c.v.d.rowmapper.DesignHdrRowMapper -DesignHdrRowMapper  Method Exceptionjava.sql.SQLSyntaxErrorException: Column 'IS_INTERNAL' not found.
				
2026-09-18 11:48:34 [http-nio-8495-exec-6] ERROR c.v.d.rowmapper.DesignHdrRowMapper -DesignHdrRowMapper  Method Exceptionjava.sql.SQLSyntaxErrorException: Column 'IS_INTERNAL' not found.
				
2026-09-18 11:48:34 [http-nio-8495-exec-6] ERROR c.v.d.rowmapper.DesignHdrRowMapper -DesignHdrRowMapper  Method Exceptionjava.sql.SQLSyntaxErrorException: Column 'IS_INTERNAL' not found.
				
2026-09-18 11:48:34 [http-nio-8495-exec-6] ERROR c.v.d.rowmapper.DesignHdrRowMapper -DesignHdrRowMapper  Method Exceptionjava.sql.SQLSyntaxErrorException: Column 'IS_INTERNAL' not found.
				
2026-09-18 11:48:34 [http-nio-8495-exec-6] ERROR c.v.d.rowmapper.DesignHdrRowMapper -DesignHdrRowMapper  Method Exceptionjava.sql.SQLSyntaxErrorException: Column 'IS_INTERNAL' not found.
				
2026-09-18 11:48:34 [http-nio-8495-exec-6] ERROR c.v.d.rowmapper.DesignHdrRowMapper -DesignHdrRowMapper  Method Exceptionjava.sql.SQLSyntaxErrorException: Column 'IS_INTERNAL' not found.
				
2026-09-18 11:48:34 [http-nio-8495-exec-6] ERROR c.v.d.rowmapper.DesignHdrRowMapper -DesignHdrRowMapper  Method Exceptionjava.sql.SQLSyntaxErrorException: Column 'IS_INTERNAL' not found.
				
2026-09-18 11:48:34 [http-nio-8495-exec-6] ERROR c.v.d.rowmapper.DesignHdrRowMapper -DesignHdrRowMapper  Method Exceptionjava.sql.SQLSyntaxErrorException: Column 'IS_INTERNAL' not found.
				
2026-09-18 11:48:34 [http-nio-8495-exec-6] ERROR c.v.d.rowmapper.DesignHdrRowMapper -DesignHdrRowMapper  Method Exceptionjava.sql.SQLSyntaxErrorException: Column 'IS_INTERNAL' not found.
				
2026-09-18 11:48:34 [http-nio-8495-exec-6] ERROR c.v.d.rowmapper.DesignHdrRowMapper -DesignHdrRowMapper  Method Exceptionjava.sql.SQLSyntaxErrorException: Column 'IS_INTERNAL' not found.
				
2026-09-18 11:48:34 [http-nio-8495-exec-6] ERROR c.v.d.rowmapper.DesignHdrRowMapper -DesignHdrRowMapper  Method Exceptionjava.sql.SQLSyntaxErrorException: Column 'IS_INTERNAL' not found.
				
2026-09-18 11:48:34 [http-nio-8495-exec-6] ERROR c.v.d.rowmapper.DesignHdrRowMapper -DesignHdrRowMapper  Method Exceptionjava.sql.SQLSyntaxErrorException: Column 'IS_INTERNAL' not found.
				
2026-09-18 11:48:34 [http-nio-8495-exec-6] ERROR c.v.d.rowmapper.DesignHdrRowMapper -DesignHdrRowMapper  Method Exceptionjava.sql.SQLSyntaxErrorException: Column 'IS_INTERNAL' not found.
				
2026-09-18 11:48:34 [http-nio-8495-exec-6] ERROR c.v.d.rowmapper.DesignHdrRowMapper -DesignHdrRowMapper  Method Exceptionjava.sql.SQLSyntaxErrorException: Column 'IS_INTERNAL' not found.
				
2026-09-18 11:48:34 [http-nio-8495-exec-6] ERROR c.v.d.rowmapper.DesignHdrRowMapper -DesignHdrRowMapper  Method Exceptionjava.sql.SQLSyntaxErrorException: Column 'IS_INTERNAL' not found.
				
2026-09-18 11:48:34 [http-nio-8495-exec-6] ERROR c.v.d.rowmapper.DesignHdrRowMapper -DesignHdrRowMapper  Method Exceptionjava.sql.SQLSyntaxErrorException: Column 'IS_INTERNAL' not found.
				
2026-09-18 11:48:34 [http-nio-8495-exec-6] INFO  c.v.g.c.StageManagementController -getDesignTitleView   method end
				
2026-09-18 11:48:34 [http-nio-8495-exec-5] INFO  c.v.g.c.NotificationGeneralController -getNotificationDetails   method Start
				
2026-09-18 11:48:40 [http-nio-8495-exec-9] INFO  c.v.d.controller.DesignController -getDesignDtl   method Start
				
2026-09-18 11:48:40 [http-nio-8495-exec-1] INFO  c.v.g.services.impl.TileViewService -getSaleTileView  method start
				
2026-09-18 11:48:40 [http-nio-8495-exec-9] INFO  c.v.d.controller.DesignController -getDesignDtl   method end
				
2026-09-18 11:48:40 [http-nio-8495-exec-1] ERROR c.v.d.rowmapper.DesignHdrRowMapper -DesignHdrRowMapper  Method Exceptionjava.sql.SQLSyntaxErrorException: Column 'IS_INTERNAL' not found.
				
2026-09-18 11:48:40 [http-nio-8495-exec-1] ERROR c.v.d.rowmapper.DesignHdrRowMapper -DesignHdrRowMapper  Method Exceptionjava.sql.SQLSyntaxErrorException: Column 'IS_INTERNAL' not found.
				
2026-09-18 11:48:40 [http-nio-8495-exec-1] ERROR c.v.d.rowmapper.DesignHdrRowMapper -DesignHdrRowMapper  Method Exceptionjava.sql.SQLSyntaxErrorException: Column 'IS_INTERNAL' not found.
				
2026-09-18 11:48:40 [http-nio-8495-exec-1] ERROR c.v.d.rowmapper.DesignHdrRowMapper -DesignHdrRowMapper  Method Exceptionjava.sql.SQLSyntaxErrorException: Column 'IS_INTERNAL' not found.
				
2026-09-18 11:48:40 [http-nio-8495-exec-1] ERROR c.v.d.rowmapper.DesignHdrRowMapper -DesignHdrRowMapper  Method Exceptionjava.sql.SQLSyntaxErrorException: Column 'IS_INTERNAL' not found.
				
2026-09-18 11:48:40 [http-nio-8495-exec-1] ERROR c.v.d.rowmapper.DesignHdrRowMapper -DesignHdrRowMapper  Method Exceptionjava.sql.SQLSyntaxErrorException: Column 'IS_INTERNAL' not found.
				
2026-09-18 11:48:40 [http-nio-8495-exec-1] ERROR c.v.d.rowmapper.DesignHdrRowMapper -DesignHdrRowMapper  Method Exceptionjava.sql.SQLSyntaxErrorException: Column 'IS_INTERNAL' not found.
				
2026-09-18 11:48:40 [http-nio-8495-exec-1] ERROR c.v.d.rowmapper.DesignHdrRowMapper -DesignHdrRowMapper  Method Exceptionjava.sql.SQLSyntaxErrorException: Column 'IS_INTERNAL' not found.
				
2026-09-18 11:48:40 [http-nio-8495-exec-1] ERROR c.v.d.rowmapper.DesignHdrRowMapper -DesignHdrRowMapper  Method Exceptionjava.sql.SQLSyntaxErrorException: Column 'IS_INTERNAL' not found.
				
2026-09-18 11:48:40 [http-nio-8495-exec-1] ERROR c.v.d.rowmapper.DesignHdrRowMapper -DesignHdrRowMapper  Method Exceptionjava.sql.SQLSyntaxErrorException: Column 'IS_INTERNAL' not found.
				
2026-09-18 11:48:40 [http-nio-8495-exec-1] ERROR c.v.d.rowmapper.DesignHdrRowMapper -DesignHdrRowMapper  Method Exceptionjava.sql.SQLSyntaxErrorException: Column 'IS_INTERNAL' not found.
				
2026-09-18 11:48:40 [http-nio-8495-exec-1] ERROR c.v.d.rowmapper.DesignHdrRowMapper -DesignHdrRowMapper  Method Exceptionjava.sql.SQLSyntaxErrorException: Column 'IS_INTERNAL' not found.
				
2026-09-18 11:48:40 [http-nio-8495-exec-1] ERROR c.v.d.rowmapper.DesignHdrRowMapper -DesignHdrRowMapper  Method Exceptionjava.sql.SQLSyntaxErrorException: Column 'IS_INTERNAL' not found.
				
2026-09-18 11:48:40 [http-nio-8495-exec-1] ERROR c.v.d.rowmapper.DesignHdrRowMapper -DesignHdrRowMapper  Method Exceptionjava.sql.SQLSyntaxErrorException: Column 'IS_INTERNAL' not found.
				
2026-09-18 11:48:40 [http-nio-8495-exec-1] ERROR c.v.d.rowmapper.DesignHdrRowMapper -DesignHdrRowMapper  Method Exceptionjava.sql.SQLSyntaxErrorException: Column 'IS_INTERNAL' not found.
				
2026-09-18 11:48:40 [http-nio-8495-exec-1] ERROR c.v.d.rowmapper.DesignHdrRowMapper -DesignHdrRowMapper  Method Exceptionjava.sql.SQLSyntaxErrorException: Column 'IS_INTERNAL' not found.
				
2026-09-18 11:48:40 [http-nio-8495-exec-1] ERROR c.v.d.rowmapper.DesignHdrRowMapper -DesignHdrRowMapper  Method Exceptionjava.sql.SQLSyntaxErrorException: Column 'IS_INTERNAL' not found.
				
2026-09-18 11:48:40 [http-nio-8495-exec-1] ERROR c.v.d.rowmapper.DesignHdrRowMapper -DesignHdrRowMapper  Method Exceptionjava.sql.SQLSyntaxErrorException: Column 'IS_INTERNAL' not found.
				
2026-09-18 11:48:40 [http-nio-8495-exec-1] ERROR c.v.d.rowmapper.DesignHdrRowMapper -DesignHdrRowMapper  Method Exceptionjava.sql.SQLSyntaxErrorException: Column 'IS_INTERNAL' not found.
				
2026-09-18 11:48:40 [http-nio-8495-exec-1] ERROR c.v.d.rowmapper.DesignHdrRowMapper -DesignHdrRowMapper  Method Exceptionjava.sql.SQLSyntaxErrorException: Column 'IS_INTERNAL' not found.
				
2026-09-18 11:48:40 [http-nio-8495-exec-1] ERROR c.v.d.rowmapper.DesignHdrRowMapper -DesignHdrRowMapper  Method Exceptionjava.sql.SQLSyntaxErrorException: Column 'IS_INTERNAL' not found.
				
2026-09-18 11:48:40 [http-nio-8495-exec-1] ERROR c.v.d.rowmapper.DesignHdrRowMapper -DesignHdrRowMapper  Method Exceptionjava.sql.SQLSyntaxErrorException: Column 'IS_INTERNAL' not found.
				
2026-09-18 11:48:40 [http-nio-8495-exec-1] ERROR c.v.d.rowmapper.DesignHdrRowMapper -DesignHdrRowMapper  Method Exceptionjava.sql.SQLSyntaxErrorException: Column 'IS_INTERNAL' not found.
				
2026-09-18 11:48:40 [http-nio-8495-exec-1] ERROR c.v.d.rowmapper.DesignHdrRowMapper -DesignHdrRowMapper  Method Exceptionjava.sql.SQLSyntaxErrorException: Column 'IS_INTERNAL' not found.
				
2026-09-18 11:48:40 [http-nio-8495-exec-1] ERROR c.v.d.rowmapper.DesignHdrRowMapper -DesignHdrRowMapper  Method Exceptionjava.sql.SQLSyntaxErrorException: Column 'IS_INTERNAL' not found.
				
2026-09-18 11:48:40 [http-nio-8495-exec-1] ERROR c.v.d.rowmapper.DesignHdrRowMapper -DesignHdrRowMapper  Method Exceptionjava.sql.SQLSyntaxErrorException: Column 'IS_INTERNAL' not found.
				
2026-09-18 11:48:40 [http-nio-8495-exec-1] ERROR c.v.d.rowmapper.DesignHdrRowMapper -DesignHdrRowMapper  Method Exceptionjava.sql.SQLSyntaxErrorException: Column 'IS_INTERNAL' not found.
				
2026-09-18 11:48:40 [http-nio-8495-exec-1] ERROR c.v.d.rowmapper.DesignHdrRowMapper -DesignHdrRowMapper  Method Exceptionjava.sql.SQLSyntaxErrorException: Column 'IS_INTERNAL' not found.
				
2026-09-18 11:48:40 [http-nio-8495-exec-1] ERROR c.v.d.rowmapper.DesignHdrRowMapper -DesignHdrRowMapper  Method Exceptionjava.sql.SQLSyntaxErrorException: Column 'IS_INTERNAL' not found.
				
2026-09-18 11:48:40 [http-nio-8495-exec-1] ERROR c.v.d.rowmapper.DesignHdrRowMapper -DesignHdrRowMapper  Method Exceptionjava.sql.SQLSyntaxErrorException: Column 'IS_INTERNAL' not found.
				
2026-09-18 11:48:40 [http-nio-8495-exec-1] ERROR c.v.d.rowmapper.DesignHdrRowMapper -DesignHdrRowMapper  Method Exceptionjava.sql.SQLSyntaxErrorException: Column 'IS_INTERNAL' not found.
				
2026-09-18 11:48:40 [http-nio-8495-exec-1] ERROR c.v.d.rowmapper.DesignHdrRowMapper -DesignHdrRowMapper  Method Exceptionjava.sql.SQLSyntaxErrorException: Column 'IS_INTERNAL' not found.
				
2026-09-18 11:48:40 [http-nio-8495-exec-1] ERROR c.v.d.rowmapper.DesignHdrRowMapper -DesignHdrRowMapper  Method Exceptionjava.sql.SQLSyntaxErrorException: Column 'IS_INTERNAL' not found.
				
2026-09-18 11:48:40 [http-nio-8495-exec-1] ERROR c.v.d.rowmapper.DesignHdrRowMapper -DesignHdrRowMapper  Method Exceptionjava.sql.SQLSyntaxErrorException: Column 'IS_INTERNAL' not found.
				
2026-09-18 11:48:40 [http-nio-8495-exec-1] ERROR c.v.d.rowmapper.DesignHdrRowMapper -DesignHdrRowMapper  Method Exceptionjava.sql.SQLSyntaxErrorException: Column 'IS_INTERNAL' not found.
				
2026-09-18 11:48:40 [http-nio-8495-exec-1] ERROR c.v.d.rowmapper.DesignHdrRowMapper -DesignHdrRowMapper  Method Exceptionjava.sql.SQLSyntaxErrorException: Column 'IS_INTERNAL' not found.
				
2026-09-18 11:48:40 [http-nio-8495-exec-1] ERROR c.v.d.rowmapper.DesignHdrRowMapper -DesignHdrRowMapper  Method Exceptionjava.sql.SQLSyntaxErrorException: Column 'IS_INTERNAL' not found.
				
2026-09-18 11:48:40 [http-nio-8495-exec-1] ERROR c.v.d.rowmapper.DesignHdrRowMapper -DesignHdrRowMapper  Method Exceptionjava.sql.SQLSyntaxErrorException: Column 'IS_INTERNAL' not found.
				
2026-09-18 11:48:40 [http-nio-8495-exec-1] ERROR c.v.d.rowmapper.DesignHdrRowMapper -DesignHdrRowMapper  Method Exceptionjava.sql.SQLSyntaxErrorException: Column 'IS_INTERNAL' not found.
				
2026-09-18 11:48:40 [http-nio-8495-exec-1] ERROR c.v.d.rowmapper.DesignHdrRowMapper -DesignHdrRowMapper  Method Exceptionjava.sql.SQLSyntaxErrorException: Column 'IS_INTERNAL' not found.
				
2026-09-18 11:48:40 [http-nio-8495-exec-1] ERROR c.v.d.rowmapper.DesignHdrRowMapper -DesignHdrRowMapper  Method Exceptionjava.sql.SQLSyntaxErrorException: Column 'IS_INTERNAL' not found.
				
2026-09-18 11:48:40 [http-nio-8495-exec-1] ERROR c.v.d.rowmapper.DesignHdrRowMapper -DesignHdrRowMapper  Method Exceptionjava.sql.SQLSyntaxErrorException: Column 'IS_INTERNAL' not found.
				
2026-09-18 11:48:40 [http-nio-8495-exec-2] INFO  c.v.g.c.NotificationGeneralController -getNotificationDetails   method Start
				
2026-09-18 11:48:40 [http-nio-8495-exec-1] ERROR c.v.d.rowmapper.DesignHdrRowMapper -DesignHdrRowMapper  Method Exceptionjava.sql.SQLSyntaxErrorException: Column 'IS_INTERNAL' not found.
				
2026-09-18 11:48:40 [http-nio-8495-exec-1] ERROR c.v.d.rowmapper.DesignHdrRowMapper -DesignHdrRowMapper  Method Exceptionjava.sql.SQLSyntaxErrorException: Column 'IS_INTERNAL' not found.
				
2026-09-18 11:48:40 [http-nio-8495-exec-1] ERROR c.v.d.rowmapper.DesignHdrRowMapper -DesignHdrRowMapper  Method Exceptionjava.sql.SQLSyntaxErrorException: Column 'IS_INTERNAL' not found.
				
2026-09-18 11:48:40 [http-nio-8495-exec-1] ERROR c.v.d.rowmapper.DesignHdrRowMapper -DesignHdrRowMapper  Method Exceptionjava.sql.SQLSyntaxErrorException: Column 'IS_INTERNAL' not found.
				
2026-09-18 11:48:40 [http-nio-8495-exec-1] ERROR c.v.d.rowmapper.DesignHdrRowMapper -DesignHdrRowMapper  Method Exceptionjava.sql.SQLSyntaxErrorException: Column 'IS_INTERNAL' not found.
				
2026-09-18 11:48:40 [http-nio-8495-exec-1] ERROR c.v.d.rowmapper.DesignHdrRowMapper -DesignHdrRowMapper  Method Exceptionjava.sql.SQLSyntaxErrorException: Column 'IS_INTERNAL' not found.
				
2026-09-18 11:48:40 [http-nio-8495-exec-1] ERROR c.v.d.rowmapper.DesignHdrRowMapper -DesignHdrRowMapper  Method Exceptionjava.sql.SQLSyntaxErrorException: Column 'IS_INTERNAL' not found.
				
2026-09-18 11:48:40 [http-nio-8495-exec-1] ERROR c.v.d.rowmapper.DesignHdrRowMapper -DesignHdrRowMapper  Method Exceptionjava.sql.SQLSyntaxErrorException: Column 'IS_INTERNAL' not found.
				
2026-09-18 11:48:40 [http-nio-8495-exec-1] ERROR c.v.d.rowmapper.DesignHdrRowMapper -DesignHdrRowMapper  Method Exceptionjava.sql.SQLSyntaxErrorException: Column 'IS_INTERNAL' not found.
				
2026-09-18 11:48:40 [http-nio-8495-exec-1] ERROR c.v.d.rowmapper.DesignHdrRowMapper -DesignHdrRowMapper  Method Exceptionjava.sql.SQLSyntaxErrorException: Column 'IS_INTERNAL' not found.
				
2026-09-18 11:48:40 [http-nio-8495-exec-1] ERROR c.v.d.rowmapper.DesignHdrRowMapper -DesignHdrRowMapper  Method Exceptionjava.sql.SQLSyntaxErrorException: Column 'IS_INTERNAL' not found.
				
2026-09-18 11:48:40 [http-nio-8495-exec-1] ERROR c.v.d.rowmapper.DesignHdrRowMapper -DesignHdrRowMapper  Method Exceptionjava.sql.SQLSyntaxErrorException: Column 'IS_INTERNAL' not found.
				
2026-09-18 11:48:40 [http-nio-8495-exec-1] ERROR c.v.d.rowmapper.DesignHdrRowMapper -DesignHdrRowMapper  Method Exceptionjava.sql.SQLSyntaxErrorException: Column 'IS_INTERNAL' not found.
				
2026-09-18 11:48:40 [http-nio-8495-exec-1] ERROR c.v.d.rowmapper.DesignHdrRowMapper -DesignHdrRowMapper  Method Exceptionjava.sql.SQLSyntaxErrorException: Column 'IS_INTERNAL' not found.
				
2026-09-18 11:48:40 [http-nio-8495-exec-1] ERROR c.v.d.rowmapper.DesignHdrRowMapper -DesignHdrRowMapper  Method Exceptionjava.sql.SQLSyntaxErrorException: Column 'IS_INTERNAL' not found.
				
2026-09-18 11:48:40 [http-nio-8495-exec-1] ERROR c.v.d.rowmapper.DesignHdrRowMapper -DesignHdrRowMapper  Method Exceptionjava.sql.SQLSyntaxErrorException: Column 'IS_INTERNAL' not found.
				
2026-09-18 11:48:40 [http-nio-8495-exec-1] ERROR c.v.d.rowmapper.DesignHdrRowMapper -DesignHdrRowMapper  Method Exceptionjava.sql.SQLSyntaxErrorException: Column 'IS_INTERNAL' not found.
				
2026-09-18 11:48:40 [http-nio-8495-exec-1] ERROR c.v.d.rowmapper.DesignHdrRowMapper -DesignHdrRowMapper  Method Exceptionjava.sql.SQLSyntaxErrorException: Column 'IS_INTERNAL' not found.
				
2026-09-18 11:48:40 [http-nio-8495-exec-1] ERROR c.v.d.rowmapper.DesignHdrRowMapper -DesignHdrRowMapper  Method Exceptionjava.sql.SQLSyntaxErrorException: Column 'IS_INTERNAL' not found.
				
2026-09-18 11:48:40 [http-nio-8495-exec-1] ERROR c.v.d.rowmapper.DesignHdrRowMapper -DesignHdrRowMapper  Method Exceptionjava.sql.SQLSyntaxErrorException: Column 'IS_INTERNAL' not found.
				
2026-09-18 11:48:40 [http-nio-8495-exec-1] ERROR c.v.d.rowmapper.DesignHdrRowMapper -DesignHdrRowMapper  Method Exceptionjava.sql.SQLSyntaxErrorException: Column 'IS_INTERNAL' not found.
				
2026-09-18 11:48:40 [http-nio-8495-exec-1] ERROR c.v.d.rowmapper.DesignHdrRowMapper -DesignHdrRowMapper  Method Exceptionjava.sql.SQLSyntaxErrorException: Column 'IS_INTERNAL' not found.
				
2026-09-18 11:48:40 [http-nio-8495-exec-1] ERROR c.v.d.rowmapper.DesignHdrRowMapper -DesignHdrRowMapper  Method Exceptionjava.sql.SQLSyntaxErrorException: Column 'IS_INTERNAL' not found.
				
2026-09-18 11:48:40 [http-nio-8495-exec-4] INFO  c.v.g.c.NotificationGeneralController -getNotificationDetails   method Start
				
2026-09-18 11:48:40 [http-nio-8495-exec-5] INFO  c.v.g.c.NotificationGeneralController -getNotificationDetails   method Start
				
2026-09-18 11:48:40 [http-nio-8495-exec-9] INFO  c.v.g.c.NotificationGeneralController -getNotificationDetails   method Start
				
2026-09-18 11:48:40 [http-nio-8495-exec-7] INFO  c.v.g.c.NotificationGeneralController -getNotificationDetails   method Start
				
2026-09-18 11:48:40 [http-nio-8495-exec-10] INFO  c.v.g.c.NotificationGeneralController -getNotificationDetails   method Start
				
2026-09-18 11:48:40 [http-nio-8495-exec-1] ERROR c.v.d.rowmapper.DesignHdrRowMapper -DesignHdrRowMapper  Method Exceptionjava.sql.SQLSyntaxErrorException: Column 'IS_INTERNAL' not found.
				
2026-09-18 11:48:40 [http-nio-8495-exec-1] ERROR c.v.d.rowmapper.DesignHdrRowMapper -DesignHdrRowMapper  Method Exceptionjava.sql.SQLSyntaxErrorException: Column 'IS_INTERNAL' not found.
				
2026-09-18 11:48:40 [http-nio-8495-exec-1] ERROR c.v.d.rowmapper.DesignHdrRowMapper -DesignHdrRowMapper  Method Exceptionjava.sql.SQLSyntaxErrorException: Column 'IS_INTERNAL' not found.
				
2026-09-18 11:48:40 [http-nio-8495-exec-1] ERROR c.v.d.rowmapper.DesignHdrRowMapper -DesignHdrRowMapper  Method Exceptionjava.sql.SQLSyntaxErrorException: Column 'IS_INTERNAL' not found.
				
2026-09-18 11:48:40 [http-nio-8495-exec-1] ERROR c.v.d.rowmapper.DesignHdrRowMapper -DesignHdrRowMapper  Method Exceptionjava.sql.SQLSyntaxErrorException: Column 'IS_INTERNAL' not found.
				
2026-09-18 11:48:40 [http-nio-8495-exec-1] ERROR c.v.d.rowmapper.DesignHdrRowMapper -DesignHdrRowMapper  Method Exceptionjava.sql.SQLSyntaxErrorException: Column 'IS_INTERNAL' not found.
				
2026-09-18 11:48:40 [http-nio-8495-exec-1] ERROR c.v.d.rowmapper.DesignHdrRowMapper -DesignHdrRowMapper  Method Exceptionjava.sql.SQLSyntaxErrorException: Column 'IS_INTERNAL' not found.
				
2026-09-18 11:48:40 [http-nio-8495-exec-1] INFO  c.v.g.c.StageManagementController -getDesignTitleView   method end
				
2026-09-18 11:48:40 [http-nio-8495-exec-3] INFO  c.v.g.c.NotificationGeneralController -getNotificationDetails   method Start
				
2026-09-18 11:48:43 [http-nio-8495-exec-9] INFO  com.vmfg.scm.services.impl.PoService -getDCTypeDtl Service start 
				
2026-09-18 11:48:43 [http-nio-8495-exec-8] INFO  c.v.d.c.IndentUploadController -getIndentHdrDtlsByProjectId Controller  method Start
				
2026-09-18 11:48:43 [http-nio-8495-exec-5] INFO  c.v.p.controller.ProjectController -getCostFlowTypeByPmHdrId   method Start
				
2026-09-18 11:48:43 [http-nio-8495-exec-5] INFO  c.v.g.c.NotificationGeneralController -getNotificationDetails   method Start
				
2026-09-18 11:48:43 [http-nio-8495-exec-4] INFO  c.v.g.c.NotificationGeneralController -getNotificationDetails   method Start
				
2026-09-18 11:48:43 [http-nio-8495-exec-7] INFO  c.v.g.c.NotificationGeneralController -getNotificationDetails   method Start
				
2026-09-18 11:48:43 [http-nio-8495-exec-1] INFO  c.v.g.c.NotificationGeneralController -getNotificationDetails   method Start
				
2026-09-18 11:48:43 [ForkJoinPool.commonPool-worker-4] ERROR c.v.scm.dao.impl.IndentManagementDAO -indentVerCheck Method Exception ---> org.springframework.dao.EmptyResultDataAccessException: Incorrect result size: expected 1, actual 0
				
2026-09-18 11:48:43 [http-nio-8495-exec-8] INFO  c.v.d.c.IndentUploadController -getIndentHdrDtlsByProjectId Controller  method end
				
2026-09-18 11:48:43 [http-nio-8495-exec-8] INFO  c.v.g.c.NotificationGeneralController -getNotificationDetails   method Start
				
2026-09-18 11:48:43 [http-nio-8495-exec-9] INFO  com.vmfg.scm.services.impl.PoService -getDCTypeDtl Service end 
				
2026-09-18 11:48:43 [http-nio-8495-exec-9] INFO  c.v.g.c.NotificationGeneralController -getNotificationDetails   method Start
				
2026-09-18 11:48:43 [http-nio-8495-exec-1] INFO  c.v.g.c.NotificationGeneralController -getNotificationDetails   method Start
				
2026-09-18 11:48:45 [http-nio-8495-exec-3] INFO  com.vmfg.scm.services.impl.PoService -getDCTypeDtl Service start 
				
2026-09-18 11:48:45 [http-nio-8495-exec-6] INFO  c.v.s.c.SalesBudgetSheetController -getKeyCategory   method Start
				
2026-09-18 11:48:45 [http-nio-8495-exec-7] INFO  c.v.g.c.NotificationGeneralController -getNotificationDetails   method Start
				
2026-09-18 11:48:45 [http-nio-8495-exec-4] INFO  c.v.d.c.IndentUploadController -getIndentTypeMstDropDown Controller  method Start
				
2026-09-18 11:48:45 [http-nio-8495-exec-4] INFO  c.v.d.c.IndentUploadController -getIndentTypeMstDropDown Controller  method end
				
2026-09-18 11:48:45 [http-nio-8495-exec-6] INFO  c.v.s.c.SalesBudgetSheetController -getKeyCategory method End
				
2026-09-18 11:48:45 [http-nio-8495-exec-5] INFO  c.v.g.c.NotificationGeneralController -getNotificationDetails   method Start
				
2026-09-18 11:48:45 [http-nio-8495-exec-8] INFO  c.v.g.c.NotificationGeneralController -getNotificationDetails   method Start
				
2026-09-18 11:48:45 [http-nio-8495-exec-3] INFO  com.vmfg.scm.services.impl.PoService -getDCTypeDtl Service end 
				
2026-09-18 11:48:45 [http-nio-8495-exec-9] INFO  c.v.g.c.NotificationGeneralController -getNotificationDetails   method Start
				
2026-09-18 11:48:57 [http-nio-8495-exec-10] INFO  c.v.g.c.NotificationGeneralController -getNotificationDetails   method Start
				
2026-09-18 11:49:45 [http-nio-8495-exec-7] INFO  c.v.d.c.IndentUploadController -insertIndentDtls Controller  method Start
				
2026-09-18 11:49:45 [http-nio-8495-exec-7] INFO  com.vmfg.util.CommonNotifyMethod -InvokeNotificationMethod: 1 42  bgrn [1111-M-90-B-12] [] 1 2 80 DS05,DS07,DS08,DS28,DS06,DS68,DS70,DS71,DS74,DS73,DS77,DS81
				
2026-09-18 11:49:45 [http-nio-8495-exec-7] INFO  com.vmfg.util.NotificationRequest -notificationreq start
				
2026-09-18 11:49:45 [http-nio-8495-exec-7] INFO  com.vmfg.util.NotificationRequest -appdesigArrDS05DS05,DS07,DS08,DS28,DS06,DS68,DS70,DS71,DS74,DS73,DS77,DS81bgrn
				
2026-09-18 11:49:45 [http-nio-8495-exec-7] INFO  com.vmfg.util.NotificationRequest -appdesigArrDS07DS05,DS07,DS08,DS28,DS06,DS68,DS70,DS71,DS74,DS73,DS77,DS81bgrn
				
2026-09-18 11:49:45 [http-nio-8495-exec-7] INFO  com.vmfg.util.NotificationRequest -appdesigArrDS08DS05,DS07,DS08,DS28,DS06,DS68,DS70,DS71,DS74,DS73,DS77,DS81bgrn
				
2026-09-18 11:49:45 [http-nio-8495-exec-7] INFO  com.vmfg.util.NotificationRequest -appdesigArrDS28DS05,DS07,DS08,DS28,DS06,DS68,DS70,DS71,DS74,DS73,DS77,DS81bgrn
				
2026-09-18 11:49:45 [http-nio-8495-exec-7] INFO  com.vmfg.util.NotificationRequest -appdesigArrDS06DS05,DS07,DS08,DS28,DS06,DS68,DS70,DS71,DS74,DS73,DS77,DS81bgrn
				
2026-09-18 11:49:45 [http-nio-8495-exec-7] INFO  com.vmfg.util.NotificationRequest -appdesigArrDS68DS05,DS07,DS08,DS28,DS06,DS68,DS70,DS71,DS74,DS73,DS77,DS81bgrn
				
2026-09-18 11:49:45 [http-nio-8495-exec-7] INFO  com.vmfg.util.NotificationRequest -appdesigArrDS70DS05,DS07,DS08,DS28,DS06,DS68,DS70,DS71,DS74,DS73,DS77,DS81bgrn
				
2026-09-18 11:49:45 [http-nio-8495-exec-7] INFO  com.vmfg.util.NotificationRequest -appdesigArrDS71DS05,DS07,DS08,DS28,DS06,DS68,DS70,DS71,DS74,DS73,DS77,DS81bgrn
				
2026-09-18 11:49:45 [http-nio-8495-exec-7] INFO  com.vmfg.util.NotificationRequest -appdesigArrDS74DS05,DS07,DS08,DS28,DS06,DS68,DS70,DS71,DS74,DS73,DS77,DS81bgrn
				
2026-09-18 11:49:45 [http-nio-8495-exec-7] INFO  com.vmfg.util.NotificationRequest -appdesigArrDS73DS05,DS07,DS08,DS28,DS06,DS68,DS70,DS71,DS74,DS73,DS77,DS81bgrn
				
2026-09-18 11:49:45 [http-nio-8495-exec-7] INFO  com.vmfg.util.NotificationRequest -appdesigArrDS77DS05,DS07,DS08,DS28,DS06,DS68,DS70,DS71,DS74,DS73,DS77,DS81bgrn
				
2026-09-18 11:49:45 [http-nio-8495-exec-7] INFO  com.vmfg.util.NotificationRequest -appdesigArrDS81DS05,DS07,DS08,DS28,DS06,DS68,DS70,DS71,DS74,DS73,DS77,DS81bgrn
				
2026-09-18 11:49:45 [http-nio-8495-exec-7] INFO  com.vmfg.util.NotificationRequest -Actionparams
				
2026-09-18 11:49:46 [http-nio-8495-exec-7] INFO  com.vmfg.util.NotificationRequest -Actionparams
				
2026-09-18 11:49:46 [http-nio-8495-exec-7] INFO  com.vmfg.util.NotificationRequest -Actionparams
				
2026-09-18 11:49:46 [http-nio-8495-exec-7] INFO  com.vmfg.util.NotificationRequest -Actionparams
				
2026-09-18 11:49:46 [http-nio-8495-exec-7] INFO  com.vmfg.util.NotificationRequest -Actionparams
				
2026-09-18 11:49:46 [http-nio-8495-exec-7] INFO  com.vmfg.util.NotificationRequest -Actionparams
				
2026-09-18 11:49:46 [http-nio-8495-exec-7] INFO  com.vmfg.util.NotificationRequest -Actionparams
				
2026-09-18 11:49:46 [http-nio-8495-exec-7] INFO  com.vmfg.util.NotificationRequest -Actionparams
				
2026-09-18 11:49:47 [http-nio-8495-exec-7] INFO  com.vmfg.util.NotificationRequest -Actionparams
				
2026-09-18 11:49:47 [http-nio-8495-exec-7] INFO  com.vmfg.util.NotificationRequest -Actionparams
				
2026-09-18 11:49:47 [http-nio-8495-exec-7] INFO  com.vmfg.util.NotificationRequest -Actionparams
				
2026-09-18 11:49:47 [http-nio-8495-exec-7] INFO  com.vmfg.util.NotificationRequest -Actionparams
				
2026-09-18 11:49:47 [http-nio-8495-exec-7] INFO  com.vmfg.util.NotificationRequest -notificationreq end
				
2026-09-18 11:49:47 [http-nio-8495-exec-7] INFO  com.vmfg.util.DocumentApprovalInsert -InsertDocApprovalDtls starts
				
2026-09-18 11:49:47 [http-nio-8495-exec-7] INFO  com.vmfg.util.DocumentApprovalInsert -DocumentApprovalInsert insertHdrId 0
				
2026-09-18 11:49:47 [http-nio-8495-exec-7] INFO  com.vmfg.util.DocumentApprovalInsert -InsertDocApprovalDtls end
				
2026-09-18 11:49:47 [http-nio-8495-exec-7] INFO  c.v.d.c.IndentUploadController -insertIndentDtls Controller  method end
				
2026-09-18 11:49:47 [http-nio-8495-exec-7] INFO  c.v.g.c.NotificationGeneralController -getNotificationDetails   method Start
				
2026-09-18 11:49:47 [http-nio-8495-exec-2] INFO  c.v.d.c.IndentUploadController -getIndentHdrDtlsByProjectId Controller  method Start
				
2026-09-18 11:49:47 [http-nio-8495-exec-1] INFO  c.v.d.c.IndentUploadController -getIndentHdrDtlsByProjectId Controller  method Start
				
2026-09-18 11:49:47 [http-nio-8495-exec-6] INFO  c.v.g.c.NotificationGeneralController -getNotificationDetails   method Start
				
2026-09-18 11:49:47 [http-nio-8495-exec-3] INFO  c.v.g.c.NotificationGeneralController -getNotificationDetails   method Start
				
2026-09-18 11:49:47 [http-nio-8495-exec-2] ERROR c.v.scm.dao.impl.IndentManagementDAO -indentVerCheck Method Exception ---> org.springframework.dao.EmptyResultDataAccessException: Incorrect result size: expected 1, actual 0
				
2026-09-18 11:49:47 [http-nio-8495-exec-1] ERROR c.v.scm.dao.impl.IndentManagementDAO -indentVerCheck Method Exception ---> org.springframework.dao.EmptyResultDataAccessException: Incorrect result size: expected 1, actual 0
				
2026-09-18 11:49:47 [ForkJoinPool.commonPool-worker-7] ERROR c.v.scm.dao.impl.IndentManagementDAO -indentVerCheck Method Exception ---> org.springframework.dao.EmptyResultDataAccessException: Incorrect result size: expected 1, actual 0
				
2026-09-18 11:49:47 [http-nio-8495-exec-2] INFO  c.v.d.c.IndentUploadController -getIndentHdrDtlsByProjectId Controller  method end
				
2026-09-18 11:49:47 [ForkJoinPool.commonPool-worker-2] ERROR c.v.scm.dao.impl.IndentManagementDAO -indentVerCheck Method Exception ---> org.springframework.dao.EmptyResultDataAccessException: Incorrect result size: expected 1, actual 0
				
2026-09-18 11:49:47 [http-nio-8495-exec-1] INFO  c.v.d.c.IndentUploadController -getIndentHdrDtlsByProjectId Controller  method end
				
2026-09-18 11:49:48 [http-nio-8495-exec-9] INFO  c.v.g.c.NotificationGeneralController -getNotificationDetails   method Start
				
2026-09-18 11:49:48 [http-nio-8495-exec-5] INFO  c.v.g.c.NotificationGeneralController -getNotificationDetails   method Start
				
2026-09-18 11:50:06 [http-nio-8495-exec-10] INFO  c.v.d.c.IndentUploadController -getIndentDtlsByIndentId Controller  method Start
				
2026-09-18 11:50:06 [http-nio-8495-exec-10] INFO  c.v.d.c.IndentUploadController -getIndentDtlsByIndentId Controller  method end
				
2026-09-18 11:50:06 [http-nio-8495-exec-4] INFO  c.v.g.c.NotificationGeneralController -getNotificationDetails   method Start
				
2026-09-18 11:50:09 [http-nio-8495-exec-2] INFO  com.vmfg.util.CommonNotifyMethod -InvokeNotificationMethod: 1 41 null bgrn [1111-M-90-B-12] [] 1 2 null DS05,DS06,DS28,DS68,DS70,DS74,DS81
				
2026-09-18 11:50:09 [http-nio-8495-exec-2] INFO  com.vmfg.util.NotificationRequest -notificationreq start
				
2026-09-18 11:50:09 [http-nio-8495-exec-2] INFO  com.vmfg.util.NotificationRequest -appdesigArrDS05DS05,DS06,DS28,DS68,DS70,DS74,DS81bgrn
				
2026-09-18 11:50:09 [http-nio-8495-exec-2] INFO  com.vmfg.util.NotificationRequest -appdesigArrDS06DS05,DS06,DS28,DS68,DS70,DS74,DS81bgrn
				
2026-09-18 11:50:09 [http-nio-8495-exec-2] INFO  com.vmfg.util.NotificationRequest -appdesigArrDS28DS05,DS06,DS28,DS68,DS70,DS74,DS81bgrn
				
2026-09-18 11:50:09 [http-nio-8495-exec-2] INFO  com.vmfg.util.NotificationRequest -appdesigArrDS68DS05,DS06,DS28,DS68,DS70,DS74,DS81bgrn
				
2026-09-18 11:50:09 [http-nio-8495-exec-2] INFO  com.vmfg.util.NotificationRequest -appdesigArrDS70DS05,DS06,DS28,DS68,DS70,DS74,DS81bgrn
				
2026-09-18 11:50:09 [http-nio-8495-exec-2] INFO  com.vmfg.util.NotificationRequest -appdesigArrDS74DS05,DS06,DS28,DS68,DS70,DS74,DS81bgrn
				
2026-09-18 11:50:09 [http-nio-8495-exec-2] INFO  com.vmfg.util.NotificationRequest -appdesigArrDS81DS05,DS06,DS28,DS68,DS70,DS74,DS81bgrn
				
2026-09-18 11:50:09 [http-nio-8495-exec-2] INFO  com.vmfg.util.NotificationRequest -Actionparams
				
2026-09-18 11:50:09 [http-nio-8495-exec-2] INFO  com.vmfg.util.NotificationRequest -Actionparams
				
2026-09-18 11:50:09 [http-nio-8495-exec-2] INFO  com.vmfg.util.NotificationRequest -Actionparams
				
2026-09-18 11:50:10 [http-nio-8495-exec-2] INFO  com.vmfg.util.NotificationRequest -Actionparams
				
2026-09-18 11:50:10 [http-nio-8495-exec-2] INFO  com.vmfg.util.NotificationRequest -Actionparams
				
2026-09-18 11:50:10 [http-nio-8495-exec-2] INFO  com.vmfg.util.NotificationRequest -Actionparams
				
2026-09-18 11:50:10 [http-nio-8495-exec-2] INFO  com.vmfg.util.NotificationRequest -Actionparams
				
2026-09-18 11:50:10 [http-nio-8495-exec-2] INFO  com.vmfg.util.NotificationRequest -Actionparams
				
2026-09-18 11:50:10 [http-nio-8495-exec-2] INFO  com.vmfg.util.NotificationRequest -Actionparams
				
2026-09-18 11:50:10 [http-nio-8495-exec-2] INFO  com.vmfg.util.NotificationRequest -Actionparams
				
2026-09-18 11:50:11 [http-nio-8495-exec-2] INFO  com.vmfg.util.NotificationRequest -notificationreq end
				
2026-09-18 11:50:11 [http-nio-8495-exec-2] INFO  com.vmfg.util.DocumentApprovalInsert -InsertDocApprovalDtls starts
				
2026-09-18 11:50:11 [http-nio-8495-exec-2] INFO  com.vmfg.util.DocumentApprovalInsert -DocumentApprovalInsert insertHdrId 55715
				
2026-09-18 11:50:11 [http-nio-8495-exec-2] INFO  com.vmfg.util.DocumentApprovalInsert -InsertDocApprovalDtls end
				
2026-09-18 11:50:11 [http-nio-8495-exec-7] INFO  c.v.g.c.NotificationGeneralController -getNotificationDetails   method Start
				
2026-09-18 11:50:11 [http-nio-8495-exec-3] INFO  c.v.d.c.IndentUploadController -getIndentHdrDtlsByProjectId Controller  method Start
				
2026-09-18 11:50:11 [http-nio-8495-exec-5] INFO  c.v.g.c.NotificationGeneralController -getNotificationDetails   method Start
				
2026-09-18 11:50:11 [http-nio-8495-exec-3] ERROR c.v.scm.dao.impl.IndentManagementDAO -indentVerCheck Method Exception ---> org.springframework.dao.EmptyResultDataAccessException: Incorrect result size: expected 1, actual 0
				
2026-09-18 11:50:11 [http-nio-8495-exec-3] INFO  c.v.d.c.IndentUploadController -getIndentHdrDtlsByProjectId Controller  method end
				
2026-09-18 11:50:11 [http-nio-8495-exec-9] INFO  c.v.g.c.NotificationGeneralController -getNotificationDetails   method Start
				
2026-09-18 11:50:12 [http-nio-8495-exec-8] INFO  c.v.d.c.IndentUploadController -getIndentDtlsByIndentId Controller  method Start
				
2026-09-18 11:50:12 [http-nio-8495-exec-8] INFO  c.v.d.c.IndentUploadController -getIndentDtlsByIndentId Controller  method end
				
2026-09-18 11:50:12 [http-nio-8495-exec-10] INFO  c.v.g.c.NotificationGeneralController -getNotificationDetails   method Start
				
2026-09-18 11:50:14 [http-nio-8495-exec-4] INFO  com.vmfg.util.CommonNotifyMethod -InvokeNotificationMethod: 1 41 null bgrn [1111-M-90-B-12] [] 1 2 null DS05,DS28,DS68,DS81
				
2026-09-18 11:50:14 [http-nio-8495-exec-4] INFO  com.vmfg.util.NotificationRequest -notificationreq start
				
2026-09-18 11:50:14 [http-nio-8495-exec-4] INFO  com.vmfg.util.NotificationRequest -appdesigArrDS05DS05,DS28,DS68,DS81bgrn
				
2026-09-18 11:50:14 [http-nio-8495-exec-4] INFO  com.vmfg.util.NotificationRequest -appdesigArrDS28DS05,DS28,DS68,DS81bgrn
				
2026-09-18 11:50:14 [http-nio-8495-exec-4] INFO  com.vmfg.util.NotificationRequest -appdesigArrDS68DS05,DS28,DS68,DS81bgrn
				
2026-09-18 11:50:14 [http-nio-8495-exec-4] INFO  com.vmfg.util.NotificationRequest -appdesigArrDS81DS05,DS28,DS68,DS81bgrn
				
2026-09-18 11:50:14 [http-nio-8495-exec-4] INFO  com.vmfg.util.NotificationRequest -Actionparams
				
2026-09-18 11:50:15 [http-nio-8495-exec-4] INFO  com.vmfg.util.NotificationRequest -Actionparams
				
2026-09-18 11:50:15 [http-nio-8495-exec-4] INFO  com.vmfg.util.NotificationRequest -Actionparams
				
2026-09-18 11:50:15 [http-nio-8495-exec-4] INFO  com.vmfg.util.NotificationRequest -Actionparams
				
2026-09-18 11:50:15 [http-nio-8495-exec-4] INFO  com.vmfg.util.NotificationRequest -notificationreq end
				
2026-09-18 11:50:15 [http-nio-8495-exec-4] INFO  com.vmfg.util.DocumentApprovalInsert -InsertDocApprovalDtls starts
				
2026-09-18 11:50:15 [http-nio-8495-exec-4] INFO  com.vmfg.util.DocumentApprovalInsert -DocumentApprovalInsert insertHdrId 55715
				
2026-09-18 11:50:15 [http-nio-8495-exec-4] INFO  com.vmfg.util.DocumentApprovalInsert -InsertDocApprovalDtls end
				
2026-09-18 11:50:15 [http-nio-8495-exec-1] INFO  c.v.g.c.NotificationGeneralController -getNotificationDetails   method Start
				
2026-09-18 11:50:15 [http-nio-8495-exec-6] INFO  c.v.d.c.IndentUploadController -getIndentHdrDtlsByProjectId Controller  method Start
				
2026-09-18 11:50:15 [http-nio-8495-exec-3] INFO  c.v.g.c.NotificationGeneralController -getNotificationDetails   method Start
				
2026-09-18 11:50:15 [http-nio-8495-exec-6] ERROR c.v.scm.dao.impl.IndentManagementDAO -indentVerCheck Method Exception ---> org.springframework.dao.EmptyResultDataAccessException: Incorrect result size: expected 1, actual 0
				
2026-09-18 11:50:15 [http-nio-8495-exec-6] INFO  c.v.d.c.IndentUploadController -getIndentHdrDtlsByProjectId Controller  method end
				
2026-09-18 11:50:15 [http-nio-8495-exec-6] INFO  c.v.g.c.NotificationGeneralController -getNotificationDetails   method Start
				
2026-09-18 11:50:17 [http-nio-8495-exec-7] INFO  c.v.d.c.IndentUploadController -getIndentDtlsByIndentId Controller  method Start
				
2026-09-18 11:50:17 [http-nio-8495-exec-7] INFO  c.v.d.c.IndentUploadController -getIndentDtlsByIndentId Controller  method end
				
2026-09-18 11:50:17 [http-nio-8495-exec-5] INFO  c.v.g.c.NotificationGeneralController -getNotificationDetails   method Start
				
2026-09-18 11:50:19 [http-nio-8495-exec-9] INFO  com.vmfg.util.CommonNotifyMethod -InvokeNotificationMethod: 1 41 null bgrn [1111-M-90-B-12] [] 1 2 null DS44,DS61,DS04
				
2026-09-18 11:50:19 [http-nio-8495-exec-9] INFO  com.vmfg.util.NotificationRequest -notificationreq start
				
2026-09-18 11:50:19 [http-nio-8495-exec-9] INFO  com.vmfg.util.NotificationRequest -appdesigArrDS44DS44,DS61,DS04bgrn
				
2026-09-18 11:50:19 [http-nio-8495-exec-9] INFO  com.vmfg.util.NotificationRequest -appdesigArrDS61DS44,DS61,DS04bgrn
				
2026-09-18 11:50:19 [http-nio-8495-exec-9] INFO  com.vmfg.util.NotificationRequest -appdesigArrDS04DS44,DS61,DS04bgrn
				
2026-09-18 11:50:19 [http-nio-8495-exec-9] INFO  com.vmfg.util.NotificationRequest -Actionparams
				
2026-09-18 11:50:19 [http-nio-8495-exec-9] INFO  com.vmfg.util.NotificationRequest -Actionparams
				
2026-09-18 11:50:19 [http-nio-8495-exec-9] INFO  com.vmfg.util.NotificationRequest -Actionparams
				
2026-09-18 11:50:20 [http-nio-8495-exec-9] INFO  com.vmfg.util.NotificationRequest -Actionparams
				
2026-09-18 11:50:20 [http-nio-8495-exec-9] INFO  com.vmfg.util.NotificationRequest -Actionparams
				
2026-09-18 11:50:20 [http-nio-8495-exec-9] INFO  com.vmfg.util.NotificationRequest -Actionparams
				
2026-09-18 11:50:20 [http-nio-8495-exec-9] INFO  com.vmfg.util.NotificationRequest -Actionparams
				
2026-09-18 11:50:20 [http-nio-8495-exec-9] INFO  com.vmfg.util.NotificationRequest -Actionparams
				
2026-09-18 11:50:20 [http-nio-8495-exec-9] INFO  com.vmfg.util.NotificationRequest -Actionparams
				
2026-09-18 11:50:20 [http-nio-8495-exec-9] INFO  com.vmfg.util.NotificationRequest -Actionparams
				
2026-09-18 11:50:21 [http-nio-8495-exec-9] INFO  com.vmfg.util.NotificationRequest -Actionparams
				
2026-09-18 11:50:21 [http-nio-8495-exec-9] INFO  com.vmfg.util.NotificationRequest -notificationreq end
				
2026-09-18 11:50:21 [http-nio-8495-exec-9] INFO  com.vmfg.util.DocumentApprovalInsert -InsertDocApprovalDtls starts
				
2026-09-18 11:50:21 [http-nio-8495-exec-9] INFO  com.vmfg.util.DocumentApprovalInsert -DocumentApprovalInsert insertHdrId 55715
				
2026-09-18 11:50:21 [http-nio-8495-exec-9] INFO  com.vmfg.util.DocumentApprovalInsert -InsertDocApprovalDtls end
				
2026-09-18 11:50:21 [http-nio-8495-exec-8] INFO  c.v.g.c.NotificationGeneralController -getNotificationDetails   method Start
				
2026-09-18 11:50:21 [http-nio-8495-exec-4] INFO  c.v.d.c.IndentUploadController -getIndentHdrDtlsByProjectId Controller  method Start
				
2026-09-18 11:50:21 [http-nio-8495-exec-2] INFO  c.v.g.c.NotificationGeneralController -getNotificationDetails   method Start
				
2026-09-18 11:50:21 [http-nio-8495-exec-4] ERROR c.v.scm.dao.impl.IndentManagementDAO -indentVerCheck Method Exception ---> org.springframework.dao.EmptyResultDataAccessException: Incorrect result size: expected 1, actual 0
				
2026-09-18 11:50:21 [http-nio-8495-exec-4] INFO  c.v.d.c.IndentUploadController -getIndentHdrDtlsByProjectId Controller  method end
				
2026-09-18 11:50:21 [http-nio-8495-exec-1] INFO  c.v.g.c.NotificationGeneralController -getNotificationDetails   method Start
				
2026-09-18 11:50:22 [http-nio-8495-exec-3] INFO  c.v.d.c.IndentUploadController -getIndentDtlsByIndentId Controller  method Start
				
2026-09-18 11:50:22 [http-nio-8495-exec-3] INFO  c.v.d.c.IndentUploadController -getIndentDtlsByIndentId Controller  method end
				
2026-09-18 11:50:22 [http-nio-8495-exec-6] INFO  c.v.g.c.NotificationGeneralController -getNotificationDetails   method Start
				
2026-09-18 11:50:25 [http-nio-8495-exec-7] INFO  c.v.d.c.IndentUploadController -getIndentHdrDtlsByProjectId Controller  method Start
				
2026-09-18 11:50:25 [http-nio-8495-exec-7] ERROR c.v.scm.dao.impl.IndentManagementDAO -indentVerCheck Method Exception ---> org.springframework.dao.EmptyResultDataAccessException: Incorrect result size: expected 1, actual 0
				
2026-09-18 11:50:25 [http-nio-8495-exec-7] INFO  c.v.d.c.IndentUploadController -getIndentHdrDtlsByProjectId Controller  method end
				
2026-09-18 11:50:25 [http-nio-8495-exec-5] INFO  c.v.g.c.NotificationGeneralController -getNotificationDetails   method Start
				
2026-09-18 11:50:27 [http-nio-8495-exec-9] ERROR com.vmfg.util.GetPropertyValue -getTenantPropertyVal Method Exception|||org.springframework.dao.EmptyResultDataAccessException: Incorrect result size: expected 1, actual 0
				
2026-09-18 11:50:27 [http-nio-8495-exec-9] ERROR com.vmfg.util.GetPropertyValue -getTenantPropertyValByTenantId Method Exception|||org.springframework.dao.EmptyResultDataAccessException: Incorrect result size: expected 1, actual 0
				
2026-09-18 11:50:27 [http-nio-8495-exec-9] INFO  com.vmfg.util.CommonBase64Class -CommonBase64Class getBasesBinary method Start
				
2026-09-18 11:50:27 [http-nio-8495-exec-9] ERROR com.vmfg.util.CommonBase64Class -CommonBase64Class getBasesBinary Method FileNotFoundException---->java.io.FileNotFoundException:  (No such file or directory)
				
2026-09-18 11:50:27 [http-nio-8495-exec-9] ERROR c.v.authentication.UserLoginService -getImageUrl DAO Method Exceptionjava.lang.NullPointerException
				
2026-09-18 11:50:43 [http-nio-8495-exec-10] INFO  com.vmfg.authentication.UserLoginDAO - getUserDtlForAuth DAO method Start
				
2026-09-18 11:50:43 [http-nio-8495-exec-10] INFO  com.vmfg.authentication.UserLoginDAO -getUserLoginInfo DAO method end
				
2026-09-18 11:50:43 [http-nio-8495-exec-1] INFO  c.v.g.c.NotificationGeneralController -getNotificationDetails   method Start
				
2026-09-18 11:50:43 [http-nio-8495-exec-3] INFO  c.v.g.c.NotificationGeneralController -getNotificationDetails   method Start
				
2026-09-18 11:50:43 [http-nio-8495-exec-6] INFO  c.v.g.c.NotificationGeneralController -getNotificationDetails   method Start
				
2026-09-18 11:50:44 [http-nio-8495-exec-9] INFO  c.v.s.c.IndentManagementController -getIndentProjectDtlsByDate Controller  method Start
				
2026-09-18 11:50:44 [http-nio-8495-exec-9] INFO  c.v.s.c.IndentManagementController -getIndentProjectDtlsByDate Controller  method end
				
2026-09-18 11:50:44 [http-nio-8495-exec-5] INFO  c.v.g.services.impl.TileViewService -getProjectTitleView  method start
				
2026-09-18 11:50:44 [http-nio-8495-exec-7] INFO  c.v.p.controller.ProjectController -getProjectDtl   method Start
				
2026-09-18 11:50:44 [http-nio-8495-exec-10] INFO  c.v.g.c.NotificationGeneralController -getNotificationDetails   method Start
				
2026-09-18 11:50:44 [http-nio-8495-exec-5] INFO  c.v.g.c.StageManagementController -getProjectTitleView   method end
				
2026-09-18 11:50:44 [http-nio-8495-exec-8] INFO  c.v.g.c.NotificationGeneralController -getNotificationDetails   method Start
				
2026-09-18 11:50:44 [http-nio-8495-exec-2] INFO  c.v.g.c.NotificationGeneralController -getNotificationDetails   method Start
				
2026-09-18 11:50:52 [http-nio-8495-exec-3] INFO  c.v.g.services.impl.TileViewService -getProjectTitleView  method start
				
2026-09-18 11:50:52 [http-nio-8495-exec-4] INFO  c.v.p.controller.ProjectController -getProjectDtl   method Start
				
2026-09-18 11:50:52 [http-nio-8495-exec-9] INFO  c.v.p.controller.ProjectController -getProjectDtl   method Start
				
2026-09-18 11:50:52 [http-nio-8495-exec-6] INFO  c.v.g.c.NotificationGeneralController -getNotificationDetails   method Start
				
2026-09-18 11:50:52 [http-nio-8495-exec-3] INFO  c.v.g.c.StageManagementController -getProjectTitleView   method end
				
2026-09-18 11:50:52 [http-nio-8495-exec-1] INFO  c.v.g.c.NotificationGeneralController -getNotificationDetails   method Start
				
2026-09-18 11:50:52 [http-nio-8495-exec-5] INFO  c.v.g.c.NotificationGeneralController -getNotificationDetails   method Start
				
2026-09-18 11:50:52 [http-nio-8495-exec-10] INFO  c.v.g.c.NotificationGeneralController -getNotificationDetails   method Start
				
2026-09-18 11:50:53 [http-nio-8495-exec-2] INFO  c.v.p.controller.ProjectController -getProjectDtl   method Start
				
2026-09-18 11:50:53 [http-nio-8495-exec-8] INFO  c.v.p.controller.ProjectController -getTimeLineByPM   method Start
				
2026-09-18 11:50:53 [http-nio-8495-exec-9] INFO  c.v.p.controller.ProjectController -getProjTimePlanDropDown   method Start
				
2026-09-18 11:50:53 [http-nio-8495-exec-3] INFO  c.v.p.controller.ProjectController -getProjectInitiationMstResp   method Start
				
2026-09-18 11:50:53 [http-nio-8495-exec-8] INFO  c.v.g.c.DepartmentAndEmployeeInfoController -DepartmentAndEmployeeInfoController   method Start
				
2026-09-18 11:50:53 [http-nio-8495-exec-8] INFO  c.v.g.s.i.DepartmentAndEmployeeService -DepartmentAndEmployeeService  method start
				
2026-09-18 11:50:53 [http-nio-8495-exec-4] INFO  c.v.p.controller.ProjectController -getLinkStatusByPMId   method Start
				
2026-09-18 11:50:53 [http-nio-8495-exec-4] INFO  com.vmfg.project.dao.impl.ProjectDAO -DAO - Running query: SELECT se.IS_INTERNAL FROM project_hdr ph, sales_enq_hdr se WHERE ph.ENQUIRY_ID = se.SE_ID AND ph.TENANT_ID = ? AND ph.PM_HDR_ID = ? with tenantId=bgrn and pmHdrId=132
				
2026-09-18 11:50:53 [http-nio-8495-exec-8] INFO  c.v.s.c.SalesBudgetSheetController -getKeyCategory   method Start
				
2026-09-18 11:50:53 [http-nio-8495-exec-4] INFO  com.vmfg.project.dao.impl.ProjectDAO -DAO - Query result size: 1
				
2026-09-18 11:50:53 [http-nio-8495-exec-4] INFO  com.vmfg.project.dao.impl.ProjectDAO -DAO - First result: com.vmfg.project.response.ProjectInternalResponse@3ac49b43
				
2026-09-18 11:50:53 [http-nio-8495-exec-8] INFO  c.v.s.c.SalesBudgetSheetController -getKeyCategory method End
				
2026-09-18 11:50:53 [http-nio-8495-exec-8] INFO  c.v.g.c.NotificationGeneralController -getNotificationDetails   method Start
				
2026-09-18 11:50:53 [http-nio-8495-exec-7] INFO  c.v.g.c.NotificationGeneralController -getNotificationDetails   method Start
				
2026-09-18 11:50:53 [http-nio-8495-exec-2] INFO  c.v.g.c.NotificationGeneralController -getNotificationDetails   method Start
				
2026-09-18 11:50:53 [http-nio-8495-exec-9] INFO  c.v.g.c.NotificationGeneralController -getNotificationDetails   method Start
				
2026-09-18 11:50:53 [http-nio-8495-exec-3] INFO  c.v.g.c.NotificationGeneralController -getNotificationDetails   method Start
				
2026-09-18 11:50:53 [http-nio-8495-exec-6] INFO  c.v.g.c.NotificationGeneralController -getNotificationDetails   method Start
				
2026-09-18 11:50:53 [http-nio-8495-exec-4] INFO  c.v.g.c.NotificationGeneralController -getNotificationDetails   method Start
				
2026-09-18 11:50:53 [http-nio-8495-exec-1] INFO  c.v.g.c.NotificationGeneralController -getNotificationDetails   method Start
				
2026-09-18 11:50:53 [http-nio-8495-exec-5] INFO  c.v.g.c.NotificationGeneralController -getNotificationDetails   method Start
				
2026-09-18 11:50:53 [http-nio-8495-exec-10] INFO  c.v.g.c.NotificationGeneralController -getNotificationDetails   method Start
				
2026-09-18 11:50:54 [http-nio-8495-exec-7] INFO  c.v.d.c.IndentUploadController -getIndentHdrDtlsByProjectId Controller  method Start
				
2026-09-18 11:50:54 [http-nio-8495-exec-9] INFO  com.vmfg.scm.services.impl.PoService -getDCTypeDtl Service start 
				
2026-09-18 11:50:54 [http-nio-8495-exec-3] INFO  c.v.p.controller.ProjectController -getCostFlowTypeByPmHdrId   method Start
				
2026-09-18 11:50:54 [http-nio-8495-exec-4] INFO  c.v.g.c.NotificationGeneralController -getNotificationDetails   method Start
				
2026-09-18 11:50:54 [http-nio-8495-exec-2] INFO  c.v.g.c.NotificationGeneralController -getNotificationDetails   method Start
				
2026-09-18 11:50:54 [http-nio-8495-exec-3] INFO  c.v.g.c.NotificationGeneralController -getNotificationDetails   method Start
				
2026-09-18 11:50:54 [http-nio-8495-exec-7] ERROR c.v.scm.dao.impl.IndentManagementDAO -indentVerCheck Method Exception ---> org.springframework.dao.EmptyResultDataAccessException: Incorrect result size: expected 1, actual 0
				
2026-09-18 11:50:54 [http-nio-8495-exec-7] INFO  c.v.d.c.IndentUploadController -getIndentHdrDtlsByProjectId Controller  method end
				
2026-09-18 11:50:55 [http-nio-8495-exec-7] INFO  c.v.g.c.NotificationGeneralController -getNotificationDetails   method Start
				
2026-09-18 11:50:55 [http-nio-8495-exec-6] INFO  c.v.g.c.NotificationGeneralController -getNotificationDetails   method Start
				
2026-09-18 11:50:55 [http-nio-8495-exec-9] INFO  com.vmfg.scm.services.impl.PoService -getDCTypeDtl Service end 
				
2026-09-18 11:50:55 [http-nio-8495-exec-9] INFO  c.v.g.c.NotificationGeneralController -getNotificationDetails   method Start
				
2026-09-18 11:50:55 [http-nio-8495-exec-3] INFO  c.v.g.c.NotificationGeneralController -getNotificationDetails   method Start
				
2026-09-18 11:50:59 [http-nio-8495-exec-1] INFO  c.v.d.c.IndentUploadController -getIndentDtlsByIndentId Controller  method Start
				
2026-09-18 11:50:59 [http-nio-8495-exec-1] INFO  c.v.d.c.IndentUploadController -getIndentDtlsByIndentId Controller  method end
				
2026-09-18 11:50:59 [http-nio-8495-exec-5] INFO  c.v.g.c.NotificationGeneralController -getNotificationDetails   method Start
				
2026-09-18 11:51:02 [http-nio-8495-exec-10] INFO  com.vmfg.util.CommonNotifyMethod -InvokeNotificationMethod: 1 41 null bgrn [1111-M-90-B-12] [] 1 3 null DS44,DS04
				
2026-09-18 11:51:02 [http-nio-8495-exec-10] INFO  com.vmfg.util.NotificationRequest -notificationreq start
				
2026-09-18 11:51:02 [http-nio-8495-exec-10] INFO  com.vmfg.util.NotificationRequest -appdesigArrDS44DS44,DS04bgrn
				
2026-09-18 11:51:02 [http-nio-8495-exec-10] INFO  com.vmfg.util.NotificationRequest -appdesigArrDS04DS44,DS04bgrn
				
2026-09-18 11:51:02 [http-nio-8495-exec-10] INFO  com.vmfg.util.NotificationRequest -Actionparams
				
2026-09-18 11:51:02 [http-nio-8495-exec-4] INFO  c.v.g.c.NotificationGeneralController -getNotificationDetails   method Start
				
2026-09-18 11:51:02 [http-nio-8495-exec-7] INFO  c.v.d.c.IndentUploadController -getIndentDtlsByIndentId Controller  method Start
				
2026-09-18 11:51:02 [http-nio-8495-exec-6] INFO  c.v.d.c.IndentUploadController -getIndentHdrDtlsByProjectId Controller  method Start
				
2026-09-18 11:51:02 [http-nio-8495-exec-6] ERROR c.v.scm.dao.impl.IndentManagementDAO -indentVerCheck Method Exception ---> org.springframework.dao.EmptyResultDataAccessException: Incorrect result size: expected 1, actual 0
				
2026-09-18 11:51:02 [http-nio-8495-exec-6] INFO  c.v.d.c.IndentUploadController -getIndentHdrDtlsByProjectId Controller  method end
				
2026-09-18 11:51:02 [http-nio-8495-exec-9] INFO  c.v.g.c.NotificationGeneralController -getNotificationDetails   method Start
				
2026-09-18 11:51:02 [http-nio-8495-exec-7] INFO  c.v.d.c.IndentUploadController -getIndentDtlsByIndentId Controller  method end
				
2026-09-18 11:51:02 [http-nio-8495-exec-3] INFO  c.v.g.c.NotificationGeneralController -getNotificationDetails   method Start
				
2026-09-18 11:51:02 [http-nio-8495-exec-10] INFO  com.vmfg.util.NotificationRequest -Actionparams
				
2026-09-18 11:51:02 [http-nio-8495-exec-10] INFO  com.vmfg.util.NotificationRequest -Actionparams
				
2026-09-18 11:51:02 [http-nio-8495-exec-10] INFO  com.vmfg.util.NotificationRequest -Actionparams
				
2026-09-18 11:51:03 [http-nio-8495-exec-10] INFO  com.vmfg.util.NotificationRequest -Actionparams
				
2026-09-18 11:51:03 [http-nio-8495-exec-10] INFO  com.vmfg.util.NotificationRequest -notificationreq end
				
2026-09-18 11:51:03 [http-nio-8495-exec-10] INFO  com.vmfg.util.DocumentApprovalInsert -InsertDocApprovalDtls starts
				
2026-09-18 11:51:03 [http-nio-8495-exec-10] INFO  com.vmfg.util.DocumentApprovalInsert -DocumentApprovalInsert insertHdrId 55715
				
2026-09-18 11:51:03 [http-nio-8495-exec-10] INFO  com.vmfg.util.DocumentApprovalInsert -InsertDocApprovalDtls end
				
2026-09-18 11:51:03 [http-nio-8495-exec-1] INFO  c.v.g.c.NotificationGeneralController -getNotificationDetails   method Start
				
2026-09-18 11:51:03 [http-nio-8495-exec-8] INFO  c.v.d.c.IndentUploadController -getIndentHdrDtlsByProjectId Controller  method Start
				
2026-09-18 11:51:03 [http-nio-8495-exec-2] INFO  c.v.g.c.NotificationGeneralController -getNotificationDetails   method Start
				
2026-09-18 11:51:03 [http-nio-8495-exec-8] ERROR c.v.scm.dao.impl.IndentManagementDAO -indentVerCheck Method Exception ---> org.springframework.dao.EmptyResultDataAccessException: Incorrect result size: expected 1, actual 0
				
2026-09-18 11:51:03 [http-nio-8495-exec-8] INFO  c.v.d.c.IndentUploadController -getIndentHdrDtlsByProjectId Controller  method end
				
2026-09-18 11:51:03 [http-nio-8495-exec-6] INFO  c.v.g.c.NotificationGeneralController -getNotificationDetails   method Start
				
2026-09-18 11:51:05 [http-nio-8495-exec-7] INFO  c.v.d.c.IndentUploadController -getIndentDtlsByIndentId Controller  method Start
				
2026-09-18 11:51:06 [http-nio-8495-exec-7] INFO  c.v.d.c.IndentUploadController -getIndentDtlsByIndentId Controller  method end
				
2026-09-18 11:51:06 [http-nio-8495-exec-4] INFO  c.v.g.c.NotificationGeneralController -getNotificationDetails   method Start
				
2026-09-18 11:51:08 [http-nio-8495-exec-9] INFO  com.vmfg.util.CommonNotifyMethod -InvokeNotificationMethod: 1 41 null bgrn [1111-M-90-B-12] [] 1 3 null DS10,DS11,DS12,DS42,DS46,DS54
				
2026-09-18 11:51:08 [http-nio-8495-exec-9] INFO  com.vmfg.util.NotificationRequest -notificationreq start
				
2026-09-18 11:51:08 [http-nio-8495-exec-9] INFO  com.vmfg.util.NotificationRequest -appdesigArrDS10DS10,DS11,DS12,DS42,DS46,DS54bgrn
				
2026-09-18 11:51:08 [http-nio-8495-exec-9] INFO  com.vmfg.util.NotificationRequest -appdesigArrDS11DS10,DS11,DS12,DS42,DS46,DS54bgrn
				
2026-09-18 11:51:08 [http-nio-8495-exec-9] INFO  com.vmfg.util.NotificationRequest -appdesigArrDS12DS10,DS11,DS12,DS42,DS46,DS54bgrn
				
2026-09-18 11:51:08 [http-nio-8495-exec-9] INFO  com.vmfg.util.NotificationRequest -appdesigArrDS42DS10,DS11,DS12,DS42,DS46,DS54bgrn
				
2026-09-18 11:51:08 [http-nio-8495-exec-9] INFO  com.vmfg.util.NotificationRequest -appdesigArrDS46DS10,DS11,DS12,DS42,DS46,DS54bgrn
				
2026-09-18 11:51:08 [http-nio-8495-exec-9] INFO  com.vmfg.util.NotificationRequest -appdesigArrDS54DS10,DS11,DS12,DS42,DS46,DS54bgrn
				
2026-09-18 11:51:08 [http-nio-8495-exec-9] INFO  com.vmfg.util.NotificationRequest -Actionparams
				
2026-09-18 11:51:08 [http-nio-8495-exec-10] INFO  c.v.g.c.NotificationGeneralController -getNotificationDetails   method Start
				
2026-09-18 11:51:08 [http-nio-8495-exec-5] INFO  c.v.d.c.IndentUploadController -getIndentDtlsByIndentId Controller  method Start
				
2026-09-18 11:51:08 [http-nio-8495-exec-8] INFO  c.v.d.c.IndentUploadController -getIndentHdrDtlsByProjectId Controller  method Start
				
2026-09-18 11:51:08 [http-nio-8495-exec-8] ERROR c.v.scm.dao.impl.IndentManagementDAO -indentVerCheck Method Exception ---> org.springframework.dao.EmptyResultDataAccessException: Incorrect result size: expected 1, actual 0
				
2026-09-18 11:51:08 [http-nio-8495-exec-8] INFO  c.v.d.c.IndentUploadController -getIndentHdrDtlsByProjectId Controller  method end
				
2026-09-18 11:51:08 [http-nio-8495-exec-1] INFO  c.v.g.c.NotificationGeneralController -getNotificationDetails   method Start
				
2026-09-18 11:51:08 [http-nio-8495-exec-5] INFO  c.v.d.c.IndentUploadController -getIndentDtlsByIndentId Controller  method end
				
2026-09-18 11:51:08 [http-nio-8495-exec-2] INFO  c.v.g.c.NotificationGeneralController -getNotificationDetails   method Start
				
2026-09-18 11:51:08 [http-nio-8495-exec-9] INFO  com.vmfg.util.NotificationRequest -Actionparams
				
2026-09-18 11:51:08 [http-nio-8495-exec-9] INFO  com.vmfg.util.NotificationRequest -Actionparams
				
2026-09-18 11:51:08 [http-nio-8495-exec-9] INFO  com.vmfg.util.NotificationRequest -Actionparams
				
2026-09-18 11:51:08 [http-nio-8495-exec-9] INFO  com.vmfg.util.NotificationRequest -Actionparams
				
2026-09-18 11:51:09 [http-nio-8495-exec-9] INFO  com.vmfg.util.NotificationRequest -Actionparams
				
2026-09-18 11:51:09 [http-nio-8495-exec-9] INFO  com.vmfg.util.NotificationRequest -Actionparams
				
2026-09-18 11:51:09 [http-nio-8495-exec-9] INFO  com.vmfg.util.NotificationRequest -Actionparams
				
2026-09-18 11:51:09 [http-nio-8495-exec-9] INFO  com.vmfg.util.NotificationRequest -Actionparams
				
2026-09-18 11:51:09 [http-nio-8495-exec-9] INFO  com.vmfg.util.NotificationRequest -Actionparams
				
2026-09-18 11:51:09 [http-nio-8495-exec-9] INFO  com.vmfg.util.NotificationRequest -Actionparams
				
2026-09-18 11:51:09 [http-nio-8495-exec-9] INFO  com.vmfg.util.NotificationRequest -notificationreq end
				
2026-09-18 11:51:09 [http-nio-8495-exec-9] INFO  com.vmfg.util.DocumentApprovalInsert -InsertDocApprovalDtls starts
				
2026-09-18 11:51:09 [http-nio-8495-exec-9] INFO  com.vmfg.util.DocumentApprovalInsert -DocumentApprovalInsert insertHdrId 55715
				
2026-09-18 11:51:09 [http-nio-8495-exec-9] INFO  com.vmfg.util.DocumentApprovalInsert -InsertDocApprovalDtls end
				
2026-09-18 11:51:09 [http-nio-8495-exec-6] INFO  c.v.g.c.NotificationGeneralController -getNotificationDetails   method Start
				
2026-09-18 11:51:10 [http-nio-8495-exec-4] INFO  c.v.d.c.IndentUploadController -getIndentHdrDtlsByProjectId Controller  method Start
				
2026-09-18 11:51:10 [http-nio-8495-exec-3] INFO  c.v.g.c.NotificationGeneralController -getNotificationDetails   method Start
				
2026-09-18 11:51:10 [http-nio-8495-exec-4] ERROR c.v.scm.dao.impl.IndentManagementDAO -indentVerCheck Method Exception ---> org.springframework.dao.EmptyResultDataAccessException: Incorrect result size: expected 1, actual 0
				
2026-09-18 11:51:10 [http-nio-8495-exec-4] INFO  c.v.d.c.IndentUploadController -getIndentHdrDtlsByProjectId Controller  method end
				
2026-09-18 11:51:10 [http-nio-8495-exec-8] INFO  c.v.g.c.NotificationGeneralController -getNotificationDetails   method Start
				
2026-09-18 11:51:12 [http-nio-8495-exec-5] ERROR com.vmfg.util.GetPropertyValue -getTenantPropertyVal Method Exception|||org.springframework.dao.EmptyResultDataAccessException: Incorrect result size: expected 1, actual 0
				
2026-09-18 11:51:12 [http-nio-8495-exec-5] ERROR com.vmfg.util.GetPropertyValue -getTenantPropertyValByTenantId Method Exception|||org.springframework.dao.EmptyResultDataAccessException: Incorrect result size: expected 1, actual 0
				
2026-09-18 11:51:12 [http-nio-8495-exec-5] INFO  com.vmfg.util.CommonBase64Class -CommonBase64Class getBasesBinary method Start
				
2026-09-18 11:51:12 [http-nio-8495-exec-5] ERROR com.vmfg.util.CommonBase64Class -CommonBase64Class getBasesBinary Method FileNotFoundException---->java.io.FileNotFoundException:  (No such file or directory)
				
2026-09-18 11:51:12 [http-nio-8495-exec-5] ERROR c.v.authentication.UserLoginService -getImageUrl DAO Method Exceptionjava.lang.NullPointerException
				
2026-09-18 11:51:24 [http-nio-8495-exec-10] INFO  com.vmfg.authentication.UserLoginDAO - getUserDtlForAuth DAO method Start
				
2026-09-18 11:51:24 [http-nio-8495-exec-10] INFO  com.vmfg.authentication.UserLoginDAO -getUserLoginInfo DAO method end
				
2026-09-18 11:51:24 [http-nio-8495-exec-6] INFO  c.v.g.c.NotificationGeneralController -getNotificationDetails   method Start
				
2026-09-18 11:51:24 [http-nio-8495-exec-7] INFO  c.v.g.c.NotificationGeneralController -getNotificationDetails   method Start
				
2026-09-18 11:51:24 [http-nio-8495-exec-4] INFO  c.v.g.c.NotificationGeneralController -getNotificationDetails   method Start
				
2026-09-18 11:51:25 [http-nio-8495-exec-8] INFO  c.v.g.services.impl.TileViewService -getSaleTileView  method start
				
2026-09-18 11:51:25 [http-nio-8495-exec-3] INFO  c.v.s.c.IndentManagementController -getIndentProjectDtlsByDate Controller  method Start
				
2026-09-18 11:51:25 [http-nio-8495-exec-5] INFO  c.v.s.c.IndentManagementController -getScmHdrBasedDtl   method Start
				
2026-09-18 11:51:25 [http-nio-8495-exec-3] INFO  c.v.s.c.IndentManagementController -getIndentProjectDtlsByDate Controller  method end
				
2026-09-18 11:51:25 [http-nio-8495-exec-10] INFO  c.v.g.c.NotificationGeneralController -getNotificationDetails   method Start
				
2026-09-18 11:51:27 [http-nio-8495-exec-5] INFO  c.v.s.c.IndentManagementController -getScmHdrBasedDtl  method end
				
2026-09-18 11:51:27 [http-nio-8495-exec-8] INFO  c.v.g.c.StageManagementController -getSCMTitleView   method end
				
2026-09-18 11:51:27 [http-nio-8495-exec-1] INFO  c.v.g.c.NotificationGeneralController -getNotificationDetails   method Start
				
2026-09-18 11:51:27 [http-nio-8495-exec-2] INFO  c.v.g.c.NotificationGeneralController -getNotificationDetails   method Start
				
2026-09-18 11:51:32 [http-nio-8495-exec-3] INFO  c.v.g.services.impl.TileViewService -getSaleTileView  method start
				
2026-09-18 11:51:32 [http-nio-8495-exec-9] INFO  c.v.s.c.IndentManagementController -getScmHdrBasedDtl   method Start
				
2026-09-18 11:51:32 [http-nio-8495-exec-9] INFO  c.v.s.c.IndentManagementController -getScmHdrBasedDtl  method end
				
2026-09-18 11:51:32 [http-nio-8495-exec-3] INFO  c.v.g.c.StageManagementController -getSCMTitleView   method end
				
2026-09-18 11:51:32 [http-nio-8495-exec-7] INFO  c.v.g.c.NotificationGeneralController -getNotificationDetails   method Start
				
2026-09-18 11:51:32 [http-nio-8495-exec-6] INFO  c.v.g.c.NotificationGeneralController -getNotificationDetails   method Start
				
2026-09-18 11:51:32 [http-nio-8495-exec-10] INFO  c.v.g.c.NotificationGeneralController -getNotificationDetails   method Start
				
2026-09-18 11:51:32 [http-nio-8495-exec-5] INFO  c.v.g.c.DepartmentAndEmployeeInfoController -getprocessAssignedTeam   method Start
				
2026-09-18 11:51:32 [http-nio-8495-exec-5] INFO  c.v.g.s.i.DepartmentAndEmployeeService -getprocessAssignedTeam  method start
				
2026-09-18 11:51:32 [http-nio-8495-exec-3] INFO  c.v.g.c.NotificationGeneralController -getNotificationDetails   method Start
				
2026-09-18 11:51:32 [http-nio-8495-exec-4] INFO  c.v.g.c.NotificationGeneralController -getNotificationDetails   method Start
				
2026-09-18 11:51:32 [http-nio-8495-exec-5] INFO  c.v.g.c.NotificationGeneralController -getNotificationDetails   method Start
				
2026-09-18 11:51:32 [http-nio-8495-exec-7] INFO  c.v.g.c.NotificationGeneralController -getNotificationDetails   method Start
				
2026-09-18 11:51:32 [http-nio-8495-exec-6] INFO  c.v.g.c.NotificationGeneralController -getNotificationDetails   method Start
				
2026-09-18 11:51:34 [http-nio-8495-exec-9] INFO  c.v.g.c.NotificationGeneralController -getNotificationDetails   method Start
				
2026-09-18 11:51:34 [http-nio-8495-exec-1] INFO  c.v.s.c.IndentManagementController -indentHdrDropDownByProjectCode Controller  method Start
				
2026-09-18 11:51:34 [http-nio-8495-exec-1] INFO  c.v.s.c.IndentManagementController -indentHdrDropDownByProjectCode Controller  method end
				
2026-09-18 11:51:34 [http-nio-8495-exec-10] INFO  c.v.g.c.NotificationGeneralController -getNotificationDetails   method Start
				
2026-09-18 11:51:34 [http-nio-8495-exec-4] INFO  c.v.g.c.NotificationGeneralController -getNotificationDetails   method Start
				
2026-09-18 11:51:34 [http-nio-8495-exec-3] INFO  c.v.s.c.IndentManagementController -indentHdrDropDownByProjectCode Controller  method Start
				
2026-09-18 11:51:34 [http-nio-8495-exec-6] INFO  c.v.p.controller.ProjectController -getCostFlowTypeByPmHdrId   method Start
				
2026-09-18 11:51:34 [http-nio-8495-exec-3] INFO  c.v.s.c.IndentManagementController -indentHdrDropDownByProjectCode Controller  method end
				
2026-09-18 11:51:34 [http-nio-8495-exec-8] INFO  c.v.g.c.NotificationGeneralController -getNotificationDetails   method Start
				
2026-09-18 11:51:34 [http-nio-8495-exec-1] INFO  c.v.g.c.NotificationGeneralController -getNotificationDetails   method Start
				
2026-09-18 11:51:34 [http-nio-8495-exec-7] INFO  c.v.s.c.IndentManagementController -getIndentHdrDtlsByIndentId Controller  method Start
				
2026-09-18 11:51:34 [http-nio-8495-exec-7] INFO  c.v.s.c.IndentManagementController -getIndentHdrDtlsByIndentId Controller  method end
				
2026-09-18 11:51:34 [http-nio-8495-exec-2] INFO  c.v.g.c.NotificationGeneralController -getNotificationDetails   method Start
				
2026-09-18 11:51:39 [http-nio-8495-exec-9] INFO  c.v.d.c.IndentUploadController -getIndentDtlsByIndentId Controller  method Start
				
2026-09-18 11:51:39 [http-nio-8495-exec-9] INFO  c.v.d.c.IndentUploadController -getIndentDtlsByIndentId Controller  method end
				
2026-09-18 11:51:39 [http-nio-8495-exec-10] INFO  c.v.g.c.NotificationGeneralController -getNotificationDetails   method Start
				
2026-09-18 11:51:41 [http-nio-8495-exec-4] INFO  com.vmfg.util.CommonNotifyMethod -InvokeNotificationMethod: 1 41 null bgrn [1111-M-90-B-12] [] 1 5 null DS10,DS11,DS12,DS42,DS46,DS13,DS14,DS15,DS54
				
2026-09-18 11:51:41 [http-nio-8495-exec-4] INFO  com.vmfg.util.NotificationRequest -notificationreq start
				
2026-09-18 11:51:41 [http-nio-8495-exec-4] INFO  com.vmfg.util.NotificationRequest -appdesigArrDS10DS10,DS11,DS12,DS42,DS46,DS13,DS14,DS15,DS54bgrn
				
2026-09-18 11:51:41 [http-nio-8495-exec-4] INFO  com.vmfg.util.NotificationRequest -appdesigArrDS11DS10,DS11,DS12,DS42,DS46,DS13,DS14,DS15,DS54bgrn
				
2026-09-18 11:51:41 [http-nio-8495-exec-4] INFO  com.vmfg.util.NotificationRequest -appdesigArrDS12DS10,DS11,DS12,DS42,DS46,DS13,DS14,DS15,DS54bgrn
				
2026-09-18 11:51:41 [http-nio-8495-exec-4] INFO  com.vmfg.util.NotificationRequest -appdesigArrDS42DS10,DS11,DS12,DS42,DS46,DS13,DS14,DS15,DS54bgrn
				
2026-09-18 11:51:41 [http-nio-8495-exec-4] INFO  com.vmfg.util.NotificationRequest -appdesigArrDS46DS10,DS11,DS12,DS42,DS46,DS13,DS14,DS15,DS54bgrn
				
2026-09-18 11:51:41 [http-nio-8495-exec-4] INFO  com.vmfg.util.NotificationRequest -appdesigArrDS13DS10,DS11,DS12,DS42,DS46,DS13,DS14,DS15,DS54bgrn
				
2026-09-18 11:51:41 [http-nio-8495-exec-4] INFO  com.vmfg.util.NotificationRequest -appdesigArrDS14DS10,DS11,DS12,DS42,DS46,DS13,DS14,DS15,DS54bgrn
				
2026-09-18 11:51:41 [http-nio-8495-exec-4] INFO  com.vmfg.util.NotificationRequest -appdesigArrDS15DS10,DS11,DS12,DS42,DS46,DS13,DS14,DS15,DS54bgrn
				
2026-09-18 11:51:41 [http-nio-8495-exec-4] INFO  com.vmfg.util.NotificationRequest -appdesigArrDS54DS10,DS11,DS12,DS42,DS46,DS13,DS14,DS15,DS54bgrn
				
2026-09-18 11:51:41 [http-nio-8495-exec-4] INFO  com.vmfg.util.NotificationRequest -Actionparams
				
2026-09-18 11:51:41 [http-nio-8495-exec-4] INFO  com.vmfg.util.NotificationRequest -Actionparams
				
2026-09-18 11:51:41 [http-nio-8495-exec-4] INFO  com.vmfg.util.NotificationRequest -Actionparams
				
2026-09-18 11:51:41 [http-nio-8495-exec-4] INFO  com.vmfg.util.NotificationRequest -Actionparams
				
2026-09-18 11:51:42 [http-nio-8495-exec-4] INFO  com.vmfg.util.NotificationRequest -Actionparams
				
2026-09-18 11:51:42 [http-nio-8495-exec-4] INFO  com.vmfg.util.NotificationRequest -Actionparams
				
2026-09-18 11:51:42 [http-nio-8495-exec-4] INFO  com.vmfg.util.NotificationRequest -Actionparams
				
2026-09-18 11:51:42 [http-nio-8495-exec-4] INFO  com.vmfg.util.NotificationRequest -Actionparams
				
2026-09-18 11:51:42 [http-nio-8495-exec-4] INFO  com.vmfg.util.NotificationRequest -Actionparams
				
2026-09-18 11:51:42 [http-nio-8495-exec-4] INFO  com.vmfg.util.NotificationRequest -Actionparams
				
2026-09-18 11:51:42 [http-nio-8495-exec-4] INFO  com.vmfg.util.NotificationRequest -Actionparams
				
2026-09-18 11:51:43 [http-nio-8495-exec-4] INFO  com.vmfg.util.NotificationRequest -Actionparams
				
2026-09-18 11:51:43 [http-nio-8495-exec-4] INFO  com.vmfg.util.NotificationRequest -Actionparams
				
2026-09-18 11:51:43 [http-nio-8495-exec-4] INFO  com.vmfg.util.NotificationRequest -Actionparams
				
2026-09-18 11:51:43 [http-nio-8495-exec-4] INFO  com.vmfg.util.NotificationRequest -Actionparams
				
2026-09-18 11:51:43 [http-nio-8495-exec-4] INFO  com.vmfg.util.NotificationRequest -Actionparams
				
2026-09-18 11:51:43 [http-nio-8495-exec-4] INFO  com.vmfg.util.NotificationRequest -Actionparams
				
2026-09-18 11:51:43 [http-nio-8495-exec-4] INFO  com.vmfg.util.NotificationRequest -Actionparams
				
2026-09-18 11:51:44 [http-nio-8495-exec-4] INFO  com.vmfg.util.NotificationRequest -Actionparams
				
2026-09-18 11:51:44 [http-nio-8495-exec-4] INFO  com.vmfg.util.NotificationRequest -Actionparams
				
2026-09-18 11:51:44 [http-nio-8495-exec-4] INFO  com.vmfg.util.NotificationRequest -Actionparams
				
2026-09-18 11:51:44 [http-nio-8495-exec-4] INFO  com.vmfg.util.NotificationRequest -notificationreq end
				
2026-09-18 11:51:44 [http-nio-8495-exec-4] INFO  com.vmfg.util.DocumentApprovalInsert -InsertDocApprovalDtls starts
				
2026-09-18 11:51:44 [http-nio-8495-exec-4] INFO  com.vmfg.util.DocumentApprovalInsert -DocumentApprovalInsert insertHdrId 55715
				
2026-09-18 11:51:44 [http-nio-8495-exec-4] INFO  com.vmfg.util.DocumentApprovalInsert -InsertDocApprovalDtls end
				
2026-09-18 11:51:44 [http-nio-8495-exec-5] INFO  c.v.g.c.NotificationGeneralController -getNotificationDetails   method Start
				
2026-09-18 11:51:44 [http-nio-8495-exec-6] INFO  c.v.s.c.IndentManagementController -getIndentHdrDtlsByIndentId Controller  method Start
				
2026-09-18 11:51:44 [http-nio-8495-exec-6] INFO  c.v.s.c.IndentManagementController -getIndentHdrDtlsByIndentId Controller  method end
				
2026-09-18 11:51:44 [http-nio-8495-exec-3] INFO  c.v.g.c.NotificationGeneralController -getNotificationDetails   method Start
				
2026-09-18 11:51:48 [http-nio-8495-exec-7] INFO  c.v.d.c.IndentUploadController -getIndentDtlsByIndentId Controller  method Start
				
2026-09-18 11:51:48 [http-nio-8495-exec-7] INFO  c.v.d.c.IndentUploadController -getIndentDtlsByIndentId Controller  method end
				
2026-09-18 11:51:48 [http-nio-8495-exec-8] INFO  c.v.g.c.NotificationGeneralController -getNotificationDetails   method Start
				
2026-09-18 11:51:50 [http-nio-8495-exec-1] INFO  com.vmfg.util.CommonNotifyMethod -InvokeNotificationMethod: 1 41 null bgrn [1111-M-90-B-12] [] 1 5 null DS34
				
2026-09-18 11:51:50 [http-nio-8495-exec-1] INFO  com.vmfg.util.NotificationRequest -notificationreq start
				
2026-09-18 11:51:50 [http-nio-8495-exec-1] INFO  com.vmfg.util.NotificationRequest -appdesigArrDS34DS34bgrn
				
2026-09-18 11:51:50 [http-nio-8495-exec-1] INFO  com.vmfg.util.NotificationRequest -notificationreq end
				
2026-09-18 11:51:50 [http-nio-8495-exec-1] INFO  com.vmfg.util.DocumentApprovalInsert -InsertDocApprovalDtls starts
				
2026-09-18 11:51:50 [http-nio-8495-exec-1] INFO  com.vmfg.util.DocumentApprovalInsert -DocumentApprovalInsert insertHdrId 55715
				
2026-09-18 11:51:50 [http-nio-8495-exec-1] ERROR com.vmfg.util.DocumentApprovalInsert -DocumentApprovalInsert error org.springframework.dao.EmptyResultDataAccessException: Incorrect result size: expected 1, actual 0
				
2026-09-18 11:51:50 [http-nio-8495-exec-1] INFO  com.vmfg.util.DocumentApprovalInsert -InsertDocApprovalDtls end
				
2026-09-18 11:51:50 [http-nio-8495-exec-2] INFO  c.v.g.c.NotificationGeneralController -getNotificationDetails   method Start
				
2026-09-18 11:51:51 [http-nio-8495-exec-9] INFO  c.v.s.c.IndentManagementController -getIndentHdrDtlsByIndentId Controller  method Start
				
2026-09-18 11:51:51 [http-nio-8495-exec-9] INFO  c.v.s.c.IndentManagementController -getIndentHdrDtlsByIndentId Controller  method end
				
2026-09-18 11:51:51 [http-nio-8495-exec-10] INFO  c.v.g.c.NotificationGeneralController -getNotificationDetails   method Start
				
2026-09-18 11:51:56 [http-nio-8495-exec-6] INFO  c.v.s.c.IndentManagementController -indentHdrDropDownByProjectCode Controller  method Start
				
2026-09-18 11:51:56 [http-nio-8495-exec-6] INFO  c.v.s.c.IndentManagementController -indentHdrDropDownByProjectCode Controller  method end
				
2026-09-18 11:51:56 [http-nio-8495-exec-5] INFO  c.v.g.c.NotificationGeneralController -getNotificationDetails   method Start
				
2026-09-18 11:51:56 [http-nio-8495-exec-3] INFO  c.v.g.c.NotificationGeneralController -getNotificationDetails   method Start
				
2026-09-18 11:51:57 [http-nio-8495-exec-7] INFO  c.v.s.c.IndentManagementController -getIndentProjectDtlsByDate Controller  method Start
				
2026-09-18 11:51:57 [http-nio-8495-exec-8] INFO  c.v.p.controller.ProjectController -getCostFlowTypeByPmHdrId   method Start
				
2026-09-18 11:51:57 [http-nio-8495-exec-1] INFO  c.v.g.c.NotificationGeneralController -getNotificationDetails   method Start
				
2026-09-18 11:51:57 [http-nio-8495-exec-7] INFO  c.v.s.c.IndentManagementController -getIndentProjectDtlsByDate Controller  method end
				
2026-09-18 11:51:57 [http-nio-8495-exec-9] INFO  c.v.g.c.NotificationGeneralController -getNotificationDetails   method Start
				
2026-09-18 11:51:57 [http-nio-8495-exec-2] INFO  c.v.s.c.IndentManagementController -getStationsForGrouping Controller  method Start
				
2026-09-18 11:51:57 [http-nio-8495-exec-2] INFO  c.v.s.c.IndentManagementController -getStationsForGrouping Controller  method end
				
2026-09-18 11:51:57 [http-nio-8495-exec-10] INFO  c.v.g.c.NotificationGeneralController -getNotificationDetails   method Start
				
2026-09-18 11:52:11 [http-nio-8495-exec-6] INFO  c.v.s.c.IndentManagementController -getIndentGrpNewProdByStation Controller  method Start
				
2026-09-18 11:52:11 [http-nio-8495-exec-6] INFO  c.v.s.c.IndentManagementController -getIndentGrpNewProdByStation Controller  method end
				
2026-09-18 11:52:11 [http-nio-8495-exec-4] INFO  c.v.g.c.NotificationGeneralController -getNotificationDetails   method Start
				
2026-09-18 11:52:29 [http-nio-8495-exec-3] INFO  c.v.g.c.NotificationGeneralController -getNotificationDetails   method Start
				
2026-09-18 11:52:29 [http-nio-8495-exec-7] INFO  c.v.g.c.NotificationGeneralController -getNotificationDetails   method Start
				
2026-09-18 11:52:49 [http-nio-8495-exec-6] INFO  c.v.m.controller.VendorController -getApprVendorDtls method Start
				
2026-09-18 11:52:49 [http-nio-8495-exec-10] ERROR com.vmfg.scm.dao.impl.IndentGroupDAO -getScsIdByIndentId Method Exception --->org.springframework.dao.EmptyResultDataAccessException: Incorrect result size: expected 1, actual 0
				
2026-09-18 11:52:49 [http-nio-8495-exec-10] ERROR com.vmfg.scm.dao.impl.IndentGroupDAO -getScsIdByIndentId Method Exception --->org.springframework.dao.EmptyResultDataAccessException: Incorrect result size: expected 1, actual 0
				
2026-09-18 11:52:49 [http-nio-8495-exec-4] INFO  c.v.g.c.NotificationGeneralController -getNotificationDetails   method Start
				
2026-09-18 11:52:49 [http-nio-8495-exec-10] INFO  c.v.g.c.NotificationGeneralController -getNotificationDetails   method Start
				
2026-09-18 11:52:49 [http-nio-8495-exec-8] INFO  c.v.g.c.NotificationGeneralController -getNotificationDetails   method Start
				
2026-09-18 11:52:50 [http-nio-8495-exec-7] INFO  c.v.g.c.NotificationGeneralController -getNotificationDetails   method Start
				
2026-09-18 15:17:12 [background-preinit] INFO  o.h.validator.internal.util.Version -HV000001: Hibernate Validator 6.2.3.Final
				
2026-09-18 15:17:14 [restartedMain] INFO  o.s.boot.SpringApplication -

                                ooooooo &&&&&&&&                              
                              oo     oo &.     &                              
                    ooooooo  oo      oo &:     &&                             
                 oo        oooo      oo &&       *&&&&  &&&&&&                
               oo            oo      oo &&                    &&&             
              oo                     oo &&&&&                  &o             
              oo                     oo &&     &&&&&           &              
              oo           ooo       oo &&           &&&       &&             
           ooooo           o:        oo &&              &        &&           
       ooo     *oo       oo          oo &&                        &&&&&&&     
     oo           ooooooo            oo &&                              &&    
    o&                                      &&&&*       &&               &&   
   oo                                            &&       &&              &&  
   o     ooooo                  @     @@    @@     &&:     &&           &&    
  oo ooo       ooo          @@@@@@@@@@@@@@@@@@@@@    &&     &&         &&     
  ooo            oo         @@ @@@ @@@@@@@@@@@  @     &&     &&         &     
  oo               o      @@@@ @@@ @@@@@@@@@@@  @@@    &&     &         &&    
  o&               oo       @@ @@@ @@@@@@@@@@@  @       &     &         &&    
  oo               oo       @@ @@ @ @@@@        @       &&                &&& 
  oo                      @@@@ @@@@@@@@@@@@@@@  @@@:    &&                  &&
  oo                        @@ @@@@@@@@@@@ @@@  @       &&        o&        &&
   o                        @@ @@@@@ @@@  @@@@  @       &         &&        &.
   oo                     @@@@ @@@ @@@@@@@@@@@  @@@@   &          &    .&&&&  
    o         oooo          @@                  @     &.         &&    &&     
    oo    ooo      &oo          @     @@    @@      &&          &&    &&      
     oo oo            oo        @     @     @@    &&           &&    &&       
      ooo              oo                      &&&           &&      &&       
         oooooooo       oo           oo &&&&&&              &&         &      
              oo        oo           oo &&         &      &&           &&     
              o        :o            oo &&  .&&&&&     &&.           &&       
              o       oo             oo &&                    &&&&&&&&        
              oo    ooo              oo &&                  &&                
                oo                   oo &&                &&                  
                  oo        oooo     oo &&                &                   
                     ooooooo  &o     oo &&      &&&       &                   
                                oo   oo && :&&&   .&& &&&*                    
                                   &ooo &&&                                   

==============================================
SmartRun Product by SmartRun Tech. All rights reserved.
==============================================
Application Version : 2.6.7
Application Title : SmartRun MES
Contact : support@smartruntech.com
==============================================

				
2026-09-18 15:17:14 [restartedMain] INFO  com.vmfg.VMFGApplication -Starting VMFGApplication using Java 1.8.0_482 on Peachs-Mac-mini.local with PID 6880 (/Users/peach/Spring_Boot_Projects/bgr/OneDrive_1_4-15-2026/BGR-SOURCE_CODE-sandbox/SmartRun_ProjectManagement_Java/SR_Management/target/classes started by peach in /Users/peach/Spring_Boot_Projects/bgr/OneDrive_1_4-15-2026/BGR-SOURCE_CODE-sandbox/SmartRun_ProjectManagement_Java/SR_Management)
				
2026-09-18 15:17:14 [restartedMain] INFO  com.vmfg.VMFGApplication -The following 1 profile is active: "dev"
				
2026-09-18 15:17:14 [restartedMain] INFO  o.s.b.d.e.DevToolsPropertyDefaultsPostProcessor -Devtools property defaults active! Set 'spring.devtools.add-properties' to 'false' to disable
				
2026-09-18 15:17:14 [restartedMain] INFO  o.s.b.d.e.DevToolsPropertyDefaultsPostProcessor -For additional web related logging consider setting the 'logging.level.web' property to 'DEBUG'
				
2026-09-18 15:17:16 [restartedMain] INFO  o.s.d.r.c.RepositoryConfigurationDelegate -Bootstrapping Spring Data JDBC repositories in DEFAULT mode.
				
2026-09-18 15:17:16 [restartedMain] INFO  o.s.d.r.c.RepositoryConfigurationDelegate -Finished Spring Data repository scanning in 84 ms. Found 0 JDBC repository interfaces.
				
2026-09-18 15:17:18 [restartedMain] INFO  o.s.b.w.e.tomcat.TomcatWebServer -Tomcat initialized with port(s): 8495 (http)
				
2026-09-18 15:17:18 [restartedMain] INFO  o.a.coyote.http11.Http11NioProtocol -Initializing ProtocolHandler ["http-nio-8495"]
				
2026-09-18 15:17:18 [restartedMain] INFO  o.a.catalina.core.StandardService -Starting service [Tomcat]
				
2026-09-18 15:17:18 [restartedMain] INFO  o.a.catalina.core.StandardEngine -Starting Servlet engine: [Apache Tomcat/9.0.63]
				
2026-09-18 15:17:18 [restartedMain] INFO  o.a.c.c.C.[.[localhost].[/smartrun] -Initializing Spring embedded WebApplicationContext
				
2026-09-18 15:17:18 [restartedMain] INFO  o.s.b.w.s.c.ServletWebServerApplicationContext -Root WebApplicationContext: initialization completed in 3580 ms
				
2026-09-18 15:17:21 [restartedMain] INFO  s.d.s.w.PropertySourcedRequestMappingHandlerMapping -Mapped URL path [/v2/api-docs] onto method [springfox.documentation.swagger2.web.Swagger2Controller#getDocumentation(String, HttpServletRequest)]
				
2026-09-18 15:17:21 [restartedMain] INFO  o.s.s.web.DefaultSecurityFilterChain -Will secure any request with [org.springframework.security.web.session.DisableEncodeUrlFilter@5e7981e5, org.springframework.security.web.context.request.async.WebAsyncManagerIntegrationFilter@707cd35c, org.springframework.security.web.context.SecurityContextPersistenceFilter@22df8ae3, org.springframework.security.web.header.HeaderWriterFilter@3b4b85d1, org.springframework.web.filter.CorsFilter@984b25b, org.springframework.security.web.authentication.logout.LogoutFilter@7424735f, com.vmfg.security.config.JwtRequestFilter@1e18fb06, org.springframework.security.web.savedrequest.RequestCacheAwareFilter@66dbf0f4, org.springframework.security.web.servletapi.SecurityContextHolderAwareRequestFilter@7d5f46b5, org.springframework.security.web.authentication.AnonymousAuthenticationFilter@dbf1ff, org.springframework.security.web.session.SessionManagementFilter@110449bb, org.springframework.security.web.access.ExceptionTranslationFilter@2bb8fa20, org.springframework.security.web.access.intercept.FilterSecurityInterceptor@9ac919]
				
2026-09-18 15:17:21 [restartedMain] INFO  o.s.b.d.a.OptionalLiveReloadServer -LiveReload server is running on port 35729
				
2026-09-18 15:17:22 [restartedMain] INFO  com.zaxxer.hikari.HikariDataSource -HikariPool-1 - Starting...
				
2026-09-18 15:17:22 [restartedMain] INFO  com.zaxxer.hikari.HikariDataSource -HikariPool-1 - Start completed.
				
2026-09-18 15:17:22 [restartedMain] INFO  o.a.coyote.http11.Http11NioProtocol -Starting ProtocolHandler ["http-nio-8495"]
				
2026-09-18 15:17:22 [restartedMain] INFO  o.s.b.w.e.tomcat.TomcatWebServer -Tomcat started on port(s): 8495 (http) with context path '/smartrun'
				
2026-09-18 15:17:23 [restartedMain] INFO  s.d.s.w.p.DocumentationPluginsBootstrapper -Context refreshed
				
2026-09-18 15:17:23 [restartedMain] INFO  s.d.s.w.p.DocumentationPluginsBootstrapper -Found 1 custom documentation plugin(s)
				
2026-09-18 15:17:23 [restartedMain] INFO  s.d.s.w.s.ApiListingReferenceScanner -Scanning for api listing references
				
2026-09-18 15:17:24 [restartedMain] INFO  s.d.s.w.r.o.CachingOperationNameGenerator -Generating unique operation named: insertOrUpdateSalesBudgetSheetHdrAndDtlUsingPOST_1
				
2026-09-18 15:17:24 [restartedMain] INFO  s.d.s.w.r.o.CachingOperationNameGenerator -Generating unique operation named: getVendorDetailHdrViewUsingPOST_1
				
2026-09-18 15:17:24 [restartedMain] INFO  s.d.s.w.r.o.CachingOperationNameGenerator -Generating unique operation named: updateUserRoleMappingUsingPOST_1
				
2026-09-18 15:17:24 [restartedMain] INFO  com.vmfg.VMFGApplication -Started VMFGApplication in 12.553 seconds (JVM running for 13.419)
				
2026-09-18 15:17:24 [main] ERROR com.vmfg.VMFGApplication -SmartRun Application Start Exception--->org.springframework.boot.devtools.restart.SilentExitExceptionHandler$SilentExitException
				
2026-09-18 15:17:48 [http-nio-8495-exec-1] INFO  o.a.c.c.C.[.[localhost].[/smartrun] -Initializing Spring DispatcherServlet 'dispatcherServlet'
				
2026-09-18 15:17:48 [http-nio-8495-exec-1] INFO  o.s.web.servlet.DispatcherServlet -Initializing Servlet 'dispatcherServlet'
				
2026-09-18 15:17:48 [http-nio-8495-exec-1] INFO  o.s.web.servlet.DispatcherServlet -Completed initialization in 5 ms
				
2026-09-18 15:17:48 [http-nio-8495-exec-1] ERROR com.vmfg.util.GetPropertyValue -getTenantPropertyVal Method Exception|||org.springframework.dao.EmptyResultDataAccessException: Incorrect result size: expected 1, actual 0
				
2026-09-18 15:17:48 [http-nio-8495-exec-1] ERROR com.vmfg.util.GetPropertyValue -getTenantPropertyValByTenantId Method Exception|||org.springframework.dao.EmptyResultDataAccessException: Incorrect result size: expected 1, actual 0
				
2026-09-18 15:17:48 [http-nio-8495-exec-1] INFO  com.vmfg.util.CommonBase64Class -CommonBase64Class getBasesBinary method Start
				
2026-09-18 15:17:48 [http-nio-8495-exec-1] ERROR com.vmfg.util.CommonBase64Class -CommonBase64Class getBasesBinary Method FileNotFoundException---->java.io.FileNotFoundException:  (No such file or directory)
				
2026-09-18 15:17:48 [http-nio-8495-exec-1] ERROR c.v.authentication.UserLoginService -getImageUrl DAO Method Exceptionjava.lang.NullPointerException
				
2026-09-18 15:18:04 [http-nio-8495-exec-3] INFO  com.vmfg.authentication.UserLoginDAO - getUserDtlForAuth DAO method Start
				
2026-09-18 15:18:04 [http-nio-8495-exec-3] INFO  com.vmfg.authentication.UserLoginDAO -getUserLoginInfo DAO method end
				
2026-09-18 15:18:04 [http-nio-8495-exec-3] INFO  c.v.g.c.NotificationGeneralController -getNotificationDetails   method Start
				
2026-09-18 15:18:04 [http-nio-8495-exec-1] INFO  c.v.g.c.NotificationGeneralController -getNotificationDetails   method Start
				
2026-09-18 15:18:04 [http-nio-8495-exec-2] INFO  c.v.g.c.NotificationGeneralController -getNotificationDetails   method Start
				
2026-09-18 15:18:05 [http-nio-8495-exec-6] INFO  c.v.s.c.IndentManagementController -getIndentProjectDtlsByDate Controller  method Start
				
2026-09-18 15:18:05 [http-nio-8495-exec-7] INFO  c.v.s.c.IndentManagementController -getScmHdrBasedDtl   method Start
				
2026-09-18 15:18:05 [http-nio-8495-exec-8] INFO  c.v.g.services.impl.TileViewService -getSaleTileView  method start
				
2026-09-18 15:18:05 [http-nio-8495-exec-6] INFO  c.v.s.c.IndentManagementController -getIndentProjectDtlsByDate Controller  method end
				
2026-09-18 15:18:05 [http-nio-8495-exec-9] INFO  c.v.g.c.NotificationGeneralController -getNotificationDetails   method Start
				
2026-09-18 15:18:08 [http-nio-8495-exec-7] INFO  c.v.s.c.IndentManagementController -getScmHdrBasedDtl  method end
				
2026-09-18 15:18:08 [http-nio-8495-exec-8] INFO  c.v.g.c.StageManagementController -getSCMTitleView   method end
				
2026-09-18 15:18:08 [http-nio-8495-exec-10] INFO  c.v.g.c.NotificationGeneralController -getNotificationDetails   method Start
				
2026-09-18 15:18:08 [http-nio-8495-exec-4] INFO  c.v.g.c.NotificationGeneralController -getNotificationDetails   method Start
				
2026-09-18 15:25:05 [http-nio-8495-exec-4] INFO  c.v.s.c.IndentManagementController -getIndentProjectDtlsByDate Controller  method Start
				
2026-09-18 15:25:05 [http-nio-8495-exec-4] INFO  c.v.s.c.IndentManagementController -getIndentProjectDtlsByDate Controller  method end
				
2026-09-18 15:25:06 [http-nio-8495-exec-7] INFO  c.v.m.c.QualityMisController -getVendorByCatAndType Controller  method Start
				
2026-09-18 15:25:06 [http-nio-8495-exec-9] INFO  c.v.m.controller.VendorController -getApprVendorDtls method Start
				
2026-09-18 15:25:06 [http-nio-8495-exec-1] INFO  c.v.m.c.ManagementMisController -getVendorDetailHdrView  method Start
				
2026-09-18 15:25:06 [http-nio-8495-exec-2] INFO  c.v.m.c.ManagementMisController -getVendorPaymentDetails  method Start
				
2026-09-18 15:25:06 [http-nio-8495-exec-2] INFO  c.v.g.c.NotificationGeneralController -getNotificationDetails   method Start
				
2026-09-18 15:25:06 [http-nio-8495-exec-1] INFO  c.v.m.c.ManagementMisController -getVendorDetailDrillDown  method Start
				
2026-09-18 15:25:06 [http-nio-8495-exec-4] INFO  c.v.g.c.NotificationGeneralController -getNotificationDetails   method Start
				
2026-09-18 15:25:06 [http-nio-8495-exec-7] INFO  c.v.g.c.NotificationGeneralController -getNotificationDetails   method Start
				
2026-09-18 15:25:06 [http-nio-8495-exec-10] INFO  c.v.g.c.NotificationGeneralController -getNotificationDetails   method Start
				
2026-09-18 15:25:06 [http-nio-8495-exec-8] INFO  c.v.g.c.NotificationGeneralController -getNotificationDetails   method Start
				
2026-09-18 15:25:07 [http-nio-8495-exec-5] INFO  c.v.g.c.NotificationGeneralController -getNotificationDetails   method Start
				
2026-09-18 15:25:07 [http-nio-8495-exec-1] INFO  c.v.g.c.NotificationGeneralController -getNotificationDetails   method Start
				
2026-09-18 15:25:07 [http-nio-8495-exec-6] INFO  c.v.g.c.NotificationGeneralController -getNotificationDetails   method Start
				
2026-09-18 15:25:07 [http-nio-8495-exec-9] INFO  c.v.g.c.NotificationGeneralController -getNotificationDetails   method Start
				
2026-09-18 15:25:07 [http-nio-8495-exec-4] INFO  c.v.g.c.NotificationGeneralController -getNotificationDetails   method Start
				
2026-09-18 15:25:07 [http-nio-8495-exec-2] INFO  c.v.g.c.NotificationGeneralController -getNotificationDetails   method Start
				
2026-09-18 15:25:07 [http-nio-8495-exec-9] INFO  c.v.g.c.NotificationGeneralController -getNotificationDetails   method Start
				
2026-09-18 15:25:12 [http-nio-8495-exec-10] INFO  c.v.g.c.NotificationGeneralController -getNotificationDetails   method Start
				
2026-09-18 15:25:21 [http-nio-8495-exec-5] INFO  c.v.m.c.QualityMisController -getVendorByCatAndType Controller  method Start
				
2026-09-18 15:25:21 [http-nio-8495-exec-6] INFO  c.v.s.c.IndentManagementController -getIndentProjectDtlsByDate Controller  method Start
				
2026-09-18 15:25:21 [http-nio-8495-exec-6] INFO  c.v.s.c.IndentManagementController -getIndentProjectDtlsByDate Controller  method end
				
2026-09-18 15:25:21 [http-nio-8495-exec-2] INFO  c.v.m.controller.VendorController -getApprVendorDtls method Start
				
2026-09-18 15:25:21 [http-nio-8495-exec-5] INFO  c.v.m.c.ManagementMisController -getVendorDetailHdrView  method Start
				
2026-09-18 15:25:21 [http-nio-8495-exec-9] INFO  c.v.m.c.ManagementMisController -getVendorPaymentDetails  method Start
				
2026-09-18 15:25:21 [http-nio-8495-exec-3] INFO  c.v.m.c.ManagementMisController -getVendorDetailDrillDown  method Start
				
2026-09-18 15:25:21 [http-nio-8495-exec-10] INFO  c.v.g.c.NotificationGeneralController -getNotificationDetails   method Start
				
2026-09-18 15:25:21 [http-nio-8495-exec-1] ERROR com.vmfg.mis.dao.impl.ScmMisDAO -getInventoryAgeing  method exception-->java.lang.NullPointerException
				
2026-09-18 15:25:21 [http-nio-8495-exec-1] INFO  c.v.g.c.NotificationGeneralController -getNotificationDetails   method Start
				
2026-09-18 15:25:21 [http-nio-8495-exec-6] INFO  c.v.g.c.NotificationGeneralController -getNotificationDetails   method Start
				
2026-09-18 15:25:21 [http-nio-8495-exec-4] INFO  c.v.g.c.NotificationGeneralController -getNotificationDetails   method Start
				
2026-09-18 15:25:21 [http-nio-8495-exec-5] INFO  c.v.g.c.NotificationGeneralController -getNotificationDetails   method Start
				
2026-09-18 15:25:22 [http-nio-8495-exec-1] INFO  c.v.g.c.NotificationGeneralController -getNotificationDetails   method Start
				
2026-09-18 15:25:22 [http-nio-8495-exec-9] INFO  c.v.g.c.NotificationGeneralController -getNotificationDetails   method Start
				
2026-09-18 15:25:22 [http-nio-8495-exec-6] INFO  c.v.g.c.NotificationGeneralController -getNotificationDetails   method Start
				
2026-09-18 15:25:22 [http-nio-8495-exec-3] INFO  c.v.g.c.NotificationGeneralController -getNotificationDetails   method Start
				
2026-09-18 15:25:22 [http-nio-8495-exec-8] INFO  c.v.g.c.NotificationGeneralController -getNotificationDetails   method Start
				
2026-09-18 15:25:22 [http-nio-8495-exec-6] INFO  c.v.g.c.NotificationGeneralController -getNotificationDetails   method Start
				
2026-09-18 15:25:26 [http-nio-8495-exec-2] INFO  c.v.g.c.NotificationGeneralController -getNotificationDetails   method Start
				
2026-09-18 15:25:30 [http-nio-8495-exec-4] INFO  c.v.m.controller.DrillDownController -getNumberOfPoDrill  method Start
				
2026-09-18 15:25:30 [http-nio-8495-exec-5] INFO  c.v.g.c.NotificationGeneralController -getNotificationDetails   method Start
				
2026-09-18 15:25:52 [http-nio-8495-exec-9] INFO  c.v.m.controller.DrillDownController -getNumberOfPoDrill  method Start
				
2026-09-18 15:25:52 [http-nio-8495-exec-1] INFO  c.v.g.c.NotificationGeneralController -getNotificationDetails   method Start
				
2026-09-18 15:27:16 [http-nio-8495-exec-4] INFO  c.v.m.controller.DrillDownController -getNumberOfPoDrill  method Start
				
2026-09-18 15:27:17 [http-nio-8495-exec-5] INFO  c.v.g.c.NotificationGeneralController -getNotificationDetails   method Start
				
2026-09-18 15:30:52 [http-nio-8495-exec-1] INFO  c.v.m.controller.DrillDownController -getIndentByNotAvailablePO  method Start
				
2026-09-18 15:30:52 [http-nio-8495-exec-1] ERROR com.vmfg.mis.dao.impl.DrillDownDAO -No matching records found for the given indentDtlIds and tenantId.
				
2026-09-18 15:30:52 [http-nio-8495-exec-6] INFO  c.v.g.c.NotificationGeneralController -getNotificationDetails   method Start
				
2026-09-18 15:33:44 [SpringApplicationShutdownHook] INFO  com.zaxxer.hikari.HikariDataSource -HikariPool-1 - Shutdown initiated...
				
2026-09-18 15:33:44 [SpringApplicationShutdownHook] INFO  com.zaxxer.hikari.HikariDataSource -HikariPool-1 - Shutdown completed.
				
2026-09-18 15:34:06 [background-preinit] INFO  o.h.validator.internal.util.Version -HV000001: Hibernate Validator 6.2.3.Final
				
2026-09-18 15:34:07 [restartedMain] INFO  o.s.boot.SpringApplication -

                                ooooooo &&&&&&&&                              
                              oo     oo &.     &                              
                    ooooooo  oo      oo &:     &&                             
                 oo        oooo      oo &&       *&&&&  &&&&&&                
               oo            oo      oo &&                    &&&             
              oo                     oo &&&&&                  &o             
              oo                     oo &&     &&&&&           &              
              oo           ooo       oo &&           &&&       &&             
           ooooo           o:        oo &&              &        &&           
       ooo     *oo       oo          oo &&                        &&&&&&&     
     oo           ooooooo            oo &&                              &&    
    o&                                      &&&&*       &&               &&   
   oo                                            &&       &&              &&  
   o     ooooo                  @     @@    @@     &&:     &&           &&    
  oo ooo       ooo          @@@@@@@@@@@@@@@@@@@@@    &&     &&         &&     
  ooo            oo         @@ @@@ @@@@@@@@@@@  @     &&     &&         &     
  oo               o      @@@@ @@@ @@@@@@@@@@@  @@@    &&     &         &&    
  o&               oo       @@ @@@ @@@@@@@@@@@  @       &     &         &&    
  oo               oo       @@ @@ @ @@@@        @       &&                &&& 
  oo                      @@@@ @@@@@@@@@@@@@@@  @@@:    &&                  &&
  oo                        @@ @@@@@@@@@@@ @@@  @       &&        o&        &&
   o                        @@ @@@@@ @@@  @@@@  @       &         &&        &.
   oo                     @@@@ @@@ @@@@@@@@@@@  @@@@   &          &    .&&&&  
    o         oooo          @@                  @     &.         &&    &&     
    oo    ooo      &oo          @     @@    @@      &&          &&    &&      
     oo oo            oo        @     @     @@    &&           &&    &&       
      ooo              oo                      &&&           &&      &&       
         oooooooo       oo           oo &&&&&&              &&         &      
              oo        oo           oo &&         &      &&           &&     
              o        :o            oo &&  .&&&&&     &&.           &&       
              o       oo             oo &&                    &&&&&&&&        
              oo    ooo              oo &&                  &&                
                oo                   oo &&                &&                  
                  oo        oooo     oo &&                &                   
                     ooooooo  &o     oo &&      &&&       &                   
                                oo   oo && :&&&   .&& &&&*                    
                                   &ooo &&&                                   

==============================================
SmartRun Product by SmartRun Tech. All rights reserved.
==============================================
Application Version : 2.6.7
Application Title : SmartRun MES
Contact : support@smartruntech.com
==============================================

				
2026-09-18 15:34:07 [restartedMain] INFO  com.vmfg.VMFGApplication -Starting VMFGApplication using Java 1.8.0_482 on Peachs-Mac-mini.local with PID 7389 (/Users/peach/Spring_Boot_Projects/bgr/OneDrive_1_4-15-2026/BGR-SOURCE_CODE-sandbox/SmartRun_ProjectManagement_Java/SR_Management/target/classes started by peach in /Users/peach/Spring_Boot_Projects/bgr/OneDrive_1_4-15-2026/BGR-SOURCE_CODE-sandbox/SmartRun_ProjectManagement_Java/SR_Management)
				
2026-09-18 15:34:07 [restartedMain] INFO  com.vmfg.VMFGApplication -The following 1 profile is active: "dev"
				
2026-09-18 15:34:07 [restartedMain] INFO  o.s.b.d.e.DevToolsPropertyDefaultsPostProcessor -Devtools property defaults active! Set 'spring.devtools.add-properties' to 'false' to disable
				
2026-09-18 15:34:07 [restartedMain] INFO  o.s.b.d.e.DevToolsPropertyDefaultsPostProcessor -For additional web related logging consider setting the 'logging.level.web' property to 'DEBUG'
				
2026-09-18 15:34:09 [restartedMain] INFO  o.s.d.r.c.RepositoryConfigurationDelegate -Bootstrapping Spring Data JDBC repositories in DEFAULT mode.
				
2026-09-18 15:34:09 [restartedMain] INFO  o.s.d.r.c.RepositoryConfigurationDelegate -Finished Spring Data repository scanning in 98 ms. Found 0 JDBC repository interfaces.
				
2026-09-18 15:34:10 [restartedMain] INFO  o.s.b.w.e.tomcat.TomcatWebServer -Tomcat initialized with port(s): 8495 (http)
				
2026-09-18 15:34:10 [restartedMain] INFO  o.a.coyote.http11.Http11NioProtocol -Initializing ProtocolHandler ["http-nio-8495"]
				
2026-09-18 15:34:10 [restartedMain] INFO  o.a.catalina.core.StandardService -Starting service [Tomcat]
				
2026-09-18 15:34:10 [restartedMain] INFO  o.a.catalina.core.StandardEngine -Starting Servlet engine: [Apache Tomcat/9.0.63]
				
2026-09-18 15:34:11 [restartedMain] INFO  o.a.c.c.C.[.[localhost].[/smartrun] -Initializing Spring embedded WebApplicationContext
				
2026-09-18 15:34:11 [restartedMain] INFO  o.s.b.w.s.c.ServletWebServerApplicationContext -Root WebApplicationContext: initialization completed in 3493 ms
				
2026-09-18 15:34:14 [restartedMain] INFO  s.d.s.w.PropertySourcedRequestMappingHandlerMapping -Mapped URL path [/v2/api-docs] onto method [springfox.documentation.swagger2.web.Swagger2Controller#getDocumentation(String, HttpServletRequest)]
				
2026-09-18 15:34:14 [restartedMain] INFO  o.s.s.web.DefaultSecurityFilterChain -Will secure any request with [org.springframework.security.web.session.DisableEncodeUrlFilter@98a6952, org.springframework.security.web.context.request.async.WebAsyncManagerIntegrationFilter@1ef4d95a, org.springframework.security.web.context.SecurityContextPersistenceFilter@61a5f0b, org.springframework.security.web.header.HeaderWriterFilter@7aa53eab, org.springframework.web.filter.CorsFilter@5cee4214, org.springframework.security.web.authentication.logout.LogoutFilter@721ce69, com.vmfg.security.config.JwtRequestFilter@5c787e3d, org.springframework.security.web.savedrequest.RequestCacheAwareFilter@33a2bc45, org.springframework.security.web.servletapi.SecurityContextHolderAwareRequestFilter@1a774eed, org.springframework.security.web.authentication.AnonymousAuthenticationFilter@771a6906, org.springframework.security.web.session.SessionManagementFilter@7a4079e5, org.springframework.security.web.access.ExceptionTranslationFilter@4d13588c, org.springframework.security.web.access.intercept.FilterSecurityInterceptor@5239cb60]
				
2026-09-18 15:34:14 [restartedMain] INFO  o.s.b.d.a.OptionalLiveReloadServer -LiveReload server is running on port 35729
				
2026-09-18 15:34:15 [restartedMain] INFO  com.zaxxer.hikari.HikariDataSource -HikariPool-1 - Starting...
				
2026-09-18 15:34:15 [restartedMain] INFO  com.zaxxer.hikari.HikariDataSource -HikariPool-1 - Start completed.
				
2026-09-18 15:34:16 [restartedMain] INFO  o.a.coyote.http11.Http11NioProtocol -Starting ProtocolHandler ["http-nio-8495"]
				
2026-09-18 15:34:16 [restartedMain] INFO  o.s.b.w.e.tomcat.TomcatWebServer -Tomcat started on port(s): 8495 (http) with context path '/smartrun'
				
2026-09-18 15:34:16 [restartedMain] INFO  s.d.s.w.p.DocumentationPluginsBootstrapper -Context refreshed
				
2026-09-18 15:34:16 [restartedMain] INFO  s.d.s.w.p.DocumentationPluginsBootstrapper -Found 1 custom documentation plugin(s)
				
2026-09-18 15:34:16 [restartedMain] INFO  s.d.s.w.s.ApiListingReferenceScanner -Scanning for api listing references
				
2026-09-18 15:34:18 [restartedMain] INFO  s.d.s.w.r.o.CachingOperationNameGenerator -Generating unique operation named: insertOrUpdateSalesBudgetSheetHdrAndDtlUsingPOST_1
				
2026-09-18 15:34:18 [restartedMain] INFO  s.d.s.w.r.o.CachingOperationNameGenerator -Generating unique operation named: getVendorDetailHdrViewUsingPOST_1
				
2026-09-18 15:34:18 [restartedMain] INFO  s.d.s.w.r.o.CachingOperationNameGenerator -Generating unique operation named: updateUserRoleMappingUsingPOST_1
				
2026-09-18 15:34:18 [restartedMain] INFO  com.vmfg.VMFGApplication -Started VMFGApplication in 12.723 seconds (JVM running for 13.478)
				
2026-09-18 15:34:18 [main] ERROR com.vmfg.VMFGApplication -SmartRun Application Start Exception--->org.springframework.boot.devtools.restart.SilentExitExceptionHandler$SilentExitException
				
2026-09-18 15:34:28 [http-nio-8495-exec-2] INFO  o.a.c.c.C.[.[localhost].[/smartrun] -Initializing Spring DispatcherServlet 'dispatcherServlet'
				
2026-09-18 15:34:28 [http-nio-8495-exec-2] INFO  o.s.web.servlet.DispatcherServlet -Initializing Servlet 'dispatcherServlet'
				
2026-09-18 15:34:28 [http-nio-8495-exec-2] INFO  o.s.web.servlet.DispatcherServlet -Completed initialization in 10 ms
				
2026-09-18 15:34:29 [http-nio-8495-exec-1] INFO  c.v.s.c.IndentManagementController -getIndentProjectDtlsByDate Controller  method Start
				
2026-09-18 15:34:29 [http-nio-8495-exec-7] INFO  c.v.m.c.QualityMisController -getVendorByCatAndType Controller  method Start
				
2026-09-18 15:34:29 [http-nio-8495-exec-1] INFO  c.v.s.c.IndentManagementController -getIndentProjectDtlsByDate Controller  method end
				
2026-09-18 15:34:29 [http-nio-8495-exec-8] INFO  c.v.m.controller.VendorController -getApprVendorDtls method Start
				
2026-09-18 15:34:29 [http-nio-8495-exec-1] INFO  c.v.m.c.ManagementMisController -getVendorPaymentDetails  method Start
				
2026-09-18 15:34:29 [http-nio-8495-exec-7] INFO  c.v.m.c.ManagementMisController -getVendorDetailHdrView  method Start
				
2026-09-18 15:34:29 [http-nio-8495-exec-10] INFO  c.v.m.c.ManagementMisController -getVendorDetailDrillDown  method Start
				
2026-09-18 15:34:29 [http-nio-8495-exec-2] INFO  c.v.g.c.NotificationGeneralController -getNotificationDetails   method Start
				
2026-09-18 15:34:29 [http-nio-8495-exec-3] INFO  c.v.g.c.NotificationGeneralController -getNotificationDetails   method Start
				
2026-09-18 15:34:29 [http-nio-8495-exec-9] INFO  c.v.g.c.NotificationGeneralController -getNotificationDetails   method Start
				
2026-09-18 15:34:30 [http-nio-8495-exec-6] INFO  c.v.g.c.NotificationGeneralController -getNotificationDetails   method Start
				
2026-09-18 15:34:30 [http-nio-8495-exec-4] INFO  c.v.g.c.NotificationGeneralController -getNotificationDetails   method Start
				
2026-09-18 15:34:30 [http-nio-8495-exec-3] INFO  c.v.g.c.NotificationGeneralController -getNotificationDetails   method Start
				
2026-09-18 15:34:30 [http-nio-8495-exec-1] INFO  c.v.g.c.NotificationGeneralController -getNotificationDetails   method Start
				
2026-09-18 15:34:30 [http-nio-8495-exec-10] INFO  c.v.g.c.NotificationGeneralController -getNotificationDetails   method Start
				
2026-09-18 15:34:30 [http-nio-8495-exec-8] INFO  c.v.g.c.NotificationGeneralController -getNotificationDetails   method Start
				
2026-09-18 15:34:31 [http-nio-8495-exec-2] INFO  c.v.g.c.NotificationGeneralController -getNotificationDetails   method Start
				
2026-09-18 15:34:31 [http-nio-8495-exec-9] INFO  c.v.g.c.NotificationGeneralController -getNotificationDetails   method Start
				
2026-09-18 15:34:31 [http-nio-8495-exec-7] INFO  c.v.g.c.NotificationGeneralController -getNotificationDetails   method Start
				
2026-09-18 15:34:31 [http-nio-8495-exec-6] INFO  c.v.g.c.NotificationGeneralController -getNotificationDetails   method Start
				
2026-09-18 15:34:31 [http-nio-8495-exec-8] INFO  c.v.g.c.NotificationGeneralController -getNotificationDetails   method Start
				
2026-09-18 15:34:36 [http-nio-8495-exec-4] INFO  c.v.g.c.NotificationGeneralController -getNotificationDetails   method Start
				
2026-09-18 15:34:42 [http-nio-8495-exec-6] INFO  c.v.g.c.NotificationGeneralController -getNotificationDetails   method Start
				
2026-09-18 15:34:42 [http-nio-8495-exec-9] INFO  c.v.g.c.NotificationGeneralController -getNotificationDetails   method Start
				
2026-09-18 15:34:42 [http-nio-8495-exec-7] INFO  c.v.s.c.IndentManagementController -getIndentProjectDtlsByDate Controller  method Start
				
2026-09-18 15:34:42 [http-nio-8495-exec-7] INFO  c.v.s.c.IndentManagementController -getIndentProjectDtlsByDate Controller  method end
				
2026-09-18 15:34:42 [http-nio-8495-exec-4] INFO  c.v.m.c.QualityMisController -getVendorByCatAndType Controller  method Start
				
2026-09-18 15:34:42 [http-nio-8495-exec-8] INFO  c.v.m.controller.VendorController -getApprVendorDtls method Start
				
2026-09-18 15:34:42 [http-nio-8495-exec-10] INFO  c.v.m.c.ManagementMisController -getVendorDetailHdrView  method Start
				
2026-09-18 15:34:42 [http-nio-8495-exec-1] INFO  c.v.m.c.ManagementMisController -getVendorPaymentDetails  method Start
				
2026-09-18 15:34:42 [http-nio-8495-exec-5] INFO  c.v.m.c.ManagementMisController -getVendorDetailDrillDown  method Start
				
2026-09-18 15:34:42 [http-nio-8495-exec-7] INFO  c.v.g.c.NotificationGeneralController -getNotificationDetails   method Start
				
2026-09-18 15:34:43 [http-nio-8495-exec-4] INFO  c.v.g.c.NotificationGeneralController -getNotificationDetails   method Start
				
2026-09-18 15:34:43 [http-nio-8495-exec-3] INFO  c.v.g.c.NotificationGeneralController -getNotificationDetails   method Start
				
2026-09-18 15:34:43 [http-nio-8495-exec-6] INFO  c.v.g.c.NotificationGeneralController -getNotificationDetails   method Start
				
2026-09-18 15:34:43 [http-nio-8495-exec-9] INFO  c.v.g.c.NotificationGeneralController -getNotificationDetails   method Start
				
2026-09-18 15:34:43 [http-nio-8495-exec-7] INFO  c.v.g.c.NotificationGeneralController -getNotificationDetails   method Start
				
2026-09-18 15:34:43 [http-nio-8495-exec-4] INFO  c.v.g.c.NotificationGeneralController -getNotificationDetails   method Start
				
2026-09-18 15:34:43 [http-nio-8495-exec-5] INFO  c.v.g.c.NotificationGeneralController -getNotificationDetails   method Start
				
2026-09-18 15:34:43 [http-nio-8495-exec-1] INFO  c.v.g.c.NotificationGeneralController -getNotificationDetails   method Start
				
2026-09-18 15:34:43 [http-nio-8495-exec-10] INFO  c.v.g.c.NotificationGeneralController -getNotificationDetails   method Start
				
2026-09-18 15:34:44 [http-nio-8495-exec-9] INFO  c.v.g.c.NotificationGeneralController -getNotificationDetails   method Start
				
2026-09-18 15:34:44 [http-nio-8495-exec-8] INFO  c.v.g.c.NotificationGeneralController -getNotificationDetails   method Start
				
2026-09-18 15:34:49 [http-nio-8495-exec-6] INFO  c.v.g.c.NotificationGeneralController -getNotificationDetails   method Start
				
2026-09-18 15:34:51 [http-nio-8495-exec-4] INFO  c.v.g.c.NotificationGeneralController -getNotificationDetails   method Start
				
2026-09-18 15:34:52 [http-nio-8495-exec-1] INFO  c.v.s.c.IndentManagementController -getIndentProjectDtlsByDate Controller  method Start
				
2026-09-18 15:34:52 [http-nio-8495-exec-1] INFO  c.v.s.c.IndentManagementController -getIndentProjectDtlsByDate Controller  method end
				
2026-09-18 15:34:52 [http-nio-8495-exec-7] INFO  c.v.s.c.IndentManagementController -getScmHdrBasedDtl   method Start
				
2026-09-18 15:34:52 [http-nio-8495-exec-5] INFO  c.v.g.services.impl.TileViewService -getSaleTileView  method start
				
2026-09-18 15:34:52 [http-nio-8495-exec-10] INFO  c.v.g.c.NotificationGeneralController -getNotificationDetails   method Start
				
2026-09-18 15:34:54 [http-nio-8495-exec-7] INFO  c.v.s.c.IndentManagementController -getScmHdrBasedDtl  method end
				
2026-09-18 15:34:54 [http-nio-8495-exec-5] INFO  c.v.g.c.StageManagementController -getSCMTitleView   method end
				
2026-09-18 15:34:54 [http-nio-8495-exec-9] INFO  c.v.g.c.NotificationGeneralController -getNotificationDetails   method Start
				
2026-09-18 15:34:54 [http-nio-8495-exec-8] INFO  c.v.g.c.NotificationGeneralController -getNotificationDetails   method Start
				
2026-09-18 15:35:02 [http-nio-8495-exec-2] INFO  c.v.s.c.IndentManagementController -getScmHdrBasedDtl   method Start
				
2026-09-18 15:35:02 [http-nio-8495-exec-6] INFO  c.v.g.services.impl.TileViewService -getSaleTileView  method start
				
2026-09-18 15:35:02 [http-nio-8495-exec-2] INFO  c.v.s.c.IndentManagementController -getScmHdrBasedDtl  method end
				
2026-09-18 15:35:02 [http-nio-8495-exec-6] INFO  c.v.g.c.StageManagementController -getSCMTitleView   method end
				
2026-09-18 15:35:02 [http-nio-8495-exec-2] INFO  c.v.g.c.NotificationGeneralController -getNotificationDetails   method Start
				
2026-09-18 15:35:02 [http-nio-8495-exec-3] INFO  c.v.g.c.NotificationGeneralController -getNotificationDetails   method Start
				
2026-09-18 15:35:02 [http-nio-8495-exec-10] INFO  c.v.g.c.NotificationGeneralController -getNotificationDetails   method Start
				
2026-09-18 15:35:02 [http-nio-8495-exec-5] INFO  c.v.g.c.DepartmentAndEmployeeInfoController -getprocessAssignedTeam   method Start
				
2026-09-18 15:35:02 [http-nio-8495-exec-5] INFO  c.v.g.s.i.DepartmentAndEmployeeService -getprocessAssignedTeam  method start
				
2026-09-18 15:35:02 [http-nio-8495-exec-9] INFO  c.v.g.c.NotificationGeneralController -getNotificationDetails   method Start
				
2026-09-18 15:35:02 [http-nio-8495-exec-6] INFO  c.v.g.c.NotificationGeneralController -getNotificationDetails   method Start
				
2026-09-18 15:35:02 [http-nio-8495-exec-1] INFO  c.v.g.c.NotificationGeneralController -getNotificationDetails   method Start
				
2026-09-18 15:35:02 [http-nio-8495-exec-5] INFO  c.v.g.c.NotificationGeneralController -getNotificationDetails   method Start
				
2026-09-18 15:35:02 [http-nio-8495-exec-4] INFO  c.v.g.c.NotificationGeneralController -getNotificationDetails   method Start
				
2026-09-18 15:35:04 [http-nio-8495-exec-8] INFO  c.v.g.c.NotificationGeneralController -getNotificationDetails   method Start
				
2026-09-18 15:35:04 [http-nio-8495-exec-4] INFO  c.v.s.c.IndentManagementController -indentHdrDropDownByProjectCode Controller  method Start
				
2026-09-18 15:35:04 [http-nio-8495-exec-4] INFO  c.v.s.c.IndentManagementController -indentHdrDropDownByProjectCode Controller  method end
				
2026-09-18 15:35:04 [http-nio-8495-exec-9] INFO  c.v.g.c.NotificationGeneralController -getNotificationDetails   method Start
				
2026-09-18 15:35:04 [http-nio-8495-exec-5] INFO  c.v.g.c.NotificationGeneralController -getNotificationDetails   method Start
				
2026-09-18 15:35:14 [http-nio-8495-exec-1] INFO  c.v.g.c.NotificationGeneralController -getNotificationDetails   method Start
				
2026-09-18 15:35:14 [http-nio-8495-exec-7] INFO  c.v.s.c.IndentManagementController -getScmHdrBasedDtl   method Start
				
2026-09-18 15:35:14 [http-nio-8495-exec-2] INFO  c.v.s.c.IndentManagementController -getIndentProjectDtlsByDate Controller  method Start
				
2026-09-18 15:35:14 [http-nio-8495-exec-3] INFO  c.v.g.services.impl.TileViewService -getSaleTileView  method start
				
2026-09-18 15:35:14 [http-nio-8495-exec-2] INFO  c.v.s.c.IndentManagementController -getIndentProjectDtlsByDate Controller  method end
				
2026-09-18 15:35:14 [http-nio-8495-exec-4] INFO  c.v.g.c.NotificationGeneralController -getNotificationDetails   method Start
				
2026-09-18 15:35:17 [http-nio-8495-exec-3] INFO  c.v.g.c.StageManagementController -getSCMTitleView   method end
				
2026-09-18 15:35:17 [http-nio-8495-exec-10] INFO  c.v.g.c.NotificationGeneralController -getNotificationDetails   method Start
				
2026-09-18 15:35:17 [http-nio-8495-exec-7] INFO  c.v.s.c.IndentManagementController -getScmHdrBasedDtl  method end
				
2026-09-18 15:35:17 [http-nio-8495-exec-8] INFO  c.v.g.c.NotificationGeneralController -getNotificationDetails   method Start
				
2026-09-18 15:35:23 [http-nio-8495-exec-5] INFO  c.v.s.c.IndentManagementController -getScmHdrBasedDtl   method Start
				
2026-09-18 15:35:23 [http-nio-8495-exec-9] INFO  c.v.g.services.impl.TileViewService -getSaleTileView  method start
				
2026-09-18 15:35:23 [http-nio-8495-exec-5] INFO  c.v.s.c.IndentManagementController -getScmHdrBasedDtl  method end
				
2026-09-18 15:35:23 [http-nio-8495-exec-9] INFO  c.v.g.c.StageManagementController -getSCMTitleView   method end
				
2026-09-18 15:35:23 [http-nio-8495-exec-6] INFO  c.v.g.c.NotificationGeneralController -getNotificationDetails   method Start
				
2026-09-18 15:35:23 [http-nio-8495-exec-2] INFO  c.v.g.c.NotificationGeneralController -getNotificationDetails   method Start
				
2026-09-18 15:35:23 [http-nio-8495-exec-4] INFO  c.v.g.c.NotificationGeneralController -getNotificationDetails   method Start
				
2026-09-18 15:35:23 [http-nio-8495-exec-8] INFO  c.v.g.c.DepartmentAndEmployeeInfoController -getprocessAssignedTeam   method Start
				
2026-09-18 15:35:23 [http-nio-8495-exec-8] INFO  c.v.g.s.i.DepartmentAndEmployeeService -getprocessAssignedTeam  method start
				
2026-09-18 15:35:23 [http-nio-8495-exec-9] INFO  c.v.g.c.NotificationGeneralController -getNotificationDetails   method Start
				
2026-09-18 15:35:23 [http-nio-8495-exec-1] INFO  c.v.g.c.NotificationGeneralController -getNotificationDetails   method Start
				
2026-09-18 15:35:23 [http-nio-8495-exec-5] INFO  c.v.g.c.NotificationGeneralController -getNotificationDetails   method Start
				
2026-09-18 15:35:23 [http-nio-8495-exec-6] INFO  c.v.g.c.NotificationGeneralController -getNotificationDetails   method Start
				
2026-09-18 15:35:23 [http-nio-8495-exec-3] INFO  c.v.g.c.NotificationGeneralController -getNotificationDetails   method Start
				
2026-09-18 15:35:24 [http-nio-8495-exec-10] INFO  c.v.s.c.IndentManagementController -indentHdrDropDownByProjectCode Controller  method Start
				
2026-09-18 15:35:24 [http-nio-8495-exec-10] INFO  c.v.s.c.IndentManagementController -indentHdrDropDownByProjectCode Controller  method end
				
2026-09-18 15:35:24 [http-nio-8495-exec-8] INFO  c.v.g.c.NotificationGeneralController -getNotificationDetails   method Start
				
2026-09-18 15:35:24 [http-nio-8495-exec-4] INFO  c.v.g.c.NotificationGeneralController -getNotificationDetails   method Start
				
2026-09-18 15:35:25 [http-nio-8495-exec-9] INFO  c.v.g.c.NotificationGeneralController -getNotificationDetails   method Start
				
2026-09-18 15:35:28 [http-nio-8495-exec-5] INFO  c.v.m.controller.VendorController -getApprVendorDtls method Start
				
2026-09-18 15:35:28 [http-nio-8495-exec-6] ERROR com.vmfg.scm.dao.impl.IndentGroupDAO -getScsIdByIndentId Method Exception --->org.springframework.dao.EmptyResultDataAccessException: Incorrect result size: expected 1, actual 0
				
2026-09-18 15:35:28 [http-nio-8495-exec-6] ERROR com.vmfg.scm.dao.impl.IndentGroupDAO -getScsIdByIndentId Method Exception --->org.springframework.dao.EmptyResultDataAccessException: Incorrect result size: expected 1, actual 0
				
2026-09-18 15:35:28 [http-nio-8495-exec-7] INFO  c.v.g.c.NotificationGeneralController -getNotificationDetails   method Start
				
2026-09-18 15:35:28 [http-nio-8495-exec-3] INFO  c.v.g.c.NotificationGeneralController -getNotificationDetails   method Start
				
2026-09-18 15:35:28 [http-nio-8495-exec-2] INFO  c.v.g.c.NotificationGeneralController -getNotificationDetails   method Start
				
2026-09-18 15:35:29 [http-nio-8495-exec-8] INFO  c.v.g.c.NotificationGeneralController -getNotificationDetails   method Start
				
2026-09-18 15:36:41 [http-nio-8495-exec-2] INFO  c.v.g.c.NotificationGeneralController -getNotificationDetails   method Start
				
2026-09-18 15:36:49 [http-nio-8495-exec-3] INFO  c.v.s.c.IndentManagementController -getIndentProjectDtlsByDate Controller  method Start
				
2026-09-18 15:36:49 [http-nio-8495-exec-3] INFO  c.v.s.c.IndentManagementController -getIndentProjectDtlsByDate Controller  method end
				
2026-09-18 15:36:49 [http-nio-8495-exec-4] INFO  c.v.p.controller.ProjectController -getCostFlowTypeByPmHdrId   method Start
				
2026-09-18 15:36:49 [http-nio-8495-exec-9] INFO  c.v.g.c.NotificationGeneralController -getNotificationDetails   method Start
				
2026-09-18 15:36:49 [http-nio-8495-exec-1] INFO  c.v.g.c.NotificationGeneralController -getNotificationDetails   method Start
				
2026-09-18 15:36:49 [http-nio-8495-exec-5] INFO  c.v.s.c.IndentManagementController -indentHdrDropDownByProjectCode Controller  method Start
				
2026-09-18 15:36:49 [http-nio-8495-exec-10] INFO  c.v.s.c.IndentManagementController -getStationsForGrouping Controller  method Start
				
2026-09-18 15:36:49 [http-nio-8495-exec-10] INFO  c.v.s.c.IndentManagementController -getStationsForGrouping Controller  method end
				
2026-09-18 15:36:49 [http-nio-8495-exec-5] INFO  c.v.s.c.IndentManagementController -indentHdrDropDownByProjectCode Controller  method end
				
2026-09-18 15:36:49 [http-nio-8495-exec-7] INFO  c.v.g.c.NotificationGeneralController -getNotificationDetails   method Start
				
2026-09-18 15:36:49 [http-nio-8495-exec-2] INFO  c.v.g.c.NotificationGeneralController -getNotificationDetails   method Start
				
2026-09-18 15:36:58 [http-nio-8495-exec-3] INFO  c.v.s.c.IndentManagementController -getIndentGrpNewProdByStation Controller  method Start
				
2026-09-18 15:36:58 [http-nio-8495-exec-3] INFO  c.v.s.c.IndentManagementController -getIndentGrpNewProdByStation Controller  method end
				
2026-09-18 15:36:58 [http-nio-8495-exec-4] INFO  c.v.g.c.NotificationGeneralController -getNotificationDetails   method Start
				
2026-09-18 15:37:05 [http-nio-8495-exec-10] INFO  c.v.p.controller.ProjectController -getCostFlowTypeByPmHdrId   method Start
				
2026-09-18 15:37:05 [http-nio-8495-exec-6] INFO  c.v.s.c.IndentManagementController -indentHdrDropDownByProjectCode Controller  method Start
				
2026-09-18 15:37:05 [http-nio-8495-exec-6] INFO  c.v.s.c.IndentManagementController -indentHdrDropDownByProjectCode Controller  method end
				
2026-09-18 15:37:05 [http-nio-8495-exec-1] INFO  c.v.s.c.IndentManagementController -getIndentHdrDtlsByIndentId Controller  method Start
				
2026-09-18 15:37:05 [http-nio-8495-exec-9] INFO  c.v.g.c.NotificationGeneralController -getNotificationDetails   method Start
				
2026-09-18 15:37:05 [http-nio-8495-exec-7] INFO  c.v.g.c.NotificationGeneralController -getNotificationDetails   method Start
				
2026-09-18 15:37:05 [http-nio-8495-exec-1] INFO  c.v.s.c.IndentManagementController -getIndentHdrDtlsByIndentId Controller  method end
				
2026-09-18 15:37:06 [http-nio-8495-exec-1] INFO  c.v.g.c.NotificationGeneralController -getNotificationDetails   method Start
				
2026-09-18 15:37:19 [http-nio-8495-exec-8] INFO  c.v.d.c.IndentUploadController -getIndentDtlsByIndentId Controller  method Start
				
2026-09-18 15:37:19 [http-nio-8495-exec-8] INFO  c.v.d.c.IndentUploadController -getIndentDtlsByIndentId Controller  method end
				
2026-09-18 15:37:19 [http-nio-8495-exec-3] INFO  c.v.g.c.NotificationGeneralController -getNotificationDetails   method Start
				
2026-09-18 15:42:25 [SpringApplicationShutdownHook] INFO  com.zaxxer.hikari.HikariDataSource -HikariPool-1 - Shutdown initiated...
				
2026-09-18 15:42:26 [SpringApplicationShutdownHook] INFO  com.zaxxer.hikari.HikariDataSource -HikariPool-1 - Shutdown completed.
				
2026-09-18 15:42:45 [background-preinit] INFO  o.h.validator.internal.util.Version -HV000001: Hibernate Validator 6.2.3.Final
				
2026-09-18 15:42:46 [restartedMain] INFO  o.s.boot.SpringApplication -

                                ooooooo &&&&&&&&                              
                              oo     oo &.     &                              
                    ooooooo  oo      oo &:     &&                             
                 oo        oooo      oo &&       *&&&&  &&&&&&                
               oo            oo      oo &&                    &&&             
              oo                     oo &&&&&                  &o             
              oo                     oo &&     &&&&&           &              
              oo           ooo       oo &&           &&&       &&             
           ooooo           o:        oo &&              &        &&           
       ooo     *oo       oo          oo &&                        &&&&&&&     
     oo           ooooooo            oo &&                              &&    
    o&                                      &&&&*       &&               &&   
   oo                                            &&       &&              &&  
   o     ooooo                  @     @@    @@     &&:     &&           &&    
  oo ooo       ooo          @@@@@@@@@@@@@@@@@@@@@    &&     &&         &&     
  ooo            oo         @@ @@@ @@@@@@@@@@@  @     &&     &&         &     
  oo               o      @@@@ @@@ @@@@@@@@@@@  @@@    &&     &         &&    
  o&               oo       @@ @@@ @@@@@@@@@@@  @       &     &         &&    
  oo               oo       @@ @@ @ @@@@        @       &&                &&& 
  oo                      @@@@ @@@@@@@@@@@@@@@  @@@:    &&                  &&
  oo                        @@ @@@@@@@@@@@ @@@  @       &&        o&        &&
   o                        @@ @@@@@ @@@  @@@@  @       &         &&        &.
   oo                     @@@@ @@@ @@@@@@@@@@@  @@@@   &          &    .&&&&  
    o         oooo          @@                  @     &.         &&    &&     
    oo    ooo      &oo          @     @@    @@      &&          &&    &&      
     oo oo            oo        @     @     @@    &&           &&    &&       
      ooo              oo                      &&&           &&      &&       
         oooooooo       oo           oo &&&&&&              &&         &      
              oo        oo           oo &&         &      &&           &&     
              o        :o            oo &&  .&&&&&     &&.           &&       
              o       oo             oo &&                    &&&&&&&&        
              oo    ooo              oo &&                  &&                
                oo                   oo &&                &&                  
                  oo        oooo     oo &&                &                   
                     ooooooo  &o     oo &&      &&&       &                   
                                oo   oo && :&&&   .&& &&&*                    
                                   &ooo &&&                                   

==============================================
SmartRun Product by SmartRun Tech. All rights reserved.
==============================================
Application Version : 2.6.7
Application Title : SmartRun MES
Contact : support@smartruntech.com
==============================================

				
2026-09-18 15:42:46 [restartedMain] INFO  com.vmfg.VMFGApplication -Starting VMFGApplication using Java 1.8.0_482 on Peachs-Mac-mini.local with PID 7624 (/Users/peach/Spring_Boot_Projects/bgr/OneDrive_1_4-15-2026/BGR-SOURCE_CODE-sandbox/SmartRun_ProjectManagement_Java/SR_Management/target/classes started by peach in /Users/peach/Spring_Boot_Projects/bgr/OneDrive_1_4-15-2026/BGR-SOURCE_CODE-sandbox/SmartRun_ProjectManagement_Java/SR_Management)
				
2026-09-18 15:42:46 [restartedMain] INFO  com.vmfg.VMFGApplication -The following 1 profile is active: "dev"
				
2026-09-18 15:42:46 [restartedMain] INFO  o.s.b.d.e.DevToolsPropertyDefaultsPostProcessor -Devtools property defaults active! Set 'spring.devtools.add-properties' to 'false' to disable
				
2026-09-18 15:42:46 [restartedMain] INFO  o.s.b.d.e.DevToolsPropertyDefaultsPostProcessor -For additional web related logging consider setting the 'logging.level.web' property to 'DEBUG'
				
2026-09-18 15:42:48 [restartedMain] INFO  o.s.d.r.c.RepositoryConfigurationDelegate -Bootstrapping Spring Data JDBC repositories in DEFAULT mode.
				
2026-09-18 15:42:48 [restartedMain] INFO  o.s.d.r.c.RepositoryConfigurationDelegate -Finished Spring Data repository scanning in 109 ms. Found 0 JDBC repository interfaces.
				
2026-09-18 15:42:49 [restartedMain] INFO  o.s.b.w.e.tomcat.TomcatWebServer -Tomcat initialized with port(s): 8495 (http)
				
2026-09-18 15:42:49 [restartedMain] INFO  o.a.coyote.http11.Http11NioProtocol -Initializing ProtocolHandler ["http-nio-8495"]
				
2026-09-18 15:42:49 [restartedMain] INFO  o.a.catalina.core.StandardService -Starting service [Tomcat]
				
2026-09-18 15:42:49 [restartedMain] INFO  o.a.catalina.core.StandardEngine -Starting Servlet engine: [Apache Tomcat/9.0.63]
				
2026-09-18 15:42:50 [restartedMain] INFO  o.a.c.c.C.[.[localhost].[/smartrun] -Initializing Spring embedded WebApplicationContext
				
2026-09-18 15:42:50 [restartedMain] INFO  o.s.b.w.s.c.ServletWebServerApplicationContext -Root WebApplicationContext: initialization completed in 3542 ms
				
2026-09-18 15:42:52 [restartedMain] INFO  s.d.s.w.PropertySourcedRequestMappingHandlerMapping -Mapped URL path [/v2/api-docs] onto method [springfox.documentation.swagger2.web.Swagger2Controller#getDocumentation(String, HttpServletRequest)]
				
2026-09-18 15:42:53 [restartedMain] INFO  o.s.s.web.DefaultSecurityFilterChain -Will secure any request with [org.springframework.security.web.session.DisableEncodeUrlFilter@41ddbfde, org.springframework.security.web.context.request.async.WebAsyncManagerIntegrationFilter@5570c45f, org.springframework.security.web.context.SecurityContextPersistenceFilter@3334fc1c, org.springframework.security.web.header.HeaderWriterFilter@238948b5, org.springframework.web.filter.CorsFilter@3cbb2d4b, org.springframework.security.web.authentication.logout.LogoutFilter@7b3323b0, com.vmfg.security.config.JwtRequestFilter@4bcddc19, org.springframework.security.web.savedrequest.RequestCacheAwareFilter@772e4c6d, org.springframework.security.web.servletapi.SecurityContextHolderAwareRequestFilter@88de392, org.springframework.security.web.authentication.AnonymousAuthenticationFilter@6ae86b93, org.springframework.security.web.session.SessionManagementFilter@c791b46, org.springframework.security.web.access.ExceptionTranslationFilter@55a1326a, org.springframework.security.web.access.intercept.FilterSecurityInterceptor@67a70e9b]
				
2026-09-18 15:42:53 [restartedMain] INFO  o.s.b.d.a.OptionalLiveReloadServer -LiveReload server is running on port 35729
				
2026-09-18 15:42:53 [restartedMain] INFO  com.zaxxer.hikari.HikariDataSource -HikariPool-1 - Starting...
				
2026-09-18 15:42:58 [restartedMain] ERROR com.zaxxer.hikari.pool.HikariPool -HikariPool-1 - Exception during pool initialization.
				
java.sql.SQLNonTransientConnectionException: Could not create connection to database server. Attempted reconnect 3 times. Giving up.
	at com.mysql.cj.jdbc.exceptions.SQLError.createSQLException(SQLError.java:102)
	at com.mysql.cj.jdbc.exceptions.SQLError.createSQLException(SQLError.java:89)
	at com.mysql.cj.jdbc.exceptions.SQLError.createSQLException(SQLError.java:81)
	at com.mysql.cj.jdbc.exceptions.SQLError.createSQLException(SQLError.java:55)
	at com.mysql.cj.jdbc.exceptions.SQLError.createSQLException(SQLError.java:65)
	at com.mysql.cj.jdbc.ConnectionImpl.connectWithRetries(ConnectionImpl.java:911)
	at com.mysql.cj.jdbc.ConnectionImpl.createNewIO(ConnectionImpl.java:830)
	at com.mysql.cj.jdbc.ConnectionImpl.<init>(ConnectionImpl.java:420)
	at com.mysql.cj.jdbc.ConnectionImpl.getInstance(ConnectionImpl.java:238)
	at com.mysql.cj.jdbc.NonRegisteringDriver.connect(NonRegisteringDriver.java:180)
	at com.zaxxer.hikari.util.DriverDataSource.getConnection(DriverDataSource.java:138)
	at com.zaxxer.hikari.pool.PoolBase.newConnection(PoolBase.java:364)
	at com.zaxxer.hikari.pool.PoolBase.newPoolEntry(PoolBase.java:206)
	at com.zaxxer.hikari.pool.HikariPool.createPoolEntry(HikariPool.java:476)
	at com.zaxxer.hikari.pool.HikariPool.checkFailFast(HikariPool.java:561)
	at com.zaxxer.hikari.pool.HikariPool.<init>(HikariPool.java:115)
	at com.zaxxer.hikari.HikariDataSource.getConnection(HikariDataSource.java:112)
	at org.springframework.jdbc.datasource.DataSourceUtils.fetchConnection(DataSourceUtils.java:159)
	at org.springframework.jdbc.datasource.DataSourceUtils.doGetConnection(DataSourceUtils.java:117)
	at org.springframework.jdbc.datasource.DataSourceUtils.getConnection(DataSourceUtils.java:80)
	at org.springframework.jdbc.core.JdbcTemplate.execute(JdbcTemplate.java:330)
	at org.springframework.data.jdbc.repository.config.DialectResolver$DefaultDialectProvider.getDialect(DialectResolver.java:108)
	at org.springframework.data.jdbc.repository.config.DialectResolver.lambda$getDialect$0(DialectResolver.java:78)
	at java.util.stream.ReferencePipeline$3$1.accept(ReferencePipeline.java:193)
	at java.util.ArrayList$ArrayListSpliterator.tryAdvance(ArrayList.java:1361)
	at java.util.stream.ReferencePipeline.forEachWithCancel(ReferencePipeline.java:126)
	at java.util.stream.AbstractPipeline.copyIntoWithCancel(AbstractPipeline.java:499)
	at java.util.stream.AbstractPipeline.copyInto(AbstractPipeline.java:486)
	at java.util.stream.AbstractPipeline.wrapAndCopyInto(AbstractPipeline.java:472)
	at java.util.stream.FindOps$FindOp.evaluateSequential(FindOps.java:152)
	at java.util.stream.AbstractPipeline.evaluate(AbstractPipeline.java:234)
	at java.util.stream.ReferencePipeline.findFirst(ReferencePipeline.java:531)
	at org.springframework.data.jdbc.repository.config.DialectResolver.getDialect(DialectResolver.java:80)
	at org.springframework.data.jdbc.repository.config.AbstractJdbcConfiguration.jdbcDialect(AbstractJdbcConfiguration.java:186)
	at sun.reflect.NativeMethodAccessorImpl.invoke0(Native Method)
	at sun.reflect.NativeMethodAccessorImpl.invoke(NativeMethodAccessorImpl.java:62)
	at sun.reflect.DelegatingMethodAccessorImpl.invoke(DelegatingMethodAccessorImpl.java:43)
	at java.lang.reflect.Method.invoke(Method.java:498)
	at org.springframework.beans.factory.support.SimpleInstantiationStrategy.instantiate(SimpleInstantiationStrategy.java:154)
	at org.springframework.beans.factory.support.ConstructorResolver.instantiate(ConstructorResolver.java:653)
	at org.springframework.beans.factory.support.ConstructorResolver.instantiateUsingFactoryMethod(ConstructorResolver.java:638)
	at org.springframework.beans.factory.support.AbstractAutowireCapableBeanFactory.instantiateUsingFactoryMethod(AbstractAutowireCapableBeanFactory.java:1352)
	at org.springframework.beans.factory.support.AbstractAutowireCapableBeanFactory.createBeanInstance(AbstractAutowireCapableBeanFactory.java:1195)
	at org.springframework.beans.factory.support.AbstractAutowireCapableBeanFactory.doCreateBean(AbstractAutowireCapableBeanFactory.java:582)
	at org.springframework.beans.factory.support.AbstractAutowireCapableBeanFactory.createBean(AbstractAutowireCapableBeanFactory.java:542)
	at org.springframework.beans.factory.support.AbstractBeanFactory.lambda$doGetBean$0(AbstractBeanFactory.java:335)
	at org.springframework.beans.factory.support.DefaultSingletonBeanRegistry.getSingleton(DefaultSingletonBeanRegistry.java:234)
	at org.springframework.beans.factory.support.AbstractBeanFactory.doGetBean(AbstractBeanFactory.java:333)
	at org.springframework.beans.factory.support.AbstractBeanFactory.getBean(AbstractBeanFactory.java:233)
	at org.springframework.beans.factory.support.DefaultListableBeanFactory.resolveNamedBean(DefaultListableBeanFactory.java:1282)
	at org.springframework.beans.factory.support.DefaultListableBeanFactory.resolveNamedBean(DefaultListableBeanFactory.java:1243)
	at org.springframework.beans.factory.support.DefaultListableBeanFactory.resolveBean(DefaultListableBeanFactory.java:494)
	at org.springframework.beans.factory.support.DefaultListableBeanFactory.getBean(DefaultListableBeanFactory.java:349)
	at org.springframework.beans.factory.support.DefaultListableBeanFactory.getBean(DefaultListableBeanFactory.java:342)
	at org.springframework.context.support.AbstractApplicationContext.getBean(AbstractApplicationContext.java:1172)
	at org.springframework.data.jdbc.repository.config.AbstractJdbcConfiguration.jdbcCustomConversions(AbstractJdbcConfiguration.java:117)
	at sun.reflect.NativeMethodAccessorImpl.invoke0(Native Method)
	at sun.reflect.NativeMethodAccessorImpl.invoke(NativeMethodAccessorImpl.java:62)
	at sun.reflect.DelegatingMethodAccessorImpl.invoke(DelegatingMethodAccessorImpl.java:43)
	at java.lang.reflect.Method.invoke(Method.java:498)
	at org.springframework.beans.factory.support.SimpleInstantiationStrategy.instantiate(SimpleInstantiationStrategy.java:154)
	at org.springframework.beans.factory.support.ConstructorResolver.instantiate(ConstructorResolver.java:653)
	at org.springframework.beans.factory.support.ConstructorResolver.instantiateUsingFactoryMethod(ConstructorResolver.java:486)
	at org.springframework.beans.factory.support.AbstractAutowireCapableBeanFactory.instantiateUsingFactoryMethod(AbstractAutowireCapableBeanFactory.java:1352)
	at org.springframework.beans.factory.support.AbstractAutowireCapableBeanFactory.createBeanInstance(AbstractAutowireCapableBeanFactory.java:1195)
	at org.springframework.beans.factory.support.AbstractAutowireCapableBeanFactory.doCreateBean(AbstractAutowireCapableBeanFactory.java:582)
	at org.springframework.beans.factory.support.AbstractAutowireCapableBeanFactory.createBean(AbstractAutowireCapableBeanFactory.java:542)
	at org.springframework.beans.factory.support.AbstractBeanFactory.lambda$doGetBean$0(AbstractBeanFactory.java:335)
	at org.springframework.beans.factory.support.DefaultSingletonBeanRegistry.getSingleton(DefaultSingletonBeanRegistry.java:234)
	at org.springframework.beans.factory.support.AbstractBeanFactory.doGetBean(AbstractBeanFactory.java:333)
	at org.springframework.beans.factory.support.AbstractBeanFactory.getBean(AbstractBeanFactory.java:208)
	at org.springframework.beans.factory.config.DependencyDescriptor.resolveCandidate(DependencyDescriptor.java:276)
	at org.springframework.beans.factory.support.DefaultListableBeanFactory.doResolveDependency(DefaultListableBeanFactory.java:1389)
	at org.springframework.beans.factory.support.DefaultListableBeanFactory.resolveDependency(DefaultListableBeanFactory.java:1309)
	at org.springframework.beans.factory.support.ConstructorResolver.resolveAutowiredArgument(ConstructorResolver.java:887)
	at org.springframework.beans.factory.support.ConstructorResolver.createArgumentArray(ConstructorResolver.java:791)
	at org.springframework.beans.factory.support.ConstructorResolver.instantiateUsingFactoryMethod(ConstructorResolver.java:541)
	at org.springframework.beans.factory.support.AbstractAutowireCapableBeanFactory.instantiateUsingFactoryMethod(AbstractAutowireCapableBeanFactory.java:1352)
	at org.springframework.beans.factory.support.AbstractAutowireCapableBeanFactory.createBeanInstance(AbstractAutowireCapableBeanFactory.java:1195)
	at org.springframework.beans.factory.support.AbstractAutowireCapableBeanFactory.doCreateBean(AbstractAutowireCapableBeanFactory.java:582)
	at org.springframework.beans.factory.support.AbstractAutowireCapableBeanFactory.createBean(AbstractAutowireCapableBeanFactory.java:542)
	at org.springframework.beans.factory.support.AbstractBeanFactory.lambda$doGetBean$0(AbstractBeanFactory.java:335)
	at org.springframework.beans.factory.support.DefaultSingletonBeanRegistry.getSingleton(DefaultSingletonBeanRegistry.java:234)
	at org.springframework.beans.factory.support.AbstractBeanFactory.doGetBean(AbstractBeanFactory.java:333)
	at org.springframework.beans.factory.support.AbstractBeanFactory.getBean(AbstractBeanFactory.java:208)
	at org.springframework.beans.factory.support.DefaultListableBeanFactory.preInstantiateSingletons(DefaultListableBeanFactory.java:953)
	at org.springframework.context.support.AbstractApplicationContext.finishBeanFactoryInitialization(AbstractApplicationContext.java:918)
	at org.springframework.context.support.AbstractApplicationContext.refresh(AbstractApplicationContext.java:583)
	at org.springframework.boot.web.servlet.context.ServletWebServerApplicationContext.refresh(ServletWebServerApplicationContext.java:147)
	at org.springframework.boot.SpringApplication.refresh(SpringApplication.java:734)
	at org.springframework.boot.SpringApplication.refreshContext(SpringApplication.java:408)
	at org.springframework.boot.SpringApplication.run(SpringApplication.java:308)
	at org.springframework.boot.SpringApplication.run(SpringApplication.java:1306)
	at org.springframework.boot.SpringApplication.run(SpringApplication.java:1295)
	at com.vmfg.VMFGApplication.main(VMFGApplication.java:23)
	at sun.reflect.NativeMethodAccessorImpl.invoke0(Native Method)
	at sun.reflect.NativeMethodAccessorImpl.invoke(NativeMethodAccessorImpl.java:62)
	at sun.reflect.DelegatingMethodAccessorImpl.invoke(DelegatingMethodAccessorImpl.java:43)
	at java.lang.reflect.Method.invoke(Method.java:498)
	at org.springframework.boot.devtools.restart.RestartLauncher.run(RestartLauncher.java:49)
Caused by: com.mysql.cj.exceptions.CJException: Access denied for user 'root'@'localhost' (using password: YES)
	at sun.reflect.NativeConstructorAccessorImpl.newInstance0(Native Method)
	at sun.reflect.NativeConstructorAccessorImpl.newInstance(NativeConstructorAccessorImpl.java:62)
	at sun.reflect.DelegatingConstructorAccessorImpl.newInstance(DelegatingConstructorAccessorImpl.java:45)
	at java.lang.reflect.Constructor.newInstance(Constructor.java:423)
	at com.mysql.cj.exceptions.ExceptionFactory.createException(ExceptionFactory.java:52)
	at com.mysql.cj.exceptions.ExceptionFactory.createException(ExceptionFactory.java:95)
	at com.mysql.cj.exceptions.ExceptionFactory.createException(ExceptionFactory.java:140)
	at com.mysql.cj.exceptions.ExceptionFactory.createException(ExceptionFactory.java:118)
	at com.mysql.cj.protocol.a.NativeProtocol.checkErrorMessage(NativeProtocol.java:855)
	at com.mysql.cj.protocol.a.NativeProtocol.checkErrorMessage(NativeProtocol.java:778)
	at com.mysql.cj.protocol.a.NativeProtocol.checkErrorMessage(NativeProtocol.java:747)
	at com.mysql.cj.protocol.a.NativeProtocol.checkErrorMessage(NativeProtocol.java:148)
	at com.mysql.cj.protocol.a.NativeAuthenticationProvider.proceedHandshakeWithPluggableAuthentication(NativeAuthenticationProvider.java:461)
	at com.mysql.cj.protocol.a.NativeAuthenticationProvider.connect(NativeAuthenticationProvider.java:206)
	at com.mysql.cj.protocol.a.NativeProtocol.connect(NativeProtocol.java:1333)
	at com.mysql.cj.NativeSession.connect(NativeSession.java:155)
	at com.mysql.cj.jdbc.ConnectionImpl.connectWithRetries(ConnectionImpl.java:851)
	... 94 common frames omitted
2026-09-18 15:42:58 [restartedMain] WARN  o.s.b.w.s.c.AnnotationConfigServletWebServerApplicationContext -Exception encountered during context initialization - cancelling refresh attempt: org.springframework.beans.factory.UnsatisfiedDependencyException: Error creating bean with name 'jdbcMappingContext' defined in class path resource [org/springframework/boot/autoconfigure/data/jdbc/JdbcRepositoriesAutoConfiguration$SpringBootJdbcConfiguration.class]: Unsatisfied dependency expressed through method 'jdbcMappingContext' parameter 1; nested exception is org.springframework.beans.factory.BeanCreationException: Error creating bean with name 'jdbcCustomConversions' defined in class path resource [org/springframework/boot/autoconfigure/data/jdbc/JdbcRepositoriesAutoConfiguration$SpringBootJdbcConfiguration.class]: Bean instantiation via factory method failed; nested exception is org.springframework.beans.BeanInstantiationException: Failed to instantiate [org.springframework.data.jdbc.core.convert.JdbcCustomConversions]: Factory method 'jdbcCustomConversions' threw exception; nested exception is org.springframework.beans.factory.BeanCreationException: Error creating bean with name 'jdbcDialect' defined in class path resource [org/springframework/boot/autoconfigure/data/jdbc/JdbcRepositoriesAutoConfiguration$SpringBootJdbcConfiguration.class]: Bean instantiation via factory method failed; nested exception is org.springframework.beans.BeanInstantiationException: Failed to instantiate [org.springframework.data.relational.core.dialect.Dialect]: Factory method 'jdbcDialect' threw exception; nested exception is org.springframework.jdbc.CannotGetJdbcConnectionException: Failed to obtain JDBC Connection; nested exception is java.sql.SQLNonTransientConnectionException: Could not create connection to database server. Attempted reconnect 3 times. Giving up.
				
2026-09-18 15:42:58 [restartedMain] INFO  o.a.catalina.core.StandardService -Stopping service [Tomcat]
				
2026-09-18 15:42:59 [restartedMain] INFO  o.s.b.a.l.ConditionEvaluationReportLoggingListener -

Error starting ApplicationContext. To display the conditions report re-run your application with 'debug' enabled.
				
2026-09-18 15:42:59 [restartedMain] ERROR o.s.boot.SpringApplication -Application run failed
				
org.springframework.beans.factory.UnsatisfiedDependencyException: Error creating bean with name 'jdbcMappingContext' defined in class path resource [org/springframework/boot/autoconfigure/data/jdbc/JdbcRepositoriesAutoConfiguration$SpringBootJdbcConfiguration.class]: Unsatisfied dependency expressed through method 'jdbcMappingContext' parameter 1; nested exception is org.springframework.beans.factory.BeanCreationException: Error creating bean with name 'jdbcCustomConversions' defined in class path resource [org/springframework/boot/autoconfigure/data/jdbc/JdbcRepositoriesAutoConfiguration$SpringBootJdbcConfiguration.class]: Bean instantiation via factory method failed; nested exception is org.springframework.beans.BeanInstantiationException: Failed to instantiate [org.springframework.data.jdbc.core.convert.JdbcCustomConversions]: Factory method 'jdbcCustomConversions' threw exception; nested exception is org.springframework.beans.factory.BeanCreationException: Error creating bean with name 'jdbcDialect' defined in class path resource [org/springframework/boot/autoconfigure/data/jdbc/JdbcRepositoriesAutoConfiguration$SpringBootJdbcConfiguration.class]: Bean instantiation via factory method failed; nested exception is org.springframework.beans.BeanInstantiationException: Failed to instantiate [org.springframework.data.relational.core.dialect.Dialect]: Factory method 'jdbcDialect' threw exception; nested exception is org.springframework.jdbc.CannotGetJdbcConnectionException: Failed to obtain JDBC Connection; nested exception is java.sql.SQLNonTransientConnectionException: Could not create connection to database server. Attempted reconnect 3 times. Giving up.
	at org.springframework.beans.factory.support.ConstructorResolver.createArgumentArray(ConstructorResolver.java:800)
	at org.springframework.beans.factory.support.ConstructorResolver.instantiateUsingFactoryMethod(ConstructorResolver.java:541)
	at org.springframework.beans.factory.support.AbstractAutowireCapableBeanFactory.instantiateUsingFactoryMethod(AbstractAutowireCapableBeanFactory.java:1352)
	at org.springframework.beans.factory.support.AbstractAutowireCapableBeanFactory.createBeanInstance(AbstractAutowireCapableBeanFactory.java:1195)
	at org.springframework.beans.factory.support.AbstractAutowireCapableBeanFactory.doCreateBean(AbstractAutowireCapableBeanFactory.java:582)
	at org.springframework.beans.factory.support.AbstractAutowireCapableBeanFactory.createBean(AbstractAutowireCapableBeanFactory.java:542)
	at org.springframework.beans.factory.support.AbstractBeanFactory.lambda$doGetBean$0(AbstractBeanFactory.java:335)
	at org.springframework.beans.factory.support.DefaultSingletonBeanRegistry.getSingleton(DefaultSingletonBeanRegistry.java:234)
	at org.springframework.beans.factory.support.AbstractBeanFactory.doGetBean(AbstractBeanFactory.java:333)
	at org.springframework.beans.factory.support.AbstractBeanFactory.getBean(AbstractBeanFactory.java:208)
	at org.springframework.beans.factory.support.DefaultListableBeanFactory.preInstantiateSingletons(DefaultListableBeanFactory.java:953)
	at org.springframework.context.support.AbstractApplicationContext.finishBeanFactoryInitialization(AbstractApplicationContext.java:918)
	at org.springframework.context.support.AbstractApplicationContext.refresh(AbstractApplicationContext.java:583)
	at org.springframework.boot.web.servlet.context.ServletWebServerApplicationContext.refresh(ServletWebServerApplicationContext.java:147)
	at org.springframework.boot.SpringApplication.refresh(SpringApplication.java:734)
	at org.springframework.boot.SpringApplication.refreshContext(SpringApplication.java:408)
	at org.springframework.boot.SpringApplication.run(SpringApplication.java:308)
	at org.springframework.boot.SpringApplication.run(SpringApplication.java:1306)
	at org.springframework.boot.SpringApplication.run(SpringApplication.java:1295)
	at com.vmfg.VMFGApplication.main(VMFGApplication.java:23)
	at sun.reflect.NativeMethodAccessorImpl.invoke0(Native Method)
	at sun.reflect.NativeMethodAccessorImpl.invoke(NativeMethodAccessorImpl.java:62)
	at sun.reflect.DelegatingMethodAccessorImpl.invoke(DelegatingMethodAccessorImpl.java:43)
	at java.lang.reflect.Method.invoke(Method.java:498)
	at org.springframework.boot.devtools.restart.RestartLauncher.run(RestartLauncher.java:49)
Caused by: org.springframework.beans.factory.BeanCreationException: Error creating bean with name 'jdbcCustomConversions' defined in class path resource [org/springframework/boot/autoconfigure/data/jdbc/JdbcRepositoriesAutoConfiguration$SpringBootJdbcConfiguration.class]: Bean instantiation via factory method failed; nested exception is org.springframework.beans.BeanInstantiationException: Failed to instantiate [org.springframework.data.jdbc.core.convert.JdbcCustomConversions]: Factory method 'jdbcCustomConversions' threw exception; nested exception is org.springframework.beans.factory.BeanCreationException: Error creating bean with name 'jdbcDialect' defined in class path resource [org/springframework/boot/autoconfigure/data/jdbc/JdbcRepositoriesAutoConfiguration$SpringBootJdbcConfiguration.class]: Bean instantiation via factory method failed; nested exception is org.springframework.beans.BeanInstantiationException: Failed to instantiate [org.springframework.data.relational.core.dialect.Dialect]: Factory method 'jdbcDialect' threw exception; nested exception is org.springframework.jdbc.CannotGetJdbcConnectionException: Failed to obtain JDBC Connection; nested exception is java.sql.SQLNonTransientConnectionException: Could not create connection to database server. Attempted reconnect 3 times. Giving up.
	at org.springframework.beans.factory.support.ConstructorResolver.instantiate(ConstructorResolver.java:658)
	at org.springframework.beans.factory.support.ConstructorResolver.instantiateUsingFactoryMethod(ConstructorResolver.java:486)
	at org.springframework.beans.factory.support.AbstractAutowireCapableBeanFactory.instantiateUsingFactoryMethod(AbstractAutowireCapableBeanFactory.java:1352)
	at org.springframework.beans.factory.support.AbstractAutowireCapableBeanFactory.createBeanInstance(AbstractAutowireCapableBeanFactory.java:1195)
	at org.springframework.beans.factory.support.AbstractAutowireCapableBeanFactory.doCreateBean(AbstractAutowireCapableBeanFactory.java:582)
	at org.springframework.beans.factory.support.AbstractAutowireCapableBeanFactory.createBean(AbstractAutowireCapableBeanFactory.java:542)
	at org.springframework.beans.factory.support.AbstractBeanFactory.lambda$doGetBean$0(AbstractBeanFactory.java:335)
	at org.springframework.beans.factory.support.DefaultSingletonBeanRegistry.getSingleton(DefaultSingletonBeanRegistry.java:234)
	at org.springframework.beans.factory.support.AbstractBeanFactory.doGetBean(AbstractBeanFactory.java:333)
	at org.springframework.beans.factory.support.AbstractBeanFactory.getBean(AbstractBeanFactory.java:208)
	at org.springframework.beans.factory.config.DependencyDescriptor.resolveCandidate(DependencyDescriptor.java:276)
	at org.springframework.beans.factory.support.DefaultListableBeanFactory.doResolveDependency(DefaultListableBeanFactory.java:1389)
	at org.springframework.beans.factory.support.DefaultListableBeanFactory.resolveDependency(DefaultListableBeanFactory.java:1309)
	at org.springframework.beans.factory.support.ConstructorResolver.resolveAutowiredArgument(ConstructorResolver.java:887)
	at org.springframework.beans.factory.support.ConstructorResolver.createArgumentArray(ConstructorResolver.java:791)
	... 24 common frames omitted
Caused by: org.springframework.beans.BeanInstantiationException: Failed to instantiate [org.springframework.data.jdbc.core.convert.JdbcCustomConversions]: Factory method 'jdbcCustomConversions' threw exception; nested exception is org.springframework.beans.factory.BeanCreationException: Error creating bean with name 'jdbcDialect' defined in class path resource [org/springframework/boot/autoconfigure/data/jdbc/JdbcRepositoriesAutoConfiguration$SpringBootJdbcConfiguration.class]: Bean instantiation via factory method failed; nested exception is org.springframework.beans.BeanInstantiationException: Failed to instantiate [org.springframework.data.relational.core.dialect.Dialect]: Factory method 'jdbcDialect' threw exception; nested exception is org.springframework.jdbc.CannotGetJdbcConnectionException: Failed to obtain JDBC Connection; nested exception is java.sql.SQLNonTransientConnectionException: Could not create connection to database server. Attempted reconnect 3 times. Giving up.
	at org.springframework.beans.factory.support.SimpleInstantiationStrategy.instantiate(SimpleInstantiationStrategy.java:185)
	at org.springframework.beans.factory.support.ConstructorResolver.instantiate(ConstructorResolver.java:653)
	... 38 common frames omitted
Caused by: org.springframework.beans.factory.BeanCreationException: Error creating bean with name 'jdbcDialect' defined in class path resource [org/springframework/boot/autoconfigure/data/jdbc/JdbcRepositoriesAutoConfiguration$SpringBootJdbcConfiguration.class]: Bean instantiation via factory method failed; nested exception is org.springframework.beans.BeanInstantiationException: Failed to instantiate [org.springframework.data.relational.core.dialect.Dialect]: Factory method 'jdbcDialect' threw exception; nested exception is org.springframework.jdbc.CannotGetJdbcConnectionException: Failed to obtain JDBC Connection; nested exception is java.sql.SQLNonTransientConnectionException: Could not create connection to database server. Attempted reconnect 3 times. Giving up.
	at org.springframework.beans.factory.support.ConstructorResolver.instantiate(ConstructorResolver.java:658)
	at org.springframework.beans.factory.support.ConstructorResolver.instantiateUsingFactoryMethod(ConstructorResolver.java:638)
	at org.springframework.beans.factory.support.AbstractAutowireCapableBeanFactory.instantiateUsingFactoryMethod(AbstractAutowireCapableBeanFactory.java:1352)
	at org.springframework.beans.factory.support.AbstractAutowireCapableBeanFactory.createBeanInstance(AbstractAutowireCapableBeanFactory.java:1195)
	at org.springframework.beans.factory.support.AbstractAutowireCapableBeanFactory.doCreateBean(AbstractAutowireCapableBeanFactory.java:582)
	at org.springframework.beans.factory.support.AbstractAutowireCapableBeanFactory.createBean(AbstractAutowireCapableBeanFactory.java:542)
	at org.springframework.beans.factory.support.AbstractBeanFactory.lambda$doGetBean$0(AbstractBeanFactory.java:335)
	at org.springframework.beans.factory.support.DefaultSingletonBeanRegistry.getSingleton(DefaultSingletonBeanRegistry.java:234)
	at org.springframework.beans.factory.support.AbstractBeanFactory.doGetBean(AbstractBeanFactory.java:333)
	at org.springframework.beans.factory.support.AbstractBeanFactory.getBean(AbstractBeanFactory.java:233)
	at org.springframework.beans.factory.support.DefaultListableBeanFactory.resolveNamedBean(DefaultListableBeanFactory.java:1282)
	at org.springframework.beans.factory.support.DefaultListableBeanFactory.resolveNamedBean(DefaultListableBeanFactory.java:1243)
	at org.springframework.beans.factory.support.DefaultListableBeanFactory.resolveBean(DefaultListableBeanFactory.java:494)
	at org.springframework.beans.factory.support.DefaultListableBeanFactory.getBean(DefaultListableBeanFactory.java:349)
	at org.springframework.beans.factory.support.DefaultListableBeanFactory.getBean(DefaultListableBeanFactory.java:342)
	at org.springframework.context.support.AbstractApplicationContext.getBean(AbstractApplicationContext.java:1172)
	at org.springframework.data.jdbc.repository.config.AbstractJdbcConfiguration.jdbcCustomConversions(AbstractJdbcConfiguration.java:117)
	at sun.reflect.NativeMethodAccessorImpl.invoke0(Native Method)
	at sun.reflect.NativeMethodAccessorImpl.invoke(NativeMethodAccessorImpl.java:62)
	at sun.reflect.DelegatingMethodAccessorImpl.invoke(DelegatingMethodAccessorImpl.java:43)
	at java.lang.reflect.Method.invoke(Method.java:498)
	at org.springframework.beans.factory.support.SimpleInstantiationStrategy.instantiate(SimpleInstantiationStrategy.java:154)
	... 39 common frames omitted
Caused by: org.springframework.beans.BeanInstantiationException: Failed to instantiate [org.springframework.data.relational.core.dialect.Dialect]: Factory method 'jdbcDialect' threw exception; nested exception is org.springframework.jdbc.CannotGetJdbcConnectionException: Failed to obtain JDBC Connection; nested exception is java.sql.SQLNonTransientConnectionException: Could not create connection to database server. Attempted reconnect 3 times. Giving up.
	at org.springframework.beans.factory.support.SimpleInstantiationStrategy.instantiate(SimpleInstantiationStrategy.java:185)
	at org.springframework.beans.factory.support.ConstructorResolver.instantiate(ConstructorResolver.java:653)
	... 60 common frames omitted
Caused by: org.springframework.jdbc.CannotGetJdbcConnectionException: Failed to obtain JDBC Connection; nested exception is java.sql.SQLNonTransientConnectionException: Could not create connection to database server. Attempted reconnect 3 times. Giving up.
	at org.springframework.jdbc.datasource.DataSourceUtils.getConnection(DataSourceUtils.java:83)
	at org.springframework.jdbc.core.JdbcTemplate.execute(JdbcTemplate.java:330)
	at org.springframework.data.jdbc.repository.config.DialectResolver$DefaultDialectProvider.getDialect(DialectResolver.java:108)
	at org.springframework.data.jdbc.repository.config.DialectResolver.lambda$getDialect$0(DialectResolver.java:78)
	at java.util.stream.ReferencePipeline$3$1.accept(ReferencePipeline.java:193)
	at java.util.ArrayList$ArrayListSpliterator.tryAdvance(ArrayList.java:1361)
	at java.util.stream.ReferencePipeline.forEachWithCancel(ReferencePipeline.java:126)
	at java.util.stream.AbstractPipeline.copyIntoWithCancel(AbstractPipeline.java:499)
	at java.util.stream.AbstractPipeline.copyInto(AbstractPipeline.java:486)
	at java.util.stream.AbstractPipeline.wrapAndCopyInto(AbstractPipeline.java:472)
	at java.util.stream.FindOps$FindOp.evaluateSequential(FindOps.java:152)
	at java.util.stream.AbstractPipeline.evaluate(AbstractPipeline.java:234)
	at java.util.stream.ReferencePipeline.findFirst(ReferencePipeline.java:531)
	at org.springframework.data.jdbc.repository.config.DialectResolver.getDialect(DialectResolver.java:80)
	at org.springframework.data.jdbc.repository.config.AbstractJdbcConfiguration.jdbcDialect(AbstractJdbcConfiguration.java:186)
	at sun.reflect.NativeMethodAccessorImpl.invoke0(Native Method)
	at sun.reflect.NativeMethodAccessorImpl.invoke(NativeMethodAccessorImpl.java:62)
	at sun.reflect.DelegatingMethodAccessorImpl.invoke(DelegatingMethodAccessorImpl.java:43)
	at java.lang.reflect.Method.invoke(Method.java:498)
	at org.springframework.beans.factory.support.SimpleInstantiationStrategy.instantiate(SimpleInstantiationStrategy.java:154)
	... 61 common frames omitted
Caused by: java.sql.SQLNonTransientConnectionException: Could not create connection to database server. Attempted reconnect 3 times. Giving up.
	at com.mysql.cj.jdbc.exceptions.SQLError.createSQLException(SQLError.java:102)
	at com.mysql.cj.jdbc.exceptions.SQLError.createSQLException(SQLError.java:89)
	at com.mysql.cj.jdbc.exceptions.SQLError.createSQLException(SQLError.java:81)
	at com.mysql.cj.jdbc.exceptions.SQLError.createSQLException(SQLError.java:55)
	at com.mysql.cj.jdbc.exceptions.SQLError.createSQLException(SQLError.java:65)
	at com.mysql.cj.jdbc.ConnectionImpl.connectWithRetries(ConnectionImpl.java:911)
	at com.mysql.cj.jdbc.ConnectionImpl.createNewIO(ConnectionImpl.java:830)
	at com.mysql.cj.jdbc.ConnectionImpl.<init>(ConnectionImpl.java:420)
	at com.mysql.cj.jdbc.ConnectionImpl.getInstance(ConnectionImpl.java:238)
	at com.mysql.cj.jdbc.NonRegisteringDriver.connect(NonRegisteringDriver.java:180)
	at com.zaxxer.hikari.util.DriverDataSource.getConnection(DriverDataSource.java:138)
	at com.zaxxer.hikari.pool.PoolBase.newConnection(PoolBase.java:364)
	at com.zaxxer.hikari.pool.PoolBase.newPoolEntry(PoolBase.java:206)
	at com.zaxxer.hikari.pool.HikariPool.createPoolEntry(HikariPool.java:476)
	at com.zaxxer.hikari.pool.HikariPool.checkFailFast(HikariPool.java:561)
	at com.zaxxer.hikari.pool.HikariPool.<init>(HikariPool.java:115)
	at com.zaxxer.hikari.HikariDataSource.getConnection(HikariDataSource.java:112)
	at org.springframework.jdbc.datasource.DataSourceUtils.fetchConnection(DataSourceUtils.java:159)
	at org.springframework.jdbc.datasource.DataSourceUtils.doGetConnection(DataSourceUtils.java:117)
	at org.springframework.jdbc.datasource.DataSourceUtils.getConnection(DataSourceUtils.java:80)
	... 80 common frames omitted
Caused by: com.mysql.cj.exceptions.CJException: Access denied for user 'root'@'localhost' (using password: YES)
	at sun.reflect.NativeConstructorAccessorImpl.newInstance0(Native Method)
	at sun.reflect.NativeConstructorAccessorImpl.newInstance(NativeConstructorAccessorImpl.java:62)
	at sun.reflect.DelegatingConstructorAccessorImpl.newInstance(DelegatingConstructorAccessorImpl.java:45)
	at java.lang.reflect.Constructor.newInstance(Constructor.java:423)
	at com.mysql.cj.exceptions.ExceptionFactory.createException(ExceptionFactory.java:52)
	at com.mysql.cj.exceptions.ExceptionFactory.createException(ExceptionFactory.java:95)
	at com.mysql.cj.exceptions.ExceptionFactory.createException(ExceptionFactory.java:140)
	at com.mysql.cj.exceptions.ExceptionFactory.createException(ExceptionFactory.java:118)
	at com.mysql.cj.protocol.a.NativeProtocol.checkErrorMessage(NativeProtocol.java:855)
	at com.mysql.cj.protocol.a.NativeProtocol.checkErrorMessage(NativeProtocol.java:778)
	at com.mysql.cj.protocol.a.NativeProtocol.checkErrorMessage(NativeProtocol.java:747)
	at com.mysql.cj.protocol.a.NativeProtocol.checkErrorMessage(NativeProtocol.java:148)
	at com.mysql.cj.protocol.a.NativeAuthenticationProvider.proceedHandshakeWithPluggableAuthentication(NativeAuthenticationProvider.java:461)
	at com.mysql.cj.protocol.a.NativeAuthenticationProvider.connect(NativeAuthenticationProvider.java:206)
	at com.mysql.cj.protocol.a.NativeProtocol.connect(NativeProtocol.java:1333)
	at com.mysql.cj.NativeSession.connect(NativeSession.java:155)
	at com.mysql.cj.jdbc.ConnectionImpl.connectWithRetries(ConnectionImpl.java:851)
	... 94 common frames omitted
2026-09-18 15:42:59 [restartedMain] ERROR com.vmfg.VMFGApplication -SmartRun Application Start Exception--->org.springframework.beans.factory.UnsatisfiedDependencyException: Error creating bean with name 'jdbcMappingContext' defined in class path resource [org/springframework/boot/autoconfigure/data/jdbc/JdbcRepositoriesAutoConfiguration$SpringBootJdbcConfiguration.class]: Unsatisfied dependency expressed through method 'jdbcMappingContext' parameter 1; nested exception is org.springframework.beans.factory.BeanCreationException: Error creating bean with name 'jdbcCustomConversions' defined in class path resource [org/springframework/boot/autoconfigure/data/jdbc/JdbcRepositoriesAutoConfiguration$SpringBootJdbcConfiguration.class]: Bean instantiation via factory method failed; nested exception is org.springframework.beans.BeanInstantiationException: Failed to instantiate [org.springframework.data.jdbc.core.convert.JdbcCustomConversions]: Factory method 'jdbcCustomConversions' threw exception; nested exception is org.springframework.beans.factory.BeanCreationException: Error creating bean with name 'jdbcDialect' defined in class path resource [org/springframework/boot/autoconfigure/data/jdbc/JdbcRepositoriesAutoConfiguration$SpringBootJdbcConfiguration.class]: Bean instantiation via factory method failed; nested exception is org.springframework.beans.BeanInstantiationException: Failed to instantiate [org.springframework.data.relational.core.dialect.Dialect]: Factory method 'jdbcDialect' threw exception; nested exception is org.springframework.jdbc.CannotGetJdbcConnectionException: Failed to obtain JDBC Connection; nested exception is java.sql.SQLNonTransientConnectionException: Could not create connection to database server. Attempted reconnect 3 times. Giving up.
				
2026-09-18 15:42:59 [main] ERROR com.vmfg.VMFGApplication -SmartRun Application Start Exception--->org.springframework.boot.devtools.restart.SilentExitExceptionHandler$SilentExitException
				
2026-09-18 16:01:31 [background-preinit] INFO  o.h.validator.internal.util.Version -HV000001: Hibernate Validator 6.2.3.Final
				
2026-09-18 16:01:32 [restartedMain] INFO  o.s.boot.SpringApplication -

                                ooooooo &&&&&&&&                              
                              oo     oo &.     &                              
                    ooooooo  oo      oo &:     &&                             
                 oo        oooo      oo &&       *&&&&  &&&&&&                
               oo            oo      oo &&                    &&&             
              oo                     oo &&&&&                  &o             
              oo                     oo &&     &&&&&           &              
              oo           ooo       oo &&           &&&       &&             
           ooooo           o:        oo &&              &        &&           
       ooo     *oo       oo          oo &&                        &&&&&&&     
     oo           ooooooo            oo &&                              &&    
    o&                                      &&&&*       &&               &&   
   oo                                            &&       &&              &&  
   o     ooooo                  @     @@    @@     &&:     &&           &&    
  oo ooo       ooo          @@@@@@@@@@@@@@@@@@@@@    &&     &&         &&     
  ooo            oo         @@ @@@ @@@@@@@@@@@  @     &&     &&         &     
  oo               o      @@@@ @@@ @@@@@@@@@@@  @@@    &&     &         &&    
  o&               oo       @@ @@@ @@@@@@@@@@@  @       &     &         &&    
  oo               oo       @@ @@ @ @@@@        @       &&                &&& 
  oo                      @@@@ @@@@@@@@@@@@@@@  @@@:    &&                  &&
  oo                        @@ @@@@@@@@@@@ @@@  @       &&        o&        &&
   o                        @@ @@@@@ @@@  @@@@  @       &         &&        &.
   oo                     @@@@ @@@ @@@@@@@@@@@  @@@@   &          &    .&&&&  
    o         oooo          @@                  @     &.         &&    &&     
    oo    ooo      &oo          @     @@    @@      &&          &&    &&      
     oo oo            oo        @     @     @@    &&           &&    &&       
      ooo              oo                      &&&           &&      &&       
         oooooooo       oo           oo &&&&&&              &&         &      
              oo        oo           oo &&         &      &&           &&     
              o        :o            oo &&  .&&&&&     &&.           &&       
              o       oo             oo &&                    &&&&&&&&        
              oo    ooo              oo &&                  &&                
                oo                   oo &&                &&                  
                  oo        oooo     oo &&                &                   
                     ooooooo  &o     oo &&      &&&       &                   
                                oo   oo && :&&&   .&& &&&*                    
                                   &ooo &&&                                   

==============================================
SmartRun Product by SmartRun Tech. All rights reserved.
==============================================
Application Version : 2.6.7
Application Title : SmartRun MES
Contact : support@smartruntech.com
==============================================

				
2026-09-18 16:01:32 [restartedMain] INFO  com.vmfg.VMFGApplication -Starting VMFGApplication using Java 1.8.0_482 on Peachs-Mac-mini.local with PID 9204 (/Users/peach/Spring_Boot_Projects/bgr/OneDrive_1_4-15-2026/BGR-SOURCE_CODE-sandbox/SmartRun_ProjectManagement_Java/SR_Management/target/classes started by peach in /Users/peach/Spring_Boot_Projects/bgr/OneDrive_1_4-15-2026/BGR-SOURCE_CODE-sandbox/SmartRun_ProjectManagement_Java/SR_Management)
				
2026-09-18 16:01:32 [restartedMain] INFO  com.vmfg.VMFGApplication -The following 1 profile is active: "dev"
				
2026-09-18 16:01:32 [restartedMain] INFO  o.s.b.d.e.DevToolsPropertyDefaultsPostProcessor -Devtools property defaults active! Set 'spring.devtools.add-properties' to 'false' to disable
				
2026-09-18 16:01:32 [restartedMain] INFO  o.s.b.d.e.DevToolsPropertyDefaultsPostProcessor -For additional web related logging consider setting the 'logging.level.web' property to 'DEBUG'
				
2026-09-18 16:01:34 [restartedMain] INFO  o.s.d.r.c.RepositoryConfigurationDelegate -Bootstrapping Spring Data JDBC repositories in DEFAULT mode.
				
2026-09-18 16:01:35 [restartedMain] INFO  o.s.d.r.c.RepositoryConfigurationDelegate -Finished Spring Data repository scanning in 83 ms. Found 0 JDBC repository interfaces.
				
2026-09-18 16:01:36 [restartedMain] INFO  o.s.b.w.e.tomcat.TomcatWebServer -Tomcat initialized with port(s): 8495 (http)
				
2026-09-18 16:01:36 [restartedMain] INFO  o.s.b.w.s.c.ServletWebServerApplicationContext -Root WebApplicationContext: initialization completed in 3857 ms
				
2026-09-18 16:01:39 [restartedMain] INFO  s.d.s.w.PropertySourcedRequestMappingHandlerMapping -Mapped URL path [/v2/api-docs] onto method [springfox.documentation.swagger2.web.Swagger2Controller#getDocumentation(String, HttpServletRequest)]
				
2026-09-18 16:01:39 [restartedMain] INFO  o.s.s.web.DefaultSecurityFilterChain -Will secure any request with [org.springframework.security.web.session.DisableEncodeUrlFilter@1ed09eb, org.springframework.security.web.context.request.async.WebAsyncManagerIntegrationFilter@5ee10c9b, org.springframework.security.web.context.SecurityContextPersistenceFilter@672de65, org.springframework.security.web.header.HeaderWriterFilter@138e953b, org.springframework.web.filter.CorsFilter@41ddbfde, org.springframework.security.web.authentication.logout.LogoutFilter@59ab66b, com.vmfg.security.config.JwtRequestFilter@1dc98cd, org.springframework.security.web.savedrequest.RequestCacheAwareFilter@110449bb, org.springframework.security.web.servletapi.SecurityContextHolderAwareRequestFilter@22df8ae3, org.springframework.security.web.authentication.AnonymousAuthenticationFilter@5570c45f, org.springframework.security.web.session.SessionManagementFilter@4ed708f8, org.springframework.security.web.access.ExceptionTranslationFilter@7be9b517, org.springframework.security.web.access.intercept.FilterSecurityInterceptor@77fecdc0]
				
2026-09-18 16:01:40 [restartedMain] INFO  o.s.b.d.a.OptionalLiveReloadServer -LiveReload server is running on port 35729
				
2026-09-18 16:01:40 [restartedMain] INFO  com.zaxxer.hikari.HikariDataSource -HikariPool-1 - Starting...
				
2026-09-18 16:01:40 [restartedMain] INFO  com.zaxxer.hikari.HikariDataSource -HikariPool-1 - Start completed.
				
2026-09-18 16:01:41 [restartedMain] INFO  o.s.b.w.e.tomcat.TomcatWebServer -Tomcat started on port(s): 8495 (http) with context path '/smartrun'
				
2026-09-18 16:01:41 [restartedMain] INFO  s.d.s.w.p.DocumentationPluginsBootstrapper -Context refreshed
				
2026-09-18 16:01:41 [restartedMain] INFO  s.d.s.w.p.DocumentationPluginsBootstrapper -Found 1 custom documentation plugin(s)
				
2026-09-18 16:01:41 [restartedMain] INFO  s.d.s.w.s.ApiListingReferenceScanner -Scanning for api listing references
				
2026-09-18 16:01:42 [restartedMain] INFO  s.d.s.w.r.o.CachingOperationNameGenerator -Generating unique operation named: insertOrUpdateSalesBudgetSheetHdrAndDtlUsingPOST_1
				
2026-09-18 16:01:42 [restartedMain] INFO  s.d.s.w.r.o.CachingOperationNameGenerator -Generating unique operation named: getVendorDetailHdrViewUsingPOST_1
				
2026-09-18 16:01:43 [restartedMain] INFO  s.d.s.w.r.o.CachingOperationNameGenerator -Generating unique operation named: updateUserRoleMappingUsingPOST_1
				
2026-09-18 16:01:43 [restartedMain] INFO  com.vmfg.VMFGApplication -Started VMFGApplication in 12.809 seconds (JVM running for 14.268)
				
2026-09-18 16:01:43 [main] ERROR com.vmfg.VMFGApplication -SmartRun Application Start Exception--->org.springframework.boot.devtools.restart.SilentExitExceptionHandler$SilentExitException
				
2026-09-18 16:01:43 [SpringApplicationShutdownHook] INFO  com.zaxxer.hikari.HikariDataSource -HikariPool-1 - Shutdown initiated...
				
2026-09-18 16:01:43 [SpringApplicationShutdownHook] INFO  com.zaxxer.hikari.HikariDataSource -HikariPool-1 - Shutdown completed.
				
2026-09-18 16:01:55 [background-preinit] INFO  o.h.validator.internal.util.Version -HV000001: Hibernate Validator 6.2.3.Final
				
2026-09-18 16:01:56 [restartedMain] INFO  o.s.boot.SpringApplication -

                                ooooooo &&&&&&&&                              
                              oo     oo &.     &                              
                    ooooooo  oo      oo &:     &&                             
                 oo        oooo      oo &&       *&&&&  &&&&&&                
               oo            oo      oo &&                    &&&             
              oo                     oo &&&&&                  &o             
              oo                     oo &&     &&&&&           &              
              oo           ooo       oo &&           &&&       &&             
           ooooo           o:        oo &&              &        &&           
       ooo     *oo       oo          oo &&                        &&&&&&&     
     oo           ooooooo            oo &&                              &&    
    o&                                      &&&&*       &&               &&   
   oo                                            &&       &&              &&  
   o     ooooo                  @     @@    @@     &&:     &&           &&    
  oo ooo       ooo          @@@@@@@@@@@@@@@@@@@@@    &&     &&         &&     
  ooo            oo         @@ @@@ @@@@@@@@@@@  @     &&     &&         &     
  oo               o      @@@@ @@@ @@@@@@@@@@@  @@@    &&     &         &&    
  o&               oo       @@ @@@ @@@@@@@@@@@  @       &     &         &&    
  oo               oo       @@ @@ @ @@@@        @       &&                &&& 
  oo                      @@@@ @@@@@@@@@@@@@@@  @@@:    &&                  &&
  oo                        @@ @@@@@@@@@@@ @@@  @       &&        o&        &&
   o                        @@ @@@@@ @@@  @@@@  @       &         &&        &.
   oo                     @@@@ @@@ @@@@@@@@@@@  @@@@   &          &    .&&&&  
    o         oooo          @@                  @     &.         &&    &&     
    oo    ooo      &oo          @     @@    @@      &&          &&    &&      
     oo oo            oo        @     @     @@    &&           &&    &&       
      ooo              oo                      &&&           &&      &&       
         oooooooo       oo           oo &&&&&&              &&         &      
              oo        oo           oo &&         &      &&           &&     
              o        :o            oo &&  .&&&&&     &&.           &&       
              o       oo             oo &&                    &&&&&&&&        
              oo    ooo              oo &&                  &&                
                oo                   oo &&                &&                  
                  oo        oooo     oo &&                &                   
                     ooooooo  &o     oo &&      &&&       &                   
                                oo   oo && :&&&   .&& &&&*                    
                                   &ooo &&&                                   

==============================================
SmartRun Product by SmartRun Tech. All rights reserved.
==============================================
Application Version : 2.6.7
Application Title : SmartRun MES
Contact : support@smartruntech.com
==============================================

				
2026-09-18 16:01:56 [restartedMain] INFO  com.vmfg.VMFGApplication -Starting VMFGApplication using Java 1.8.0_482 on Peachs-Mac-mini.local with PID 9247 (/Users/peach/Spring_Boot_Projects/bgr/OneDrive_1_4-15-2026/BGR-SOURCE_CODE-sandbox/SmartRun_ProjectManagement_Java/SR_Management/target/classes started by peach in /Users/peach/Spring_Boot_Projects/bgr/OneDrive_1_4-15-2026/BGR-SOURCE_CODE-sandbox/SmartRun_ProjectManagement_Java/SR_Management)
				
2026-09-18 16:01:56 [restartedMain] INFO  com.vmfg.VMFGApplication -The following 1 profile is active: "dev"
				
2026-09-18 16:01:56 [restartedMain] INFO  o.s.b.d.e.DevToolsPropertyDefaultsPostProcessor -Devtools property defaults active! Set 'spring.devtools.add-properties' to 'false' to disable
				
2026-09-18 16:01:56 [restartedMain] INFO  o.s.b.d.e.DevToolsPropertyDefaultsPostProcessor -For additional web related logging consider setting the 'logging.level.web' property to 'DEBUG'
				
2026-09-18 16:01:58 [restartedMain] INFO  o.s.d.r.c.RepositoryConfigurationDelegate -Bootstrapping Spring Data JDBC repositories in DEFAULT mode.
				
2026-09-18 16:01:58 [restartedMain] INFO  o.s.d.r.c.RepositoryConfigurationDelegate -Finished Spring Data repository scanning in 116 ms. Found 0 JDBC repository interfaces.
				
2026-09-18 16:01:59 [restartedMain] INFO  o.s.b.w.e.tomcat.TomcatWebServer -Tomcat initialized with port(s): 8495 (http)
				
2026-09-18 16:01:59 [restartedMain] INFO  o.a.coyote.http11.Http11NioProtocol -Initializing ProtocolHandler ["http-nio-8495"]
				
2026-09-18 16:01:59 [restartedMain] INFO  o.a.catalina.core.StandardService -Starting service [Tomcat]
				
2026-09-18 16:01:59 [restartedMain] INFO  o.a.catalina.core.StandardEngine -Starting Servlet engine: [Apache Tomcat/9.0.63]
				
2026-09-18 16:01:59 [restartedMain] INFO  o.a.c.c.C.[.[localhost].[/smartrun] -Initializing Spring embedded WebApplicationContext
				
2026-09-18 16:01:59 [restartedMain] INFO  o.s.b.w.s.c.ServletWebServerApplicationContext -Root WebApplicationContext: initialization completed in 3332 ms
				
2026-09-18 16:02:02 [restartedMain] INFO  s.d.s.w.PropertySourcedRequestMappingHandlerMapping -Mapped URL path [/v2/api-docs] onto method [springfox.documentation.swagger2.web.Swagger2Controller#getDocumentation(String, HttpServletRequest)]
				
2026-09-18 16:02:02 [restartedMain] INFO  o.s.s.web.DefaultSecurityFilterChain -Will secure any request with [org.springframework.security.web.session.DisableEncodeUrlFilter@554ee24c, org.springframework.security.web.context.request.async.WebAsyncManagerIntegrationFilter@3e07e649, org.springframework.security.web.context.SecurityContextPersistenceFilter@3e5d5bc2, org.springframework.security.web.header.HeaderWriterFilter@376ab9cb, org.springframework.web.filter.CorsFilter@410296b8, org.springframework.security.web.authentication.logout.LogoutFilter@402a447e, com.vmfg.security.config.JwtRequestFilter@13ac7bdb, org.springframework.security.web.savedrequest.RequestCacheAwareFilter@3c4142af, org.springframework.security.web.servletapi.SecurityContextHolderAwareRequestFilter@7c7a9aa2, org.springframework.security.web.authentication.AnonymousAuthenticationFilter@15b03603, org.springframework.security.web.session.SessionManagementFilter@390ec3de, org.springframework.security.web.access.ExceptionTranslationFilter@71ca551d, org.springframework.security.web.access.intercept.FilterSecurityInterceptor@7e6da73c]
				
2026-09-18 16:02:03 [restartedMain] INFO  o.s.b.d.a.OptionalLiveReloadServer -LiveReload server is running on port 35729
				
2026-09-18 16:02:03 [restartedMain] INFO  com.zaxxer.hikari.HikariDataSource -HikariPool-1 - Starting...
				
2026-09-18 16:02:03 [restartedMain] INFO  com.zaxxer.hikari.HikariDataSource -HikariPool-1 - Start completed.
				
2026-09-18 16:02:04 [restartedMain] INFO  o.a.coyote.http11.Http11NioProtocol -Starting ProtocolHandler ["http-nio-8495"]
				
2026-09-18 16:02:04 [restartedMain] INFO  o.s.b.w.e.tomcat.TomcatWebServer -Tomcat started on port(s): 8495 (http) with context path '/smartrun'
				
2026-09-18 16:02:04 [restartedMain] INFO  s.d.s.w.p.DocumentationPluginsBootstrapper -Context refreshed
				
2026-09-18 16:02:04 [restartedMain] INFO  s.d.s.w.p.DocumentationPluginsBootstrapper -Found 1 custom documentation plugin(s)
				
2026-09-18 16:02:04 [restartedMain] INFO  s.d.s.w.s.ApiListingReferenceScanner -Scanning for api listing references
				
2026-09-18 16:02:05 [restartedMain] INFO  s.d.s.w.r.o.CachingOperationNameGenerator -Generating unique operation named: insertOrUpdateSalesBudgetSheetHdrAndDtlUsingPOST_1
				
2026-09-18 16:02:05 [restartedMain] INFO  s.d.s.w.r.o.CachingOperationNameGenerator -Generating unique operation named: getVendorDetailHdrViewUsingPOST_1
				
2026-09-18 16:02:05 [restartedMain] INFO  s.d.s.w.r.o.CachingOperationNameGenerator -Generating unique operation named: updateUserRoleMappingUsingPOST_1
				
2026-09-18 16:02:05 [restartedMain] INFO  com.vmfg.VMFGApplication -Started VMFGApplication in 10.999 seconds (JVM running for 11.724)
				
2026-09-18 16:02:05 [main] ERROR com.vmfg.VMFGApplication -SmartRun Application Start Exception--->org.springframework.boot.devtools.restart.SilentExitExceptionHandler$SilentExitException
				
2026-09-18 16:02:32 [http-nio-8495-exec-3] INFO  o.a.c.c.C.[.[localhost].[/smartrun] -Initializing Spring DispatcherServlet 'dispatcherServlet'
				
2026-09-18 16:02:32 [http-nio-8495-exec-3] INFO  o.s.web.servlet.DispatcherServlet -Initializing Servlet 'dispatcherServlet'
				
2026-09-18 16:02:32 [http-nio-8495-exec-3] INFO  o.s.web.servlet.DispatcherServlet -Completed initialization in 7 ms
				
2026-09-18 16:02:33 [http-nio-8495-exec-4] INFO  c.v.g.c.NotificationGeneralController -getNotificationDetails   method Start
				
2026-09-18 16:02:33 [http-nio-8495-exec-6] INFO  c.v.g.c.NotificationGeneralController -getNotificationDetails   method Start
				
2026-09-18 16:02:33 [http-nio-8495-exec-5] INFO  c.v.g.c.NotificationGeneralController -getNotificationDetails   method Start
				
2026-09-18 16:02:33 [http-nio-8495-exec-8] INFO  c.v.s.c.IndentManagementController -getIndentHdrDtlsByIndentId Controller  method Start
				
2026-09-18 16:02:33 [http-nio-8495-exec-9] INFO  c.v.p.controller.ProjectController -getCostFlowTypeByPmHdrId   method Start
				
2026-09-18 16:02:33 [http-nio-8495-exec-7] INFO  c.v.s.c.IndentManagementController -indentHdrDropDownByProjectCode Controller  method Start
				
2026-09-18 16:02:33 [http-nio-8495-exec-7] INFO  c.v.s.c.IndentManagementController -indentHdrDropDownByProjectCode Controller  method end
				
2026-09-18 16:02:34 [http-nio-8495-exec-10] INFO  c.v.g.c.NotificationGeneralController -getNotificationDetails   method Start
				
2026-09-18 16:02:34 [http-nio-8495-exec-3] INFO  c.v.g.c.NotificationGeneralController -getNotificationDetails   method Start
				
2026-09-18 16:02:34 [http-nio-8495-exec-8] INFO  c.v.s.c.IndentManagementController -getIndentHdrDtlsByIndentId Controller  method end
				
2026-09-18 16:02:34 [http-nio-8495-exec-1] INFO  c.v.g.c.NotificationGeneralController -getNotificationDetails   method Start
				
2026-09-18 16:03:09 [http-nio-8495-exec-10] INFO  c.v.g.c.NotificationGeneralController -getNotificationDetails   method Start
				
2026-09-18 16:03:09 [http-nio-8495-exec-4] INFO  c.v.g.c.NotificationGeneralController -getNotificationDetails   method Start
				
2026-09-18 16:03:09 [http-nio-8495-exec-5] INFO  c.v.g.c.NotificationGeneralController -getNotificationDetails   method Start
				
2026-09-18 16:03:09 [http-nio-8495-exec-1] INFO  c.v.p.controller.ProjectController -getCostFlowTypeByPmHdrId   method Start
				
2026-09-18 16:03:09 [http-nio-8495-exec-3] INFO  c.v.s.c.IndentManagementController -getIndentHdrDtlsByIndentId Controller  method Start
				
2026-09-18 16:03:09 [http-nio-8495-exec-6] INFO  c.v.s.c.IndentManagementController -indentHdrDropDownByProjectCode Controller  method Start
				
2026-09-18 16:03:09 [http-nio-8495-exec-6] INFO  c.v.s.c.IndentManagementController -indentHdrDropDownByProjectCode Controller  method end
				
2026-09-18 16:03:09 [http-nio-8495-exec-7] INFO  c.v.g.c.NotificationGeneralController -getNotificationDetails   method Start
				
2026-09-18 16:03:09 [http-nio-8495-exec-2] INFO  c.v.g.c.NotificationGeneralController -getNotificationDetails   method Start
				
2026-09-18 16:03:09 [http-nio-8495-exec-3] INFO  c.v.s.c.IndentManagementController -getIndentHdrDtlsByIndentId Controller  method end
				
2026-09-18 16:03:10 [http-nio-8495-exec-8] INFO  c.v.g.c.NotificationGeneralController -getNotificationDetails   method Start
				
2026-09-18 16:03:12 [http-nio-8495-exec-9] INFO  c.v.s.c.IndentManagementController -indentHdrDropDownByProjectCode Controller  method Start
				
2026-09-18 16:03:12 [http-nio-8495-exec-9] INFO  c.v.s.c.IndentManagementController -indentHdrDropDownByProjectCode Controller  method end
				
2026-09-18 16:03:12 [http-nio-8495-exec-1] INFO  c.v.g.c.NotificationGeneralController -getNotificationDetails   method Start
				
2026-09-18 16:03:12 [http-nio-8495-exec-3] INFO  c.v.g.c.NotificationGeneralController -getNotificationDetails   method Start
				
2026-09-18 16:03:14 [http-nio-8495-exec-2] INFO  c.v.p.controller.ProjectController -getCostFlowTypeByPmHdrId   method Start
				
2026-09-18 16:03:14 [http-nio-8495-exec-5] INFO  c.v.s.c.IndentManagementController -getIndentProjectDtlsByDate Controller  method Start
				
2026-09-18 16:03:14 [http-nio-8495-exec-5] INFO  c.v.s.c.IndentManagementController -getIndentProjectDtlsByDate Controller  method end
				
2026-09-18 16:03:14 [http-nio-8495-exec-4] INFO  c.v.g.c.NotificationGeneralController -getNotificationDetails   method Start
				
2026-09-18 16:03:14 [http-nio-8495-exec-7] INFO  c.v.g.c.NotificationGeneralController -getNotificationDetails   method Start
				
2026-09-18 16:03:14 [http-nio-8495-exec-10] INFO  c.v.s.c.IndentManagementController -getStationsForGrouping Controller  method Start
				
2026-09-18 16:03:14 [http-nio-8495-exec-10] INFO  c.v.s.c.IndentManagementController -getStationsForGrouping Controller  method end
				
2026-09-18 16:03:14 [http-nio-8495-exec-8] INFO  c.v.g.c.NotificationGeneralController -getNotificationDetails   method Start
				
2026-09-18 16:03:25 [http-nio-8495-exec-9] INFO  c.v.s.c.IndentManagementController -getIndentGrpNewProdByStation Controller  method Start
				
2026-09-18 16:03:25 [http-nio-8495-exec-9] INFO  c.v.s.c.IndentManagementController -getIndentGrpNewProdByStation Controller  method end
				
2026-09-18 16:03:25 [http-nio-8495-exec-6] INFO  c.v.g.c.NotificationGeneralController -getNotificationDetails   method Start
				
2026-09-18 16:03:28 [http-nio-8495-exec-1] INFO  c.v.s.c.IndentManagementController -indentHdrDropDownByProjectCode Controller  method Start
				
2026-09-18 16:03:28 [http-nio-8495-exec-3] INFO  c.v.p.controller.ProjectController -getCostFlowTypeByPmHdrId   method Start
				
2026-09-18 16:03:28 [http-nio-8495-exec-2] INFO  c.v.s.c.IndentManagementController -getIndentHdrDtlsByIndentId Controller  method Start
				
2026-09-18 16:03:28 [http-nio-8495-exec-1] INFO  c.v.s.c.IndentManagementController -indentHdrDropDownByProjectCode Controller  method end
				
2026-09-18 16:03:28 [http-nio-8495-exec-10] INFO  c.v.g.c.NotificationGeneralController -getNotificationDetails   method Start
				
2026-09-18 16:03:28 [http-nio-8495-exec-5] INFO  c.v.g.c.NotificationGeneralController -getNotificationDetails   method Start
				
2026-09-18 16:03:29 [http-nio-8495-exec-2] INFO  c.v.s.c.IndentManagementController -getIndentHdrDtlsByIndentId Controller  method end
				
2026-09-18 16:03:29 [http-nio-8495-exec-7] INFO  c.v.g.c.NotificationGeneralController -getNotificationDetails   method Start
				
2026-09-18 16:03:39 [http-nio-8495-exec-4] INFO  c.v.d.c.IndentUploadController -getIndentDtlsByIndentId Controller  method Start
				
2026-09-18 16:03:39 [http-nio-8495-exec-4] INFO  c.v.d.c.IndentUploadController -getIndentDtlsByIndentId Controller  method end
				
2026-09-18 16:03:39 [http-nio-8495-exec-8] INFO  c.v.g.c.NotificationGeneralController -getNotificationDetails   method Start
				
2026-09-18 16:03:48 [http-nio-8495-exec-9] INFO  c.v.s.c.IndentManagementController -getIndentHdrDtlsByIndentId Controller  method Start
				
2026-09-18 16:03:48 [http-nio-8495-exec-9] INFO  c.v.s.c.IndentManagementController -getIndentHdrDtlsByIndentId Controller  method end
				
2026-09-18 16:03:48 [http-nio-8495-exec-6] INFO  c.v.g.c.NotificationGeneralController -getNotificationDetails   method Start
				
2026-09-18 16:03:52 [http-nio-8495-exec-3] INFO  c.v.d.c.IndentUploadController -getIndentDtlsByIndentId Controller  method Start
				
2026-09-18 16:03:52 [http-nio-8495-exec-3] INFO  c.v.d.c.IndentUploadController -getIndentDtlsByIndentId Controller  method end
				
2026-09-18 16:03:52 [http-nio-8495-exec-1] INFO  c.v.g.c.NotificationGeneralController -getNotificationDetails   method Start
				
2026-09-18 16:03:59 [http-nio-8495-exec-2] INFO  c.v.s.c.IndentManagementController -getIndentHdrDtlsByIndentId Controller  method Start
				
2026-09-18 16:03:59 [http-nio-8495-exec-2] INFO  c.v.s.c.IndentManagementController -getIndentHdrDtlsByIndentId Controller  method end
				
2026-09-18 16:03:59 [http-nio-8495-exec-5] INFO  c.v.g.c.NotificationGeneralController -getNotificationDetails   method Start
				
2026-09-18 16:04:06 [http-nio-8495-exec-7] INFO  c.v.g.c.NotificationGeneralController -getNotificationDetails   method Start
				
2026-09-18 16:04:07 [http-nio-8495-exec-9] INFO  c.v.s.c.IndentManagementController -getIndentProjectDtlsByDate Controller  method Start
				
2026-09-18 16:04:07 [http-nio-8495-exec-9] INFO  c.v.s.c.IndentManagementController -getIndentProjectDtlsByDate Controller  method end
				
2026-09-18 16:04:07 [http-nio-8495-exec-8] INFO  c.v.g.services.impl.TileViewService -getSaleTileView  method start
				
2026-09-18 16:04:07 [http-nio-8495-exec-4] INFO  c.v.s.c.IndentManagementController -getScmHdrBasedDtl   method Start
				
2026-09-18 16:04:07 [http-nio-8495-exec-6] INFO  c.v.g.c.NotificationGeneralController -getNotificationDetails   method Start
				
2026-09-18 16:04:09 [http-nio-8495-exec-4] INFO  c.v.s.c.IndentManagementController -getScmHdrBasedDtl  method end
				
2026-09-18 16:04:09 [http-nio-8495-exec-8] INFO  c.v.g.c.StageManagementController -getSCMTitleView   method end
				
2026-09-18 16:04:09 [http-nio-8495-exec-3] INFO  c.v.g.c.NotificationGeneralController -getNotificationDetails   method Start
				
2026-09-18 16:04:09 [http-nio-8495-exec-1] INFO  c.v.g.c.NotificationGeneralController -getNotificationDetails   method Start
				
2026-09-18 16:04:15 [http-nio-8495-exec-9] INFO  c.v.g.services.impl.TileViewService -getSaleTileView  method start
				
2026-09-18 16:04:15 [http-nio-8495-exec-10] INFO  c.v.s.c.IndentManagementController -getScmHdrBasedDtl   method Start
				
2026-09-18 16:04:15 [http-nio-8495-exec-10] INFO  c.v.s.c.IndentManagementController -getScmHdrBasedDtl  method end
				
2026-09-18 16:04:15 [http-nio-8495-exec-9] INFO  c.v.g.c.StageManagementController -getSCMTitleView   method end
				
2026-09-18 16:04:15 [http-nio-8495-exec-7] INFO  c.v.g.c.NotificationGeneralController -getNotificationDetails   method Start
				
2026-09-18 16:04:15 [http-nio-8495-exec-6] INFO  c.v.g.c.NotificationGeneralController -getNotificationDetails   method Start
				
2026-09-18 16:04:15 [http-nio-8495-exec-4] INFO  c.v.g.c.NotificationGeneralController -getNotificationDetails   method Start
				
2026-09-18 16:04:15 [http-nio-8495-exec-1] INFO  c.v.g.c.DepartmentAndEmployeeInfoController -getprocessAssignedTeam   method Start
				
2026-09-18 16:04:15 [http-nio-8495-exec-1] INFO  c.v.g.s.i.DepartmentAndEmployeeService -getprocessAssignedTeam  method start
				
2026-09-18 16:04:15 [http-nio-8495-exec-9] INFO  c.v.g.c.NotificationGeneralController -getNotificationDetails   method Start
				
2026-09-18 16:04:15 [http-nio-8495-exec-8] INFO  c.v.g.c.NotificationGeneralController -getNotificationDetails   method Start
				
2026-09-18 16:04:15 [http-nio-8495-exec-5] INFO  c.v.g.c.NotificationGeneralController -getNotificationDetails   method Start
				
2026-09-18 16:04:15 [http-nio-8495-exec-6] INFO  c.v.g.c.NotificationGeneralController -getNotificationDetails   method Start
				
2026-09-18 16:04:15 [http-nio-8495-exec-7] INFO  c.v.g.c.NotificationGeneralController -getNotificationDetails   method Start
				
2026-09-18 16:04:18 [http-nio-8495-exec-2] INFO  c.v.s.c.IndentManagementController -indentHdrDropDownByProjectCode Controller  method Start
				
2026-09-18 16:04:18 [http-nio-8495-exec-1] INFO  c.v.p.controller.ProjectController -getCostFlowTypeByPmHdrId   method Start
				
2026-09-18 16:04:18 [http-nio-8495-exec-10] INFO  c.v.s.c.IndentManagementController -getIndentHdrDtlsByIndentId Controller  method Start
				
2026-09-18 16:04:18 [http-nio-8495-exec-2] INFO  c.v.s.c.IndentManagementController -indentHdrDropDownByProjectCode Controller  method end
				
2026-09-18 16:04:18 [http-nio-8495-exec-4] INFO  c.v.g.c.NotificationGeneralController -getNotificationDetails   method Start
				
2026-09-18 16:04:18 [http-nio-8495-exec-8] INFO  c.v.g.c.NotificationGeneralController -getNotificationDetails   method Start
				
2026-09-18 16:04:18 [http-nio-8495-exec-5] INFO  c.v.g.c.NotificationGeneralController -getNotificationDetails   method Start
				
2026-09-18 16:04:19 [http-nio-8495-exec-10] INFO  c.v.s.c.IndentManagementController -getIndentHdrDtlsByIndentId Controller  method end
				
2026-09-18 16:04:19 [http-nio-8495-exec-9] INFO  c.v.g.c.NotificationGeneralController -getNotificationDetails   method Start
				
2026-09-18 16:04:24 [http-nio-8495-exec-7] INFO  c.v.d.c.IndentUploadController -getIndentDtlsByIndentId Controller  method Start
				
2026-09-18 16:04:25 [http-nio-8495-exec-7] INFO  c.v.d.c.IndentUploadController -getIndentDtlsByIndentId Controller  method end
				
2026-09-18 16:04:25 [http-nio-8495-exec-6] INFO  c.v.g.c.NotificationGeneralController -getNotificationDetails   method Start
				
2026-09-18 16:04:27 [http-nio-8495-exec-3] INFO  c.v.s.c.IndentManagementController -getIndentHdrDtlsByIndentId Controller  method Start
				
2026-09-18 16:04:28 [http-nio-8495-exec-3] INFO  c.v.s.c.IndentManagementController -getIndentHdrDtlsByIndentId Controller  method end
				
2026-09-18 16:04:28 [http-nio-8495-exec-1] INFO  c.v.g.c.NotificationGeneralController -getNotificationDetails   method Start
				
2026-09-18 16:04:37 [http-nio-8495-exec-2] INFO  c.v.d.c.IndentUploadController -getIndentDtlsByIndentId Controller  method Start
				
2026-09-18 16:04:37 [http-nio-8495-exec-2] INFO  c.v.d.c.IndentUploadController -getIndentDtlsByIndentId Controller  method end
				
2026-09-18 16:04:37 [http-nio-8495-exec-8] INFO  c.v.g.c.NotificationGeneralController -getNotificationDetails   method Start
				
2026-09-18 16:04:43 [http-nio-8495-exec-4] INFO  c.v.s.c.IndentManagementController -getIndentHdrDtlsByIndentId Controller  method Start
				
2026-09-18 16:04:44 [http-nio-8495-exec-4] INFO  c.v.s.c.IndentManagementController -getIndentHdrDtlsByIndentId Controller  method end
				
2026-09-18 16:04:44 [http-nio-8495-exec-5] INFO  c.v.g.c.NotificationGeneralController -getNotificationDetails   method Start
				
2026-09-18 16:05:08 [http-nio-8495-exec-10] INFO  c.v.d.c.IndentUploadController -getIndentDtlsByIndentId Controller  method Start
				
2026-09-18 16:05:09 [http-nio-8495-exec-10] INFO  c.v.d.c.IndentUploadController -getIndentDtlsByIndentId Controller  method end
				
2026-09-18 16:05:09 [http-nio-8495-exec-9] INFO  c.v.g.c.NotificationGeneralController -getNotificationDetails   method Start
				
2026-09-18 16:05:13 [http-nio-8495-exec-7] INFO  c.v.s.c.IndentManagementController -getIndentHdrDtlsByIndentId Controller  method Start
				
2026-09-18 16:05:13 [http-nio-8495-exec-7] INFO  c.v.s.c.IndentManagementController -getIndentHdrDtlsByIndentId Controller  method end
				
2026-09-18 16:05:13 [http-nio-8495-exec-6] INFO  c.v.g.c.NotificationGeneralController -getNotificationDetails   method Start
				
2026-09-18 16:05:15 [http-nio-8495-exec-1] INFO  c.v.g.c.NotificationGeneralController -getNotificationDetails   method Start
				
2026-09-18 16:05:15 [http-nio-8495-exec-8] INFO  c.v.s.c.IndentManagementController -getIndentProjectDtlsByDate Controller  method Start
				
2026-09-18 16:05:15 [http-nio-8495-exec-2] INFO  c.v.s.c.IndentManagementController -getScmHdrBasedDtl   method Start
				
2026-09-18 16:05:15 [http-nio-8495-exec-4] INFO  c.v.g.services.impl.TileViewService -getSaleTileView  method start
				
2026-09-18 16:05:15 [http-nio-8495-exec-8] INFO  c.v.s.c.IndentManagementController -getIndentProjectDtlsByDate Controller  method end
				
2026-09-18 16:05:15 [http-nio-8495-exec-5] INFO  c.v.g.c.NotificationGeneralController -getNotificationDetails   method Start
				
2026-09-18 16:05:18 [http-nio-8495-exec-2] INFO  c.v.s.c.IndentManagementController -getScmHdrBasedDtl  method end
				
2026-09-18 16:05:18 [http-nio-8495-exec-4] INFO  c.v.g.c.StageManagementController -getSCMTitleView   method end
				
2026-09-18 16:05:18 [http-nio-8495-exec-7] INFO  c.v.g.c.NotificationGeneralController -getNotificationDetails   method Start
				
2026-09-18 16:05:18 [http-nio-8495-exec-6] INFO  c.v.g.c.NotificationGeneralController -getNotificationDetails   method Start
				
2026-09-18 16:05:19 [http-nio-8495-exec-1] INFO  c.v.g.services.impl.TileViewService -getSaleTileView  method start
				
2026-09-18 16:05:19 [http-nio-8495-exec-3] INFO  c.v.s.c.IndentManagementController -getScmHdrBasedDtl   method Start
				
2026-09-18 16:05:19 [http-nio-8495-exec-1] INFO  c.v.g.c.StageManagementController -getSCMTitleView   method end
				
2026-09-18 16:05:19 [http-nio-8495-exec-8] INFO  c.v.g.c.NotificationGeneralController -getNotificationDetails   method Start
				
2026-09-18 16:05:19 [http-nio-8495-exec-3] INFO  c.v.s.c.IndentManagementController -getScmHdrBasedDtl  method end
				
2026-09-18 16:05:19 [http-nio-8495-exec-5] INFO  c.v.g.c.NotificationGeneralController -getNotificationDetails   method Start
				
2026-09-18 16:05:20 [http-nio-8495-exec-9] INFO  c.v.g.c.NotificationGeneralController -getNotificationDetails   method Start
				
2026-09-18 16:05:20 [http-nio-8495-exec-4] INFO  c.v.g.c.DepartmentAndEmployeeInfoController -getprocessAssignedTeam   method Start
				
2026-09-18 16:05:20 [http-nio-8495-exec-4] INFO  c.v.g.s.i.DepartmentAndEmployeeService -getprocessAssignedTeam  method start
				
2026-09-18 16:05:20 [http-nio-8495-exec-3] INFO  c.v.g.c.NotificationGeneralController -getNotificationDetails   method Start
				
2026-09-18 16:05:20 [http-nio-8495-exec-10] INFO  c.v.g.c.NotificationGeneralController -getNotificationDetails   method Start
				
2026-09-18 16:05:20 [http-nio-8495-exec-1] INFO  c.v.g.c.NotificationGeneralController -getNotificationDetails   method Start
				
2026-09-18 16:05:20 [http-nio-8495-exec-5] INFO  c.v.g.c.NotificationGeneralController -getNotificationDetails   method Start
				
2026-09-18 16:05:20 [http-nio-8495-exec-2] INFO  c.v.g.c.NotificationGeneralController -getNotificationDetails   method Start
				
2026-09-18 16:05:21 [http-nio-8495-exec-8] INFO  c.v.s.c.IndentManagementController -getIndentHdrDtlsByIndentId Controller  method Start
				
2026-09-18 16:05:21 [http-nio-8495-exec-4] INFO  c.v.p.controller.ProjectController -getCostFlowTypeByPmHdrId   method Start
				
2026-09-18 16:05:21 [http-nio-8495-exec-7] INFO  c.v.s.c.IndentManagementController -indentHdrDropDownByProjectCode Controller  method Start
				
2026-09-18 16:05:21 [http-nio-8495-exec-7] INFO  c.v.s.c.IndentManagementController -indentHdrDropDownByProjectCode Controller  method end
				
2026-09-18 16:05:21 [http-nio-8495-exec-3] INFO  c.v.g.c.NotificationGeneralController -getNotificationDetails   method Start
				
2026-09-18 16:05:21 [http-nio-8495-exec-9] INFO  c.v.g.c.NotificationGeneralController -getNotificationDetails   method Start
				
2026-09-18 16:05:21 [http-nio-8495-exec-10] INFO  c.v.g.c.NotificationGeneralController -getNotificationDetails   method Start
				
2026-09-18 16:05:21 [http-nio-8495-exec-8] INFO  c.v.s.c.IndentManagementController -getIndentHdrDtlsByIndentId Controller  method end
				
2026-09-18 16:05:21 [http-nio-8495-exec-1] INFO  c.v.g.c.NotificationGeneralController -getNotificationDetails   method Start
				
2026-09-18 16:05:26 [http-nio-8495-exec-2] INFO  c.v.d.c.IndentUploadController -getIndentDtlsByIndentId Controller  method Start
				
2026-09-18 16:05:26 [http-nio-8495-exec-2] INFO  c.v.d.c.IndentUploadController -getIndentDtlsByIndentId Controller  method end
				
2026-09-18 16:05:26 [http-nio-8495-exec-5] INFO  c.v.g.c.NotificationGeneralController -getNotificationDetails   method Start
				
2026-09-18 16:05:27 [http-nio-8495-exec-4] INFO  c.v.s.c.IndentManagementController -getIndentHdrDtlsByIndentId Controller  method Start
				
2026-09-18 16:05:27 [http-nio-8495-exec-4] INFO  c.v.s.c.IndentManagementController -getIndentHdrDtlsByIndentId Controller  method end
				
2026-09-18 16:05:27 [http-nio-8495-exec-6] INFO  c.v.g.c.NotificationGeneralController -getNotificationDetails   method Start
				
2026-09-18 16:05:34 [http-nio-8495-exec-7] INFO  c.v.d.c.IndentUploadController -getIndentDtlsByIndentId Controller  method Start
				
2026-09-18 16:05:35 [http-nio-8495-exec-7] INFO  c.v.d.c.IndentUploadController -getIndentDtlsByIndentId Controller  method end
				
2026-09-18 16:05:35 [http-nio-8495-exec-8] INFO  c.v.g.c.NotificationGeneralController -getNotificationDetails   method Start
				
2026-09-18 16:05:40 [http-nio-8495-exec-10] INFO  c.v.s.c.IndentManagementController -getIndentHdrDtlsByIndentId Controller  method Start
				
2026-09-18 16:05:40 [http-nio-8495-exec-10] INFO  c.v.s.c.IndentManagementController -getIndentHdrDtlsByIndentId Controller  method end
				
2026-09-18 16:05:40 [http-nio-8495-exec-9] INFO  c.v.g.c.NotificationGeneralController -getNotificationDetails   method Start
				
2026-09-18 16:05:55 [http-nio-8495-exec-1] INFO  c.v.g.c.NotificationGeneralController -getNotificationDetails   method Start
				
2026-09-18 16:05:55 [http-nio-8495-exec-5] INFO  c.v.g.services.impl.TileViewService -getSaleTileView  method start
				
2026-09-18 16:05:55 [http-nio-8495-exec-2] INFO  c.v.s.c.IndentManagementController -getScmHdrBasedDtl   method Start
				
2026-09-18 16:05:55 [http-nio-8495-exec-4] INFO  c.v.s.c.IndentManagementController -getIndentProjectDtlsByDate Controller  method Start
				
2026-09-18 16:05:55 [http-nio-8495-exec-4] INFO  c.v.s.c.IndentManagementController -getIndentProjectDtlsByDate Controller  method end
				
2026-09-18 16:05:55 [http-nio-8495-exec-6] INFO  c.v.g.c.NotificationGeneralController -getNotificationDetails   method Start
				
2026-09-18 16:05:57 [http-nio-8495-exec-5] INFO  c.v.g.c.StageManagementController -getSCMTitleView   method end
				
2026-09-18 16:05:57 [http-nio-8495-exec-2] INFO  c.v.s.c.IndentManagementController -getScmHdrBasedDtl  method end
				
2026-09-18 16:05:57 [http-nio-8495-exec-8] INFO  c.v.g.c.NotificationGeneralController -getNotificationDetails   method Start
				
2026-09-18 16:05:57 [http-nio-8495-exec-7] INFO  c.v.g.c.NotificationGeneralController -getNotificationDetails   method Start
				
2026-09-18 16:06:02 [http-nio-8495-exec-9] INFO  c.v.s.c.IndentManagementController -getScmHdrBasedDtl   method Start
				
2026-09-18 16:06:02 [http-nio-8495-exec-10] INFO  c.v.g.services.impl.TileViewService -getSaleTileView  method start
				
2026-09-18 16:06:02 [http-nio-8495-exec-9] INFO  c.v.s.c.IndentManagementController -getScmHdrBasedDtl  method end
				
2026-09-18 16:06:02 [http-nio-8495-exec-10] INFO  c.v.g.c.StageManagementController -getSCMTitleView   method end
				
2026-09-18 16:06:02 [http-nio-8495-exec-3] INFO  c.v.g.c.NotificationGeneralController -getNotificationDetails   method Start
				
2026-09-18 16:06:02 [http-nio-8495-exec-4] INFO  c.v.g.c.NotificationGeneralController -getNotificationDetails   method Start
				
2026-09-18 16:06:02 [http-nio-8495-exec-6] INFO  c.v.g.c.NotificationGeneralController -getNotificationDetails   method Start
				
2026-09-18 16:06:02 [http-nio-8495-exec-5] INFO  c.v.g.c.DepartmentAndEmployeeInfoController -getprocessAssignedTeam   method Start
				
2026-09-18 16:06:02 [http-nio-8495-exec-5] INFO  c.v.g.s.i.DepartmentAndEmployeeService -getprocessAssignedTeam  method start
				
2026-09-18 16:06:02 [http-nio-8495-exec-8] INFO  c.v.g.c.NotificationGeneralController -getNotificationDetails   method Start
				
2026-09-18 16:06:02 [http-nio-8495-exec-9] INFO  c.v.g.c.NotificationGeneralController -getNotificationDetails   method Start
				
2026-09-18 16:06:02 [http-nio-8495-exec-10] INFO  c.v.g.c.NotificationGeneralController -getNotificationDetails   method Start
				
2026-09-18 16:06:03 [http-nio-8495-exec-5] INFO  c.v.g.c.NotificationGeneralController -getNotificationDetails   method Start
				
2026-09-18 16:06:03 [http-nio-8495-exec-1] INFO  c.v.g.c.NotificationGeneralController -getNotificationDetails   method Start
				
2026-09-18 16:06:04 [http-nio-8495-exec-4] INFO  c.v.s.c.IndentManagementController -getIndentHdrDtlsByIndentId Controller  method Start
				
2026-09-18 16:06:04 [http-nio-8495-exec-2] INFO  c.v.s.c.IndentManagementController -indentHdrDropDownByProjectCode Controller  method Start
				
2026-09-18 16:06:04 [http-nio-8495-exec-3] INFO  c.v.p.controller.ProjectController -getCostFlowTypeByPmHdrId   method Start
				
2026-09-18 16:06:04 [http-nio-8495-exec-2] INFO  c.v.s.c.IndentManagementController -indentHdrDropDownByProjectCode Controller  method end
				
2026-09-18 16:06:04 [http-nio-8495-exec-4] INFO  c.v.s.c.IndentManagementController -getIndentHdrDtlsByIndentId Controller  method end
				
2026-09-18 16:06:04 [http-nio-8495-exec-9] INFO  c.v.g.c.NotificationGeneralController -getNotificationDetails   method Start
				
2026-09-18 16:06:04 [http-nio-8495-exec-10] INFO  c.v.g.c.NotificationGeneralController -getNotificationDetails   method Start
				
2026-09-18 16:06:04 [http-nio-8495-exec-8] INFO  c.v.g.c.NotificationGeneralController -getNotificationDetails   method Start
				
2026-09-18 16:06:04 [http-nio-8495-exec-6] INFO  c.v.g.c.NotificationGeneralController -getNotificationDetails   method Start
				
2026-09-18 16:06:08 [http-nio-8495-exec-1] INFO  c.v.g.c.NotificationGeneralController -getNotificationDetails   method Start
				
2026-09-18 16:06:08 [http-nio-8495-exec-4] INFO  c.v.s.c.IndentManagementController -getScmHdrBasedDtl   method Start
				
2026-09-18 16:06:08 [http-nio-8495-exec-3] INFO  c.v.g.services.impl.TileViewService -getSaleTileView  method start
				
2026-09-18 16:06:08 [http-nio-8495-exec-2] INFO  c.v.s.c.IndentManagementController -getIndentProjectDtlsByDate Controller  method Start
				
2026-09-18 16:06:08 [http-nio-8495-exec-2] INFO  c.v.s.c.IndentManagementController -getIndentProjectDtlsByDate Controller  method end
				
2026-09-18 16:06:08 [http-nio-8495-exec-7] INFO  c.v.g.c.NotificationGeneralController -getNotificationDetails   method Start
				
2026-09-18 16:06:10 [http-nio-8495-exec-3] INFO  c.v.g.c.StageManagementController -getSCMTitleView   method end
				
2026-09-18 16:06:10 [http-nio-8495-exec-4] INFO  c.v.s.c.IndentManagementController -getScmHdrBasedDtl  method end
				
2026-09-18 16:06:10 [http-nio-8495-exec-10] INFO  c.v.g.c.NotificationGeneralController -getNotificationDetails   method Start
				
2026-09-18 16:06:10 [http-nio-8495-exec-9] INFO  c.v.g.c.NotificationGeneralController -getNotificationDetails   method Start
				
2026-09-18 16:06:13 [http-nio-8495-exec-8] INFO  c.v.g.services.impl.TileViewService -getSaleTileView  method start
				
2026-09-18 16:06:13 [http-nio-8495-exec-6] INFO  c.v.s.c.IndentManagementController -getScmHdrBasedDtl   method Start
				
2026-09-18 16:06:13 [http-nio-8495-exec-8] INFO  c.v.g.c.StageManagementController -getSCMTitleView   method end
				
2026-09-18 16:06:13 [http-nio-8495-exec-6] INFO  c.v.s.c.IndentManagementController -getScmHdrBasedDtl  method end
				
2026-09-18 16:06:13 [http-nio-8495-exec-5] INFO  c.v.g.c.NotificationGeneralController -getNotificationDetails   method Start
				
2026-09-18 16:06:13 [http-nio-8495-exec-2] INFO  c.v.g.c.NotificationGeneralController -getNotificationDetails   method Start
				
2026-09-18 16:06:13 [http-nio-8495-exec-7] INFO  c.v.g.c.NotificationGeneralController -getNotificationDetails   method Start
				
2026-09-18 16:06:14 [http-nio-8495-exec-4] INFO  c.v.g.c.DepartmentAndEmployeeInfoController -getprocessAssignedTeam   method Start
				
2026-09-18 16:06:14 [http-nio-8495-exec-4] INFO  c.v.g.s.i.DepartmentAndEmployeeService -getprocessAssignedTeam  method start
				
2026-09-18 16:06:14 [http-nio-8495-exec-6] INFO  c.v.g.c.NotificationGeneralController -getNotificationDetails   method Start
				
2026-09-18 16:06:14 [http-nio-8495-exec-8] INFO  c.v.g.c.NotificationGeneralController -getNotificationDetails   method Start
				
2026-09-18 16:06:14 [http-nio-8495-exec-1] INFO  c.v.g.c.NotificationGeneralController -getNotificationDetails   method Start
				
2026-09-18 16:06:14 [http-nio-8495-exec-5] INFO  c.v.g.c.NotificationGeneralController -getNotificationDetails   method Start
				
2026-09-18 16:06:14 [http-nio-8495-exec-2] INFO  c.v.g.c.NotificationGeneralController -getNotificationDetails   method Start
				
2026-09-18 16:06:15 [http-nio-8495-exec-4] INFO  c.v.s.c.IndentManagementController -getIndentHdrDtlsByIndentId Controller  method Start
				
2026-09-18 16:06:15 [http-nio-8495-exec-9] INFO  c.v.p.controller.ProjectController -getCostFlowTypeByPmHdrId   method Start
				
2026-09-18 16:06:15 [http-nio-8495-exec-3] INFO  c.v.s.c.IndentManagementController -indentHdrDropDownByProjectCode Controller  method Start
				
2026-09-18 16:06:15 [http-nio-8495-exec-3] INFO  c.v.s.c.IndentManagementController -indentHdrDropDownByProjectCode Controller  method end
				
2026-09-18 16:06:15 [http-nio-8495-exec-6] INFO  c.v.g.c.NotificationGeneralController -getNotificationDetails   method Start
				
2026-09-18 16:06:15 [http-nio-8495-exec-7] INFO  c.v.g.c.NotificationGeneralController -getNotificationDetails   method Start
				
2026-09-18 16:06:15 [http-nio-8495-exec-8] INFO  c.v.g.c.NotificationGeneralController -getNotificationDetails   method Start
				
2026-09-18 16:06:15 [http-nio-8495-exec-4] INFO  c.v.s.c.IndentManagementController -getIndentHdrDtlsByIndentId Controller  method end
				
2026-09-18 16:06:15 [http-nio-8495-exec-4] INFO  c.v.g.c.NotificationGeneralController -getNotificationDetails   method Start
				
2026-09-18 16:06:24 [http-nio-8495-exec-1] INFO  c.v.d.c.IndentUploadController -getIndentDtlsByIndentId Controller  method Start
				
2026-09-18 16:06:24 [http-nio-8495-exec-1] INFO  c.v.d.c.IndentUploadController -getIndentDtlsByIndentId Controller  method end
				
2026-09-18 16:06:24 [http-nio-8495-exec-5] INFO  c.v.g.c.NotificationGeneralController -getNotificationDetails   method Start
				
2026-09-18 16:06:27 [http-nio-8495-exec-2] INFO  c.v.s.c.IndentManagementController -getIndentHdrDtlsByIndentId Controller  method Start
				
2026-09-18 16:06:28 [http-nio-8495-exec-2] INFO  c.v.s.c.IndentManagementController -getIndentHdrDtlsByIndentId Controller  method end
				
2026-09-18 16:06:28 [http-nio-8495-exec-9] INFO  c.v.g.c.NotificationGeneralController -getNotificationDetails   method Start
				
2026-09-18 16:06:30 [http-nio-8495-exec-3] INFO  c.v.s.c.IndentManagementController -indentHdrDropDownByProjectCode Controller  method Start
				
2026-09-18 16:06:30 [http-nio-8495-exec-3] INFO  c.v.s.c.IndentManagementController -indentHdrDropDownByProjectCode Controller  method end
				
2026-09-18 16:06:30 [http-nio-8495-exec-7] INFO  c.v.g.c.NotificationGeneralController -getNotificationDetails   method Start
				
2026-09-18 16:06:30 [http-nio-8495-exec-10] ERROR com.vmfg.task.dao.impl.DesignTaskDAO -getNextSeqandStatusByDoc Errororg.springframework.dao.EmptyResultDataAccessException: Incorrect result size: expected 1, actual 0
				
2026-09-18 16:06:31 [http-nio-8495-exec-6] INFO  c.v.g.c.NotificationGeneralController -getNotificationDetails   method Start
				
2026-09-18 16:06:37 [http-nio-8495-exec-4] INFO  c.v.p.controller.ProjectController -getCostFlowTypeByPmHdrId   method Start
				
2026-09-18 16:06:37 [http-nio-8495-exec-8] INFO  c.v.s.c.IndentManagementController -getIndentProjectDtlsByDate Controller  method Start
				
2026-09-18 16:06:37 [http-nio-8495-exec-1] INFO  c.v.g.c.NotificationGeneralController -getNotificationDetails   method Start
				
2026-09-18 16:06:37 [http-nio-8495-exec-8] INFO  c.v.s.c.IndentManagementController -getIndentProjectDtlsByDate Controller  method end
				
2026-09-18 16:06:37 [http-nio-8495-exec-5] INFO  c.v.g.c.NotificationGeneralController -getNotificationDetails   method Start
				
2026-09-18 16:06:37 [http-nio-8495-exec-2] INFO  c.v.s.c.IndentManagementController -indentHdrDropDownByProjectCode Controller  method Start
				
2026-09-18 16:06:37 [http-nio-8495-exec-2] INFO  c.v.s.c.IndentManagementController -indentHdrDropDownByProjectCode Controller  method end
				
2026-09-18 16:06:37 [http-nio-8495-exec-9] INFO  c.v.g.c.NotificationGeneralController -getNotificationDetails   method Start
				
2026-09-18 16:06:42 [http-nio-8495-exec-7] INFO  c.v.g.c.NotificationGeneralController -getNotificationDetails   method Start
				
2026-09-18 16:06:42 [http-nio-8495-exec-4] INFO  c.v.s.c.IndentManagementController -getIndentProjectDtlsByDate Controller  method Start
				
2026-09-18 16:06:42 [http-nio-8495-exec-10] INFO  c.v.s.c.IndentManagementController -getScmHdrBasedDtl   method Start
				
2026-09-18 16:06:42 [http-nio-8495-exec-6] INFO  c.v.g.services.impl.TileViewService -getSaleTileView  method start
				
2026-09-18 16:06:42 [http-nio-8495-exec-4] INFO  c.v.s.c.IndentManagementController -getIndentProjectDtlsByDate Controller  method end
				
2026-09-18 16:06:42 [http-nio-8495-exec-8] INFO  c.v.g.c.NotificationGeneralController -getNotificationDetails   method Start
				
2026-09-18 16:06:45 [http-nio-8495-exec-6] INFO  c.v.g.c.StageManagementController -getSCMTitleView   method end
				
2026-09-18 16:06:45 [http-nio-8495-exec-10] INFO  c.v.s.c.IndentManagementController -getScmHdrBasedDtl  method end
				
2026-09-18 16:06:45 [http-nio-8495-exec-2] INFO  c.v.g.c.NotificationGeneralController -getNotificationDetails   method Start
				
2026-09-18 16:06:45 [http-nio-8495-exec-5] INFO  c.v.g.c.NotificationGeneralController -getNotificationDetails   method Start
				
2026-09-18 16:06:48 [http-nio-8495-exec-9] INFO  c.v.s.c.IndentManagementController -getScmHdrBasedDtl   method Start
				
2026-09-18 16:06:48 [http-nio-8495-exec-1] INFO  c.v.g.services.impl.TileViewService -getSaleTileView  method start
				
2026-09-18 16:06:48 [http-nio-8495-exec-1] INFO  c.v.g.c.StageManagementController -getSCMTitleView   method end
				
2026-09-18 16:06:48 [http-nio-8495-exec-3] INFO  c.v.g.c.NotificationGeneralController -getNotificationDetails   method Start
				
2026-09-18 16:06:48 [http-nio-8495-exec-9] INFO  c.v.s.c.IndentManagementController -getScmHdrBasedDtl  method end
				
2026-09-18 16:06:48 [http-nio-8495-exec-7] INFO  c.v.g.c.NotificationGeneralController -getNotificationDetails   method Start
				
2026-09-18 16:06:49 [http-nio-8495-exec-8] INFO  c.v.g.c.NotificationGeneralController -getNotificationDetails   method Start
				
2026-09-18 16:06:49 [http-nio-8495-exec-2] INFO  c.v.g.c.DepartmentAndEmployeeInfoController -getprocessAssignedTeam   method Start
				
2026-09-18 16:06:49 [http-nio-8495-exec-2] INFO  c.v.g.s.i.DepartmentAndEmployeeService -getprocessAssignedTeam  method start
				
2026-09-18 16:06:49 [http-nio-8495-exec-9] INFO  c.v.g.c.NotificationGeneralController -getNotificationDetails   method Start
				
2026-09-18 16:06:49 [http-nio-8495-exec-2] INFO  c.v.g.c.NotificationGeneralController -getNotificationDetails   method Start
				
2026-09-18 16:06:49 [http-nio-8495-exec-4] INFO  c.v.g.c.NotificationGeneralController -getNotificationDetails   method Start
				
2026-09-18 16:06:49 [http-nio-8495-exec-3] INFO  c.v.g.c.NotificationGeneralController -getNotificationDetails   method Start
				
2026-09-18 16:06:49 [http-nio-8495-exec-10] INFO  c.v.g.c.NotificationGeneralController -getNotificationDetails   method Start
				
2026-09-18 16:06:50 [http-nio-8495-exec-5] INFO  c.v.s.c.IndentManagementController -indentHdrDropDownByProjectCode Controller  method Start
				
2026-09-18 16:06:50 [http-nio-8495-exec-7] INFO  c.v.p.controller.ProjectController -getCostFlowTypeByPmHdrId   method Start
				
2026-09-18 16:06:50 [http-nio-8495-exec-1] INFO  c.v.s.c.IndentManagementController -getIndentHdrDtlsByIndentId Controller  method Start
				
2026-09-18 16:06:50 [http-nio-8495-exec-5] INFO  c.v.s.c.IndentManagementController -indentHdrDropDownByProjectCode Controller  method end
				
2026-09-18 16:06:51 [http-nio-8495-exec-4] INFO  c.v.g.c.NotificationGeneralController -getNotificationDetails   method Start
				
2026-09-18 16:06:51 [http-nio-8495-exec-8] INFO  c.v.g.c.NotificationGeneralController -getNotificationDetails   method Start
				
2026-09-18 16:06:51 [http-nio-8495-exec-2] INFO  c.v.g.c.NotificationGeneralController -getNotificationDetails   method Start
				
2026-09-18 16:06:51 [http-nio-8495-exec-1] INFO  c.v.s.c.IndentManagementController -getIndentHdrDtlsByIndentId Controller  method end
				
2026-09-18 16:06:51 [http-nio-8495-exec-9] INFO  c.v.g.c.NotificationGeneralController -getNotificationDetails   method Start
				
2026-09-18 16:08:32 [http-nio-8495-exec-2] INFO  c.v.g.c.NotificationGeneralController -getNotificationDetails   method Start
				
2026-09-18 16:08:32 [http-nio-8495-exec-9] INFO  c.v.g.services.impl.TileViewService -getSaleTileView  method start
				
2026-09-18 16:08:32 [http-nio-8495-exec-10] INFO  c.v.s.c.IndentManagementController -getIndentProjectDtlsByDate Controller  method Start
				
2026-09-18 16:08:32 [http-nio-8495-exec-8] INFO  c.v.s.c.IndentManagementController -getScmHdrBasedDtl   method Start
				
2026-09-18 16:08:32 [http-nio-8495-exec-10] INFO  c.v.s.c.IndentManagementController -getIndentProjectDtlsByDate Controller  method end
				
2026-09-18 16:08:32 [http-nio-8495-exec-3] INFO  c.v.g.c.NotificationGeneralController -getNotificationDetails   method Start
				
2026-09-18 16:08:34 [http-nio-8495-exec-9] INFO  c.v.g.c.StageManagementController -getSCMTitleView   method end
				
2026-09-18 16:08:34 [http-nio-8495-exec-8] INFO  c.v.s.c.IndentManagementController -getScmHdrBasedDtl  method end
				
2026-09-18 16:08:34 [http-nio-8495-exec-6] INFO  c.v.g.c.NotificationGeneralController -getNotificationDetails   method Start
				
2026-09-18 16:08:34 [http-nio-8495-exec-5] INFO  c.v.g.c.NotificationGeneralController -getNotificationDetails   method Start
				
2026-09-18 16:08:40 [http-nio-8495-exec-7] INFO  c.v.s.c.IndentManagementController -getScmHdrBasedDtl   method Start
				
2026-09-18 16:08:40 [http-nio-8495-exec-1] INFO  c.v.g.services.impl.TileViewService -getSaleTileView  method start
				
2026-09-18 16:08:40 [http-nio-8495-exec-7] INFO  c.v.s.c.IndentManagementController -getScmHdrBasedDtl  method end
				
2026-09-18 16:08:40 [http-nio-8495-exec-1] INFO  c.v.g.c.StageManagementController -getSCMTitleView   method end
				
2026-09-18 16:08:40 [http-nio-8495-exec-4] INFO  c.v.g.c.NotificationGeneralController -getNotificationDetails   method Start
				
2026-09-18 16:08:40 [http-nio-8495-exec-10] INFO  c.v.g.c.NotificationGeneralController -getNotificationDetails   method Start
				
2026-09-18 16:08:40 [http-nio-8495-exec-3] INFO  c.v.g.c.NotificationGeneralController -getNotificationDetails   method Start
				
2026-09-18 16:08:40 [http-nio-8495-exec-6] INFO  c.v.g.c.DepartmentAndEmployeeInfoController -getprocessAssignedTeam   method Start
				
2026-09-18 16:08:40 [http-nio-8495-exec-6] INFO  c.v.g.s.i.DepartmentAndEmployeeService -getprocessAssignedTeam  method start
				
2026-09-18 16:08:40 [http-nio-8495-exec-6] INFO  c.v.g.c.NotificationGeneralController -getNotificationDetails   method Start
				
2026-09-18 16:08:40 [http-nio-8495-exec-8] INFO  c.v.g.c.NotificationGeneralController -getNotificationDetails   method Start
				
2026-09-18 16:08:40 [http-nio-8495-exec-9] INFO  c.v.g.c.NotificationGeneralController -getNotificationDetails   method Start
				
2026-09-18 16:08:40 [http-nio-8495-exec-10] INFO  c.v.g.c.NotificationGeneralController -getNotificationDetails   method Start
				
2026-09-18 16:08:40 [http-nio-8495-exec-4] INFO  c.v.g.c.NotificationGeneralController -getNotificationDetails   method Start
				
2026-09-18 16:08:42 [http-nio-8495-exec-2] INFO  c.v.p.controller.ProjectController -getCostFlowTypeByPmHdrId   method Start
				
2026-09-18 16:08:42 [http-nio-8495-exec-1] INFO  c.v.s.c.IndentManagementController -getIndentHdrDtlsByIndentId Controller  method Start
				
2026-09-18 16:08:42 [http-nio-8495-exec-7] INFO  c.v.s.c.IndentManagementController -indentHdrDropDownByProjectCode Controller  method Start
				
2026-09-18 16:08:42 [http-nio-8495-exec-7] INFO  c.v.s.c.IndentManagementController -indentHdrDropDownByProjectCode Controller  method end
				
2026-09-18 16:08:42 [http-nio-8495-exec-3] INFO  c.v.g.c.NotificationGeneralController -getNotificationDetails   method Start
				
2026-09-18 16:08:42 [http-nio-8495-exec-8] INFO  c.v.g.c.NotificationGeneralController -getNotificationDetails   method Start
				
2026-09-18 16:08:42 [http-nio-8495-exec-6] INFO  c.v.g.c.NotificationGeneralController -getNotificationDetails   method Start
				
2026-09-18 16:08:42 [http-nio-8495-exec-1] ERROR com.vmfg.task.dao.impl.DesignTaskDAO -getNextSeqandStatusByDoc Errororg.springframework.dao.EmptyResultDataAccessException: Incorrect result size: expected 1, actual 0
				
2026-09-18 16:08:42 [http-nio-8495-exec-1] ERROR com.vmfg.task.dao.impl.DesignTaskDAO -getNextSeqandStatusByDoc Errororg.springframework.dao.EmptyResultDataAccessException: Incorrect result size: expected 1, actual 0
				
2026-09-18 16:08:42 [http-nio-8495-exec-1] ERROR com.vmfg.task.dao.impl.DesignTaskDAO -getNextSeqandStatusByDoc Errororg.springframework.dao.EmptyResultDataAccessException: Incorrect result size: expected 1, actual 0
				
2026-09-18 16:08:42 [http-nio-8495-exec-1] ERROR com.vmfg.task.dao.impl.DesignTaskDAO -getNextSeqandStatusByDoc Errororg.springframework.dao.EmptyResultDataAccessException: Incorrect result size: expected 1, actual 0
				
2026-09-18 16:08:42 [http-nio-8495-exec-1] ERROR com.vmfg.task.dao.impl.DesignTaskDAO -getNextSeqandStatusByDoc Errororg.springframework.dao.EmptyResultDataAccessException: Incorrect result size: expected 1, actual 0
				
2026-09-18 16:08:42 [http-nio-8495-exec-1] ERROR com.vmfg.task.dao.impl.DesignTaskDAO -getNextSeqandStatusByDoc Errororg.springframework.dao.EmptyResultDataAccessException: Incorrect result size: expected 1, actual 0
				
2026-09-18 16:08:42 [http-nio-8495-exec-1] ERROR com.vmfg.task.dao.impl.DesignTaskDAO -getNextSeqandStatusByDoc Errororg.springframework.dao.EmptyResultDataAccessException: Incorrect result size: expected 1, actual 0
				
2026-09-18 16:08:42 [http-nio-8495-exec-1] ERROR com.vmfg.task.dao.impl.DesignTaskDAO -getNextSeqandStatusByDoc Errororg.springframework.dao.EmptyResultDataAccessException: Incorrect result size: expected 1, actual 0
				
2026-09-18 16:08:42 [http-nio-8495-exec-1] ERROR com.vmfg.task.dao.impl.DesignTaskDAO -getNextSeqandStatusByDoc Errororg.springframework.dao.EmptyResultDataAccessException: Incorrect result size: expected 1, actual 0
				
2026-09-18 16:08:42 [http-nio-8495-exec-1] ERROR com.vmfg.task.dao.impl.DesignTaskDAO -getNextSeqandStatusByDoc Errororg.springframework.dao.EmptyResultDataAccessException: Incorrect result size: expected 1, actual 0
				
2026-09-18 16:08:42 [http-nio-8495-exec-1] ERROR com.vmfg.task.dao.impl.DesignTaskDAO -getNextSeqandStatusByDoc Errororg.springframework.dao.EmptyResultDataAccessException: Incorrect result size: expected 1, actual 0
				
2026-09-18 16:08:42 [http-nio-8495-exec-1] ERROR com.vmfg.task.dao.impl.DesignTaskDAO -getNextSeqandStatusByDoc Errororg.springframework.dao.EmptyResultDataAccessException: Incorrect result size: expected 1, actual 0
				
2026-09-18 16:08:42 [http-nio-8495-exec-1] ERROR com.vmfg.task.dao.impl.DesignTaskDAO -getNextSeqandStatusByDoc Errororg.springframework.dao.EmptyResultDataAccessException: Incorrect result size: expected 1, actual 0
				
2026-09-18 16:08:42 [http-nio-8495-exec-1] ERROR com.vmfg.task.dao.impl.DesignTaskDAO -getNextSeqandStatusByDoc Errororg.springframework.dao.EmptyResultDataAccessException: Incorrect result size: expected 1, actual 0
				
2026-09-18 16:08:42 [http-nio-8495-exec-1] INFO  c.v.s.c.IndentManagementController -getIndentHdrDtlsByIndentId Controller  method end
				
2026-09-18 16:08:42 [http-nio-8495-exec-9] INFO  c.v.g.c.NotificationGeneralController -getNotificationDetails   method Start
				
2026-09-18 16:08:58 [http-nio-8495-exec-4] INFO  c.v.d.c.IndentUploadController -getIndentDtlsByIndentId Controller  method Start
				
2026-09-18 16:08:58 [http-nio-8495-exec-4] INFO  c.v.d.c.IndentUploadController -getIndentDtlsByIndentId Controller  method end
				
2026-09-18 16:08:58 [http-nio-8495-exec-10] INFO  c.v.g.c.NotificationGeneralController -getNotificationDetails   method Start
				
2026-09-18 16:09:21 [http-nio-8495-exec-2] INFO  c.v.s.c.IndentManagementController -getIndentHdrDtlsByIndentId Controller  method Start
				
2026-09-18 16:09:21 [http-nio-8495-exec-2] ERROR com.vmfg.task.dao.impl.DesignTaskDAO -getNextSeqandStatusByDoc Errororg.springframework.dao.EmptyResultDataAccessException: Incorrect result size: expected 1, actual 0
				
2026-09-18 16:09:21 [http-nio-8495-exec-2] ERROR com.vmfg.task.dao.impl.DesignTaskDAO -getNextSeqandStatusByDoc Errororg.springframework.dao.EmptyResultDataAccessException: Incorrect result size: expected 1, actual 0
				
2026-09-18 16:09:21 [http-nio-8495-exec-2] ERROR com.vmfg.task.dao.impl.DesignTaskDAO -getNextSeqandStatusByDoc Errororg.springframework.dao.EmptyResultDataAccessException: Incorrect result size: expected 1, actual 0
				
2026-09-18 16:09:21 [http-nio-8495-exec-2] ERROR com.vmfg.task.dao.impl.DesignTaskDAO -getNextSeqandStatusByDoc Errororg.springframework.dao.EmptyResultDataAccessException: Incorrect result size: expected 1, actual 0
				
2026-09-18 16:09:21 [http-nio-8495-exec-2] ERROR com.vmfg.task.dao.impl.DesignTaskDAO -getNextSeqandStatusByDoc Errororg.springframework.dao.EmptyResultDataAccessException: Incorrect result size: expected 1, actual 0
				
2026-09-18 16:09:21 [http-nio-8495-exec-2] ERROR com.vmfg.task.dao.impl.DesignTaskDAO -getNextSeqandStatusByDoc Errororg.springframework.dao.EmptyResultDataAccessException: Incorrect result size: expected 1, actual 0
				
2026-09-18 16:09:21 [http-nio-8495-exec-2] ERROR com.vmfg.task.dao.impl.DesignTaskDAO -getNextSeqandStatusByDoc Errororg.springframework.dao.EmptyResultDataAccessException: Incorrect result size: expected 1, actual 0
				
2026-09-18 16:09:21 [http-nio-8495-exec-2] ERROR com.vmfg.task.dao.impl.DesignTaskDAO -getNextSeqandStatusByDoc Errororg.springframework.dao.EmptyResultDataAccessException: Incorrect result size: expected 1, actual 0
				
2026-09-18 16:09:21 [http-nio-8495-exec-2] ERROR com.vmfg.task.dao.impl.DesignTaskDAO -getNextSeqandStatusByDoc Errororg.springframework.dao.EmptyResultDataAccessException: Incorrect result size: expected 1, actual 0
				
2026-09-18 16:09:21 [http-nio-8495-exec-2] ERROR com.vmfg.task.dao.impl.DesignTaskDAO -getNextSeqandStatusByDoc Errororg.springframework.dao.EmptyResultDataAccessException: Incorrect result size: expected 1, actual 0
				
2026-09-18 16:09:21 [http-nio-8495-exec-2] ERROR com.vmfg.task.dao.impl.DesignTaskDAO -getNextSeqandStatusByDoc Errororg.springframework.dao.EmptyResultDataAccessException: Incorrect result size: expected 1, actual 0
				
2026-09-18 16:09:21 [http-nio-8495-exec-2] ERROR com.vmfg.task.dao.impl.DesignTaskDAO -getNextSeqandStatusByDoc Errororg.springframework.dao.EmptyResultDataAccessException: Incorrect result size: expected 1, actual 0
				
2026-09-18 16:09:21 [http-nio-8495-exec-2] ERROR com.vmfg.task.dao.impl.DesignTaskDAO -getNextSeqandStatusByDoc Errororg.springframework.dao.EmptyResultDataAccessException: Incorrect result size: expected 1, actual 0
				
2026-09-18 16:09:21 [http-nio-8495-exec-2] ERROR com.vmfg.task.dao.impl.DesignTaskDAO -getNextSeqandStatusByDoc Errororg.springframework.dao.EmptyResultDataAccessException: Incorrect result size: expected 1, actual 0
				
2026-09-18 16:09:21 [http-nio-8495-exec-2] INFO  c.v.s.c.IndentManagementController -getIndentHdrDtlsByIndentId Controller  method end
				
2026-09-18 16:09:21 [http-nio-8495-exec-5] INFO  c.v.g.c.NotificationGeneralController -getNotificationDetails   method Start
				
2026-09-18 16:09:23 [http-nio-8495-exec-1] INFO  c.v.d.c.IndentUploadController -getIndentDtlsByIndentId Controller  method Start
				
2026-09-18 16:09:23 [http-nio-8495-exec-7] INFO  c.v.g.c.DepartmentAndEmployeeInfoController -getprocessAssignedTeam   method Start
				
2026-09-18 16:09:23 [http-nio-8495-exec-7] INFO  c.v.g.s.i.DepartmentAndEmployeeService -getprocessAssignedTeam  method start
				
2026-09-18 16:09:23 [http-nio-8495-exec-3] INFO  c.v.g.c.NotificationGeneralController -getNotificationDetails   method Start
				
2026-09-18 16:09:23 [http-nio-8495-exec-1] INFO  c.v.d.c.IndentUploadController -getIndentDtlsByIndentId Controller  method end
				
2026-09-18 16:09:23 [http-nio-8495-exec-6] INFO  c.v.g.c.NotificationGeneralController -getNotificationDetails   method Start
				
2026-09-18 16:09:25 [http-nio-8495-exec-8] INFO  c.v.d.c.IndentUploadController -getIndentDtlsByIndentId Controller  method Start
				
2026-09-18 16:09:26 [http-nio-8495-exec-8] INFO  c.v.d.c.IndentUploadController -getIndentDtlsByIndentId Controller  method end
				
2026-09-18 16:09:26 [http-nio-8495-exec-9] INFO  c.v.g.c.NotificationGeneralController -getNotificationDetails   method Start
				
2026-09-18 16:09:29 [http-nio-8495-exec-4] INFO  c.v.s.c.IndentManagementController -getIndentHdrDtlsByIndentId Controller  method Start
				
2026-09-18 16:09:29 [http-nio-8495-exec-4] ERROR com.vmfg.task.dao.impl.DesignTaskDAO -getNextSeqandStatusByDoc Errororg.springframework.dao.EmptyResultDataAccessException: Incorrect result size: expected 1, actual 0
				
2026-09-18 16:09:29 [http-nio-8495-exec-4] ERROR com.vmfg.task.dao.impl.DesignTaskDAO -getNextSeqandStatusByDoc Errororg.springframework.dao.EmptyResultDataAccessException: Incorrect result size: expected 1, actual 0
				
2026-09-18 16:09:29 [http-nio-8495-exec-4] ERROR com.vmfg.task.dao.impl.DesignTaskDAO -getNextSeqandStatusByDoc Errororg.springframework.dao.EmptyResultDataAccessException: Incorrect result size: expected 1, actual 0
				
2026-09-18 16:09:29 [http-nio-8495-exec-4] ERROR com.vmfg.task.dao.impl.DesignTaskDAO -getNextSeqandStatusByDoc Errororg.springframework.dao.EmptyResultDataAccessException: Incorrect result size: expected 1, actual 0
				
2026-09-18 16:09:29 [http-nio-8495-exec-4] ERROR com.vmfg.task.dao.impl.DesignTaskDAO -getNextSeqandStatusByDoc Errororg.springframework.dao.EmptyResultDataAccessException: Incorrect result size: expected 1, actual 0
				
2026-09-18 16:09:29 [http-nio-8495-exec-4] ERROR com.vmfg.task.dao.impl.DesignTaskDAO -getNextSeqandStatusByDoc Errororg.springframework.dao.EmptyResultDataAccessException: Incorrect result size: expected 1, actual 0
				
2026-09-18 16:09:29 [http-nio-8495-exec-4] ERROR com.vmfg.task.dao.impl.DesignTaskDAO -getNextSeqandStatusByDoc Errororg.springframework.dao.EmptyResultDataAccessException: Incorrect result size: expected 1, actual 0
				
2026-09-18 16:09:29 [http-nio-8495-exec-4] ERROR com.vmfg.task.dao.impl.DesignTaskDAO -getNextSeqandStatusByDoc Errororg.springframework.dao.EmptyResultDataAccessException: Incorrect result size: expected 1, actual 0
				
2026-09-18 16:09:29 [http-nio-8495-exec-4] ERROR com.vmfg.task.dao.impl.DesignTaskDAO -getNextSeqandStatusByDoc Errororg.springframework.dao.EmptyResultDataAccessException: Incorrect result size: expected 1, actual 0
				
2026-09-18 16:09:29 [http-nio-8495-exec-4] ERROR com.vmfg.task.dao.impl.DesignTaskDAO -getNextSeqandStatusByDoc Errororg.springframework.dao.EmptyResultDataAccessException: Incorrect result size: expected 1, actual 0
				
2026-09-18 16:09:29 [http-nio-8495-exec-4] ERROR com.vmfg.task.dao.impl.DesignTaskDAO -getNextSeqandStatusByDoc Errororg.springframework.dao.EmptyResultDataAccessException: Incorrect result size: expected 1, actual 0
				
2026-09-18 16:09:29 [http-nio-8495-exec-4] ERROR com.vmfg.task.dao.impl.DesignTaskDAO -getNextSeqandStatusByDoc Errororg.springframework.dao.EmptyResultDataAccessException: Incorrect result size: expected 1, actual 0
				
2026-09-18 16:09:29 [http-nio-8495-exec-4] ERROR com.vmfg.task.dao.impl.DesignTaskDAO -getNextSeqandStatusByDoc Errororg.springframework.dao.EmptyResultDataAccessException: Incorrect result size: expected 1, actual 0
				
2026-09-18 16:09:29 [http-nio-8495-exec-4] ERROR com.vmfg.task.dao.impl.DesignTaskDAO -getNextSeqandStatusByDoc Errororg.springframework.dao.EmptyResultDataAccessException: Incorrect result size: expected 1, actual 0
				
2026-09-18 16:09:29 [http-nio-8495-exec-4] INFO  c.v.s.c.IndentManagementController -getIndentHdrDtlsByIndentId Controller  method end
				
2026-09-18 16:09:29 [http-nio-8495-exec-10] INFO  c.v.g.c.NotificationGeneralController -getNotificationDetails   method Start
				
2026-09-18 16:09:30 [http-nio-8495-exec-2] INFO  c.v.s.c.IndentManagementController -indentHdrDropDownByProjectCode Controller  method Start
				
2026-09-18 16:09:30 [http-nio-8495-exec-2] INFO  c.v.s.c.IndentManagementController -indentHdrDropDownByProjectCode Controller  method end
				
2026-09-18 16:09:30 [http-nio-8495-exec-7] INFO  c.v.g.c.NotificationGeneralController -getNotificationDetails   method Start
				
2026-09-18 16:09:30 [http-nio-8495-exec-1] INFO  c.v.g.c.NotificationGeneralController -getNotificationDetails   method Start
				
2026-09-18 16:09:32 [http-nio-8495-exec-3] INFO  c.v.s.c.IndentManagementController -getIndentGrpNewProd Controller  method Start
				
2026-09-18 16:09:32 [http-nio-8495-exec-3] INFO  c.v.s.c.IndentManagementController -getIndentGrpNewProd Controller  method end
				
2026-09-18 16:09:32 [http-nio-8495-exec-8] INFO  c.v.g.c.NotificationGeneralController -getNotificationDetails   method Start
				
2026-09-18 16:09:32 [http-nio-8495-exec-9] INFO  c.v.g.c.NotificationGeneralController -getNotificationDetails   method Start
				
2026-09-18 16:09:35 [http-nio-8495-exec-10] INFO  c.v.g.c.NotificationGeneralController -getNotificationDetails   method Start
				
2026-09-18 16:09:37 [http-nio-8495-exec-5] ERROR com.vmfg.util.GetPropertyValue -getTenantPropertyVal Method Exception|||org.springframework.dao.EmptyResultDataAccessException: Incorrect result size: expected 1, actual 0
				
2026-09-18 16:09:37 [http-nio-8495-exec-5] ERROR com.vmfg.util.GetPropertyValue -getTenantPropertyValByTenantId Method Exception|||org.springframework.dao.EmptyResultDataAccessException: Incorrect result size: expected 1, actual 0
				
2026-09-18 16:09:37 [http-nio-8495-exec-5] INFO  com.vmfg.util.CommonBase64Class -CommonBase64Class getBasesBinary method Start
				
2026-09-18 16:09:37 [http-nio-8495-exec-5] ERROR com.vmfg.util.CommonBase64Class -CommonBase64Class getBasesBinary Method FileNotFoundException---->java.io.FileNotFoundException:  (No such file or directory)
				
2026-09-18 16:09:37 [http-nio-8495-exec-5] ERROR c.v.authentication.UserLoginService -getImageUrl DAO Method Exceptionjava.lang.NullPointerException
				
2026-09-18 16:10:27 [http-nio-8495-exec-8] INFO  com.vmfg.authentication.UserLoginDAO - getUserDtlForAuth DAO method Start
				
2026-09-18 16:10:27 [http-nio-8495-exec-8] INFO  com.vmfg.authentication.UserLoginDAO -getUserLoginInfo DAO method end
				
2026-09-18 16:10:28 [http-nio-8495-exec-5] INFO  c.v.g.c.NotificationGeneralController -getNotificationDetails   method Start
				
2026-09-18 16:10:28 [http-nio-8495-exec-7] INFO  c.v.g.c.NotificationGeneralController -getNotificationDetails   method Start
				
2026-09-18 16:10:28 [http-nio-8495-exec-1] INFO  c.v.g.c.NotificationGeneralController -getNotificationDetails   method Start
				
2026-09-18 16:10:28 [http-nio-8495-exec-3] INFO  c.v.s.c.IndentManagementController -getIndentProjectDtlsByDate Controller  method Start
				
2026-09-18 16:10:28 [http-nio-8495-exec-3] INFO  c.v.s.c.IndentManagementController -getIndentProjectDtlsByDate Controller  method end
				
2026-09-18 16:10:28 [http-nio-8495-exec-8] INFO  c.v.g.services.impl.TileViewService -getSaleTileView  method start
				
2026-09-18 16:10:28 [http-nio-8495-exec-10] INFO  c.v.d.controller.DesignController -getDesignDtl   method Start
				
2026-09-18 16:10:28 [http-nio-8495-exec-2] INFO  c.v.g.c.NotificationGeneralController -getNotificationDetails   method Start
				
2026-09-18 16:10:28 [http-nio-8495-exec-8] ERROR c.v.d.rowmapper.DesignHdrRowMapper -DesignHdrRowMapper  Method Exceptionjava.sql.SQLSyntaxErrorException: Column 'IS_INTERNAL' not found.
				
2026-09-18 16:10:28 [http-nio-8495-exec-8] ERROR c.v.d.rowmapper.DesignHdrRowMapper -DesignHdrRowMapper  Method Exceptionjava.sql.SQLSyntaxErrorException: Column 'IS_INTERNAL' not found.
				
2026-09-18 16:10:28 [http-nio-8495-exec-8] ERROR c.v.d.rowmapper.DesignHdrRowMapper -DesignHdrRowMapper  Method Exceptionjava.sql.SQLSyntaxErrorException: Column 'IS_INTERNAL' not found.
				
2026-09-18 16:10:28 [http-nio-8495-exec-8] ERROR c.v.d.rowmapper.DesignHdrRowMapper -DesignHdrRowMapper  Method Exceptionjava.sql.SQLSyntaxErrorException: Column 'IS_INTERNAL' not found.
				
2026-09-18 16:10:28 [http-nio-8495-exec-8] ERROR c.v.d.rowmapper.DesignHdrRowMapper -DesignHdrRowMapper  Method Exceptionjava.sql.SQLSyntaxErrorException: Column 'IS_INTERNAL' not found.
				
2026-09-18 16:10:28 [http-nio-8495-exec-8] ERROR c.v.d.rowmapper.DesignHdrRowMapper -DesignHdrRowMapper  Method Exceptionjava.sql.SQLSyntaxErrorException: Column 'IS_INTERNAL' not found.
				
2026-09-18 16:10:28 [http-nio-8495-exec-8] ERROR c.v.d.rowmapper.DesignHdrRowMapper -DesignHdrRowMapper  Method Exceptionjava.sql.SQLSyntaxErrorException: Column 'IS_INTERNAL' not found.
				
2026-09-18 16:10:28 [http-nio-8495-exec-8] ERROR c.v.d.rowmapper.DesignHdrRowMapper -DesignHdrRowMapper  Method Exceptionjava.sql.SQLSyntaxErrorException: Column 'IS_INTERNAL' not found.
				
2026-09-18 16:10:28 [http-nio-8495-exec-8] ERROR c.v.d.rowmapper.DesignHdrRowMapper -DesignHdrRowMapper  Method Exceptionjava.sql.SQLSyntaxErrorException: Column 'IS_INTERNAL' not found.
				
2026-09-18 16:10:28 [http-nio-8495-exec-8] ERROR c.v.d.rowmapper.DesignHdrRowMapper -DesignHdrRowMapper  Method Exceptionjava.sql.SQLSyntaxErrorException: Column 'IS_INTERNAL' not found.
				
2026-09-18 16:10:28 [http-nio-8495-exec-8] ERROR c.v.d.rowmapper.DesignHdrRowMapper -DesignHdrRowMapper  Method Exceptionjava.sql.SQLSyntaxErrorException: Column 'IS_INTERNAL' not found.
				
2026-09-18 16:10:28 [http-nio-8495-exec-8] ERROR c.v.d.rowmapper.DesignHdrRowMapper -DesignHdrRowMapper  Method Exceptionjava.sql.SQLSyntaxErrorException: Column 'IS_INTERNAL' not found.
				
2026-09-18 16:10:28 [http-nio-8495-exec-8] ERROR c.v.d.rowmapper.DesignHdrRowMapper -DesignHdrRowMapper  Method Exceptionjava.sql.SQLSyntaxErrorException: Column 'IS_INTERNAL' not found.
				
2026-09-18 16:10:28 [http-nio-8495-exec-8] ERROR c.v.d.rowmapper.DesignHdrRowMapper -DesignHdrRowMapper  Method Exceptionjava.sql.SQLSyntaxErrorException: Column 'IS_INTERNAL' not found.
				
2026-09-18 16:10:28 [http-nio-8495-exec-8] ERROR c.v.d.rowmapper.DesignHdrRowMapper -DesignHdrRowMapper  Method Exceptionjava.sql.SQLSyntaxErrorException: Column 'IS_INTERNAL' not found.
				
2026-09-18 16:10:28 [http-nio-8495-exec-8] ERROR c.v.d.rowmapper.DesignHdrRowMapper -DesignHdrRowMapper  Method Exceptionjava.sql.SQLSyntaxErrorException: Column 'IS_INTERNAL' not found.
				
2026-09-18 16:10:28 [http-nio-8495-exec-8] ERROR c.v.d.rowmapper.DesignHdrRowMapper -DesignHdrRowMapper  Method Exceptionjava.sql.SQLSyntaxErrorException: Column 'IS_INTERNAL' not found.
				
2026-09-18 16:10:28 [http-nio-8495-exec-8] ERROR c.v.d.rowmapper.DesignHdrRowMapper -DesignHdrRowMapper  Method Exceptionjava.sql.SQLSyntaxErrorException: Column 'IS_INTERNAL' not found.
				
2026-09-18 16:10:28 [http-nio-8495-exec-8] ERROR c.v.d.rowmapper.DesignHdrRowMapper -DesignHdrRowMapper  Method Exceptionjava.sql.SQLSyntaxErrorException: Column 'IS_INTERNAL' not found.
				
2026-09-18 16:10:28 [http-nio-8495-exec-8] ERROR c.v.d.rowmapper.DesignHdrRowMapper -DesignHdrRowMapper  Method Exceptionjava.sql.SQLSyntaxErrorException: Column 'IS_INTERNAL' not found.
				
2026-09-18 16:10:28 [http-nio-8495-exec-8] ERROR c.v.d.rowmapper.DesignHdrRowMapper -DesignHdrRowMapper  Method Exceptionjava.sql.SQLSyntaxErrorException: Column 'IS_INTERNAL' not found.
				
2026-09-18 16:10:28 [http-nio-8495-exec-8] ERROR c.v.d.rowmapper.DesignHdrRowMapper -DesignHdrRowMapper  Method Exceptionjava.sql.SQLSyntaxErrorException: Column 'IS_INTERNAL' not found.
				
2026-09-18 16:10:28 [http-nio-8495-exec-8] ERROR c.v.d.rowmapper.DesignHdrRowMapper -DesignHdrRowMapper  Method Exceptionjava.sql.SQLSyntaxErrorException: Column 'IS_INTERNAL' not found.
				
2026-09-18 16:10:28 [http-nio-8495-exec-8] ERROR c.v.d.rowmapper.DesignHdrRowMapper -DesignHdrRowMapper  Method Exceptionjava.sql.SQLSyntaxErrorException: Column 'IS_INTERNAL' not found.
				
2026-09-18 16:10:28 [http-nio-8495-exec-8] ERROR c.v.d.rowmapper.DesignHdrRowMapper -DesignHdrRowMapper  Method Exceptionjava.sql.SQLSyntaxErrorException: Column 'IS_INTERNAL' not found.
				
2026-09-18 16:10:28 [http-nio-8495-exec-8] ERROR c.v.d.rowmapper.DesignHdrRowMapper -DesignHdrRowMapper  Method Exceptionjava.sql.SQLSyntaxErrorException: Column 'IS_INTERNAL' not found.
				
2026-09-18 16:10:28 [http-nio-8495-exec-8] ERROR c.v.d.rowmapper.DesignHdrRowMapper -DesignHdrRowMapper  Method Exceptionjava.sql.SQLSyntaxErrorException: Column 'IS_INTERNAL' not found.
				
2026-09-18 16:10:28 [http-nio-8495-exec-8] ERROR c.v.d.rowmapper.DesignHdrRowMapper -DesignHdrRowMapper  Method Exceptionjava.sql.SQLSyntaxErrorException: Column 'IS_INTERNAL' not found.
				
2026-09-18 16:10:28 [http-nio-8495-exec-8] ERROR c.v.d.rowmapper.DesignHdrRowMapper -DesignHdrRowMapper  Method Exceptionjava.sql.SQLSyntaxErrorException: Column 'IS_INTERNAL' not found.
				
2026-09-18 16:10:28 [http-nio-8495-exec-8] ERROR c.v.d.rowmapper.DesignHdrRowMapper -DesignHdrRowMapper  Method Exceptionjava.sql.SQLSyntaxErrorException: Column 'IS_INTERNAL' not found.
				
2026-09-18 16:10:28 [http-nio-8495-exec-8] ERROR c.v.d.rowmapper.DesignHdrRowMapper -DesignHdrRowMapper  Method Exceptionjava.sql.SQLSyntaxErrorException: Column 'IS_INTERNAL' not found.
				
2026-09-18 16:10:28 [http-nio-8495-exec-8] ERROR c.v.d.rowmapper.DesignHdrRowMapper -DesignHdrRowMapper  Method Exceptionjava.sql.SQLSyntaxErrorException: Column 'IS_INTERNAL' not found.
				
2026-09-18 16:10:28 [http-nio-8495-exec-8] ERROR c.v.d.rowmapper.DesignHdrRowMapper -DesignHdrRowMapper  Method Exceptionjava.sql.SQLSyntaxErrorException: Column 'IS_INTERNAL' not found.
				
2026-09-18 16:10:28 [http-nio-8495-exec-8] ERROR c.v.d.rowmapper.DesignHdrRowMapper -DesignHdrRowMapper  Method Exceptionjava.sql.SQLSyntaxErrorException: Column 'IS_INTERNAL' not found.
				
2026-09-18 16:10:28 [http-nio-8495-exec-8] ERROR c.v.d.rowmapper.DesignHdrRowMapper -DesignHdrRowMapper  Method Exceptionjava.sql.SQLSyntaxErrorException: Column 'IS_INTERNAL' not found.
				
2026-09-18 16:10:28 [http-nio-8495-exec-8] ERROR c.v.d.rowmapper.DesignHdrRowMapper -DesignHdrRowMapper  Method Exceptionjava.sql.SQLSyntaxErrorException: Column 'IS_INTERNAL' not found.
				
2026-09-18 16:10:28 [http-nio-8495-exec-8] ERROR c.v.d.rowmapper.DesignHdrRowMapper -DesignHdrRowMapper  Method Exceptionjava.sql.SQLSyntaxErrorException: Column 'IS_INTERNAL' not found.
				
2026-09-18 16:10:28 [http-nio-8495-exec-8] ERROR c.v.d.rowmapper.DesignHdrRowMapper -DesignHdrRowMapper  Method Exceptionjava.sql.SQLSyntaxErrorException: Column 'IS_INTERNAL' not found.
				
2026-09-18 16:10:28 [http-nio-8495-exec-8] ERROR c.v.d.rowmapper.DesignHdrRowMapper -DesignHdrRowMapper  Method Exceptionjava.sql.SQLSyntaxErrorException: Column 'IS_INTERNAL' not found.
				
2026-09-18 16:10:28 [http-nio-8495-exec-8] ERROR c.v.d.rowmapper.DesignHdrRowMapper -DesignHdrRowMapper  Method Exceptionjava.sql.SQLSyntaxErrorException: Column 'IS_INTERNAL' not found.
				
2026-09-18 16:10:28 [http-nio-8495-exec-8] ERROR c.v.d.rowmapper.DesignHdrRowMapper -DesignHdrRowMapper  Method Exceptionjava.sql.SQLSyntaxErrorException: Column 'IS_INTERNAL' not found.
				
2026-09-18 16:10:28 [http-nio-8495-exec-8] ERROR c.v.d.rowmapper.DesignHdrRowMapper -DesignHdrRowMapper  Method Exceptionjava.sql.SQLSyntaxErrorException: Column 'IS_INTERNAL' not found.
				
2026-09-18 16:10:28 [http-nio-8495-exec-8] ERROR c.v.d.rowmapper.DesignHdrRowMapper -DesignHdrRowMapper  Method Exceptionjava.sql.SQLSyntaxErrorException: Column 'IS_INTERNAL' not found.
				
2026-09-18 16:10:28 [http-nio-8495-exec-8] ERROR c.v.d.rowmapper.DesignHdrRowMapper -DesignHdrRowMapper  Method Exceptionjava.sql.SQLSyntaxErrorException: Column 'IS_INTERNAL' not found.
				
2026-09-18 16:10:28 [http-nio-8495-exec-8] ERROR c.v.d.rowmapper.DesignHdrRowMapper -DesignHdrRowMapper  Method Exceptionjava.sql.SQLSyntaxErrorException: Column 'IS_INTERNAL' not found.
				
2026-09-18 16:10:28 [http-nio-8495-exec-8] ERROR c.v.d.rowmapper.DesignHdrRowMapper -DesignHdrRowMapper  Method Exceptionjava.sql.SQLSyntaxErrorException: Column 'IS_INTERNAL' not found.
				
2026-09-18 16:10:28 [http-nio-8495-exec-8] ERROR c.v.d.rowmapper.DesignHdrRowMapper -DesignHdrRowMapper  Method Exceptionjava.sql.SQLSyntaxErrorException: Column 'IS_INTERNAL' not found.
				
2026-09-18 16:10:28 [http-nio-8495-exec-8] ERROR c.v.d.rowmapper.DesignHdrRowMapper -DesignHdrRowMapper  Method Exceptionjava.sql.SQLSyntaxErrorException: Column 'IS_INTERNAL' not found.
				
2026-09-18 16:10:28 [http-nio-8495-exec-8] ERROR c.v.d.rowmapper.DesignHdrRowMapper -DesignHdrRowMapper  Method Exceptionjava.sql.SQLSyntaxErrorException: Column 'IS_INTERNAL' not found.
				
2026-09-18 16:10:28 [http-nio-8495-exec-10] INFO  c.v.d.controller.DesignController -getDesignDtl   method end
				
2026-09-18 16:10:28 [http-nio-8495-exec-4] INFO  c.v.g.c.NotificationGeneralController -getNotificationDetails   method Start
				
2026-09-18 16:10:28 [http-nio-8495-exec-8] ERROR c.v.d.rowmapper.DesignHdrRowMapper -DesignHdrRowMapper  Method Exceptionjava.sql.SQLSyntaxErrorException: Column 'IS_INTERNAL' not found.
				
2026-09-18 16:10:28 [http-nio-8495-exec-8] ERROR c.v.d.rowmapper.DesignHdrRowMapper -DesignHdrRowMapper  Method Exceptionjava.sql.SQLSyntaxErrorException: Column 'IS_INTERNAL' not found.
				
2026-09-18 16:10:28 [http-nio-8495-exec-8] ERROR c.v.d.rowmapper.DesignHdrRowMapper -DesignHdrRowMapper  Method Exceptionjava.sql.SQLSyntaxErrorException: Column 'IS_INTERNAL' not found.
				
2026-09-18 16:10:28 [http-nio-8495-exec-8] ERROR c.v.d.rowmapper.DesignHdrRowMapper -DesignHdrRowMapper  Method Exceptionjava.sql.SQLSyntaxErrorException: Column 'IS_INTERNAL' not found.
				
2026-09-18 16:10:28 [http-nio-8495-exec-8] ERROR c.v.d.rowmapper.DesignHdrRowMapper -DesignHdrRowMapper  Method Exceptionjava.sql.SQLSyntaxErrorException: Column 'IS_INTERNAL' not found.
				
2026-09-18 16:10:28 [http-nio-8495-exec-8] ERROR c.v.d.rowmapper.DesignHdrRowMapper -DesignHdrRowMapper  Method Exceptionjava.sql.SQLSyntaxErrorException: Column 'IS_INTERNAL' not found.
				
2026-09-18 16:10:28 [http-nio-8495-exec-8] ERROR c.v.d.rowmapper.DesignHdrRowMapper -DesignHdrRowMapper  Method Exceptionjava.sql.SQLSyntaxErrorException: Column 'IS_INTERNAL' not found.
				
2026-09-18 16:10:28 [http-nio-8495-exec-8] ERROR c.v.d.rowmapper.DesignHdrRowMapper -DesignHdrRowMapper  Method Exceptionjava.sql.SQLSyntaxErrorException: Column 'IS_INTERNAL' not found.
				
2026-09-18 16:10:28 [http-nio-8495-exec-8] ERROR c.v.d.rowmapper.DesignHdrRowMapper -DesignHdrRowMapper  Method Exceptionjava.sql.SQLSyntaxErrorException: Column 'IS_INTERNAL' not found.
				
2026-09-18 16:10:28 [http-nio-8495-exec-8] ERROR c.v.d.rowmapper.DesignHdrRowMapper -DesignHdrRowMapper  Method Exceptionjava.sql.SQLSyntaxErrorException: Column 'IS_INTERNAL' not found.
				
2026-09-18 16:10:28 [http-nio-8495-exec-8] ERROR c.v.d.rowmapper.DesignHdrRowMapper -DesignHdrRowMapper  Method Exceptionjava.sql.SQLSyntaxErrorException: Column 'IS_INTERNAL' not found.
				
2026-09-18 16:10:28 [http-nio-8495-exec-8] ERROR c.v.d.rowmapper.DesignHdrRowMapper -DesignHdrRowMapper  Method Exceptionjava.sql.SQLSyntaxErrorException: Column 'IS_INTERNAL' not found.
				
2026-09-18 16:10:28 [http-nio-8495-exec-8] ERROR c.v.d.rowmapper.DesignHdrRowMapper -DesignHdrRowMapper  Method Exceptionjava.sql.SQLSyntaxErrorException: Column 'IS_INTERNAL' not found.
				
2026-09-18 16:10:28 [http-nio-8495-exec-8] ERROR c.v.d.rowmapper.DesignHdrRowMapper -DesignHdrRowMapper  Method Exceptionjava.sql.SQLSyntaxErrorException: Column 'IS_INTERNAL' not found.
				
2026-09-18 16:10:28 [http-nio-8495-exec-8] ERROR c.v.d.rowmapper.DesignHdrRowMapper -DesignHdrRowMapper  Method Exceptionjava.sql.SQLSyntaxErrorException: Column 'IS_INTERNAL' not found.
				
2026-09-18 16:10:28 [http-nio-8495-exec-8] ERROR c.v.d.rowmapper.DesignHdrRowMapper -DesignHdrRowMapper  Method Exceptionjava.sql.SQLSyntaxErrorException: Column 'IS_INTERNAL' not found.
				
2026-09-18 16:10:28 [http-nio-8495-exec-8] ERROR c.v.d.rowmapper.DesignHdrRowMapper -DesignHdrRowMapper  Method Exceptionjava.sql.SQLSyntaxErrorException: Column 'IS_INTERNAL' not found.
				
2026-09-18 16:10:28 [http-nio-8495-exec-8] ERROR c.v.d.rowmapper.DesignHdrRowMapper -DesignHdrRowMapper  Method Exceptionjava.sql.SQLSyntaxErrorException: Column 'IS_INTERNAL' not found.
				
2026-09-18 16:10:28 [http-nio-8495-exec-8] ERROR c.v.d.rowmapper.DesignHdrRowMapper -DesignHdrRowMapper  Method Exceptionjava.sql.SQLSyntaxErrorException: Column 'IS_INTERNAL' not found.
				
2026-09-18 16:10:28 [http-nio-8495-exec-8] ERROR c.v.d.rowmapper.DesignHdrRowMapper -DesignHdrRowMapper  Method Exceptionjava.sql.SQLSyntaxErrorException: Column 'IS_INTERNAL' not found.
				
2026-09-18 16:10:28 [http-nio-8495-exec-8] ERROR c.v.d.rowmapper.DesignHdrRowMapper -DesignHdrRowMapper  Method Exceptionjava.sql.SQLSyntaxErrorException: Column 'IS_INTERNAL' not found.
				
2026-09-18 16:10:28 [http-nio-8495-exec-8] ERROR c.v.d.rowmapper.DesignHdrRowMapper -DesignHdrRowMapper  Method Exceptionjava.sql.SQLSyntaxErrorException: Column 'IS_INTERNAL' not found.
				
2026-09-18 16:10:28 [http-nio-8495-exec-8] ERROR c.v.d.rowmapper.DesignHdrRowMapper -DesignHdrRowMapper  Method Exceptionjava.sql.SQLSyntaxErrorException: Column 'IS_INTERNAL' not found.
				
2026-09-18 16:10:28 [http-nio-8495-exec-8] INFO  c.v.g.c.StageManagementController -getDesignTitleView   method end
				
2026-09-18 16:10:28 [http-nio-8495-exec-6] INFO  c.v.g.c.NotificationGeneralController -getNotificationDetails   method Start
				
2026-09-18 16:10:35 [http-nio-8495-exec-9] INFO  c.v.d.controller.DesignController -getDesignDtl   method Start
				
2026-09-18 16:10:35 [http-nio-8495-exec-3] INFO  c.v.g.services.impl.TileViewService -getSaleTileView  method start
				
2026-09-18 16:10:35 [http-nio-8495-exec-9] INFO  c.v.d.controller.DesignController -getDesignDtl   method end
				
2026-09-18 16:10:35 [http-nio-8495-exec-3] ERROR c.v.d.rowmapper.DesignHdrRowMapper -DesignHdrRowMapper  Method Exceptionjava.sql.SQLSyntaxErrorException: Column 'IS_INTERNAL' not found.
				
2026-09-18 16:10:35 [http-nio-8495-exec-3] ERROR c.v.d.rowmapper.DesignHdrRowMapper -DesignHdrRowMapper  Method Exceptionjava.sql.SQLSyntaxErrorException: Column 'IS_INTERNAL' not found.
				
2026-09-18 16:10:35 [http-nio-8495-exec-3] ERROR c.v.d.rowmapper.DesignHdrRowMapper -DesignHdrRowMapper  Method Exceptionjava.sql.SQLSyntaxErrorException: Column 'IS_INTERNAL' not found.
				
2026-09-18 16:10:35 [http-nio-8495-exec-3] ERROR c.v.d.rowmapper.DesignHdrRowMapper -DesignHdrRowMapper  Method Exceptionjava.sql.SQLSyntaxErrorException: Column 'IS_INTERNAL' not found.
				
2026-09-18 16:10:35 [http-nio-8495-exec-3] ERROR c.v.d.rowmapper.DesignHdrRowMapper -DesignHdrRowMapper  Method Exceptionjava.sql.SQLSyntaxErrorException: Column 'IS_INTERNAL' not found.
				
2026-09-18 16:10:35 [http-nio-8495-exec-3] ERROR c.v.d.rowmapper.DesignHdrRowMapper -DesignHdrRowMapper  Method Exceptionjava.sql.SQLSyntaxErrorException: Column 'IS_INTERNAL' not found.
				
2026-09-18 16:10:35 [http-nio-8495-exec-3] ERROR c.v.d.rowmapper.DesignHdrRowMapper -DesignHdrRowMapper  Method Exceptionjava.sql.SQLSyntaxErrorException: Column 'IS_INTERNAL' not found.
				
2026-09-18 16:10:35 [http-nio-8495-exec-3] ERROR c.v.d.rowmapper.DesignHdrRowMapper -DesignHdrRowMapper  Method Exceptionjava.sql.SQLSyntaxErrorException: Column 'IS_INTERNAL' not found.
				
2026-09-18 16:10:35 [http-nio-8495-exec-3] ERROR c.v.d.rowmapper.DesignHdrRowMapper -DesignHdrRowMapper  Method Exceptionjava.sql.SQLSyntaxErrorException: Column 'IS_INTERNAL' not found.
				
2026-09-18 16:10:35 [http-nio-8495-exec-3] ERROR c.v.d.rowmapper.DesignHdrRowMapper -DesignHdrRowMapper  Method Exceptionjava.sql.SQLSyntaxErrorException: Column 'IS_INTERNAL' not found.
				
2026-09-18 16:10:35 [http-nio-8495-exec-3] ERROR c.v.d.rowmapper.DesignHdrRowMapper -DesignHdrRowMapper  Method Exceptionjava.sql.SQLSyntaxErrorException: Column 'IS_INTERNAL' not found.
				
2026-09-18 16:10:35 [http-nio-8495-exec-3] ERROR c.v.d.rowmapper.DesignHdrRowMapper -DesignHdrRowMapper  Method Exceptionjava.sql.SQLSyntaxErrorException: Column 'IS_INTERNAL' not found.
				
2026-09-18 16:10:35 [http-nio-8495-exec-3] ERROR c.v.d.rowmapper.DesignHdrRowMapper -DesignHdrRowMapper  Method Exceptionjava.sql.SQLSyntaxErrorException: Column 'IS_INTERNAL' not found.
				
2026-09-18 16:10:35 [http-nio-8495-exec-3] ERROR c.v.d.rowmapper.DesignHdrRowMapper -DesignHdrRowMapper  Method Exceptionjava.sql.SQLSyntaxErrorException: Column 'IS_INTERNAL' not found.
				
2026-09-18 16:10:35 [http-nio-8495-exec-3] ERROR c.v.d.rowmapper.DesignHdrRowMapper -DesignHdrRowMapper  Method Exceptionjava.sql.SQLSyntaxErrorException: Column 'IS_INTERNAL' not found.
				
2026-09-18 16:10:35 [http-nio-8495-exec-3] ERROR c.v.d.rowmapper.DesignHdrRowMapper -DesignHdrRowMapper  Method Exceptionjava.sql.SQLSyntaxErrorException: Column 'IS_INTERNAL' not found.
				
2026-09-18 16:10:35 [http-nio-8495-exec-3] ERROR c.v.d.rowmapper.DesignHdrRowMapper -DesignHdrRowMapper  Method Exceptionjava.sql.SQLSyntaxErrorException: Column 'IS_INTERNAL' not found.
				
2026-09-18 16:10:35 [http-nio-8495-exec-3] ERROR c.v.d.rowmapper.DesignHdrRowMapper -DesignHdrRowMapper  Method Exceptionjava.sql.SQLSyntaxErrorException: Column 'IS_INTERNAL' not found.
				
2026-09-18 16:10:35 [http-nio-8495-exec-3] ERROR c.v.d.rowmapper.DesignHdrRowMapper -DesignHdrRowMapper  Method Exceptionjava.sql.SQLSyntaxErrorException: Column 'IS_INTERNAL' not found.
				
2026-09-18 16:10:35 [http-nio-8495-exec-3] ERROR c.v.d.rowmapper.DesignHdrRowMapper -DesignHdrRowMapper  Method Exceptionjava.sql.SQLSyntaxErrorException: Column 'IS_INTERNAL' not found.
				
2026-09-18 16:10:35 [http-nio-8495-exec-3] ERROR c.v.d.rowmapper.DesignHdrRowMapper -DesignHdrRowMapper  Method Exceptionjava.sql.SQLSyntaxErrorException: Column 'IS_INTERNAL' not found.
				
2026-09-18 16:10:35 [http-nio-8495-exec-3] ERROR c.v.d.rowmapper.DesignHdrRowMapper -DesignHdrRowMapper  Method Exceptionjava.sql.SQLSyntaxErrorException: Column 'IS_INTERNAL' not found.
				
2026-09-18 16:10:35 [http-nio-8495-exec-3] ERROR c.v.d.rowmapper.DesignHdrRowMapper -DesignHdrRowMapper  Method Exceptionjava.sql.SQLSyntaxErrorException: Column 'IS_INTERNAL' not found.
				
2026-09-18 16:10:35 [http-nio-8495-exec-3] ERROR c.v.d.rowmapper.DesignHdrRowMapper -DesignHdrRowMapper  Method Exceptionjava.sql.SQLSyntaxErrorException: Column 'IS_INTERNAL' not found.
				
2026-09-18 16:10:35 [http-nio-8495-exec-3] ERROR c.v.d.rowmapper.DesignHdrRowMapper -DesignHdrRowMapper  Method Exceptionjava.sql.SQLSyntaxErrorException: Column 'IS_INTERNAL' not found.
				
2026-09-18 16:10:35 [http-nio-8495-exec-3] ERROR c.v.d.rowmapper.DesignHdrRowMapper -DesignHdrRowMapper  Method Exceptionjava.sql.SQLSyntaxErrorException: Column 'IS_INTERNAL' not found.
				
2026-09-18 16:10:35 [http-nio-8495-exec-3] ERROR c.v.d.rowmapper.DesignHdrRowMapper -DesignHdrRowMapper  Method Exceptionjava.sql.SQLSyntaxErrorException: Column 'IS_INTERNAL' not found.
				
2026-09-18 16:10:35 [http-nio-8495-exec-3] ERROR c.v.d.rowmapper.DesignHdrRowMapper -DesignHdrRowMapper  Method Exceptionjava.sql.SQLSyntaxErrorException: Column 'IS_INTERNAL' not found.
				
2026-09-18 16:10:35 [http-nio-8495-exec-3] ERROR c.v.d.rowmapper.DesignHdrRowMapper -DesignHdrRowMapper  Method Exceptionjava.sql.SQLSyntaxErrorException: Column 'IS_INTERNAL' not found.
				
2026-09-18 16:10:35 [http-nio-8495-exec-3] ERROR c.v.d.rowmapper.DesignHdrRowMapper -DesignHdrRowMapper  Method Exceptionjava.sql.SQLSyntaxErrorException: Column 'IS_INTERNAL' not found.
				
2026-09-18 16:10:35 [http-nio-8495-exec-3] ERROR c.v.d.rowmapper.DesignHdrRowMapper -DesignHdrRowMapper  Method Exceptionjava.sql.SQLSyntaxErrorException: Column 'IS_INTERNAL' not found.
				
2026-09-18 16:10:35 [http-nio-8495-exec-3] ERROR c.v.d.rowmapper.DesignHdrRowMapper -DesignHdrRowMapper  Method Exceptionjava.sql.SQLSyntaxErrorException: Column 'IS_INTERNAL' not found.
				
2026-09-18 16:10:35 [http-nio-8495-exec-3] ERROR c.v.d.rowmapper.DesignHdrRowMapper -DesignHdrRowMapper  Method Exceptionjava.sql.SQLSyntaxErrorException: Column 'IS_INTERNAL' not found.
				
2026-09-18 16:10:35 [http-nio-8495-exec-3] ERROR c.v.d.rowmapper.DesignHdrRowMapper -DesignHdrRowMapper  Method Exceptionjava.sql.SQLSyntaxErrorException: Column 'IS_INTERNAL' not found.
				
2026-09-18 16:10:35 [http-nio-8495-exec-3] ERROR c.v.d.rowmapper.DesignHdrRowMapper -DesignHdrRowMapper  Method Exceptionjava.sql.SQLSyntaxErrorException: Column 'IS_INTERNAL' not found.
				
2026-09-18 16:10:35 [http-nio-8495-exec-3] ERROR c.v.d.rowmapper.DesignHdrRowMapper -DesignHdrRowMapper  Method Exceptionjava.sql.SQLSyntaxErrorException: Column 'IS_INTERNAL' not found.
				
2026-09-18 16:10:35 [http-nio-8495-exec-3] ERROR c.v.d.rowmapper.DesignHdrRowMapper -DesignHdrRowMapper  Method Exceptionjava.sql.SQLSyntaxErrorException: Column 'IS_INTERNAL' not found.
				
2026-09-18 16:10:35 [http-nio-8495-exec-3] ERROR c.v.d.rowmapper.DesignHdrRowMapper -DesignHdrRowMapper  Method Exceptionjava.sql.SQLSyntaxErrorException: Column 'IS_INTERNAL' not found.
				
2026-09-18 16:10:35 [http-nio-8495-exec-3] ERROR c.v.d.rowmapper.DesignHdrRowMapper -DesignHdrRowMapper  Method Exceptionjava.sql.SQLSyntaxErrorException: Column 'IS_INTERNAL' not found.
				
2026-09-18 16:10:35 [http-nio-8495-exec-3] ERROR c.v.d.rowmapper.DesignHdrRowMapper -DesignHdrRowMapper  Method Exceptionjava.sql.SQLSyntaxErrorException: Column 'IS_INTERNAL' not found.
				
2026-09-18 16:10:35 [http-nio-8495-exec-3] ERROR c.v.d.rowmapper.DesignHdrRowMapper -DesignHdrRowMapper  Method Exceptionjava.sql.SQLSyntaxErrorException: Column 'IS_INTERNAL' not found.
				
2026-09-18 16:10:35 [http-nio-8495-exec-3] ERROR c.v.d.rowmapper.DesignHdrRowMapper -DesignHdrRowMapper  Method Exceptionjava.sql.SQLSyntaxErrorException: Column 'IS_INTERNAL' not found.
				
2026-09-18 16:10:35 [http-nio-8495-exec-3] ERROR c.v.d.rowmapper.DesignHdrRowMapper -DesignHdrRowMapper  Method Exceptionjava.sql.SQLSyntaxErrorException: Column 'IS_INTERNAL' not found.
				
2026-09-18 16:10:35 [http-nio-8495-exec-3] ERROR c.v.d.rowmapper.DesignHdrRowMapper -DesignHdrRowMapper  Method Exceptionjava.sql.SQLSyntaxErrorException: Column 'IS_INTERNAL' not found.
				
2026-09-18 16:10:35 [http-nio-8495-exec-3] ERROR c.v.d.rowmapper.DesignHdrRowMapper -DesignHdrRowMapper  Method Exceptionjava.sql.SQLSyntaxErrorException: Column 'IS_INTERNAL' not found.
				
2026-09-18 16:10:35 [http-nio-8495-exec-3] ERROR c.v.d.rowmapper.DesignHdrRowMapper -DesignHdrRowMapper  Method Exceptionjava.sql.SQLSyntaxErrorException: Column 'IS_INTERNAL' not found.
				
2026-09-18 16:10:35 [http-nio-8495-exec-3] ERROR c.v.d.rowmapper.DesignHdrRowMapper -DesignHdrRowMapper  Method Exceptionjava.sql.SQLSyntaxErrorException: Column 'IS_INTERNAL' not found.
				
2026-09-18 16:10:35 [http-nio-8495-exec-3] ERROR c.v.d.rowmapper.DesignHdrRowMapper -DesignHdrRowMapper  Method Exceptionjava.sql.SQLSyntaxErrorException: Column 'IS_INTERNAL' not found.
				
2026-09-18 16:10:35 [http-nio-8495-exec-3] ERROR c.v.d.rowmapper.DesignHdrRowMapper -DesignHdrRowMapper  Method Exceptionjava.sql.SQLSyntaxErrorException: Column 'IS_INTERNAL' not found.
				
2026-09-18 16:10:35 [http-nio-8495-exec-1] INFO  c.v.g.c.NotificationGeneralController -getNotificationDetails   method Start
				
2026-09-18 16:10:35 [http-nio-8495-exec-3] ERROR c.v.d.rowmapper.DesignHdrRowMapper -DesignHdrRowMapper  Method Exceptionjava.sql.SQLSyntaxErrorException: Column 'IS_INTERNAL' not found.
				
2026-09-18 16:10:35 [http-nio-8495-exec-3] ERROR c.v.d.rowmapper.DesignHdrRowMapper -DesignHdrRowMapper  Method Exceptionjava.sql.SQLSyntaxErrorException: Column 'IS_INTERNAL' not found.
				
2026-09-18 16:10:35 [http-nio-8495-exec-3] ERROR c.v.d.rowmapper.DesignHdrRowMapper -DesignHdrRowMapper  Method Exceptionjava.sql.SQLSyntaxErrorException: Column 'IS_INTERNAL' not found.
				
2026-09-18 16:10:35 [http-nio-8495-exec-3] ERROR c.v.d.rowmapper.DesignHdrRowMapper -DesignHdrRowMapper  Method Exceptionjava.sql.SQLSyntaxErrorException: Column 'IS_INTERNAL' not found.
				
2026-09-18 16:10:35 [http-nio-8495-exec-3] ERROR c.v.d.rowmapper.DesignHdrRowMapper -DesignHdrRowMapper  Method Exceptionjava.sql.SQLSyntaxErrorException: Column 'IS_INTERNAL' not found.
				
2026-09-18 16:10:35 [http-nio-8495-exec-3] ERROR c.v.d.rowmapper.DesignHdrRowMapper -DesignHdrRowMapper  Method Exceptionjava.sql.SQLSyntaxErrorException: Column 'IS_INTERNAL' not found.
				
2026-09-18 16:10:35 [http-nio-8495-exec-3] ERROR c.v.d.rowmapper.DesignHdrRowMapper -DesignHdrRowMapper  Method Exceptionjava.sql.SQLSyntaxErrorException: Column 'IS_INTERNAL' not found.
				
2026-09-18 16:10:35 [http-nio-8495-exec-3] ERROR c.v.d.rowmapper.DesignHdrRowMapper -DesignHdrRowMapper  Method Exceptionjava.sql.SQLSyntaxErrorException: Column 'IS_INTERNAL' not found.
				
2026-09-18 16:10:35 [http-nio-8495-exec-3] ERROR c.v.d.rowmapper.DesignHdrRowMapper -DesignHdrRowMapper  Method Exceptionjava.sql.SQLSyntaxErrorException: Column 'IS_INTERNAL' not found.
				
2026-09-18 16:10:35 [http-nio-8495-exec-3] ERROR c.v.d.rowmapper.DesignHdrRowMapper -DesignHdrRowMapper  Method Exceptionjava.sql.SQLSyntaxErrorException: Column 'IS_INTERNAL' not found.
				
2026-09-18 16:10:35 [http-nio-8495-exec-3] ERROR c.v.d.rowmapper.DesignHdrRowMapper -DesignHdrRowMapper  Method Exceptionjava.sql.SQLSyntaxErrorException: Column 'IS_INTERNAL' not found.
				
2026-09-18 16:10:35 [http-nio-8495-exec-3] ERROR c.v.d.rowmapper.DesignHdrRowMapper -DesignHdrRowMapper  Method Exceptionjava.sql.SQLSyntaxErrorException: Column 'IS_INTERNAL' not found.
				
2026-09-18 16:10:35 [http-nio-8495-exec-3] ERROR c.v.d.rowmapper.DesignHdrRowMapper -DesignHdrRowMapper  Method Exceptionjava.sql.SQLSyntaxErrorException: Column 'IS_INTERNAL' not found.
				
2026-09-18 16:10:35 [http-nio-8495-exec-3] ERROR c.v.d.rowmapper.DesignHdrRowMapper -DesignHdrRowMapper  Method Exceptionjava.sql.SQLSyntaxErrorException: Column 'IS_INTERNAL' not found.
				
2026-09-18 16:10:35 [http-nio-8495-exec-3] ERROR c.v.d.rowmapper.DesignHdrRowMapper -DesignHdrRowMapper  Method Exceptionjava.sql.SQLSyntaxErrorException: Column 'IS_INTERNAL' not found.
				
2026-09-18 16:10:35 [http-nio-8495-exec-3] ERROR c.v.d.rowmapper.DesignHdrRowMapper -DesignHdrRowMapper  Method Exceptionjava.sql.SQLSyntaxErrorException: Column 'IS_INTERNAL' not found.
				
2026-09-18 16:10:35 [http-nio-8495-exec-5] INFO  c.v.g.c.NotificationGeneralController -getNotificationDetails   method Start
				
2026-09-18 16:10:35 [http-nio-8495-exec-8] INFO  c.v.g.c.NotificationGeneralController -getNotificationDetails   method Start
				
2026-09-18 16:10:35 [http-nio-8495-exec-10] INFO  c.v.g.c.NotificationGeneralController -getNotificationDetails   method Start
				
2026-09-18 16:10:35 [http-nio-8495-exec-4] INFO  c.v.g.c.NotificationGeneralController -getNotificationDetails   method Start
				
2026-09-18 16:10:35 [http-nio-8495-exec-2] INFO  c.v.g.c.NotificationGeneralController -getNotificationDetails   method Start
				
2026-09-18 16:10:35 [http-nio-8495-exec-3] ERROR c.v.d.rowmapper.DesignHdrRowMapper -DesignHdrRowMapper  Method Exceptionjava.sql.SQLSyntaxErrorException: Column 'IS_INTERNAL' not found.
				
2026-09-18 16:10:35 [http-nio-8495-exec-3] ERROR c.v.d.rowmapper.DesignHdrRowMapper -DesignHdrRowMapper  Method Exceptionjava.sql.SQLSyntaxErrorException: Column 'IS_INTERNAL' not found.
				
2026-09-18 16:10:35 [http-nio-8495-exec-3] ERROR c.v.d.rowmapper.DesignHdrRowMapper -DesignHdrRowMapper  Method Exceptionjava.sql.SQLSyntaxErrorException: Column 'IS_INTERNAL' not found.
				
2026-09-18 16:10:35 [http-nio-8495-exec-3] ERROR c.v.d.rowmapper.DesignHdrRowMapper -DesignHdrRowMapper  Method Exceptionjava.sql.SQLSyntaxErrorException: Column 'IS_INTERNAL' not found.
				
2026-09-18 16:10:35 [http-nio-8495-exec-3] ERROR c.v.d.rowmapper.DesignHdrRowMapper -DesignHdrRowMapper  Method Exceptionjava.sql.SQLSyntaxErrorException: Column 'IS_INTERNAL' not found.
				
2026-09-18 16:10:35 [http-nio-8495-exec-3] ERROR c.v.d.rowmapper.DesignHdrRowMapper -DesignHdrRowMapper  Method Exceptionjava.sql.SQLSyntaxErrorException: Column 'IS_INTERNAL' not found.
				
2026-09-18 16:10:35 [http-nio-8495-exec-3] ERROR c.v.d.rowmapper.DesignHdrRowMapper -DesignHdrRowMapper  Method Exceptionjava.sql.SQLSyntaxErrorException: Column 'IS_INTERNAL' not found.
				
2026-09-18 16:10:35 [http-nio-8495-exec-3] INFO  c.v.g.c.StageManagementController -getDesignTitleView   method end
				
2026-09-18 16:10:35 [http-nio-8495-exec-9] INFO  c.v.g.c.NotificationGeneralController -getNotificationDetails   method Start
				
2026-09-18 16:10:47 [http-nio-8495-exec-7] INFO  c.v.g.c.NotificationGeneralController -getNotificationDetails   method Start
				
2026-09-18 16:10:48 [http-nio-8495-exec-5] INFO  c.v.p.controller.ProjectController -getCostFlowTypeByPmHdrId   method Start
				
2026-09-18 16:10:48 [http-nio-8495-exec-9] INFO  c.v.d.c.IndentUploadController -getIndentHdrDtlsByProjectId Controller  method Start
				
2026-09-18 16:10:48 [http-nio-8495-exec-6] INFO  com.vmfg.scm.services.impl.PoService -getDCTypeDtl Service start 
				
2026-09-18 16:10:48 [http-nio-8495-exec-3] INFO  c.v.g.c.NotificationGeneralController -getNotificationDetails   method Start
				
2026-09-18 16:10:48 [http-nio-8495-exec-2] INFO  c.v.g.c.NotificationGeneralController -getNotificationDetails   method Start
				
2026-09-18 16:10:48 [http-nio-8495-exec-10] INFO  c.v.g.c.NotificationGeneralController -getNotificationDetails   method Start
				
2026-09-18 16:10:48 [http-nio-8495-exec-9] ERROR c.v.scm.dao.impl.IndentManagementDAO -indentVerCheck Method Exception ---> org.springframework.dao.EmptyResultDataAccessException: Incorrect result size: expected 1, actual 0
				
2026-09-18 16:10:48 [http-nio-8495-exec-9] INFO  c.v.d.c.IndentUploadController -getIndentHdrDtlsByProjectId Controller  method end
				
2026-09-18 16:10:48 [http-nio-8495-exec-9] INFO  c.v.g.c.NotificationGeneralController -getNotificationDetails   method Start
				
2026-09-18 16:10:48 [http-nio-8495-exec-6] INFO  com.vmfg.scm.services.impl.PoService -getDCTypeDtl Service end 
				
2026-09-18 16:10:48 [http-nio-8495-exec-6] INFO  c.v.g.c.NotificationGeneralController -getNotificationDetails   method Start
				
2026-09-18 16:10:48 [http-nio-8495-exec-4] INFO  c.v.g.c.NotificationGeneralController -getNotificationDetails   method Start
				
2026-09-18 16:10:50 [http-nio-8495-exec-5] INFO  c.v.d.c.IndentUploadController -getIndentDtlsByIndentId Controller  method Start
				
2026-09-18 16:10:51 [http-nio-8495-exec-5] INFO  c.v.d.c.IndentUploadController -getIndentDtlsByIndentId Controller  method end
				
2026-09-18 16:10:51 [http-nio-8495-exec-8] INFO  c.v.g.c.NotificationGeneralController -getNotificationDetails   method Start
				
2026-09-18 16:11:16 [http-nio-8495-exec-1] INFO  c.v.d.c.IndentUploadController -getIndentHdrDtlsByProjectId Controller  method Start
				
2026-09-18 16:11:16 [http-nio-8495-exec-1] ERROR c.v.scm.dao.impl.IndentManagementDAO -indentVerCheck Method Exception ---> org.springframework.dao.EmptyResultDataAccessException: Incorrect result size: expected 1, actual 0
				
2026-09-18 16:11:16 [http-nio-8495-exec-1] INFO  c.v.d.c.IndentUploadController -getIndentHdrDtlsByProjectId Controller  method end
				
2026-09-18 16:11:16 [http-nio-8495-exec-7] INFO  c.v.g.c.NotificationGeneralController -getNotificationDetails   method Start
				
2026-09-18 16:11:17 [http-nio-8495-exec-2] INFO  c.v.d.c.IndentUploadController -getIndentDtlsByIndentId Controller  method Start
				
2026-09-18 16:11:17 [http-nio-8495-exec-2] INFO  c.v.d.c.IndentUploadController -getIndentDtlsByIndentId Controller  method end
				
2026-09-18 16:11:17 [http-nio-8495-exec-3] INFO  c.v.g.c.NotificationGeneralController -getNotificationDetails   method Start
				
2026-09-18 16:11:20 [http-nio-8495-exec-10] INFO  c.v.d.c.IndentUploadController -getIndentHdrDtlsByProjectId Controller  method Start
				
2026-09-18 16:11:20 [http-nio-8495-exec-10] ERROR c.v.scm.dao.impl.IndentManagementDAO -indentVerCheck Method Exception ---> org.springframework.dao.EmptyResultDataAccessException: Incorrect result size: expected 1, actual 0
				
2026-09-18 16:11:20 [http-nio-8495-exec-10] INFO  c.v.d.c.IndentUploadController -getIndentHdrDtlsByProjectId Controller  method end
				
2026-09-18 16:11:20 [http-nio-8495-exec-9] INFO  c.v.g.c.NotificationGeneralController -getNotificationDetails   method Start
				
2026-09-18 16:11:23 [http-nio-8495-exec-7] INFO  c.v.s.c.SalesBudgetSheetController -getKeyCategory   method Start
				
2026-09-18 16:11:23 [http-nio-8495-exec-5] INFO  com.vmfg.scm.services.impl.PoService -getDCTypeDtl Service start 
				
2026-09-18 16:11:23 [http-nio-8495-exec-1] INFO  c.v.d.c.IndentUploadController -getIndentTypeMstDropDown Controller  method Start
				
2026-09-18 16:11:23 [http-nio-8495-exec-1] INFO  c.v.d.c.IndentUploadController -getIndentTypeMstDropDown Controller  method end
				
2026-09-18 16:11:23 [http-nio-8495-exec-7] INFO  c.v.s.c.SalesBudgetSheetController -getKeyCategory method End
				
2026-09-18 16:11:23 [http-nio-8495-exec-1] INFO  c.v.g.c.NotificationGeneralController -getNotificationDetails   method Start
				
2026-09-18 16:11:23 [http-nio-8495-exec-4] INFO  c.v.g.c.NotificationGeneralController -getNotificationDetails   method Start
				
2026-09-18 16:11:23 [http-nio-8495-exec-2] INFO  c.v.g.c.NotificationGeneralController -getNotificationDetails   method Start
				
2026-09-18 16:11:24 [http-nio-8495-exec-5] INFO  com.vmfg.scm.services.impl.PoService -getDCTypeDtl Service end 
				
2026-09-18 16:11:24 [http-nio-8495-exec-3] INFO  c.v.g.c.NotificationGeneralController -getNotificationDetails   method Start
				
2026-09-18 16:11:33 [http-nio-8495-exec-9] ERROR com.vmfg.design.dao.impl.DesignDAO -Error with method getKeySubAreaByIsdefault StatementCallback; bad SQL grammar [select * from .project_key_sub_area_mst where IS_ACTIVE = 1 and IS_DEFAULT = 1 ]; nested exception is java.sql.SQLSyntaxErrorException: You have an error in your SQL syntax; check the manual that corresponds to your MySQL server version for the right syntax to use near '.project_key_sub_area_mst where IS_ACTIVE = 1 and IS_DEFAULT = 1' at line 1
				
2026-09-18 16:11:33 [http-nio-8495-exec-9] ERROR c.v.d.controller.DesignController -getKeySubAreaByPKId  method  exceptionjava.lang.NullPointerException
				
2026-09-18 16:11:33 [http-nio-8495-exec-6] INFO  c.v.g.c.NotificationGeneralController -getNotificationDetails   method Start
				
2026-09-18 16:11:36 [http-nio-8495-exec-7] INFO  c.v.g.c.NotificationGeneralController -getNotificationDetails   method Start
				
2026-09-18 16:14:22 [http-nio-8495-exec-9] INFO  c.v.d.c.IndentUploadController -getIndentHdrDtlsByProjectId Controller  method Start
				
2026-09-18 16:14:22 [http-nio-8495-exec-8] INFO  c.v.g.c.NotificationGeneralController -getNotificationDetails   method Start
				
2026-09-18 16:14:22 [http-nio-8495-exec-9] ERROR c.v.scm.dao.impl.IndentManagementDAO -indentVerCheck Method Exception ---> org.springframework.dao.EmptyResultDataAccessException: Incorrect result size: expected 1, actual 0
				
2026-09-18 16:14:22 [http-nio-8495-exec-9] INFO  c.v.d.c.IndentUploadController -getIndentHdrDtlsByProjectId Controller  method end
				
2026-09-18 16:14:22 [http-nio-8495-exec-7] INFO  c.v.g.c.NotificationGeneralController -getNotificationDetails   method Start
				
2026-09-18 16:14:24 [http-nio-8495-exec-1] ERROR com.vmfg.util.GetPropertyValue -getTenantPropertyVal Method Exception|||org.springframework.dao.EmptyResultDataAccessException: Incorrect result size: expected 1, actual 0
				
2026-09-18 16:14:24 [http-nio-8495-exec-1] ERROR com.vmfg.util.GetPropertyValue -getTenantPropertyValByTenantId Method Exception|||org.springframework.dao.EmptyResultDataAccessException: Incorrect result size: expected 1, actual 0
				
2026-09-18 16:14:24 [http-nio-8495-exec-1] INFO  com.vmfg.util.CommonBase64Class -CommonBase64Class getBasesBinary method Start
				
2026-09-18 16:14:24 [http-nio-8495-exec-1] ERROR com.vmfg.util.CommonBase64Class -CommonBase64Class getBasesBinary Method FileNotFoundException---->java.io.FileNotFoundException:  (No such file or directory)
				
2026-09-18 16:14:24 [http-nio-8495-exec-1] ERROR c.v.authentication.UserLoginService -getImageUrl DAO Method Exceptionjava.lang.NullPointerException
				
2026-09-18 16:14:39 [http-nio-8495-exec-5] INFO  com.vmfg.authentication.UserLoginDAO - getUserDtlForAuth DAO method Start
				
2026-09-18 16:14:39 [http-nio-8495-exec-5] INFO  com.vmfg.authentication.UserLoginDAO -getUserLoginInfo DAO method end
				
2026-09-18 16:14:39 [http-nio-8495-exec-10] INFO  c.v.g.c.NotificationGeneralController -getNotificationDetails   method Start
				
2026-09-18 16:14:39 [http-nio-8495-exec-6] INFO  c.v.g.c.NotificationGeneralController -getNotificationDetails   method Start
				
2026-09-18 16:14:39 [http-nio-8495-exec-9] INFO  c.v.g.c.NotificationGeneralController -getNotificationDetails   method Start
				
2026-09-18 16:14:39 [http-nio-8495-exec-7] INFO  c.v.g.services.impl.TileViewService -getSaleTileView  method start
				
2026-09-18 16:14:39 [http-nio-8495-exec-8] INFO  c.v.s.c.IndentManagementController -getIndentProjectDtlsByDate Controller  method Start
				
2026-09-18 16:14:39 [http-nio-8495-exec-1] INFO  c.v.s.c.IndentManagementController -getScmHdrBasedDtl   method Start
				
2026-09-18 16:14:39 [http-nio-8495-exec-8] INFO  c.v.s.c.IndentManagementController -getIndentProjectDtlsByDate Controller  method end
				
2026-09-18 16:14:39 [http-nio-8495-exec-8] INFO  c.v.g.c.NotificationGeneralController -getNotificationDetails   method Start
				
2026-09-18 16:14:41 [http-nio-8495-exec-7] INFO  c.v.g.c.StageManagementController -getSCMTitleView   method end
				
2026-09-18 16:14:41 [http-nio-8495-exec-1] INFO  c.v.s.c.IndentManagementController -getScmHdrBasedDtl  method end
				
2026-09-18 16:14:41 [http-nio-8495-exec-5] INFO  c.v.g.c.NotificationGeneralController -getNotificationDetails   method Start
				
2026-09-18 16:14:41 [http-nio-8495-exec-4] INFO  c.v.g.c.NotificationGeneralController -getNotificationDetails   method Start
				
2026-09-18 16:14:49 [http-nio-8495-exec-2] INFO  c.v.s.c.IndentManagementController -getScmHdrBasedDtl   method Start
				
2026-09-18 16:14:49 [http-nio-8495-exec-3] INFO  c.v.g.services.impl.TileViewService -getSaleTileView  method start
				
2026-09-18 16:14:49 [http-nio-8495-exec-2] INFO  c.v.s.c.IndentManagementController -getScmHdrBasedDtl  method end
				
2026-09-18 16:14:49 [http-nio-8495-exec-3] INFO  c.v.g.c.StageManagementController -getSCMTitleView   method end
				
2026-09-18 16:14:49 [http-nio-8495-exec-10] INFO  c.v.g.c.NotificationGeneralController -getNotificationDetails   method Start
				
2026-09-18 16:14:49 [http-nio-8495-exec-9] INFO  c.v.g.c.NotificationGeneralController -getNotificationDetails   method Start
				
2026-09-18 16:14:49 [http-nio-8495-exec-8] INFO  c.v.g.c.NotificationGeneralController -getNotificationDetails   method Start
				
2026-09-18 16:14:49 [http-nio-8495-exec-1] INFO  c.v.g.c.DepartmentAndEmployeeInfoController -getprocessAssignedTeam   method Start
				
2026-09-18 16:14:49 [http-nio-8495-exec-1] INFO  c.v.g.s.i.DepartmentAndEmployeeService -getprocessAssignedTeam  method start
				
2026-09-18 16:14:49 [http-nio-8495-exec-4] INFO  c.v.g.c.NotificationGeneralController -getNotificationDetails   method Start
				
2026-09-18 16:14:49 [http-nio-8495-exec-1] INFO  c.v.g.c.NotificationGeneralController -getNotificationDetails   method Start
				
2026-09-18 16:14:49 [http-nio-8495-exec-3] INFO  c.v.g.c.NotificationGeneralController -getNotificationDetails   method Start
				
2026-09-18 16:14:49 [http-nio-8495-exec-10] INFO  c.v.g.c.NotificationGeneralController -getNotificationDetails   method Start
				
2026-09-18 16:14:49 [http-nio-8495-exec-2] INFO  c.v.g.c.NotificationGeneralController -getNotificationDetails   method Start
				
2026-09-18 16:14:51 [http-nio-8495-exec-7] INFO  c.v.g.c.NotificationGeneralController -getNotificationDetails   method Start
				
2026-09-18 16:14:51 [http-nio-8495-exec-5] INFO  c.v.p.controller.ProjectController -getCostFlowTypeByPmHdrId   method Start
				
2026-09-18 16:14:51 [http-nio-8495-exec-9] INFO  c.v.s.c.IndentManagementController -getIndentHdrDtlsByIndentId Controller  method Start
				
2026-09-18 16:14:51 [http-nio-8495-exec-8] INFO  c.v.s.c.IndentManagementController -indentHdrDropDownByProjectCode Controller  method Start
				
2026-09-18 16:14:51 [http-nio-8495-exec-8] INFO  c.v.s.c.IndentManagementController -indentHdrDropDownByProjectCode Controller  method end
				
2026-09-18 16:14:51 [http-nio-8495-exec-4] INFO  c.v.g.c.NotificationGeneralController -getNotificationDetails   method Start
				
2026-09-18 16:14:51 [http-nio-8495-exec-3] INFO  c.v.g.c.NotificationGeneralController -getNotificationDetails   method Start
				
2026-09-18 16:14:51 [http-nio-8495-exec-9] INFO  c.v.s.c.IndentManagementController -getIndentHdrDtlsByIndentId Controller  method end
				
2026-09-18 16:14:51 [http-nio-8495-exec-1] INFO  c.v.g.c.NotificationGeneralController -getNotificationDetails   method Start
				
2026-09-18 16:14:52 [http-nio-8495-exec-10] INFO  c.v.d.c.IndentUploadController -getIndentDtlsByIndentId Controller  method Start
				
2026-09-18 16:14:53 [http-nio-8495-exec-10] INFO  c.v.d.c.IndentUploadController -getIndentDtlsByIndentId Controller  method end
				
2026-09-18 16:14:53 [http-nio-8495-exec-10] INFO  c.v.g.c.NotificationGeneralController -getNotificationDetails   method Start
				
2026-09-18 16:15:16 [http-nio-8495-exec-2] INFO  c.v.s.c.IndentManagementController -getIndentHdrDtlsByIndentId Controller  method Start
				
2026-09-18 16:15:16 [http-nio-8495-exec-2] INFO  c.v.s.c.IndentManagementController -getIndentHdrDtlsByIndentId Controller  method end
				
2026-09-18 16:15:16 [http-nio-8495-exec-6] INFO  c.v.g.c.NotificationGeneralController -getNotificationDetails   method Start
				
2026-09-18 16:15:19 [http-nio-8495-exec-5] ERROR com.vmfg.util.GetPropertyValue -getTenantPropertyVal Method Exception|||org.springframework.dao.EmptyResultDataAccessException: Incorrect result size: expected 1, actual 0
				
2026-09-18 16:15:19 [http-nio-8495-exec-5] ERROR com.vmfg.util.GetPropertyValue -getTenantPropertyValByTenantId Method Exception|||org.springframework.dao.EmptyResultDataAccessException: Incorrect result size: expected 1, actual 0
				
2026-09-18 16:15:19 [http-nio-8495-exec-5] INFO  com.vmfg.util.CommonBase64Class -CommonBase64Class getBasesBinary method Start
				
2026-09-18 16:15:19 [http-nio-8495-exec-5] ERROR com.vmfg.util.CommonBase64Class -CommonBase64Class getBasesBinary Method FileNotFoundException---->java.io.FileNotFoundException:  (No such file or directory)
				
2026-09-18 16:15:19 [http-nio-8495-exec-5] ERROR c.v.authentication.UserLoginService -getImageUrl DAO Method Exceptionjava.lang.NullPointerException
				
2026-09-18 16:15:37 [http-nio-8495-exec-8] INFO  com.vmfg.authentication.UserLoginDAO - getUserDtlForAuth DAO method Start
				
2026-09-18 16:15:37 [http-nio-8495-exec-8] INFO  com.vmfg.authentication.UserLoginDAO -getUserLoginInfo DAO method end
				
2026-09-18 16:15:37 [http-nio-8495-exec-3] INFO  c.v.g.c.NotificationGeneralController -getNotificationDetails   method Start
				
2026-09-18 16:15:37 [http-nio-8495-exec-1] INFO  c.v.g.c.NotificationGeneralController -getNotificationDetails   method Start
				
2026-09-18 16:15:37 [http-nio-8495-exec-10] INFO  c.v.g.c.NotificationGeneralController -getNotificationDetails   method Start
				
2026-09-18 16:15:38 [http-nio-8495-exec-2] INFO  c.v.d.controller.DesignController -getDesignDtl   method Start
				
2026-09-18 16:15:38 [http-nio-8495-exec-5] INFO  c.v.g.services.impl.TileViewService -getSaleTileView  method start
				
2026-09-18 16:15:38 [http-nio-8495-exec-6] INFO  c.v.s.c.IndentManagementController -getIndentProjectDtlsByDate Controller  method Start
				
2026-09-18 16:15:38 [http-nio-8495-exec-6] INFO  c.v.s.c.IndentManagementController -getIndentProjectDtlsByDate Controller  method end
				
2026-09-18 16:15:38 [http-nio-8495-exec-5] ERROR c.v.d.rowmapper.DesignHdrRowMapper -DesignHdrRowMapper  Method Exceptionjava.sql.SQLSyntaxErrorException: Column 'IS_INTERNAL' not found.
				
2026-09-18 16:15:38 [http-nio-8495-exec-5] ERROR c.v.d.rowmapper.DesignHdrRowMapper -DesignHdrRowMapper  Method Exceptionjava.sql.SQLSyntaxErrorException: Column 'IS_INTERNAL' not found.
				
2026-09-18 16:15:38 [http-nio-8495-exec-5] ERROR c.v.d.rowmapper.DesignHdrRowMapper -DesignHdrRowMapper  Method Exceptionjava.sql.SQLSyntaxErrorException: Column 'IS_INTERNAL' not found.
				
2026-09-18 16:15:38 [http-nio-8495-exec-5] ERROR c.v.d.rowmapper.DesignHdrRowMapper -DesignHdrRowMapper  Method Exceptionjava.sql.SQLSyntaxErrorException: Column 'IS_INTERNAL' not found.
				
2026-09-18 16:15:38 [http-nio-8495-exec-5] ERROR c.v.d.rowmapper.DesignHdrRowMapper -DesignHdrRowMapper  Method Exceptionjava.sql.SQLSyntaxErrorException: Column 'IS_INTERNAL' not found.
				
2026-09-18 16:15:38 [http-nio-8495-exec-5] ERROR c.v.d.rowmapper.DesignHdrRowMapper -DesignHdrRowMapper  Method Exceptionjava.sql.SQLSyntaxErrorException: Column 'IS_INTERNAL' not found.
				
2026-09-18 16:15:38 [http-nio-8495-exec-5] ERROR c.v.d.rowmapper.DesignHdrRowMapper -DesignHdrRowMapper  Method Exceptionjava.sql.SQLSyntaxErrorException: Column 'IS_INTERNAL' not found.
				
2026-09-18 16:15:38 [http-nio-8495-exec-5] ERROR c.v.d.rowmapper.DesignHdrRowMapper -DesignHdrRowMapper  Method Exceptionjava.sql.SQLSyntaxErrorException: Column 'IS_INTERNAL' not found.
				
2026-09-18 16:15:38 [http-nio-8495-exec-5] ERROR c.v.d.rowmapper.DesignHdrRowMapper -DesignHdrRowMapper  Method Exceptionjava.sql.SQLSyntaxErrorException: Column 'IS_INTERNAL' not found.
				
2026-09-18 16:15:38 [http-nio-8495-exec-5] ERROR c.v.d.rowmapper.DesignHdrRowMapper -DesignHdrRowMapper  Method Exceptionjava.sql.SQLSyntaxErrorException: Column 'IS_INTERNAL' not found.
				
2026-09-18 16:15:38 [http-nio-8495-exec-5] ERROR c.v.d.rowmapper.DesignHdrRowMapper -DesignHdrRowMapper  Method Exceptionjava.sql.SQLSyntaxErrorException: Column 'IS_INTERNAL' not found.
				
2026-09-18 16:15:38 [http-nio-8495-exec-5] ERROR c.v.d.rowmapper.DesignHdrRowMapper -DesignHdrRowMapper  Method Exceptionjava.sql.SQLSyntaxErrorException: Column 'IS_INTERNAL' not found.
				
2026-09-18 16:15:38 [http-nio-8495-exec-5] ERROR c.v.d.rowmapper.DesignHdrRowMapper -DesignHdrRowMapper  Method Exceptionjava.sql.SQLSyntaxErrorException: Column 'IS_INTERNAL' not found.
				
2026-09-18 16:15:38 [http-nio-8495-exec-5] ERROR c.v.d.rowmapper.DesignHdrRowMapper -DesignHdrRowMapper  Method Exceptionjava.sql.SQLSyntaxErrorException: Column 'IS_INTERNAL' not found.
				
2026-09-18 16:15:38 [http-nio-8495-exec-8] INFO  c.v.g.c.NotificationGeneralController -getNotificationDetails   method Start
				
2026-09-18 16:15:38 [http-nio-8495-exec-5] ERROR c.v.d.rowmapper.DesignHdrRowMapper -DesignHdrRowMapper  Method Exceptionjava.sql.SQLSyntaxErrorException: Column 'IS_INTERNAL' not found.
				
2026-09-18 16:15:38 [http-nio-8495-exec-5] ERROR c.v.d.rowmapper.DesignHdrRowMapper -DesignHdrRowMapper  Method Exceptionjava.sql.SQLSyntaxErrorException: Column 'IS_INTERNAL' not found.
				
2026-09-18 16:15:38 [http-nio-8495-exec-5] ERROR c.v.d.rowmapper.DesignHdrRowMapper -DesignHdrRowMapper  Method Exceptionjava.sql.SQLSyntaxErrorException: Column 'IS_INTERNAL' not found.
				
2026-09-18 16:15:38 [http-nio-8495-exec-5] ERROR c.v.d.rowmapper.DesignHdrRowMapper -DesignHdrRowMapper  Method Exceptionjava.sql.SQLSyntaxErrorException: Column 'IS_INTERNAL' not found.
				
2026-09-18 16:15:38 [http-nio-8495-exec-5] ERROR c.v.d.rowmapper.DesignHdrRowMapper -DesignHdrRowMapper  Method Exceptionjava.sql.SQLSyntaxErrorException: Column 'IS_INTERNAL' not found.
				
2026-09-18 16:15:38 [http-nio-8495-exec-5] ERROR c.v.d.rowmapper.DesignHdrRowMapper -DesignHdrRowMapper  Method Exceptionjava.sql.SQLSyntaxErrorException: Column 'IS_INTERNAL' not found.
				
2026-09-18 16:15:38 [http-nio-8495-exec-5] ERROR c.v.d.rowmapper.DesignHdrRowMapper -DesignHdrRowMapper  Method Exceptionjava.sql.SQLSyntaxErrorException: Column 'IS_INTERNAL' not found.
				
2026-09-18 16:15:38 [http-nio-8495-exec-5] ERROR c.v.d.rowmapper.DesignHdrRowMapper -DesignHdrRowMapper  Method Exceptionjava.sql.SQLSyntaxErrorException: Column 'IS_INTERNAL' not found.
				
2026-09-18 16:15:38 [http-nio-8495-exec-5] ERROR c.v.d.rowmapper.DesignHdrRowMapper -DesignHdrRowMapper  Method Exceptionjava.sql.SQLSyntaxErrorException: Column 'IS_INTERNAL' not found.
				
2026-09-18 16:15:38 [http-nio-8495-exec-5] ERROR c.v.d.rowmapper.DesignHdrRowMapper -DesignHdrRowMapper  Method Exceptionjava.sql.SQLSyntaxErrorException: Column 'IS_INTERNAL' not found.
				
2026-09-18 16:15:38 [http-nio-8495-exec-5] ERROR c.v.d.rowmapper.DesignHdrRowMapper -DesignHdrRowMapper  Method Exceptionjava.sql.SQLSyntaxErrorException: Column 'IS_INTERNAL' not found.
				
2026-09-18 16:15:38 [http-nio-8495-exec-5] ERROR c.v.d.rowmapper.DesignHdrRowMapper -DesignHdrRowMapper  Method Exceptionjava.sql.SQLSyntaxErrorException: Column 'IS_INTERNAL' not found.
				
2026-09-18 16:15:38 [http-nio-8495-exec-5] ERROR c.v.d.rowmapper.DesignHdrRowMapper -DesignHdrRowMapper  Method Exceptionjava.sql.SQLSyntaxErrorException: Column 'IS_INTERNAL' not found.
				
2026-09-18 16:15:38 [http-nio-8495-exec-5] ERROR c.v.d.rowmapper.DesignHdrRowMapper -DesignHdrRowMapper  Method Exceptionjava.sql.SQLSyntaxErrorException: Column 'IS_INTERNAL' not found.
				
2026-09-18 16:15:38 [http-nio-8495-exec-5] ERROR c.v.d.rowmapper.DesignHdrRowMapper -DesignHdrRowMapper  Method Exceptionjava.sql.SQLSyntaxErrorException: Column 'IS_INTERNAL' not found.
				
2026-09-18 16:15:38 [http-nio-8495-exec-5] ERROR c.v.d.rowmapper.DesignHdrRowMapper -DesignHdrRowMapper  Method Exceptionjava.sql.SQLSyntaxErrorException: Column 'IS_INTERNAL' not found.
				
2026-09-18 16:15:38 [http-nio-8495-exec-5] ERROR c.v.d.rowmapper.DesignHdrRowMapper -DesignHdrRowMapper  Method Exceptionjava.sql.SQLSyntaxErrorException: Column 'IS_INTERNAL' not found.
				
2026-09-18 16:15:38 [http-nio-8495-exec-5] ERROR c.v.d.rowmapper.DesignHdrRowMapper -DesignHdrRowMapper  Method Exceptionjava.sql.SQLSyntaxErrorException: Column 'IS_INTERNAL' not found.
				
2026-09-18 16:15:38 [http-nio-8495-exec-5] ERROR c.v.d.rowmapper.DesignHdrRowMapper -DesignHdrRowMapper  Method Exceptionjava.sql.SQLSyntaxErrorException: Column 'IS_INTERNAL' not found.
				
2026-09-18 16:15:38 [http-nio-8495-exec-5] ERROR c.v.d.rowmapper.DesignHdrRowMapper -DesignHdrRowMapper  Method Exceptionjava.sql.SQLSyntaxErrorException: Column 'IS_INTERNAL' not found.
				
2026-09-18 16:15:38 [http-nio-8495-exec-5] ERROR c.v.d.rowmapper.DesignHdrRowMapper -DesignHdrRowMapper  Method Exceptionjava.sql.SQLSyntaxErrorException: Column 'IS_INTERNAL' not found.
				
2026-09-18 16:15:38 [http-nio-8495-exec-5] ERROR c.v.d.rowmapper.DesignHdrRowMapper -DesignHdrRowMapper  Method Exceptionjava.sql.SQLSyntaxErrorException: Column 'IS_INTERNAL' not found.
				
2026-09-18 16:15:38 [http-nio-8495-exec-5] ERROR c.v.d.rowmapper.DesignHdrRowMapper -DesignHdrRowMapper  Method Exceptionjava.sql.SQLSyntaxErrorException: Column 'IS_INTERNAL' not found.
				
2026-09-18 16:15:38 [http-nio-8495-exec-5] ERROR c.v.d.rowmapper.DesignHdrRowMapper -DesignHdrRowMapper  Method Exceptionjava.sql.SQLSyntaxErrorException: Column 'IS_INTERNAL' not found.
				
2026-09-18 16:15:38 [http-nio-8495-exec-5] ERROR c.v.d.rowmapper.DesignHdrRowMapper -DesignHdrRowMapper  Method Exceptionjava.sql.SQLSyntaxErrorException: Column 'IS_INTERNAL' not found.
				
2026-09-18 16:15:38 [http-nio-8495-exec-5] ERROR c.v.d.rowmapper.DesignHdrRowMapper -DesignHdrRowMapper  Method Exceptionjava.sql.SQLSyntaxErrorException: Column 'IS_INTERNAL' not found.
				
2026-09-18 16:15:38 [http-nio-8495-exec-5] ERROR c.v.d.rowmapper.DesignHdrRowMapper -DesignHdrRowMapper  Method Exceptionjava.sql.SQLSyntaxErrorException: Column 'IS_INTERNAL' not found.
				
2026-09-18 16:15:38 [http-nio-8495-exec-5] ERROR c.v.d.rowmapper.DesignHdrRowMapper -DesignHdrRowMapper  Method Exceptionjava.sql.SQLSyntaxErrorException: Column 'IS_INTERNAL' not found.
				
2026-09-18 16:15:38 [http-nio-8495-exec-5] ERROR c.v.d.rowmapper.DesignHdrRowMapper -DesignHdrRowMapper  Method Exceptionjava.sql.SQLSyntaxErrorException: Column 'IS_INTERNAL' not found.
				
2026-09-18 16:15:38 [http-nio-8495-exec-5] ERROR c.v.d.rowmapper.DesignHdrRowMapper -DesignHdrRowMapper  Method Exceptionjava.sql.SQLSyntaxErrorException: Column 'IS_INTERNAL' not found.
				
2026-09-18 16:15:38 [http-nio-8495-exec-5] ERROR c.v.d.rowmapper.DesignHdrRowMapper -DesignHdrRowMapper  Method Exceptionjava.sql.SQLSyntaxErrorException: Column 'IS_INTERNAL' not found.
				
2026-09-18 16:15:38 [http-nio-8495-exec-5] ERROR c.v.d.rowmapper.DesignHdrRowMapper -DesignHdrRowMapper  Method Exceptionjava.sql.SQLSyntaxErrorException: Column 'IS_INTERNAL' not found.
				
2026-09-18 16:15:38 [http-nio-8495-exec-5] ERROR c.v.d.rowmapper.DesignHdrRowMapper -DesignHdrRowMapper  Method Exceptionjava.sql.SQLSyntaxErrorException: Column 'IS_INTERNAL' not found.
				
2026-09-18 16:15:38 [http-nio-8495-exec-5] ERROR c.v.d.rowmapper.DesignHdrRowMapper -DesignHdrRowMapper  Method Exceptionjava.sql.SQLSyntaxErrorException: Column 'IS_INTERNAL' not found.
				
2026-09-18 16:15:38 [http-nio-8495-exec-5] ERROR c.v.d.rowmapper.DesignHdrRowMapper -DesignHdrRowMapper  Method Exceptionjava.sql.SQLSyntaxErrorException: Column 'IS_INTERNAL' not found.
				
2026-09-18 16:15:38 [http-nio-8495-exec-2] INFO  c.v.d.controller.DesignController -getDesignDtl   method end
				
2026-09-18 16:15:38 [http-nio-8495-exec-4] INFO  c.v.g.c.NotificationGeneralController -getNotificationDetails   method Start
				
2026-09-18 16:15:38 [http-nio-8495-exec-5] ERROR c.v.d.rowmapper.DesignHdrRowMapper -DesignHdrRowMapper  Method Exceptionjava.sql.SQLSyntaxErrorException: Column 'IS_INTERNAL' not found.
				
2026-09-18 16:15:38 [http-nio-8495-exec-5] ERROR c.v.d.rowmapper.DesignHdrRowMapper -DesignHdrRowMapper  Method Exceptionjava.sql.SQLSyntaxErrorException: Column 'IS_INTERNAL' not found.
				
2026-09-18 16:15:38 [http-nio-8495-exec-5] ERROR c.v.d.rowmapper.DesignHdrRowMapper -DesignHdrRowMapper  Method Exceptionjava.sql.SQLSyntaxErrorException: Column 'IS_INTERNAL' not found.
				
2026-09-18 16:15:38 [http-nio-8495-exec-5] ERROR c.v.d.rowmapper.DesignHdrRowMapper -DesignHdrRowMapper  Method Exceptionjava.sql.SQLSyntaxErrorException: Column 'IS_INTERNAL' not found.
				
2026-09-18 16:15:38 [http-nio-8495-exec-5] ERROR c.v.d.rowmapper.DesignHdrRowMapper -DesignHdrRowMapper  Method Exceptionjava.sql.SQLSyntaxErrorException: Column 'IS_INTERNAL' not found.
				
2026-09-18 16:15:38 [http-nio-8495-exec-5] ERROR c.v.d.rowmapper.DesignHdrRowMapper -DesignHdrRowMapper  Method Exceptionjava.sql.SQLSyntaxErrorException: Column 'IS_INTERNAL' not found.
				
2026-09-18 16:15:38 [http-nio-8495-exec-5] ERROR c.v.d.rowmapper.DesignHdrRowMapper -DesignHdrRowMapper  Method Exceptionjava.sql.SQLSyntaxErrorException: Column 'IS_INTERNAL' not found.
				
2026-09-18 16:15:38 [http-nio-8495-exec-5] ERROR c.v.d.rowmapper.DesignHdrRowMapper -DesignHdrRowMapper  Method Exceptionjava.sql.SQLSyntaxErrorException: Column 'IS_INTERNAL' not found.
				
2026-09-18 16:15:38 [http-nio-8495-exec-5] ERROR c.v.d.rowmapper.DesignHdrRowMapper -DesignHdrRowMapper  Method Exceptionjava.sql.SQLSyntaxErrorException: Column 'IS_INTERNAL' not found.
				
2026-09-18 16:15:38 [http-nio-8495-exec-5] ERROR c.v.d.rowmapper.DesignHdrRowMapper -DesignHdrRowMapper  Method Exceptionjava.sql.SQLSyntaxErrorException: Column 'IS_INTERNAL' not found.
				
2026-09-18 16:15:38 [http-nio-8495-exec-5] ERROR c.v.d.rowmapper.DesignHdrRowMapper -DesignHdrRowMapper  Method Exceptionjava.sql.SQLSyntaxErrorException: Column 'IS_INTERNAL' not found.
				
2026-09-18 16:15:38 [http-nio-8495-exec-5] ERROR c.v.d.rowmapper.DesignHdrRowMapper -DesignHdrRowMapper  Method Exceptionjava.sql.SQLSyntaxErrorException: Column 'IS_INTERNAL' not found.
				
2026-09-18 16:15:38 [http-nio-8495-exec-5] ERROR c.v.d.rowmapper.DesignHdrRowMapper -DesignHdrRowMapper  Method Exceptionjava.sql.SQLSyntaxErrorException: Column 'IS_INTERNAL' not found.
				
2026-09-18 16:15:38 [http-nio-8495-exec-5] ERROR c.v.d.rowmapper.DesignHdrRowMapper -DesignHdrRowMapper  Method Exceptionjava.sql.SQLSyntaxErrorException: Column 'IS_INTERNAL' not found.
				
2026-09-18 16:15:38 [http-nio-8495-exec-5] ERROR c.v.d.rowmapper.DesignHdrRowMapper -DesignHdrRowMapper  Method Exceptionjava.sql.SQLSyntaxErrorException: Column 'IS_INTERNAL' not found.
				
2026-09-18 16:15:38 [http-nio-8495-exec-5] ERROR c.v.d.rowmapper.DesignHdrRowMapper -DesignHdrRowMapper  Method Exceptionjava.sql.SQLSyntaxErrorException: Column 'IS_INTERNAL' not found.
				
2026-09-18 16:15:38 [http-nio-8495-exec-5] ERROR c.v.d.rowmapper.DesignHdrRowMapper -DesignHdrRowMapper  Method Exceptionjava.sql.SQLSyntaxErrorException: Column 'IS_INTERNAL' not found.
				
2026-09-18 16:15:38 [http-nio-8495-exec-5] ERROR c.v.d.rowmapper.DesignHdrRowMapper -DesignHdrRowMapper  Method Exceptionjava.sql.SQLSyntaxErrorException: Column 'IS_INTERNAL' not found.
				
2026-09-18 16:15:38 [http-nio-8495-exec-5] ERROR c.v.d.rowmapper.DesignHdrRowMapper -DesignHdrRowMapper  Method Exceptionjava.sql.SQLSyntaxErrorException: Column 'IS_INTERNAL' not found.
				
2026-09-18 16:15:38 [http-nio-8495-exec-5] ERROR c.v.d.rowmapper.DesignHdrRowMapper -DesignHdrRowMapper  Method Exceptionjava.sql.SQLSyntaxErrorException: Column 'IS_INTERNAL' not found.
				
2026-09-18 16:15:38 [http-nio-8495-exec-5] ERROR c.v.d.rowmapper.DesignHdrRowMapper -DesignHdrRowMapper  Method Exceptionjava.sql.SQLSyntaxErrorException: Column 'IS_INTERNAL' not found.
				
2026-09-18 16:15:38 [http-nio-8495-exec-5] ERROR c.v.d.rowmapper.DesignHdrRowMapper -DesignHdrRowMapper  Method Exceptionjava.sql.SQLSyntaxErrorException: Column 'IS_INTERNAL' not found.
				
2026-09-18 16:15:38 [http-nio-8495-exec-5] ERROR c.v.d.rowmapper.DesignHdrRowMapper -DesignHdrRowMapper  Method Exceptionjava.sql.SQLSyntaxErrorException: Column 'IS_INTERNAL' not found.
				
2026-09-18 16:15:38 [http-nio-8495-exec-5] INFO  c.v.g.c.StageManagementController -getDesignTitleView   method end
				
2026-09-18 16:15:38 [http-nio-8495-exec-7] INFO  c.v.g.c.NotificationGeneralController -getNotificationDetails   method Start
				
2026-09-18 16:15:43 [http-nio-8495-exec-6] INFO  c.v.g.services.impl.TileViewService -getSaleTileView  method start
				
2026-09-18 16:15:43 [http-nio-8495-exec-9] INFO  c.v.d.controller.DesignController -getDesignDtl   method Start
				
2026-09-18 16:15:43 [http-nio-8495-exec-9] INFO  c.v.d.controller.DesignController -getDesignDtl   method end
				
2026-09-18 16:15:43 [http-nio-8495-exec-6] ERROR c.v.d.rowmapper.DesignHdrRowMapper -DesignHdrRowMapper  Method Exceptionjava.sql.SQLSyntaxErrorException: Column 'IS_INTERNAL' not found.
				
2026-09-18 16:15:43 [http-nio-8495-exec-6] ERROR c.v.d.rowmapper.DesignHdrRowMapper -DesignHdrRowMapper  Method Exceptionjava.sql.SQLSyntaxErrorException: Column 'IS_INTERNAL' not found.
				
2026-09-18 16:15:43 [http-nio-8495-exec-6] ERROR c.v.d.rowmapper.DesignHdrRowMapper -DesignHdrRowMapper  Method Exceptionjava.sql.SQLSyntaxErrorException: Column 'IS_INTERNAL' not found.
				
2026-09-18 16:15:43 [http-nio-8495-exec-1] INFO  c.v.g.c.NotificationGeneralController -getNotificationDetails   method Start
				
2026-09-18 16:15:43 [http-nio-8495-exec-6] ERROR c.v.d.rowmapper.DesignHdrRowMapper -DesignHdrRowMapper  Method Exceptionjava.sql.SQLSyntaxErrorException: Column 'IS_INTERNAL' not found.
				
2026-09-18 16:15:43 [http-nio-8495-exec-6] ERROR c.v.d.rowmapper.DesignHdrRowMapper -DesignHdrRowMapper  Method Exceptionjava.sql.SQLSyntaxErrorException: Column 'IS_INTERNAL' not found.
				
2026-09-18 16:15:43 [http-nio-8495-exec-6] ERROR c.v.d.rowmapper.DesignHdrRowMapper -DesignHdrRowMapper  Method Exceptionjava.sql.SQLSyntaxErrorException: Column 'IS_INTERNAL' not found.
				
2026-09-18 16:15:43 [http-nio-8495-exec-6] ERROR c.v.d.rowmapper.DesignHdrRowMapper -DesignHdrRowMapper  Method Exceptionjava.sql.SQLSyntaxErrorException: Column 'IS_INTERNAL' not found.
				
2026-09-18 16:15:43 [http-nio-8495-exec-6] ERROR c.v.d.rowmapper.DesignHdrRowMapper -DesignHdrRowMapper  Method Exceptionjava.sql.SQLSyntaxErrorException: Column 'IS_INTERNAL' not found.
				
2026-09-18 16:15:43 [http-nio-8495-exec-6] ERROR c.v.d.rowmapper.DesignHdrRowMapper -DesignHdrRowMapper  Method Exceptionjava.sql.SQLSyntaxErrorException: Column 'IS_INTERNAL' not found.
				
2026-09-18 16:15:43 [http-nio-8495-exec-6] ERROR c.v.d.rowmapper.DesignHdrRowMapper -DesignHdrRowMapper  Method Exceptionjava.sql.SQLSyntaxErrorException: Column 'IS_INTERNAL' not found.
				
2026-09-18 16:15:43 [http-nio-8495-exec-6] ERROR c.v.d.rowmapper.DesignHdrRowMapper -DesignHdrRowMapper  Method Exceptionjava.sql.SQLSyntaxErrorException: Column 'IS_INTERNAL' not found.
				
2026-09-18 16:15:43 [http-nio-8495-exec-6] ERROR c.v.d.rowmapper.DesignHdrRowMapper -DesignHdrRowMapper  Method Exceptionjava.sql.SQLSyntaxErrorException: Column 'IS_INTERNAL' not found.
				
2026-09-18 16:15:43 [http-nio-8495-exec-6] ERROR c.v.d.rowmapper.DesignHdrRowMapper -DesignHdrRowMapper  Method Exceptionjava.sql.SQLSyntaxErrorException: Column 'IS_INTERNAL' not found.
				
2026-09-18 16:15:43 [http-nio-8495-exec-6] ERROR c.v.d.rowmapper.DesignHdrRowMapper -DesignHdrRowMapper  Method Exceptionjava.sql.SQLSyntaxErrorException: Column 'IS_INTERNAL' not found.
				
2026-09-18 16:15:43 [http-nio-8495-exec-6] ERROR c.v.d.rowmapper.DesignHdrRowMapper -DesignHdrRowMapper  Method Exceptionjava.sql.SQLSyntaxErrorException: Column 'IS_INTERNAL' not found.
				
2026-09-18 16:15:43 [http-nio-8495-exec-6] ERROR c.v.d.rowmapper.DesignHdrRowMapper -DesignHdrRowMapper  Method Exceptionjava.sql.SQLSyntaxErrorException: Column 'IS_INTERNAL' not found.
				
2026-09-18 16:15:43 [http-nio-8495-exec-6] ERROR c.v.d.rowmapper.DesignHdrRowMapper -DesignHdrRowMapper  Method Exceptionjava.sql.SQLSyntaxErrorException: Column 'IS_INTERNAL' not found.
				
2026-09-18 16:15:43 [http-nio-8495-exec-6] ERROR c.v.d.rowmapper.DesignHdrRowMapper -DesignHdrRowMapper  Method Exceptionjava.sql.SQLSyntaxErrorException: Column 'IS_INTERNAL' not found.
				
2026-09-18 16:15:43 [http-nio-8495-exec-6] ERROR c.v.d.rowmapper.DesignHdrRowMapper -DesignHdrRowMapper  Method Exceptionjava.sql.SQLSyntaxErrorException: Column 'IS_INTERNAL' not found.
				
2026-09-18 16:15:43 [http-nio-8495-exec-6] ERROR c.v.d.rowmapper.DesignHdrRowMapper -DesignHdrRowMapper  Method Exceptionjava.sql.SQLSyntaxErrorException: Column 'IS_INTERNAL' not found.
				
2026-09-18 16:15:43 [http-nio-8495-exec-6] ERROR c.v.d.rowmapper.DesignHdrRowMapper -DesignHdrRowMapper  Method Exceptionjava.sql.SQLSyntaxErrorException: Column 'IS_INTERNAL' not found.
				
2026-09-18 16:15:43 [http-nio-8495-exec-6] ERROR c.v.d.rowmapper.DesignHdrRowMapper -DesignHdrRowMapper  Method Exceptionjava.sql.SQLSyntaxErrorException: Column 'IS_INTERNAL' not found.
				
2026-09-18 16:15:43 [http-nio-8495-exec-6] ERROR c.v.d.rowmapper.DesignHdrRowMapper -DesignHdrRowMapper  Method Exceptionjava.sql.SQLSyntaxErrorException: Column 'IS_INTERNAL' not found.
				
2026-09-18 16:15:43 [http-nio-8495-exec-6] ERROR c.v.d.rowmapper.DesignHdrRowMapper -DesignHdrRowMapper  Method Exceptionjava.sql.SQLSyntaxErrorException: Column 'IS_INTERNAL' not found.
				
2026-09-18 16:15:43 [http-nio-8495-exec-6] ERROR c.v.d.rowmapper.DesignHdrRowMapper -DesignHdrRowMapper  Method Exceptionjava.sql.SQLSyntaxErrorException: Column 'IS_INTERNAL' not found.
				
2026-09-18 16:15:43 [http-nio-8495-exec-6] ERROR c.v.d.rowmapper.DesignHdrRowMapper -DesignHdrRowMapper  Method Exceptionjava.sql.SQLSyntaxErrorException: Column 'IS_INTERNAL' not found.
				
2026-09-18 16:15:43 [http-nio-8495-exec-6] ERROR c.v.d.rowmapper.DesignHdrRowMapper -DesignHdrRowMapper  Method Exceptionjava.sql.SQLSyntaxErrorException: Column 'IS_INTERNAL' not found.
				
2026-09-18 16:15:43 [http-nio-8495-exec-6] ERROR c.v.d.rowmapper.DesignHdrRowMapper -DesignHdrRowMapper  Method Exceptionjava.sql.SQLSyntaxErrorException: Column 'IS_INTERNAL' not found.
				
2026-09-18 16:15:43 [http-nio-8495-exec-6] ERROR c.v.d.rowmapper.DesignHdrRowMapper -DesignHdrRowMapper  Method Exceptionjava.sql.SQLSyntaxErrorException: Column 'IS_INTERNAL' not found.
				
2026-09-18 16:15:43 [http-nio-8495-exec-6] ERROR c.v.d.rowmapper.DesignHdrRowMapper -DesignHdrRowMapper  Method Exceptionjava.sql.SQLSyntaxErrorException: Column 'IS_INTERNAL' not found.
				
2026-09-18 16:15:43 [http-nio-8495-exec-6] ERROR c.v.d.rowmapper.DesignHdrRowMapper -DesignHdrRowMapper  Method Exceptionjava.sql.SQLSyntaxErrorException: Column 'IS_INTERNAL' not found.
				
2026-09-18 16:15:43 [http-nio-8495-exec-6] ERROR c.v.d.rowmapper.DesignHdrRowMapper -DesignHdrRowMapper  Method Exceptionjava.sql.SQLSyntaxErrorException: Column 'IS_INTERNAL' not found.
				
2026-09-18 16:15:43 [http-nio-8495-exec-6] ERROR c.v.d.rowmapper.DesignHdrRowMapper -DesignHdrRowMapper  Method Exceptionjava.sql.SQLSyntaxErrorException: Column 'IS_INTERNAL' not found.
				
2026-09-18 16:15:43 [http-nio-8495-exec-6] ERROR c.v.d.rowmapper.DesignHdrRowMapper -DesignHdrRowMapper  Method Exceptionjava.sql.SQLSyntaxErrorException: Column 'IS_INTERNAL' not found.
				
2026-09-18 16:15:43 [http-nio-8495-exec-6] ERROR c.v.d.rowmapper.DesignHdrRowMapper -DesignHdrRowMapper  Method Exceptionjava.sql.SQLSyntaxErrorException: Column 'IS_INTERNAL' not found.
				
2026-09-18 16:15:43 [http-nio-8495-exec-6] ERROR c.v.d.rowmapper.DesignHdrRowMapper -DesignHdrRowMapper  Method Exceptionjava.sql.SQLSyntaxErrorException: Column 'IS_INTERNAL' not found.
				
2026-09-18 16:15:43 [http-nio-8495-exec-6] ERROR c.v.d.rowmapper.DesignHdrRowMapper -DesignHdrRowMapper  Method Exceptionjava.sql.SQLSyntaxErrorException: Column 'IS_INTERNAL' not found.
				
2026-09-18 16:15:43 [http-nio-8495-exec-6] ERROR c.v.d.rowmapper.DesignHdrRowMapper -DesignHdrRowMapper  Method Exceptionjava.sql.SQLSyntaxErrorException: Column 'IS_INTERNAL' not found.
				
2026-09-18 16:15:43 [http-nio-8495-exec-6] ERROR c.v.d.rowmapper.DesignHdrRowMapper -DesignHdrRowMapper  Method Exceptionjava.sql.SQLSyntaxErrorException: Column 'IS_INTERNAL' not found.
				
2026-09-18 16:15:43 [http-nio-8495-exec-6] ERROR c.v.d.rowmapper.DesignHdrRowMapper -DesignHdrRowMapper  Method Exceptionjava.sql.SQLSyntaxErrorException: Column 'IS_INTERNAL' not found.
				
2026-09-18 16:15:43 [http-nio-8495-exec-6] ERROR c.v.d.rowmapper.DesignHdrRowMapper -DesignHdrRowMapper  Method Exceptionjava.sql.SQLSyntaxErrorException: Column 'IS_INTERNAL' not found.
				
2026-09-18 16:15:43 [http-nio-8495-exec-6] ERROR c.v.d.rowmapper.DesignHdrRowMapper -DesignHdrRowMapper  Method Exceptionjava.sql.SQLSyntaxErrorException: Column 'IS_INTERNAL' not found.
				
2026-09-18 16:15:43 [http-nio-8495-exec-6] ERROR c.v.d.rowmapper.DesignHdrRowMapper -DesignHdrRowMapper  Method Exceptionjava.sql.SQLSyntaxErrorException: Column 'IS_INTERNAL' not found.
				
2026-09-18 16:15:43 [http-nio-8495-exec-6] ERROR c.v.d.rowmapper.DesignHdrRowMapper -DesignHdrRowMapper  Method Exceptionjava.sql.SQLSyntaxErrorException: Column 'IS_INTERNAL' not found.
				
2026-09-18 16:15:43 [http-nio-8495-exec-6] ERROR c.v.d.rowmapper.DesignHdrRowMapper -DesignHdrRowMapper  Method Exceptionjava.sql.SQLSyntaxErrorException: Column 'IS_INTERNAL' not found.
				
2026-09-18 16:15:43 [http-nio-8495-exec-6] ERROR c.v.d.rowmapper.DesignHdrRowMapper -DesignHdrRowMapper  Method Exceptionjava.sql.SQLSyntaxErrorException: Column 'IS_INTERNAL' not found.
				
2026-09-18 16:15:43 [http-nio-8495-exec-6] ERROR c.v.d.rowmapper.DesignHdrRowMapper -DesignHdrRowMapper  Method Exceptionjava.sql.SQLSyntaxErrorException: Column 'IS_INTERNAL' not found.
				
2026-09-18 16:15:43 [http-nio-8495-exec-6] ERROR c.v.d.rowmapper.DesignHdrRowMapper -DesignHdrRowMapper  Method Exceptionjava.sql.SQLSyntaxErrorException: Column 'IS_INTERNAL' not found.
				
2026-09-18 16:15:43 [http-nio-8495-exec-6] ERROR c.v.d.rowmapper.DesignHdrRowMapper -DesignHdrRowMapper  Method Exceptionjava.sql.SQLSyntaxErrorException: Column 'IS_INTERNAL' not found.
				
2026-09-18 16:15:43 [http-nio-8495-exec-10] INFO  c.v.g.c.NotificationGeneralController -getNotificationDetails   method Start
				
2026-09-18 16:15:43 [http-nio-8495-exec-6] ERROR c.v.d.rowmapper.DesignHdrRowMapper -DesignHdrRowMapper  Method Exceptionjava.sql.SQLSyntaxErrorException: Column 'IS_INTERNAL' not found.
				
2026-09-18 16:15:43 [http-nio-8495-exec-6] ERROR c.v.d.rowmapper.DesignHdrRowMapper -DesignHdrRowMapper  Method Exceptionjava.sql.SQLSyntaxErrorException: Column 'IS_INTERNAL' not found.
				
2026-09-18 16:15:43 [http-nio-8495-exec-6] ERROR c.v.d.rowmapper.DesignHdrRowMapper -DesignHdrRowMapper  Method Exceptionjava.sql.SQLSyntaxErrorException: Column 'IS_INTERNAL' not found.
				
2026-09-18 16:15:43 [http-nio-8495-exec-6] ERROR c.v.d.rowmapper.DesignHdrRowMapper -DesignHdrRowMapper  Method Exceptionjava.sql.SQLSyntaxErrorException: Column 'IS_INTERNAL' not found.
				
2026-09-18 16:15:43 [http-nio-8495-exec-6] ERROR c.v.d.rowmapper.DesignHdrRowMapper -DesignHdrRowMapper  Method Exceptionjava.sql.SQLSyntaxErrorException: Column 'IS_INTERNAL' not found.
				
2026-09-18 16:15:43 [http-nio-8495-exec-6] ERROR c.v.d.rowmapper.DesignHdrRowMapper -DesignHdrRowMapper  Method Exceptionjava.sql.SQLSyntaxErrorException: Column 'IS_INTERNAL' not found.
				
2026-09-18 16:15:43 [http-nio-8495-exec-6] ERROR c.v.d.rowmapper.DesignHdrRowMapper -DesignHdrRowMapper  Method Exceptionjava.sql.SQLSyntaxErrorException: Column 'IS_INTERNAL' not found.
				
2026-09-18 16:15:43 [http-nio-8495-exec-6] ERROR c.v.d.rowmapper.DesignHdrRowMapper -DesignHdrRowMapper  Method Exceptionjava.sql.SQLSyntaxErrorException: Column 'IS_INTERNAL' not found.
				
2026-09-18 16:15:43 [http-nio-8495-exec-6] ERROR c.v.d.rowmapper.DesignHdrRowMapper -DesignHdrRowMapper  Method Exceptionjava.sql.SQLSyntaxErrorException: Column 'IS_INTERNAL' not found.
				
2026-09-18 16:15:43 [http-nio-8495-exec-6] ERROR c.v.d.rowmapper.DesignHdrRowMapper -DesignHdrRowMapper  Method Exceptionjava.sql.SQLSyntaxErrorException: Column 'IS_INTERNAL' not found.
				
2026-09-18 16:15:43 [http-nio-8495-exec-6] ERROR c.v.d.rowmapper.DesignHdrRowMapper -DesignHdrRowMapper  Method Exceptionjava.sql.SQLSyntaxErrorException: Column 'IS_INTERNAL' not found.
				
2026-09-18 16:15:43 [http-nio-8495-exec-6] ERROR c.v.d.rowmapper.DesignHdrRowMapper -DesignHdrRowMapper  Method Exceptionjava.sql.SQLSyntaxErrorException: Column 'IS_INTERNAL' not found.
				
2026-09-18 16:15:43 [http-nio-8495-exec-6] ERROR c.v.d.rowmapper.DesignHdrRowMapper -DesignHdrRowMapper  Method Exceptionjava.sql.SQLSyntaxErrorException: Column 'IS_INTERNAL' not found.
				
2026-09-18 16:15:43 [http-nio-8495-exec-6] ERROR c.v.d.rowmapper.DesignHdrRowMapper -DesignHdrRowMapper  Method Exceptionjava.sql.SQLSyntaxErrorException: Column 'IS_INTERNAL' not found.
				
2026-09-18 16:15:43 [http-nio-8495-exec-6] ERROR c.v.d.rowmapper.DesignHdrRowMapper -DesignHdrRowMapper  Method Exceptionjava.sql.SQLSyntaxErrorException: Column 'IS_INTERNAL' not found.
				
2026-09-18 16:15:43 [http-nio-8495-exec-6] ERROR c.v.d.rowmapper.DesignHdrRowMapper -DesignHdrRowMapper  Method Exceptionjava.sql.SQLSyntaxErrorException: Column 'IS_INTERNAL' not found.
				
2026-09-18 16:15:43 [http-nio-8495-exec-7] INFO  c.v.g.c.NotificationGeneralController -getNotificationDetails   method Start
				
2026-09-18 16:15:43 [http-nio-8495-exec-9] INFO  c.v.g.c.NotificationGeneralController -getNotificationDetails   method Start
				
2026-09-18 16:15:43 [http-nio-8495-exec-3] INFO  c.v.g.c.NotificationGeneralController -getNotificationDetails   method Start
				
2026-09-18 16:15:43 [http-nio-8495-exec-2] INFO  c.v.g.c.NotificationGeneralController -getNotificationDetails   method Start
				
2026-09-18 16:15:43 [http-nio-8495-exec-6] ERROR c.v.d.rowmapper.DesignHdrRowMapper -DesignHdrRowMapper  Method Exceptionjava.sql.SQLSyntaxErrorException: Column 'IS_INTERNAL' not found.
				
2026-09-18 16:15:43 [http-nio-8495-exec-6] ERROR c.v.d.rowmapper.DesignHdrRowMapper -DesignHdrRowMapper  Method Exceptionjava.sql.SQLSyntaxErrorException: Column 'IS_INTERNAL' not found.
				
2026-09-18 16:15:43 [http-nio-8495-exec-6] ERROR c.v.d.rowmapper.DesignHdrRowMapper -DesignHdrRowMapper  Method Exceptionjava.sql.SQLSyntaxErrorException: Column 'IS_INTERNAL' not found.
				
2026-09-18 16:15:43 [http-nio-8495-exec-6] ERROR c.v.d.rowmapper.DesignHdrRowMapper -DesignHdrRowMapper  Method Exceptionjava.sql.SQLSyntaxErrorException: Column 'IS_INTERNAL' not found.
				
2026-09-18 16:15:43 [http-nio-8495-exec-6] ERROR c.v.d.rowmapper.DesignHdrRowMapper -DesignHdrRowMapper  Method Exceptionjava.sql.SQLSyntaxErrorException: Column 'IS_INTERNAL' not found.
				
2026-09-18 16:15:43 [http-nio-8495-exec-6] ERROR c.v.d.rowmapper.DesignHdrRowMapper -DesignHdrRowMapper  Method Exceptionjava.sql.SQLSyntaxErrorException: Column 'IS_INTERNAL' not found.
				
2026-09-18 16:15:43 [http-nio-8495-exec-6] ERROR c.v.d.rowmapper.DesignHdrRowMapper -DesignHdrRowMapper  Method Exceptionjava.sql.SQLSyntaxErrorException: Column 'IS_INTERNAL' not found.
				
2026-09-18 16:15:43 [http-nio-8495-exec-6] INFO  c.v.g.c.StageManagementController -getDesignTitleView   method end
				
2026-09-18 16:15:43 [http-nio-8495-exec-1] INFO  c.v.g.c.NotificationGeneralController -getNotificationDetails   method Start
				
2026-09-18 16:15:46 [http-nio-8495-exec-6] INFO  com.vmfg.scm.services.impl.PoService -getDCTypeDtl Service start 
				
2026-09-18 16:15:46 [http-nio-8495-exec-7] INFO  c.v.p.controller.ProjectController -getCostFlowTypeByPmHdrId   method Start
				
2026-09-18 16:15:46 [http-nio-8495-exec-8] INFO  c.v.d.c.IndentUploadController -getIndentHdrDtlsByProjectId Controller  method Start
				
2026-09-18 16:15:46 [http-nio-8495-exec-2] INFO  c.v.g.c.NotificationGeneralController -getNotificationDetails   method Start
				
2026-09-18 16:15:46 [http-nio-8495-exec-7] INFO  c.v.g.c.NotificationGeneralController -getNotificationDetails   method Start
				
2026-09-18 16:15:46 [http-nio-8495-exec-1] INFO  c.v.g.c.NotificationGeneralController -getNotificationDetails   method Start
				
2026-09-18 16:15:46 [http-nio-8495-exec-5] INFO  c.v.g.c.NotificationGeneralController -getNotificationDetails   method Start
				
2026-09-18 16:15:46 [http-nio-8495-exec-8] ERROR c.v.scm.dao.impl.IndentManagementDAO -indentVerCheck Method Exception ---> org.springframework.dao.EmptyResultDataAccessException: Incorrect result size: expected 1, actual 0
				
2026-09-18 16:15:46 [http-nio-8495-exec-8] INFO  c.v.d.c.IndentUploadController -getIndentHdrDtlsByProjectId Controller  method end
				
2026-09-18 16:15:46 [http-nio-8495-exec-10] INFO  c.v.g.c.NotificationGeneralController -getNotificationDetails   method Start
				
2026-09-18 16:15:46 [http-nio-8495-exec-6] INFO  com.vmfg.scm.services.impl.PoService -getDCTypeDtl Service end 
				
2026-09-18 16:15:46 [http-nio-8495-exec-3] INFO  c.v.g.c.NotificationGeneralController -getNotificationDetails   method Start
				
2026-09-18 16:15:46 [http-nio-8495-exec-9] INFO  c.v.g.c.NotificationGeneralController -getNotificationDetails   method Start
				
2026-09-18 16:15:47 [http-nio-8495-exec-2] INFO  com.vmfg.scm.services.impl.PoService -getDCTypeDtl Service start 
				
2026-09-18 16:15:47 [http-nio-8495-exec-6] INFO  c.v.s.c.SalesBudgetSheetController -getKeyCategory   method Start
				
2026-09-18 16:15:47 [http-nio-8495-exec-8] INFO  c.v.d.c.IndentUploadController -getIndentTypeMstDropDown Controller  method Start
				
2026-09-18 16:15:47 [http-nio-8495-exec-6] INFO  c.v.s.c.SalesBudgetSheetController -getKeyCategory method End
				
2026-09-18 16:15:47 [http-nio-8495-exec-8] INFO  c.v.d.c.IndentUploadController -getIndentTypeMstDropDown Controller  method end
				
2026-09-18 16:15:47 [http-nio-8495-exec-1] INFO  c.v.g.c.NotificationGeneralController -getNotificationDetails   method Start
				
2026-09-18 16:15:47 [http-nio-8495-exec-7] INFO  c.v.g.c.NotificationGeneralController -getNotificationDetails   method Start
				
2026-09-18 16:15:48 [http-nio-8495-exec-5] INFO  c.v.g.c.NotificationGeneralController -getNotificationDetails   method Start
				
2026-09-18 16:15:48 [http-nio-8495-exec-2] INFO  com.vmfg.scm.services.impl.PoService -getDCTypeDtl Service end 
				
2026-09-18 16:15:48 [http-nio-8495-exec-10] INFO  c.v.g.c.NotificationGeneralController -getNotificationDetails   method Start
				
2026-09-18 16:16:01 [http-nio-8495-exec-3] INFO  c.v.d.c.IndentUploadController -getIndentHdrDtlsByProjectId Controller  method Start
				
2026-09-18 16:16:01 [http-nio-8495-exec-4] INFO  c.v.g.c.NotificationGeneralController -getNotificationDetails   method Start
				
2026-09-18 16:16:01 [http-nio-8495-exec-3] ERROR c.v.scm.dao.impl.IndentManagementDAO -indentVerCheck Method Exception ---> org.springframework.dao.EmptyResultDataAccessException: Incorrect result size: expected 1, actual 0
				
2026-09-18 16:16:01 [http-nio-8495-exec-3] INFO  c.v.d.c.IndentUploadController -getIndentHdrDtlsByProjectId Controller  method end
				
2026-09-18 16:16:01 [http-nio-8495-exec-6] INFO  c.v.g.c.NotificationGeneralController -getNotificationDetails   method Start
				
2026-09-18 16:16:03 [http-nio-8495-exec-8] ERROR com.vmfg.util.GetPropertyValue -getTenantPropertyVal Method Exception|||org.springframework.dao.EmptyResultDataAccessException: Incorrect result size: expected 1, actual 0
				
2026-09-18 16:16:03 [http-nio-8495-exec-8] ERROR com.vmfg.util.GetPropertyValue -getTenantPropertyValByTenantId Method Exception|||org.springframework.dao.EmptyResultDataAccessException: Incorrect result size: expected 1, actual 0
				
2026-09-18 16:16:03 [http-nio-8495-exec-8] INFO  com.vmfg.util.CommonBase64Class -CommonBase64Class getBasesBinary method Start
				
2026-09-18 16:16:03 [http-nio-8495-exec-8] ERROR com.vmfg.util.CommonBase64Class -CommonBase64Class getBasesBinary Method FileNotFoundException---->java.io.FileNotFoundException:  (No such file or directory)
				
2026-09-18 16:16:03 [http-nio-8495-exec-8] ERROR c.v.authentication.UserLoginService -getImageUrl DAO Method Exceptionjava.lang.NullPointerException
				
2026-09-18 16:16:17 [http-nio-8495-exec-2] INFO  com.vmfg.authentication.UserLoginDAO - getUserDtlForAuth DAO method Start
				
2026-09-18 16:16:17 [http-nio-8495-exec-2] INFO  com.vmfg.authentication.UserLoginDAO -getUserLoginInfo DAO method end
				
2026-09-18 16:16:17 [http-nio-8495-exec-10] INFO  c.v.g.c.NotificationGeneralController -getNotificationDetails   method Start
				
2026-09-18 16:16:17 [http-nio-8495-exec-9] INFO  c.v.g.c.NotificationGeneralController -getNotificationDetails   method Start
				
2026-09-18 16:16:17 [http-nio-8495-exec-3] INFO  c.v.g.c.NotificationGeneralController -getNotificationDetails   method Start
				
2026-09-18 16:16:17 [http-nio-8495-exec-6] INFO  c.v.s.c.IndentManagementController -getIndentProjectDtlsByDate Controller  method Start
				
2026-09-18 16:16:17 [http-nio-8495-exec-4] INFO  c.v.s.c.IndentManagementController -getScmHdrBasedDtl   method Start
				
2026-09-18 16:16:17 [http-nio-8495-exec-8] INFO  c.v.g.services.impl.TileViewService -getSaleTileView  method start
				
2026-09-18 16:16:17 [http-nio-8495-exec-6] INFO  c.v.s.c.IndentManagementController -getIndentProjectDtlsByDate Controller  method end
				
2026-09-18 16:16:17 [http-nio-8495-exec-2] INFO  c.v.g.c.NotificationGeneralController -getNotificationDetails   method Start
				
2026-09-18 16:16:20 [http-nio-8495-exec-8] INFO  c.v.g.c.StageManagementController -getSCMTitleView   method end
				
2026-09-18 16:16:20 [http-nio-8495-exec-4] INFO  c.v.s.c.IndentManagementController -getScmHdrBasedDtl  method end
				
2026-09-18 16:16:20 [http-nio-8495-exec-7] INFO  c.v.g.c.NotificationGeneralController -getNotificationDetails   method Start
				
2026-09-18 16:16:20 [http-nio-8495-exec-1] INFO  c.v.g.c.NotificationGeneralController -getNotificationDetails   method Start
				
2026-09-18 16:16:25 [http-nio-8495-exec-6] INFO  c.v.g.services.impl.TileViewService -getSaleTileView  method start
				
2026-09-18 16:16:25 [http-nio-8495-exec-5] INFO  c.v.s.c.IndentManagementController -getScmHdrBasedDtl   method Start
				
2026-09-18 16:16:25 [http-nio-8495-exec-5] INFO  c.v.s.c.IndentManagementController -getScmHdrBasedDtl  method end
				
2026-09-18 16:16:25 [http-nio-8495-exec-6] INFO  c.v.g.c.StageManagementController -getSCMTitleView   method end
				
2026-09-18 16:16:25 [http-nio-8495-exec-9] INFO  c.v.g.c.NotificationGeneralController -getNotificationDetails   method Start
				
2026-09-18 16:16:25 [http-nio-8495-exec-3] INFO  c.v.g.c.NotificationGeneralController -getNotificationDetails   method Start
				
2026-09-18 16:16:25 [http-nio-8495-exec-2] INFO  c.v.g.c.NotificationGeneralController -getNotificationDetails   method Start
				
2026-09-18 16:16:25 [http-nio-8495-exec-4] INFO  c.v.g.c.DepartmentAndEmployeeInfoController -getprocessAssignedTeam   method Start
				
2026-09-18 16:16:25 [http-nio-8495-exec-4] INFO  c.v.g.s.i.DepartmentAndEmployeeService -getprocessAssignedTeam  method start
				
2026-09-18 16:16:25 [http-nio-8495-exec-10] INFO  c.v.g.c.NotificationGeneralController -getNotificationDetails   method Start
				
2026-09-18 16:16:25 [http-nio-8495-exec-6] INFO  c.v.g.c.NotificationGeneralController -getNotificationDetails   method Start
				
2026-09-18 16:16:25 [http-nio-8495-exec-8] INFO  c.v.g.c.NotificationGeneralController -getNotificationDetails   method Start
				
2026-09-18 16:16:26 [http-nio-8495-exec-7] INFO  c.v.g.c.NotificationGeneralController -getNotificationDetails   method Start
				
2026-09-18 16:16:26 [http-nio-8495-exec-5] INFO  c.v.g.c.NotificationGeneralController -getNotificationDetails   method Start
				
2026-09-18 16:16:27 [http-nio-8495-exec-9] INFO  c.v.s.c.IndentManagementController -getIndentHdrDtlsByIndentId Controller  method Start
				
2026-09-18 16:16:27 [http-nio-8495-exec-3] INFO  c.v.p.controller.ProjectController -getCostFlowTypeByPmHdrId   method Start
				
2026-09-18 16:16:27 [http-nio-8495-exec-2] INFO  c.v.g.c.NotificationGeneralController -getNotificationDetails   method Start
				
2026-09-18 16:16:27 [http-nio-8495-exec-1] INFO  c.v.s.c.IndentManagementController -indentHdrDropDownByProjectCode Controller  method Start
				
2026-09-18 16:16:27 [http-nio-8495-exec-1] INFO  c.v.s.c.IndentManagementController -indentHdrDropDownByProjectCode Controller  method end
				
2026-09-18 16:16:27 [http-nio-8495-exec-10] INFO  c.v.g.c.NotificationGeneralController -getNotificationDetails   method Start
				
2026-09-18 16:16:27 [http-nio-8495-exec-6] INFO  c.v.g.c.NotificationGeneralController -getNotificationDetails   method Start
				
2026-09-18 16:16:27 [http-nio-8495-exec-9] INFO  c.v.s.c.IndentManagementController -getIndentHdrDtlsByIndentId Controller  method end
				
2026-09-18 16:16:27 [http-nio-8495-exec-9] INFO  c.v.g.c.NotificationGeneralController -getNotificationDetails   method Start
				
2026-09-18 16:16:32 [http-nio-8495-exec-8] INFO  c.v.d.c.IndentUploadController -getIndentDtlsByIndentId Controller  method Start
				
2026-09-18 16:16:32 [http-nio-8495-exec-8] INFO  c.v.d.c.IndentUploadController -getIndentDtlsByIndentId Controller  method end
				
2026-09-18 16:16:32 [http-nio-8495-exec-8] INFO  c.v.g.c.NotificationGeneralController -getNotificationDetails   method Start
				
2026-09-18 16:18:10 [http-nio-8495-exec-2] INFO  c.v.s.c.IndentManagementController -getIndentHdrDtlsByIndentId Controller  method Start
				
2026-09-18 16:18:10 [http-nio-8495-exec-2] INFO  c.v.s.c.IndentManagementController -getIndentHdrDtlsByIndentId Controller  method end
				
2026-09-18 16:18:10 [http-nio-8495-exec-6] INFO  c.v.g.c.NotificationGeneralController -getNotificationDetails   method Start
				
2026-09-18 16:18:20 [http-nio-8495-exec-5] INFO  c.v.i.c.InventoryMaterialTransferController -getProjectdropdown Controller  method Start
				
2026-09-18 16:18:20 [http-nio-8495-exec-8] INFO  c.v.i.c.InventoryMaterialTransferController -getProjectdropdown Controller  method Start
				
2026-09-18 16:18:20 [http-nio-8495-exec-9] INFO  c.v.i.c.InventoryMaterialTransferController -getLocationdropdown Controller  method Start
				
2026-09-18 16:18:20 [http-nio-8495-exec-5] INFO  c.v.i.c.InventoryMaterialTransferController -getProjectdropdown Controller  method End
				
2026-09-18 16:18:20 [http-nio-8495-exec-8] INFO  c.v.i.c.InventoryMaterialTransferController -getProjectdropdown Controller  method End
				
2026-09-18 16:18:20 [http-nio-8495-exec-7] INFO  c.v.g.c.NotificationGeneralController -getNotificationDetails   method Start
				
2026-09-18 16:18:20 [http-nio-8495-exec-8] INFO  c.v.g.c.NotificationGeneralController -getNotificationDetails   method Start
				
2026-09-18 16:18:20 [http-nio-8495-exec-9] INFO  c.v.g.c.NotificationGeneralController -getNotificationDetails   method Start
				
2026-09-18 16:18:31 [http-nio-8495-exec-4] INFO  c.v.i.c.InventoryMaterialTransferController -getAvailableProductsForTransfer Controller  method Start
				
2026-09-18 16:18:31 [http-nio-8495-exec-10] INFO  c.v.g.c.NotificationGeneralController -getNotificationDetails   method Start
				
2026-09-18 16:22:47 [http-nio-8495-exec-1] INFO  c.v.g.c.NotificationGeneralController -getNotificationDetails   method Start
				
2026-09-18 16:22:47 [http-nio-8495-exec-8] INFO  c.v.g.c.NotificationGeneralController -getNotificationDetails   method Start
				
2026-09-18 16:22:50 [http-nio-8495-exec-3] INFO  c.v.g.c.NotificationGeneralController -getNotificationDetails   method Start
				
2026-09-18 16:22:51 [http-nio-8495-exec-2] INFO  c.v.g.services.impl.TileViewService -getSaleTileView  method start
				
2026-09-18 16:22:51 [http-nio-8495-exec-5] INFO  c.v.s.c.IndentManagementController -getIndentProjectDtlsByDate Controller  method Start
				
2026-09-18 16:22:51 [http-nio-8495-exec-9] INFO  c.v.s.c.IndentManagementController -getScmHdrBasedDtl   method Start
				
2026-09-18 16:22:51 [http-nio-8495-exec-5] INFO  c.v.s.c.IndentManagementController -getIndentProjectDtlsByDate Controller  method end
				
2026-09-18 16:22:51 [http-nio-8495-exec-8] INFO  c.v.g.c.NotificationGeneralController -getNotificationDetails   method Start
				
2026-09-18 16:22:53 [http-nio-8495-exec-9] INFO  c.v.s.c.IndentManagementController -getScmHdrBasedDtl  method end
				
2026-09-18 16:22:53 [http-nio-8495-exec-2] INFO  c.v.g.c.StageManagementController -getSCMTitleView   method end
				
2026-09-18 16:22:53 [http-nio-8495-exec-1] INFO  c.v.g.c.NotificationGeneralController -getNotificationDetails   method Start
				
2026-09-18 16:22:53 [http-nio-8495-exec-7] INFO  c.v.g.c.NotificationGeneralController -getNotificationDetails   method Start
				
2026-09-18 16:22:55 [http-nio-8495-exec-2] INFO  c.v.s.c.IndentManagementController -getIndentProjectDtlsByDate Controller  method Start
				
2026-09-18 16:22:55 [http-nio-8495-exec-1] INFO  c.v.s.c.IndentManagementController -getScmHdrBasedDtl   method Start
				
2026-09-18 16:22:55 [http-nio-8495-exec-7] INFO  c.v.g.services.impl.TileViewService -getSaleTileView  method start
				
2026-09-18 16:22:55 [http-nio-8495-exec-2] INFO  c.v.s.c.IndentManagementController -getIndentProjectDtlsByDate Controller  method end
				
2026-09-18 16:22:55 [http-nio-8495-exec-10] INFO  c.v.g.c.NotificationGeneralController -getNotificationDetails   method Start
				
2026-09-18 16:22:55 [http-nio-8495-exec-4] INFO  c.v.g.c.NotificationGeneralController -getNotificationDetails   method Start
				
2026-09-18 16:22:55 [http-nio-8495-exec-8] INFO  c.v.g.c.NotificationGeneralController -getNotificationDetails   method Start
				
2026-09-18 16:22:57 [http-nio-8495-exec-1] INFO  c.v.s.c.IndentManagementController -getScmHdrBasedDtl  method end
				
2026-09-18 16:22:57 [http-nio-8495-exec-7] INFO  c.v.g.c.StageManagementController -getSCMTitleView   method end
				
2026-09-18 16:22:57 [http-nio-8495-exec-9] INFO  c.v.g.c.NotificationGeneralController -getNotificationDetails   method Start
				
2026-09-18 16:22:57 [http-nio-8495-exec-3] INFO  c.v.g.c.NotificationGeneralController -getNotificationDetails   method Start
				
2026-09-18 16:23:02 [http-nio-8495-exec-2] INFO  c.v.s.c.IndentManagementController -getScmHdrBasedDtl   method Start
				
2026-09-18 16:23:02 [http-nio-8495-exec-6] INFO  c.v.g.services.impl.TileViewService -getSaleTileView  method start
				
2026-09-18 16:23:02 [http-nio-8495-exec-2] INFO  c.v.s.c.IndentManagementController -getScmHdrBasedDtl  method end
				
2026-09-18 16:23:02 [http-nio-8495-exec-6] INFO  c.v.g.c.StageManagementController -getSCMTitleView   method end
				
2026-09-18 16:23:02 [http-nio-8495-exec-5] INFO  c.v.g.c.NotificationGeneralController -getNotificationDetails   method Start
				
2026-09-18 16:23:02 [http-nio-8495-exec-8] INFO  c.v.g.c.NotificationGeneralController -getNotificationDetails   method Start
				
2026-09-18 16:23:03 [http-nio-8495-exec-4] INFO  c.v.g.c.NotificationGeneralController -getNotificationDetails   method Start
				
2026-09-18 16:23:03 [http-nio-8495-exec-1] INFO  c.v.g.c.DepartmentAndEmployeeInfoController -getprocessAssignedTeam   method Start
				
2026-09-18 16:23:03 [http-nio-8495-exec-1] INFO  c.v.g.s.i.DepartmentAndEmployeeService -getprocessAssignedTeam  method start
				
2026-09-18 16:23:03 [http-nio-8495-exec-6] INFO  c.v.g.c.NotificationGeneralController -getNotificationDetails   method Start
				
2026-09-18 16:23:03 [http-nio-8495-exec-7] INFO  c.v.g.c.NotificationGeneralController -getNotificationDetails   method Start
				
2026-09-18 16:23:03 [http-nio-8495-exec-10] INFO  c.v.g.c.NotificationGeneralController -getNotificationDetails   method Start
				
2026-09-18 16:23:03 [http-nio-8495-exec-9] INFO  c.v.g.c.NotificationGeneralController -getNotificationDetails   method Start
				
2026-09-18 16:23:03 [http-nio-8495-exec-3] INFO  c.v.g.c.NotificationGeneralController -getNotificationDetails   method Start
				
2026-09-18 16:23:05 [http-nio-8495-exec-4] INFO  c.v.g.c.NotificationGeneralController -getNotificationDetails   method Start
				
2026-09-18 16:23:05 [http-nio-8495-exec-5] INFO  c.v.s.c.IndentManagementController -getIndentHdrDtlsByIndentId Controller  method Start
				
2026-09-18 16:23:05 [http-nio-8495-exec-1] INFO  c.v.s.c.IndentManagementController -indentHdrDropDownByProjectCode Controller  method Start
				
2026-09-18 16:23:05 [http-nio-8495-exec-8] INFO  c.v.p.controller.ProjectController -getCostFlowTypeByPmHdrId   method Start
				
2026-09-18 16:23:05 [http-nio-8495-exec-1] INFO  c.v.s.c.IndentManagementController -indentHdrDropDownByProjectCode Controller  method end
				
2026-09-18 16:23:05 [http-nio-8495-exec-6] INFO  c.v.g.c.NotificationGeneralController -getNotificationDetails   method Start
				
2026-09-18 16:23:05 [http-nio-8495-exec-10] INFO  c.v.g.c.NotificationGeneralController -getNotificationDetails   method Start
				
2026-09-18 16:23:05 [http-nio-8495-exec-5] INFO  c.v.s.c.IndentManagementController -getIndentHdrDtlsByIndentId Controller  method end
				
2026-09-18 16:23:05 [http-nio-8495-exec-7] INFO  c.v.g.c.NotificationGeneralController -getNotificationDetails   method Start
				
2026-09-18 16:23:14 [http-nio-8495-exec-9] ERROR com.vmfg.util.GetPropertyValue -getTenantPropertyVal Method Exception|||org.springframework.dao.EmptyResultDataAccessException: Incorrect result size: expected 1, actual 0
				
2026-09-18 16:23:14 [http-nio-8495-exec-9] ERROR com.vmfg.util.GetPropertyValue -getTenantPropertyValByTenantId Method Exception|||org.springframework.dao.EmptyResultDataAccessException: Incorrect result size: expected 1, actual 0
				
2026-09-18 16:23:14 [http-nio-8495-exec-9] INFO  com.vmfg.util.CommonBase64Class -CommonBase64Class getBasesBinary method Start
				
2026-09-18 16:23:14 [http-nio-8495-exec-9] ERROR com.vmfg.util.CommonBase64Class -CommonBase64Class getBasesBinary Method FileNotFoundException---->java.io.FileNotFoundException:  (No such file or directory)
				
2026-09-18 16:23:14 [http-nio-8495-exec-9] ERROR c.v.authentication.UserLoginService -getImageUrl DAO Method Exceptionjava.lang.NullPointerException
				
2026-09-18 16:23:27 [http-nio-8495-exec-3] INFO  com.vmfg.authentication.UserLoginDAO - getUserDtlForAuth DAO method Start
				
2026-09-18 16:23:27 [http-nio-8495-exec-3] INFO  com.vmfg.authentication.UserLoginDAO -getUserLoginInfo DAO method end
				
2026-09-18 16:23:27 [http-nio-8495-exec-5] INFO  c.v.g.c.NotificationGeneralController -getNotificationDetails   method Start
				
2026-09-18 16:23:27 [http-nio-8495-exec-4] INFO  c.v.g.c.NotificationGeneralController -getNotificationDetails   method Start
				
2026-09-18 16:23:27 [http-nio-8495-exec-6] INFO  c.v.g.c.NotificationGeneralController -getNotificationDetails   method Start
				
2026-09-18 16:23:27 [http-nio-8495-exec-10] INFO  c.v.d.controller.DesignController -getDesignDtl   method Start
				
2026-09-18 16:23:27 [http-nio-8495-exec-9] INFO  c.v.s.c.IndentManagementController -getIndentProjectDtlsByDate Controller  method Start
				
2026-09-18 16:23:27 [http-nio-8495-exec-7] INFO  c.v.g.services.impl.TileViewService -getSaleTileView  method start
				
2026-09-18 16:23:27 [http-nio-8495-exec-9] INFO  c.v.s.c.IndentManagementController -getIndentProjectDtlsByDate Controller  method end
				
2026-09-18 16:23:27 [http-nio-8495-exec-3] INFO  c.v.g.c.NotificationGeneralController -getNotificationDetails   method Start
				
2026-09-18 16:23:27 [http-nio-8495-exec-7] ERROR c.v.d.rowmapper.DesignHdrRowMapper -DesignHdrRowMapper  Method Exceptionjava.sql.SQLSyntaxErrorException: Column 'IS_INTERNAL' not found.
				
2026-09-18 16:23:27 [http-nio-8495-exec-7] ERROR c.v.d.rowmapper.DesignHdrRowMapper -DesignHdrRowMapper  Method Exceptionjava.sql.SQLSyntaxErrorException: Column 'IS_INTERNAL' not found.
				
2026-09-18 16:23:27 [http-nio-8495-exec-7] ERROR c.v.d.rowmapper.DesignHdrRowMapper -DesignHdrRowMapper  Method Exceptionjava.sql.SQLSyntaxErrorException: Column 'IS_INTERNAL' not found.
				
2026-09-18 16:23:27 [http-nio-8495-exec-7] ERROR c.v.d.rowmapper.DesignHdrRowMapper -DesignHdrRowMapper  Method Exceptionjava.sql.SQLSyntaxErrorException: Column 'IS_INTERNAL' not found.
				
2026-09-18 16:23:27 [http-nio-8495-exec-7] ERROR c.v.d.rowmapper.DesignHdrRowMapper -DesignHdrRowMapper  Method Exceptionjava.sql.SQLSyntaxErrorException: Column 'IS_INTERNAL' not found.
				
2026-09-18 16:23:27 [http-nio-8495-exec-7] ERROR c.v.d.rowmapper.DesignHdrRowMapper -DesignHdrRowMapper  Method Exceptionjava.sql.SQLSyntaxErrorException: Column 'IS_INTERNAL' not found.
				
2026-09-18 16:23:27 [http-nio-8495-exec-7] ERROR c.v.d.rowmapper.DesignHdrRowMapper -DesignHdrRowMapper  Method Exceptionjava.sql.SQLSyntaxErrorException: Column 'IS_INTERNAL' not found.
				
2026-09-18 16:23:27 [http-nio-8495-exec-7] ERROR c.v.d.rowmapper.DesignHdrRowMapper -DesignHdrRowMapper  Method Exceptionjava.sql.SQLSyntaxErrorException: Column 'IS_INTERNAL' not found.
				
2026-09-18 16:23:27 [http-nio-8495-exec-7] ERROR c.v.d.rowmapper.DesignHdrRowMapper -DesignHdrRowMapper  Method Exceptionjava.sql.SQLSyntaxErrorException: Column 'IS_INTERNAL' not found.
				
2026-09-18 16:23:27 [http-nio-8495-exec-7] ERROR c.v.d.rowmapper.DesignHdrRowMapper -DesignHdrRowMapper  Method Exceptionjava.sql.SQLSyntaxErrorException: Column 'IS_INTERNAL' not found.
				
2026-09-18 16:23:27 [http-nio-8495-exec-7] ERROR c.v.d.rowmapper.DesignHdrRowMapper -DesignHdrRowMapper  Method Exceptionjava.sql.SQLSyntaxErrorException: Column 'IS_INTERNAL' not found.
				
2026-09-18 16:23:27 [http-nio-8495-exec-7] ERROR c.v.d.rowmapper.DesignHdrRowMapper -DesignHdrRowMapper  Method Exceptionjava.sql.SQLSyntaxErrorException: Column 'IS_INTERNAL' not found.
				
2026-09-18 16:23:27 [http-nio-8495-exec-7] ERROR c.v.d.rowmapper.DesignHdrRowMapper -DesignHdrRowMapper  Method Exceptionjava.sql.SQLSyntaxErrorException: Column 'IS_INTERNAL' not found.
				
2026-09-18 16:23:27 [http-nio-8495-exec-7] ERROR c.v.d.rowmapper.DesignHdrRowMapper -DesignHdrRowMapper  Method Exceptionjava.sql.SQLSyntaxErrorException: Column 'IS_INTERNAL' not found.
				
2026-09-18 16:23:27 [http-nio-8495-exec-7] ERROR c.v.d.rowmapper.DesignHdrRowMapper -DesignHdrRowMapper  Method Exceptionjava.sql.SQLSyntaxErrorException: Column 'IS_INTERNAL' not found.
				
2026-09-18 16:23:27 [http-nio-8495-exec-7] ERROR c.v.d.rowmapper.DesignHdrRowMapper -DesignHdrRowMapper  Method Exceptionjava.sql.SQLSyntaxErrorException: Column 'IS_INTERNAL' not found.
				
2026-09-18 16:23:27 [http-nio-8495-exec-7] ERROR c.v.d.rowmapper.DesignHdrRowMapper -DesignHdrRowMapper  Method Exceptionjava.sql.SQLSyntaxErrorException: Column 'IS_INTERNAL' not found.
				
2026-09-18 16:23:27 [http-nio-8495-exec-7] ERROR c.v.d.rowmapper.DesignHdrRowMapper -DesignHdrRowMapper  Method Exceptionjava.sql.SQLSyntaxErrorException: Column 'IS_INTERNAL' not found.
				
2026-09-18 16:23:27 [http-nio-8495-exec-7] ERROR c.v.d.rowmapper.DesignHdrRowMapper -DesignHdrRowMapper  Method Exceptionjava.sql.SQLSyntaxErrorException: Column 'IS_INTERNAL' not found.
				
2026-09-18 16:23:27 [http-nio-8495-exec-7] ERROR c.v.d.rowmapper.DesignHdrRowMapper -DesignHdrRowMapper  Method Exceptionjava.sql.SQLSyntaxErrorException: Column 'IS_INTERNAL' not found.
				
2026-09-18 16:23:27 [http-nio-8495-exec-7] ERROR c.v.d.rowmapper.DesignHdrRowMapper -DesignHdrRowMapper  Method Exceptionjava.sql.SQLSyntaxErrorException: Column 'IS_INTERNAL' not found.
				
2026-09-18 16:23:27 [http-nio-8495-exec-7] ERROR c.v.d.rowmapper.DesignHdrRowMapper -DesignHdrRowMapper  Method Exceptionjava.sql.SQLSyntaxErrorException: Column 'IS_INTERNAL' not found.
				
2026-09-18 16:23:27 [http-nio-8495-exec-7] ERROR c.v.d.rowmapper.DesignHdrRowMapper -DesignHdrRowMapper  Method Exceptionjava.sql.SQLSyntaxErrorException: Column 'IS_INTERNAL' not found.
				
2026-09-18 16:23:27 [http-nio-8495-exec-7] ERROR c.v.d.rowmapper.DesignHdrRowMapper -DesignHdrRowMapper  Method Exceptionjava.sql.SQLSyntaxErrorException: Column 'IS_INTERNAL' not found.
				
2026-09-18 16:23:27 [http-nio-8495-exec-7] ERROR c.v.d.rowmapper.DesignHdrRowMapper -DesignHdrRowMapper  Method Exceptionjava.sql.SQLSyntaxErrorException: Column 'IS_INTERNAL' not found.
				
2026-09-18 16:23:27 [http-nio-8495-exec-7] ERROR c.v.d.rowmapper.DesignHdrRowMapper -DesignHdrRowMapper  Method Exceptionjava.sql.SQLSyntaxErrorException: Column 'IS_INTERNAL' not found.
				
2026-09-18 16:23:27 [http-nio-8495-exec-7] ERROR c.v.d.rowmapper.DesignHdrRowMapper -DesignHdrRowMapper  Method Exceptionjava.sql.SQLSyntaxErrorException: Column 'IS_INTERNAL' not found.
				
2026-09-18 16:23:27 [http-nio-8495-exec-7] ERROR c.v.d.rowmapper.DesignHdrRowMapper -DesignHdrRowMapper  Method Exceptionjava.sql.SQLSyntaxErrorException: Column 'IS_INTERNAL' not found.
				
2026-09-18 16:23:27 [http-nio-8495-exec-7] ERROR c.v.d.rowmapper.DesignHdrRowMapper -DesignHdrRowMapper  Method Exceptionjava.sql.SQLSyntaxErrorException: Column 'IS_INTERNAL' not found.
				
2026-09-18 16:23:27 [http-nio-8495-exec-7] ERROR c.v.d.rowmapper.DesignHdrRowMapper -DesignHdrRowMapper  Method Exceptionjava.sql.SQLSyntaxErrorException: Column 'IS_INTERNAL' not found.
				
2026-09-18 16:23:27 [http-nio-8495-exec-7] ERROR c.v.d.rowmapper.DesignHdrRowMapper -DesignHdrRowMapper  Method Exceptionjava.sql.SQLSyntaxErrorException: Column 'IS_INTERNAL' not found.
				
2026-09-18 16:23:27 [http-nio-8495-exec-7] ERROR c.v.d.rowmapper.DesignHdrRowMapper -DesignHdrRowMapper  Method Exceptionjava.sql.SQLSyntaxErrorException: Column 'IS_INTERNAL' not found.
				
2026-09-18 16:23:27 [http-nio-8495-exec-7] ERROR c.v.d.rowmapper.DesignHdrRowMapper -DesignHdrRowMapper  Method Exceptionjava.sql.SQLSyntaxErrorException: Column 'IS_INTERNAL' not found.
				
2026-09-18 16:23:27 [http-nio-8495-exec-7] ERROR c.v.d.rowmapper.DesignHdrRowMapper -DesignHdrRowMapper  Method Exceptionjava.sql.SQLSyntaxErrorException: Column 'IS_INTERNAL' not found.
				
2026-09-18 16:23:27 [http-nio-8495-exec-7] ERROR c.v.d.rowmapper.DesignHdrRowMapper -DesignHdrRowMapper  Method Exceptionjava.sql.SQLSyntaxErrorException: Column 'IS_INTERNAL' not found.
				
2026-09-18 16:23:27 [http-nio-8495-exec-7] ERROR c.v.d.rowmapper.DesignHdrRowMapper -DesignHdrRowMapper  Method Exceptionjava.sql.SQLSyntaxErrorException: Column 'IS_INTERNAL' not found.
				
2026-09-18 16:23:27 [http-nio-8495-exec-7] ERROR c.v.d.rowmapper.DesignHdrRowMapper -DesignHdrRowMapper  Method Exceptionjava.sql.SQLSyntaxErrorException: Column 'IS_INTERNAL' not found.
				
2026-09-18 16:23:27 [http-nio-8495-exec-7] ERROR c.v.d.rowmapper.DesignHdrRowMapper -DesignHdrRowMapper  Method Exceptionjava.sql.SQLSyntaxErrorException: Column 'IS_INTERNAL' not found.
				
2026-09-18 16:23:27 [http-nio-8495-exec-7] ERROR c.v.d.rowmapper.DesignHdrRowMapper -DesignHdrRowMapper  Method Exceptionjava.sql.SQLSyntaxErrorException: Column 'IS_INTERNAL' not found.
				
2026-09-18 16:23:27 [http-nio-8495-exec-7] ERROR c.v.d.rowmapper.DesignHdrRowMapper -DesignHdrRowMapper  Method Exceptionjava.sql.SQLSyntaxErrorException: Column 'IS_INTERNAL' not found.
				
2026-09-18 16:23:27 [http-nio-8495-exec-7] ERROR c.v.d.rowmapper.DesignHdrRowMapper -DesignHdrRowMapper  Method Exceptionjava.sql.SQLSyntaxErrorException: Column 'IS_INTERNAL' not found.
				
2026-09-18 16:23:27 [http-nio-8495-exec-7] ERROR c.v.d.rowmapper.DesignHdrRowMapper -DesignHdrRowMapper  Method Exceptionjava.sql.SQLSyntaxErrorException: Column 'IS_INTERNAL' not found.
				
2026-09-18 16:23:27 [http-nio-8495-exec-7] ERROR c.v.d.rowmapper.DesignHdrRowMapper -DesignHdrRowMapper  Method Exceptionjava.sql.SQLSyntaxErrorException: Column 'IS_INTERNAL' not found.
				
2026-09-18 16:23:27 [http-nio-8495-exec-7] ERROR c.v.d.rowmapper.DesignHdrRowMapper -DesignHdrRowMapper  Method Exceptionjava.sql.SQLSyntaxErrorException: Column 'IS_INTERNAL' not found.
				
2026-09-18 16:23:27 [http-nio-8495-exec-7] ERROR c.v.d.rowmapper.DesignHdrRowMapper -DesignHdrRowMapper  Method Exceptionjava.sql.SQLSyntaxErrorException: Column 'IS_INTERNAL' not found.
				
2026-09-18 16:23:27 [http-nio-8495-exec-7] ERROR c.v.d.rowmapper.DesignHdrRowMapper -DesignHdrRowMapper  Method Exceptionjava.sql.SQLSyntaxErrorException: Column 'IS_INTERNAL' not found.
				
2026-09-18 16:23:27 [http-nio-8495-exec-7] ERROR c.v.d.rowmapper.DesignHdrRowMapper -DesignHdrRowMapper  Method Exceptionjava.sql.SQLSyntaxErrorException: Column 'IS_INTERNAL' not found.
				
2026-09-18 16:23:27 [http-nio-8495-exec-7] ERROR c.v.d.rowmapper.DesignHdrRowMapper -DesignHdrRowMapper  Method Exceptionjava.sql.SQLSyntaxErrorException: Column 'IS_INTERNAL' not found.
				
2026-09-18 16:23:27 [http-nio-8495-exec-7] ERROR c.v.d.rowmapper.DesignHdrRowMapper -DesignHdrRowMapper  Method Exceptionjava.sql.SQLSyntaxErrorException: Column 'IS_INTERNAL' not found.
				
2026-09-18 16:23:28 [http-nio-8495-exec-10] INFO  c.v.d.controller.DesignController -getDesignDtl   method end
				
2026-09-18 16:23:28 [http-nio-8495-exec-1] INFO  c.v.g.c.NotificationGeneralController -getNotificationDetails   method Start
				
2026-09-18 16:23:28 [http-nio-8495-exec-7] ERROR c.v.d.rowmapper.DesignHdrRowMapper -DesignHdrRowMapper  Method Exceptionjava.sql.SQLSyntaxErrorException: Column 'IS_INTERNAL' not found.
				
2026-09-18 16:23:28 [http-nio-8495-exec-7] ERROR c.v.d.rowmapper.DesignHdrRowMapper -DesignHdrRowMapper  Method Exceptionjava.sql.SQLSyntaxErrorException: Column 'IS_INTERNAL' not found.
				
2026-09-18 16:23:28 [http-nio-8495-exec-7] ERROR c.v.d.rowmapper.DesignHdrRowMapper -DesignHdrRowMapper  Method Exceptionjava.sql.SQLSyntaxErrorException: Column 'IS_INTERNAL' not found.
				
2026-09-18 16:23:28 [http-nio-8495-exec-7] ERROR c.v.d.rowmapper.DesignHdrRowMapper -DesignHdrRowMapper  Method Exceptionjava.sql.SQLSyntaxErrorException: Column 'IS_INTERNAL' not found.
				
2026-09-18 16:23:28 [http-nio-8495-exec-7] ERROR c.v.d.rowmapper.DesignHdrRowMapper -DesignHdrRowMapper  Method Exceptionjava.sql.SQLSyntaxErrorException: Column 'IS_INTERNAL' not found.
				
2026-09-18 16:23:28 [http-nio-8495-exec-7] ERROR c.v.d.rowmapper.DesignHdrRowMapper -DesignHdrRowMapper  Method Exceptionjava.sql.SQLSyntaxErrorException: Column 'IS_INTERNAL' not found.
				
2026-09-18 16:23:28 [http-nio-8495-exec-7] ERROR c.v.d.rowmapper.DesignHdrRowMapper -DesignHdrRowMapper  Method Exceptionjava.sql.SQLSyntaxErrorException: Column 'IS_INTERNAL' not found.
				
2026-09-18 16:23:28 [http-nio-8495-exec-7] ERROR c.v.d.rowmapper.DesignHdrRowMapper -DesignHdrRowMapper  Method Exceptionjava.sql.SQLSyntaxErrorException: Column 'IS_INTERNAL' not found.
				
2026-09-18 16:23:28 [http-nio-8495-exec-7] ERROR c.v.d.rowmapper.DesignHdrRowMapper -DesignHdrRowMapper  Method Exceptionjava.sql.SQLSyntaxErrorException: Column 'IS_INTERNAL' not found.
				
2026-09-18 16:23:28 [http-nio-8495-exec-7] ERROR c.v.d.rowmapper.DesignHdrRowMapper -DesignHdrRowMapper  Method Exceptionjava.sql.SQLSyntaxErrorException: Column 'IS_INTERNAL' not found.
				
2026-09-18 16:23:28 [http-nio-8495-exec-7] ERROR c.v.d.rowmapper.DesignHdrRowMapper -DesignHdrRowMapper  Method Exceptionjava.sql.SQLSyntaxErrorException: Column 'IS_INTERNAL' not found.
				
2026-09-18 16:23:28 [http-nio-8495-exec-7] ERROR c.v.d.rowmapper.DesignHdrRowMapper -DesignHdrRowMapper  Method Exceptionjava.sql.SQLSyntaxErrorException: Column 'IS_INTERNAL' not found.
				
2026-09-18 16:23:28 [http-nio-8495-exec-7] ERROR c.v.d.rowmapper.DesignHdrRowMapper -DesignHdrRowMapper  Method Exceptionjava.sql.SQLSyntaxErrorException: Column 'IS_INTERNAL' not found.
				
2026-09-18 16:23:28 [http-nio-8495-exec-7] ERROR c.v.d.rowmapper.DesignHdrRowMapper -DesignHdrRowMapper  Method Exceptionjava.sql.SQLSyntaxErrorException: Column 'IS_INTERNAL' not found.
				
2026-09-18 16:23:28 [http-nio-8495-exec-7] ERROR c.v.d.rowmapper.DesignHdrRowMapper -DesignHdrRowMapper  Method Exceptionjava.sql.SQLSyntaxErrorException: Column 'IS_INTERNAL' not found.
				
2026-09-18 16:23:28 [http-nio-8495-exec-7] ERROR c.v.d.rowmapper.DesignHdrRowMapper -DesignHdrRowMapper  Method Exceptionjava.sql.SQLSyntaxErrorException: Column 'IS_INTERNAL' not found.
				
2026-09-18 16:23:28 [http-nio-8495-exec-7] ERROR c.v.d.rowmapper.DesignHdrRowMapper -DesignHdrRowMapper  Method Exceptionjava.sql.SQLSyntaxErrorException: Column 'IS_INTERNAL' not found.
				
2026-09-18 16:23:28 [http-nio-8495-exec-7] ERROR c.v.d.rowmapper.DesignHdrRowMapper -DesignHdrRowMapper  Method Exceptionjava.sql.SQLSyntaxErrorException: Column 'IS_INTERNAL' not found.
				
2026-09-18 16:23:28 [http-nio-8495-exec-7] ERROR c.v.d.rowmapper.DesignHdrRowMapper -DesignHdrRowMapper  Method Exceptionjava.sql.SQLSyntaxErrorException: Column 'IS_INTERNAL' not found.
				
2026-09-18 16:23:28 [http-nio-8495-exec-7] ERROR c.v.d.rowmapper.DesignHdrRowMapper -DesignHdrRowMapper  Method Exceptionjava.sql.SQLSyntaxErrorException: Column 'IS_INTERNAL' not found.
				
2026-09-18 16:23:28 [http-nio-8495-exec-7] ERROR c.v.d.rowmapper.DesignHdrRowMapper -DesignHdrRowMapper  Method Exceptionjava.sql.SQLSyntaxErrorException: Column 'IS_INTERNAL' not found.
				
2026-09-18 16:23:28 [http-nio-8495-exec-7] ERROR c.v.d.rowmapper.DesignHdrRowMapper -DesignHdrRowMapper  Method Exceptionjava.sql.SQLSyntaxErrorException: Column 'IS_INTERNAL' not found.
				
2026-09-18 16:23:28 [http-nio-8495-exec-7] ERROR c.v.d.rowmapper.DesignHdrRowMapper -DesignHdrRowMapper  Method Exceptionjava.sql.SQLSyntaxErrorException: Column 'IS_INTERNAL' not found.
				
2026-09-18 16:23:28 [http-nio-8495-exec-7] INFO  c.v.g.c.StageManagementController -getDesignTitleView   method end
				
2026-09-18 16:23:28 [http-nio-8495-exec-2] INFO  c.v.g.c.NotificationGeneralController -getNotificationDetails   method Start
				
2026-09-18 16:23:33 [http-nio-8495-exec-8] INFO  c.v.d.controller.DesignController -getDesignDtl   method Start
				
2026-09-18 16:23:33 [http-nio-8495-exec-9] INFO  c.v.g.services.impl.TileViewService -getSaleTileView  method start
				
2026-09-18 16:23:33 [http-nio-8495-exec-8] INFO  c.v.d.controller.DesignController -getDesignDtl   method end
				
2026-09-18 16:23:33 [http-nio-8495-exec-9] ERROR c.v.d.rowmapper.DesignHdrRowMapper -DesignHdrRowMapper  Method Exceptionjava.sql.SQLSyntaxErrorException: Column 'IS_INTERNAL' not found.
				
2026-09-18 16:23:33 [http-nio-8495-exec-9] ERROR c.v.d.rowmapper.DesignHdrRowMapper -DesignHdrRowMapper  Method Exceptionjava.sql.SQLSyntaxErrorException: Column 'IS_INTERNAL' not found.
				
2026-09-18 16:23:33 [http-nio-8495-exec-9] ERROR c.v.d.rowmapper.DesignHdrRowMapper -DesignHdrRowMapper  Method Exceptionjava.sql.SQLSyntaxErrorException: Column 'IS_INTERNAL' not found.
				
2026-09-18 16:23:33 [http-nio-8495-exec-9] ERROR c.v.d.rowmapper.DesignHdrRowMapper -DesignHdrRowMapper  Method Exceptionjava.sql.SQLSyntaxErrorException: Column 'IS_INTERNAL' not found.
				
2026-09-18 16:23:33 [http-nio-8495-exec-9] ERROR c.v.d.rowmapper.DesignHdrRowMapper -DesignHdrRowMapper  Method Exceptionjava.sql.SQLSyntaxErrorException: Column 'IS_INTERNAL' not found.
				
2026-09-18 16:23:33 [http-nio-8495-exec-9] ERROR c.v.d.rowmapper.DesignHdrRowMapper -DesignHdrRowMapper  Method Exceptionjava.sql.SQLSyntaxErrorException: Column 'IS_INTERNAL' not found.
				
2026-09-18 16:23:33 [http-nio-8495-exec-9] ERROR c.v.d.rowmapper.DesignHdrRowMapper -DesignHdrRowMapper  Method Exceptionjava.sql.SQLSyntaxErrorException: Column 'IS_INTERNAL' not found.
				
2026-09-18 16:23:33 [http-nio-8495-exec-9] ERROR c.v.d.rowmapper.DesignHdrRowMapper -DesignHdrRowMapper  Method Exceptionjava.sql.SQLSyntaxErrorException: Column 'IS_INTERNAL' not found.
				
2026-09-18 16:23:33 [http-nio-8495-exec-9] ERROR c.v.d.rowmapper.DesignHdrRowMapper -DesignHdrRowMapper  Method Exceptionjava.sql.SQLSyntaxErrorException: Column 'IS_INTERNAL' not found.
				
2026-09-18 16:23:33 [http-nio-8495-exec-9] ERROR c.v.d.rowmapper.DesignHdrRowMapper -DesignHdrRowMapper  Method Exceptionjava.sql.SQLSyntaxErrorException: Column 'IS_INTERNAL' not found.
				
2026-09-18 16:23:33 [http-nio-8495-exec-5] INFO  c.v.g.c.NotificationGeneralController -getNotificationDetails   method Start
				
2026-09-18 16:23:33 [http-nio-8495-exec-9] ERROR c.v.d.rowmapper.DesignHdrRowMapper -DesignHdrRowMapper  Method Exceptionjava.sql.SQLSyntaxErrorException: Column 'IS_INTERNAL' not found.
				
2026-09-18 16:23:33 [http-nio-8495-exec-9] ERROR c.v.d.rowmapper.DesignHdrRowMapper -DesignHdrRowMapper  Method Exceptionjava.sql.SQLSyntaxErrorException: Column 'IS_INTERNAL' not found.
				
2026-09-18 16:23:33 [http-nio-8495-exec-9] ERROR c.v.d.rowmapper.DesignHdrRowMapper -DesignHdrRowMapper  Method Exceptionjava.sql.SQLSyntaxErrorException: Column 'IS_INTERNAL' not found.
				
2026-09-18 16:23:33 [http-nio-8495-exec-9] ERROR c.v.d.rowmapper.DesignHdrRowMapper -DesignHdrRowMapper  Method Exceptionjava.sql.SQLSyntaxErrorException: Column 'IS_INTERNAL' not found.
				
2026-09-18 16:23:33 [http-nio-8495-exec-9] ERROR c.v.d.rowmapper.DesignHdrRowMapper -DesignHdrRowMapper  Method Exceptionjava.sql.SQLSyntaxErrorException: Column 'IS_INTERNAL' not found.
				
2026-09-18 16:23:33 [http-nio-8495-exec-9] ERROR c.v.d.rowmapper.DesignHdrRowMapper -DesignHdrRowMapper  Method Exceptionjava.sql.SQLSyntaxErrorException: Column 'IS_INTERNAL' not found.
				
2026-09-18 16:23:33 [http-nio-8495-exec-9] ERROR c.v.d.rowmapper.DesignHdrRowMapper -DesignHdrRowMapper  Method Exceptionjava.sql.SQLSyntaxErrorException: Column 'IS_INTERNAL' not found.
				
2026-09-18 16:23:33 [http-nio-8495-exec-9] ERROR c.v.d.rowmapper.DesignHdrRowMapper -DesignHdrRowMapper  Method Exceptionjava.sql.SQLSyntaxErrorException: Column 'IS_INTERNAL' not found.
				
2026-09-18 16:23:33 [http-nio-8495-exec-9] ERROR c.v.d.rowmapper.DesignHdrRowMapper -DesignHdrRowMapper  Method Exceptionjava.sql.SQLSyntaxErrorException: Column 'IS_INTERNAL' not found.
				
2026-09-18 16:23:33 [http-nio-8495-exec-9] ERROR c.v.d.rowmapper.DesignHdrRowMapper -DesignHdrRowMapper  Method Exceptionjava.sql.SQLSyntaxErrorException: Column 'IS_INTERNAL' not found.
				
2026-09-18 16:23:33 [http-nio-8495-exec-9] ERROR c.v.d.rowmapper.DesignHdrRowMapper -DesignHdrRowMapper  Method Exceptionjava.sql.SQLSyntaxErrorException: Column 'IS_INTERNAL' not found.
				
2026-09-18 16:23:33 [http-nio-8495-exec-9] ERROR c.v.d.rowmapper.DesignHdrRowMapper -DesignHdrRowMapper  Method Exceptionjava.sql.SQLSyntaxErrorException: Column 'IS_INTERNAL' not found.
				
2026-09-18 16:23:33 [http-nio-8495-exec-9] ERROR c.v.d.rowmapper.DesignHdrRowMapper -DesignHdrRowMapper  Method Exceptionjava.sql.SQLSyntaxErrorException: Column 'IS_INTERNAL' not found.
				
2026-09-18 16:23:33 [http-nio-8495-exec-9] ERROR c.v.d.rowmapper.DesignHdrRowMapper -DesignHdrRowMapper  Method Exceptionjava.sql.SQLSyntaxErrorException: Column 'IS_INTERNAL' not found.
				
2026-09-18 16:23:33 [http-nio-8495-exec-9] ERROR c.v.d.rowmapper.DesignHdrRowMapper -DesignHdrRowMapper  Method Exceptionjava.sql.SQLSyntaxErrorException: Column 'IS_INTERNAL' not found.
				
2026-09-18 16:23:33 [http-nio-8495-exec-9] ERROR c.v.d.rowmapper.DesignHdrRowMapper -DesignHdrRowMapper  Method Exceptionjava.sql.SQLSyntaxErrorException: Column 'IS_INTERNAL' not found.
				
2026-09-18 16:23:33 [http-nio-8495-exec-9] ERROR c.v.d.rowmapper.DesignHdrRowMapper -DesignHdrRowMapper  Method Exceptionjava.sql.SQLSyntaxErrorException: Column 'IS_INTERNAL' not found.
				
2026-09-18 16:23:33 [http-nio-8495-exec-9] ERROR c.v.d.rowmapper.DesignHdrRowMapper -DesignHdrRowMapper  Method Exceptionjava.sql.SQLSyntaxErrorException: Column 'IS_INTERNAL' not found.
				
2026-09-18 16:23:33 [http-nio-8495-exec-9] ERROR c.v.d.rowmapper.DesignHdrRowMapper -DesignHdrRowMapper  Method Exceptionjava.sql.SQLSyntaxErrorException: Column 'IS_INTERNAL' not found.
				
2026-09-18 16:23:33 [http-nio-8495-exec-9] ERROR c.v.d.rowmapper.DesignHdrRowMapper -DesignHdrRowMapper  Method Exceptionjava.sql.SQLSyntaxErrorException: Column 'IS_INTERNAL' not found.
				
2026-09-18 16:23:33 [http-nio-8495-exec-9] ERROR c.v.d.rowmapper.DesignHdrRowMapper -DesignHdrRowMapper  Method Exceptionjava.sql.SQLSyntaxErrorException: Column 'IS_INTERNAL' not found.
				
2026-09-18 16:23:33 [http-nio-8495-exec-9] ERROR c.v.d.rowmapper.DesignHdrRowMapper -DesignHdrRowMapper  Method Exceptionjava.sql.SQLSyntaxErrorException: Column 'IS_INTERNAL' not found.
				
2026-09-18 16:23:33 [http-nio-8495-exec-9] ERROR c.v.d.rowmapper.DesignHdrRowMapper -DesignHdrRowMapper  Method Exceptionjava.sql.SQLSyntaxErrorException: Column 'IS_INTERNAL' not found.
				
2026-09-18 16:23:33 [http-nio-8495-exec-9] ERROR c.v.d.rowmapper.DesignHdrRowMapper -DesignHdrRowMapper  Method Exceptionjava.sql.SQLSyntaxErrorException: Column 'IS_INTERNAL' not found.
				
2026-09-18 16:23:33 [http-nio-8495-exec-9] ERROR c.v.d.rowmapper.DesignHdrRowMapper -DesignHdrRowMapper  Method Exceptionjava.sql.SQLSyntaxErrorException: Column 'IS_INTERNAL' not found.
				
2026-09-18 16:23:33 [http-nio-8495-exec-9] ERROR c.v.d.rowmapper.DesignHdrRowMapper -DesignHdrRowMapper  Method Exceptionjava.sql.SQLSyntaxErrorException: Column 'IS_INTERNAL' not found.
				
2026-09-18 16:23:33 [http-nio-8495-exec-9] ERROR c.v.d.rowmapper.DesignHdrRowMapper -DesignHdrRowMapper  Method Exceptionjava.sql.SQLSyntaxErrorException: Column 'IS_INTERNAL' not found.
				
2026-09-18 16:23:33 [http-nio-8495-exec-9] ERROR c.v.d.rowmapper.DesignHdrRowMapper -DesignHdrRowMapper  Method Exceptionjava.sql.SQLSyntaxErrorException: Column 'IS_INTERNAL' not found.
				
2026-09-18 16:23:33 [http-nio-8495-exec-9] ERROR c.v.d.rowmapper.DesignHdrRowMapper -DesignHdrRowMapper  Method Exceptionjava.sql.SQLSyntaxErrorException: Column 'IS_INTERNAL' not found.
				
2026-09-18 16:23:33 [http-nio-8495-exec-9] ERROR c.v.d.rowmapper.DesignHdrRowMapper -DesignHdrRowMapper  Method Exceptionjava.sql.SQLSyntaxErrorException: Column 'IS_INTERNAL' not found.
				
2026-09-18 16:23:33 [http-nio-8495-exec-9] ERROR c.v.d.rowmapper.DesignHdrRowMapper -DesignHdrRowMapper  Method Exceptionjava.sql.SQLSyntaxErrorException: Column 'IS_INTERNAL' not found.
				
2026-09-18 16:23:33 [http-nio-8495-exec-9] ERROR c.v.d.rowmapper.DesignHdrRowMapper -DesignHdrRowMapper  Method Exceptionjava.sql.SQLSyntaxErrorException: Column 'IS_INTERNAL' not found.
				
2026-09-18 16:23:33 [http-nio-8495-exec-9] ERROR c.v.d.rowmapper.DesignHdrRowMapper -DesignHdrRowMapper  Method Exceptionjava.sql.SQLSyntaxErrorException: Column 'IS_INTERNAL' not found.
				
2026-09-18 16:23:33 [http-nio-8495-exec-9] ERROR c.v.d.rowmapper.DesignHdrRowMapper -DesignHdrRowMapper  Method Exceptionjava.sql.SQLSyntaxErrorException: Column 'IS_INTERNAL' not found.
				
2026-09-18 16:23:33 [http-nio-8495-exec-9] ERROR c.v.d.rowmapper.DesignHdrRowMapper -DesignHdrRowMapper  Method Exceptionjava.sql.SQLSyntaxErrorException: Column 'IS_INTERNAL' not found.
				
2026-09-18 16:23:33 [http-nio-8495-exec-9] ERROR c.v.d.rowmapper.DesignHdrRowMapper -DesignHdrRowMapper  Method Exceptionjava.sql.SQLSyntaxErrorException: Column 'IS_INTERNAL' not found.
				
2026-09-18 16:23:33 [http-nio-8495-exec-9] ERROR c.v.d.rowmapper.DesignHdrRowMapper -DesignHdrRowMapper  Method Exceptionjava.sql.SQLSyntaxErrorException: Column 'IS_INTERNAL' not found.
				
2026-09-18 16:23:33 [http-nio-8495-exec-9] ERROR c.v.d.rowmapper.DesignHdrRowMapper -DesignHdrRowMapper  Method Exceptionjava.sql.SQLSyntaxErrorException: Column 'IS_INTERNAL' not found.
				
2026-09-18 16:23:33 [http-nio-8495-exec-9] ERROR c.v.d.rowmapper.DesignHdrRowMapper -DesignHdrRowMapper  Method Exceptionjava.sql.SQLSyntaxErrorException: Column 'IS_INTERNAL' not found.
				
2026-09-18 16:23:34 [http-nio-8495-exec-9] ERROR c.v.d.rowmapper.DesignHdrRowMapper -DesignHdrRowMapper  Method Exceptionjava.sql.SQLSyntaxErrorException: Column 'IS_INTERNAL' not found.
				
2026-09-18 16:23:34 [http-nio-8495-exec-9] ERROR c.v.d.rowmapper.DesignHdrRowMapper -DesignHdrRowMapper  Method Exceptionjava.sql.SQLSyntaxErrorException: Column 'IS_INTERNAL' not found.
				
2026-09-18 16:23:34 [http-nio-8495-exec-9] ERROR c.v.d.rowmapper.DesignHdrRowMapper -DesignHdrRowMapper  Method Exceptionjava.sql.SQLSyntaxErrorException: Column 'IS_INTERNAL' not found.
				
2026-09-18 16:23:34 [http-nio-8495-exec-9] ERROR c.v.d.rowmapper.DesignHdrRowMapper -DesignHdrRowMapper  Method Exceptionjava.sql.SQLSyntaxErrorException: Column 'IS_INTERNAL' not found.
				
2026-09-18 16:23:34 [http-nio-8495-exec-9] ERROR c.v.d.rowmapper.DesignHdrRowMapper -DesignHdrRowMapper  Method Exceptionjava.sql.SQLSyntaxErrorException: Column 'IS_INTERNAL' not found.
				
2026-09-18 16:23:34 [http-nio-8495-exec-9] ERROR c.v.d.rowmapper.DesignHdrRowMapper -DesignHdrRowMapper  Method Exceptionjava.sql.SQLSyntaxErrorException: Column 'IS_INTERNAL' not found.
				
2026-09-18 16:23:34 [http-nio-8495-exec-9] ERROR c.v.d.rowmapper.DesignHdrRowMapper -DesignHdrRowMapper  Method Exceptionjava.sql.SQLSyntaxErrorException: Column 'IS_INTERNAL' not found.
				
2026-09-18 16:23:34 [http-nio-8495-exec-9] ERROR c.v.d.rowmapper.DesignHdrRowMapper -DesignHdrRowMapper  Method Exceptionjava.sql.SQLSyntaxErrorException: Column 'IS_INTERNAL' not found.
				
2026-09-18 16:23:34 [http-nio-8495-exec-9] ERROR c.v.d.rowmapper.DesignHdrRowMapper -DesignHdrRowMapper  Method Exceptionjava.sql.SQLSyntaxErrorException: Column 'IS_INTERNAL' not found.
				
2026-09-18 16:23:34 [http-nio-8495-exec-9] ERROR c.v.d.rowmapper.DesignHdrRowMapper -DesignHdrRowMapper  Method Exceptionjava.sql.SQLSyntaxErrorException: Column 'IS_INTERNAL' not found.
				
2026-09-18 16:23:34 [http-nio-8495-exec-9] ERROR c.v.d.rowmapper.DesignHdrRowMapper -DesignHdrRowMapper  Method Exceptionjava.sql.SQLSyntaxErrorException: Column 'IS_INTERNAL' not found.
				
2026-09-18 16:23:34 [http-nio-8495-exec-9] ERROR c.v.d.rowmapper.DesignHdrRowMapper -DesignHdrRowMapper  Method Exceptionjava.sql.SQLSyntaxErrorException: Column 'IS_INTERNAL' not found.
				
2026-09-18 16:23:34 [http-nio-8495-exec-9] ERROR c.v.d.rowmapper.DesignHdrRowMapper -DesignHdrRowMapper  Method Exceptionjava.sql.SQLSyntaxErrorException: Column 'IS_INTERNAL' not found.
				
2026-09-18 16:23:34 [http-nio-8495-exec-9] ERROR c.v.d.rowmapper.DesignHdrRowMapper -DesignHdrRowMapper  Method Exceptionjava.sql.SQLSyntaxErrorException: Column 'IS_INTERNAL' not found.
				
2026-09-18 16:23:34 [http-nio-8495-exec-9] ERROR c.v.d.rowmapper.DesignHdrRowMapper -DesignHdrRowMapper  Method Exceptionjava.sql.SQLSyntaxErrorException: Column 'IS_INTERNAL' not found.
				
2026-09-18 16:23:34 [http-nio-8495-exec-9] ERROR c.v.d.rowmapper.DesignHdrRowMapper -DesignHdrRowMapper  Method Exceptionjava.sql.SQLSyntaxErrorException: Column 'IS_INTERNAL' not found.
				
2026-09-18 16:23:34 [http-nio-8495-exec-6] INFO  c.v.g.c.NotificationGeneralController -getNotificationDetails   method Start
				
2026-09-18 16:23:34 [http-nio-8495-exec-2] INFO  c.v.g.c.NotificationGeneralController -getNotificationDetails   method Start
				
2026-09-18 16:23:34 [http-nio-8495-exec-8] INFO  c.v.g.c.NotificationGeneralController -getNotificationDetails   method Start
				
2026-09-18 16:23:34 [http-nio-8495-exec-4] INFO  c.v.g.c.NotificationGeneralController -getNotificationDetails   method Start
				
2026-09-18 16:23:34 [http-nio-8495-exec-9] ERROR c.v.d.rowmapper.DesignHdrRowMapper -DesignHdrRowMapper  Method Exceptionjava.sql.SQLSyntaxErrorException: Column 'IS_INTERNAL' not found.
				
2026-09-18 16:23:34 [http-nio-8495-exec-9] ERROR c.v.d.rowmapper.DesignHdrRowMapper -DesignHdrRowMapper  Method Exceptionjava.sql.SQLSyntaxErrorException: Column 'IS_INTERNAL' not found.
				
2026-09-18 16:23:34 [http-nio-8495-exec-9] ERROR c.v.d.rowmapper.DesignHdrRowMapper -DesignHdrRowMapper  Method Exceptionjava.sql.SQLSyntaxErrorException: Column 'IS_INTERNAL' not found.
				
2026-09-18 16:23:34 [http-nio-8495-exec-9] ERROR c.v.d.rowmapper.DesignHdrRowMapper -DesignHdrRowMapper  Method Exceptionjava.sql.SQLSyntaxErrorException: Column 'IS_INTERNAL' not found.
				
2026-09-18 16:23:34 [http-nio-8495-exec-9] ERROR c.v.d.rowmapper.DesignHdrRowMapper -DesignHdrRowMapper  Method Exceptionjava.sql.SQLSyntaxErrorException: Column 'IS_INTERNAL' not found.
				
2026-09-18 16:23:34 [http-nio-8495-exec-9] ERROR c.v.d.rowmapper.DesignHdrRowMapper -DesignHdrRowMapper  Method Exceptionjava.sql.SQLSyntaxErrorException: Column 'IS_INTERNAL' not found.
				
2026-09-18 16:23:34 [http-nio-8495-exec-10] INFO  c.v.g.c.NotificationGeneralController -getNotificationDetails   method Start
				
2026-09-18 16:23:34 [http-nio-8495-exec-9] ERROR c.v.d.rowmapper.DesignHdrRowMapper -DesignHdrRowMapper  Method Exceptionjava.sql.SQLSyntaxErrorException: Column 'IS_INTERNAL' not found.
				
2026-09-18 16:23:34 [http-nio-8495-exec-9] INFO  c.v.g.c.StageManagementController -getDesignTitleView   method end
				
2026-09-18 16:23:34 [http-nio-8495-exec-3] INFO  c.v.g.c.NotificationGeneralController -getNotificationDetails   method Start
				
2026-09-18 16:23:36 [http-nio-8495-exec-1] INFO  c.v.d.c.IndentUploadController -getIndentHdrDtlsByProjectId Controller  method Start
				
2026-09-18 16:23:36 [http-nio-8495-exec-8] INFO  c.v.p.controller.ProjectController -getCostFlowTypeByPmHdrId   method Start
				
2026-09-18 16:23:36 [http-nio-8495-exec-9] INFO  com.vmfg.scm.services.impl.PoService -getDCTypeDtl Service start 
				
2026-09-18 16:23:36 [http-nio-8495-exec-6] INFO  c.v.g.c.NotificationGeneralController -getNotificationDetails   method Start
				
2026-09-18 16:23:36 [http-nio-8495-exec-8] INFO  c.v.g.c.NotificationGeneralController -getNotificationDetails   method Start
				
2026-09-18 16:23:36 [http-nio-8495-exec-10] INFO  c.v.g.c.NotificationGeneralController -getNotificationDetails   method Start
				
2026-09-18 16:23:36 [http-nio-8495-exec-2] INFO  c.v.g.c.NotificationGeneralController -getNotificationDetails   method Start
				
2026-09-18 16:23:37 [http-nio-8495-exec-1] ERROR c.v.scm.dao.impl.IndentManagementDAO -indentVerCheck Method Exception ---> org.springframework.dao.EmptyResultDataAccessException: Incorrect result size: expected 1, actual 0
				
2026-09-18 16:23:37 [http-nio-8495-exec-1] INFO  c.v.d.c.IndentUploadController -getIndentHdrDtlsByProjectId Controller  method end
				
2026-09-18 16:23:37 [http-nio-8495-exec-3] INFO  c.v.g.c.NotificationGeneralController -getNotificationDetails   method Start
				
2026-09-18 16:23:37 [http-nio-8495-exec-9] INFO  com.vmfg.scm.services.impl.PoService -getDCTypeDtl Service end 
				
2026-09-18 16:23:37 [http-nio-8495-exec-9] INFO  c.v.g.c.NotificationGeneralController -getNotificationDetails   method Start
				
2026-09-18 16:23:37 [http-nio-8495-exec-7] INFO  c.v.g.c.NotificationGeneralController -getNotificationDetails   method Start
				
2026-09-18 16:23:39 [http-nio-8495-exec-4] INFO  c.v.s.c.SalesBudgetSheetController -getKeyCategory   method Start
				
2026-09-18 16:23:39 [http-nio-8495-exec-10] INFO  c.v.d.c.IndentUploadController -getIndentTypeMstDropDown Controller  method Start
				
2026-09-18 16:23:39 [http-nio-8495-exec-1] INFO  com.vmfg.scm.services.impl.PoService -getDCTypeDtl Service start 
				
2026-09-18 16:23:39 [http-nio-8495-exec-4] INFO  c.v.s.c.SalesBudgetSheetController -getKeyCategory method End
				
2026-09-18 16:23:39 [http-nio-8495-exec-10] INFO  c.v.d.c.IndentUploadController -getIndentTypeMstDropDown Controller  method end
				
2026-09-18 16:23:39 [http-nio-8495-exec-4] INFO  c.v.g.c.NotificationGeneralController -getNotificationDetails   method Start
				
2026-09-18 16:23:39 [http-nio-8495-exec-8] INFO  c.v.g.c.NotificationGeneralController -getNotificationDetails   method Start
				
2026-09-18 16:23:39 [http-nio-8495-exec-3] INFO  c.v.g.c.NotificationGeneralController -getNotificationDetails   method Start
				
2026-09-18 16:23:39 [http-nio-8495-exec-1] INFO  com.vmfg.scm.services.impl.PoService -getDCTypeDtl Service end 
				
2026-09-18 16:23:39 [http-nio-8495-exec-2] INFO  c.v.g.c.NotificationGeneralController -getNotificationDetails   method Start
				
2026-09-18 16:23:44 [http-nio-8495-exec-7] INFO  c.v.g.c.NotificationGeneralController -getNotificationDetails   method Start
				
2026-09-18 16:25:31 [http-nio-8495-exec-9] INFO  c.v.g.c.NotificationGeneralController -getNotificationDetails   method Start
				
2026-09-18 16:25:31 [http-nio-8495-exec-7] INFO  c.v.g.c.NotificationGeneralController -getNotificationDetails   method Start
				
2026-09-18 16:25:31 [http-nio-8495-exec-5] INFO  c.v.g.c.NotificationGeneralController -getNotificationDetails   method Start
				
2026-09-18 16:25:31 [http-nio-8495-exec-6] INFO  c.v.d.c.IndentUploadController -getIndentHdrDtlsByProjectId Controller  method Start
				
2026-09-18 16:25:31 [http-nio-8495-exec-10] INFO  com.vmfg.scm.services.impl.PoService -getDCTypeDtl Service start 
				
2026-09-18 16:25:31 [http-nio-8495-exec-1] INFO  c.v.p.controller.ProjectController -getCostFlowTypeByPmHdrId   method Start
				
2026-09-18 16:25:31 [http-nio-8495-exec-6] ERROR c.v.scm.dao.impl.IndentManagementDAO -indentVerCheck Method Exception ---> org.springframework.dao.EmptyResultDataAccessException: Incorrect result size: expected 1, actual 0
				
2026-09-18 16:25:31 [http-nio-8495-exec-6] INFO  c.v.d.c.IndentUploadController -getIndentHdrDtlsByProjectId Controller  method end
				
2026-09-18 16:25:31 [http-nio-8495-exec-3] INFO  c.v.g.c.NotificationGeneralController -getNotificationDetails   method Start
				
2026-09-18 16:25:31 [http-nio-8495-exec-2] INFO  c.v.g.c.NotificationGeneralController -getNotificationDetails   method Start
				
2026-09-18 16:25:31 [http-nio-8495-exec-10] INFO  com.vmfg.scm.services.impl.PoService -getDCTypeDtl Service end 
				
2026-09-18 16:25:31 [http-nio-8495-exec-10] INFO  c.v.g.c.NotificationGeneralController -getNotificationDetails   method Start
				
2026-09-18 16:25:31 [http-nio-8495-exec-4] INFO  c.v.g.c.NotificationGeneralController -getNotificationDetails   method Start
				
2026-09-18 16:25:31 [http-nio-8495-exec-1] INFO  c.v.g.c.NotificationGeneralController -getNotificationDetails   method Start
				
2026-09-18 16:25:31 [http-nio-8495-exec-8] INFO  c.v.g.c.NotificationGeneralController -getNotificationDetails   method Start
				
2026-09-18 16:26:01 [http-nio-8495-exec-3] INFO  c.v.g.c.NotificationGeneralController -getNotificationDetails   method Start
				
2026-09-18 16:26:01 [http-nio-8495-exec-10] INFO  c.v.g.c.NotificationGeneralController -getNotificationDetails   method Start
				
2026-09-18 16:26:01 [http-nio-8495-exec-9] INFO  c.v.g.c.NotificationGeneralController -getNotificationDetails   method Start
				
2026-09-18 16:26:01 [http-nio-8495-exec-4] INFO  com.vmfg.scm.services.impl.PoService -getDCTypeDtl Service start 
				
2026-09-18 16:26:01 [http-nio-8495-exec-8] INFO  c.v.d.c.IndentUploadController -getIndentHdrDtlsByProjectId Controller  method Start
				
2026-09-18 16:26:01 [http-nio-8495-exec-8] ERROR c.v.scm.dao.impl.IndentManagementDAO -indentVerCheck Method Exception ---> org.springframework.dao.EmptyResultDataAccessException: Incorrect result size: expected 1, actual 0
				
2026-09-18 16:26:02 [http-nio-8495-exec-1] INFO  c.v.p.controller.ProjectController -getCostFlowTypeByPmHdrId   method Start
				
2026-09-18 16:26:02 [http-nio-8495-exec-8] INFO  c.v.d.c.IndentUploadController -getIndentHdrDtlsByProjectId Controller  method end
				
2026-09-18 16:26:02 [http-nio-8495-exec-7] INFO  c.v.g.c.NotificationGeneralController -getNotificationDetails   method Start
				
2026-09-18 16:26:02 [http-nio-8495-exec-2] INFO  c.v.g.c.NotificationGeneralController -getNotificationDetails   method Start
				
2026-09-18 16:26:02 [http-nio-8495-exec-4] INFO  com.vmfg.scm.services.impl.PoService -getDCTypeDtl Service end 
				
2026-09-18 16:26:02 [http-nio-8495-exec-5] INFO  c.v.g.c.NotificationGeneralController -getNotificationDetails   method Start
				
2026-09-18 16:26:02 [http-nio-8495-exec-1] INFO  c.v.g.c.NotificationGeneralController -getNotificationDetails   method Start
				
2026-09-18 16:26:02 [http-nio-8495-exec-8] INFO  c.v.g.c.NotificationGeneralController -getNotificationDetails   method Start
				
2026-09-18 16:26:02 [http-nio-8495-exec-6] INFO  c.v.g.c.NotificationGeneralController -getNotificationDetails   method Start
				
2026-09-18 16:26:03 [http-nio-8495-exec-9] INFO  c.v.d.c.IndentUploadController -getIndentTypeMstDropDown Controller  method Start
				
2026-09-18 16:26:03 [http-nio-8495-exec-3] INFO  c.v.s.c.SalesBudgetSheetController -getKeyCategory   method Start
				
2026-09-18 16:26:03 [http-nio-8495-exec-3] INFO  c.v.s.c.SalesBudgetSheetController -getKeyCategory method End
				
2026-09-18 16:26:03 [http-nio-8495-exec-10] INFO  com.vmfg.scm.services.impl.PoService -getDCTypeDtl Service start 
				
2026-09-18 16:26:03 [http-nio-8495-exec-9] INFO  c.v.d.c.IndentUploadController -getIndentTypeMstDropDown Controller  method end
				
2026-09-18 16:26:03 [http-nio-8495-exec-7] INFO  c.v.g.c.NotificationGeneralController -getNotificationDetails   method Start
				
2026-09-18 16:26:03 [http-nio-8495-exec-2] INFO  c.v.g.c.NotificationGeneralController -getNotificationDetails   method Start
				
2026-09-18 16:26:03 [http-nio-8495-exec-5] INFO  c.v.g.c.NotificationGeneralController -getNotificationDetails   method Start
				
2026-09-18 16:26:03 [http-nio-8495-exec-10] INFO  com.vmfg.scm.services.impl.PoService -getDCTypeDtl Service end 
				
2026-09-18 16:26:03 [http-nio-8495-exec-1] INFO  c.v.g.c.NotificationGeneralController -getNotificationDetails   method Start
				
2026-09-18 16:26:09 [http-nio-8495-exec-6] INFO  c.v.g.c.NotificationGeneralController -getNotificationDetails   method Start
				
2026-09-18 16:27:44 [http-nio-8495-exec-5] INFO  c.v.d.c.IndentUploadController -getIndentHdrDtlsByProjectId Controller  method Start
				
2026-09-18 16:27:44 [http-nio-8495-exec-8] INFO  c.v.g.c.NotificationGeneralController -getNotificationDetails   method Start
				
2026-09-18 16:27:44 [http-nio-8495-exec-5] ERROR c.v.scm.dao.impl.IndentManagementDAO -indentVerCheck Method Exception ---> org.springframework.dao.EmptyResultDataAccessException: Incorrect result size: expected 1, actual 0
				
2026-09-18 16:27:44 [http-nio-8495-exec-5] INFO  c.v.d.c.IndentUploadController -getIndentHdrDtlsByProjectId Controller  method end
				
2026-09-18 16:27:44 [http-nio-8495-exec-6] INFO  c.v.g.c.NotificationGeneralController -getNotificationDetails   method Start
				
2026-09-18 16:27:46 [http-nio-8495-exec-4] ERROR com.vmfg.util.GetPropertyValue -getTenantPropertyVal Method Exception|||org.springframework.dao.EmptyResultDataAccessException: Incorrect result size: expected 1, actual 0
				
2026-09-18 16:27:46 [http-nio-8495-exec-4] ERROR com.vmfg.util.GetPropertyValue -getTenantPropertyValByTenantId Method Exception|||org.springframework.dao.EmptyResultDataAccessException: Incorrect result size: expected 1, actual 0
				
2026-09-18 16:27:46 [http-nio-8495-exec-4] INFO  com.vmfg.util.CommonBase64Class -CommonBase64Class getBasesBinary method Start
				
2026-09-18 16:27:46 [http-nio-8495-exec-4] ERROR com.vmfg.util.CommonBase64Class -CommonBase64Class getBasesBinary Method FileNotFoundException---->java.io.FileNotFoundException:  (No such file or directory)
				
2026-09-18 16:27:46 [http-nio-8495-exec-4] ERROR c.v.authentication.UserLoginService -getImageUrl DAO Method Exceptionjava.lang.NullPointerException
				
2026-09-18 16:28:04 [http-nio-8495-exec-9] INFO  com.vmfg.authentication.UserLoginDAO - getUserDtlForAuth DAO method Start
				
2026-09-18 16:28:04 [http-nio-8495-exec-9] INFO  com.vmfg.authentication.UserLoginDAO -getUserLoginInfo DAO method end
				
2026-09-18 16:28:04 [http-nio-8495-exec-2] INFO  c.v.g.c.NotificationGeneralController -getNotificationDetails   method Start
				
2026-09-18 16:28:04 [http-nio-8495-exec-1] INFO  c.v.g.c.NotificationGeneralController -getNotificationDetails   method Start
				
2026-09-18 16:28:04 [http-nio-8495-exec-5] INFO  c.v.g.c.NotificationGeneralController -getNotificationDetails   method Start
				
2026-09-18 16:28:04 [http-nio-8495-exec-4] INFO  c.v.s.c.IndentManagementController -getScmHdrBasedDtl   method Start
				
2026-09-18 16:28:04 [http-nio-8495-exec-8] INFO  c.v.g.services.impl.TileViewService -getSaleTileView  method start
				
2026-09-18 16:28:04 [http-nio-8495-exec-6] INFO  c.v.s.c.IndentManagementController -getIndentProjectDtlsByDate Controller  method Start
				
2026-09-18 16:28:04 [http-nio-8495-exec-6] INFO  c.v.s.c.IndentManagementController -getIndentProjectDtlsByDate Controller  method end
				
2026-09-18 16:28:04 [http-nio-8495-exec-9] INFO  c.v.g.c.NotificationGeneralController -getNotificationDetails   method Start
				
2026-09-18 16:28:06 [http-nio-8495-exec-4] INFO  c.v.s.c.IndentManagementController -getScmHdrBasedDtl  method end
				
2026-09-18 16:28:06 [http-nio-8495-exec-8] INFO  c.v.g.c.StageManagementController -getSCMTitleView   method end
				
2026-09-18 16:28:06 [http-nio-8495-exec-3] INFO  c.v.g.c.NotificationGeneralController -getNotificationDetails   method Start
				
2026-09-18 16:28:06 [http-nio-8495-exec-7] INFO  c.v.g.c.NotificationGeneralController -getNotificationDetails   method Start
				
2026-09-18 16:28:15 [http-nio-8495-exec-10] INFO  c.v.s.c.IndentManagementController -getScmHdrBasedDtl   method Start
				
2026-09-18 16:28:15 [http-nio-8495-exec-6] INFO  c.v.g.services.impl.TileViewService -getSaleTileView  method start
				
2026-09-18 16:28:15 [http-nio-8495-exec-10] INFO  c.v.s.c.IndentManagementController -getScmHdrBasedDtl  method end
				
2026-09-18 16:28:15 [http-nio-8495-exec-6] INFO  c.v.g.c.StageManagementController -getSCMTitleView   method end
				
2026-09-18 16:28:15 [http-nio-8495-exec-2] INFO  c.v.g.c.NotificationGeneralController -getNotificationDetails   method Start
				
2026-09-18 16:28:15 [http-nio-8495-exec-1] INFO  c.v.g.c.NotificationGeneralController -getNotificationDetails   method Start
				
2026-09-18 16:28:15 [http-nio-8495-exec-9] INFO  c.v.g.c.NotificationGeneralController -getNotificationDetails   method Start
				
2026-09-18 16:28:15 [http-nio-8495-exec-8] INFO  c.v.g.c.DepartmentAndEmployeeInfoController -getprocessAssignedTeam   method Start
				
2026-09-18 16:28:15 [http-nio-8495-exec-8] INFO  c.v.g.s.i.DepartmentAndEmployeeService -getprocessAssignedTeam  method start
				
2026-09-18 16:28:15 [http-nio-8495-exec-6] INFO  c.v.g.c.NotificationGeneralController -getNotificationDetails   method Start
				
2026-09-18 16:28:15 [http-nio-8495-exec-4] INFO  c.v.g.c.NotificationGeneralController -getNotificationDetails   method Start
				
2026-09-18 16:28:15 [http-nio-8495-exec-5] INFO  c.v.g.c.NotificationGeneralController -getNotificationDetails   method Start
				
2026-09-18 16:28:15 [http-nio-8495-exec-7] INFO  c.v.g.c.NotificationGeneralController -getNotificationDetails   method Start
				
2026-09-18 16:28:15 [http-nio-8495-exec-3] INFO  c.v.g.c.NotificationGeneralController -getNotificationDetails   method Start
				
2026-09-18 16:28:19 [http-nio-8495-exec-8] INFO  c.v.s.c.IndentManagementController -indentHdrDropDownByProjectCode Controller  method Start
				
2026-09-18 16:28:19 [http-nio-8495-exec-8] INFO  c.v.s.c.IndentManagementController -indentHdrDropDownByProjectCode Controller  method end
				
2026-09-18 16:28:19 [http-nio-8495-exec-1] INFO  c.v.g.c.NotificationGeneralController -getNotificationDetails   method Start
				
2026-09-18 16:28:19 [http-nio-8495-exec-9] INFO  c.v.g.c.NotificationGeneralController -getNotificationDetails   method Start
				
2026-09-18 16:28:19 [http-nio-8495-exec-6] INFO  c.v.g.c.NotificationGeneralController -getNotificationDetails   method Start
				
2026-09-18 16:28:45 [http-nio-8495-exec-7] INFO  c.v.m.controller.VendorController -getApprVendorDtls method Start
				
2026-09-18 16:28:45 [http-nio-8495-exec-4] INFO  c.v.g.c.NotificationGeneralController -getNotificationDetails   method Start
				
2026-09-18 16:28:45 [http-nio-8495-exec-3] INFO  c.v.g.c.NotificationGeneralController -getNotificationDetails   method Start
				
2026-09-18 16:28:45 [http-nio-8495-exec-8] INFO  c.v.g.c.NotificationGeneralController -getNotificationDetails   method Start
				
2026-09-18 16:28:45 [http-nio-8495-exec-1] INFO  c.v.g.c.NotificationGeneralController -getNotificationDetails   method Start
				
2026-09-18 16:32:16 [http-nio-8495-exec-6] INFO  c.v.g.c.NotificationGeneralController -getNotificationDetails   method Start
				
2026-09-18 16:32:16 [http-nio-8495-exec-8] INFO  c.v.g.c.NotificationGeneralController -getNotificationDetails   method Start
				
2026-09-18 16:32:16 [http-nio-8495-exec-1] INFO  c.v.g.c.NotificationGeneralController -getNotificationDetails   method Start
				
2026-09-18 16:32:16 [http-nio-8495-exec-5] INFO  c.v.s.c.IndentManagementController -indentHdrDropDownByProjectCode Controller  method Start
				
2026-09-18 16:32:16 [http-nio-8495-exec-5] INFO  c.v.s.c.IndentManagementController -indentHdrDropDownByProjectCode Controller  method end
				
2026-09-18 16:32:16 [http-nio-8495-exec-10] INFO  c.v.g.c.NotificationGeneralController -getNotificationDetails   method Start
				
2026-09-18 16:32:16 [http-nio-8495-exec-3] INFO  c.v.g.c.NotificationGeneralController -getNotificationDetails   method Start
				
2026-09-18 16:32:36 [http-nio-8495-exec-7] INFO  c.v.g.c.NotificationGeneralController -getNotificationDetails   method Start
				
2026-09-18 16:32:36 [http-nio-8495-exec-5] INFO  c.v.g.c.NotificationGeneralController -getNotificationDetails   method Start
				
2026-09-18 16:32:36 [http-nio-8495-exec-9] INFO  c.v.g.c.NotificationGeneralController -getNotificationDetails   method Start
				
2026-09-18 16:32:36 [http-nio-8495-exec-1] INFO  c.v.s.c.IndentManagementController -indentHdrDropDownByProjectCode Controller  method Start
				
2026-09-18 16:32:36 [http-nio-8495-exec-1] INFO  c.v.s.c.IndentManagementController -indentHdrDropDownByProjectCode Controller  method end
				
2026-09-18 16:32:36 [http-nio-8495-exec-8] INFO  c.v.g.c.NotificationGeneralController -getNotificationDetails   method Start
				
2026-09-18 16:32:36 [http-nio-8495-exec-10] INFO  c.v.g.c.NotificationGeneralController -getNotificationDetails   method Start
				
2026-09-18 16:32:52 [http-nio-8495-exec-1] INFO  c.v.g.c.NotificationGeneralController -getNotificationDetails   method Start
				
2026-09-18 16:32:52 [http-nio-8495-exec-6] INFO  c.v.g.c.NotificationGeneralController -getNotificationDetails   method Start
				
2026-09-18 16:32:52 [http-nio-8495-exec-9] INFO  c.v.g.c.NotificationGeneralController -getNotificationDetails   method Start
				
2026-09-18 16:32:52 [http-nio-8495-exec-5] INFO  c.v.s.c.IndentManagementController -indentHdrDropDownByProjectCode Controller  method Start
				
2026-09-18 16:32:52 [http-nio-8495-exec-5] INFO  c.v.s.c.IndentManagementController -indentHdrDropDownByProjectCode Controller  method end
				
2026-09-18 16:32:52 [http-nio-8495-exec-8] INFO  c.v.g.c.NotificationGeneralController -getNotificationDetails   method Start
				
2026-09-18 16:32:53 [http-nio-8495-exec-10] INFO  c.v.g.c.NotificationGeneralController -getNotificationDetails   method Start
				
2026-09-18 16:33:08 [http-nio-8495-exec-5] INFO  c.v.g.c.NotificationGeneralController -getNotificationDetails   method Start
				
2026-09-18 16:33:08 [http-nio-8495-exec-7] INFO  c.v.g.c.NotificationGeneralController -getNotificationDetails   method Start
				
2026-09-18 16:33:08 [http-nio-8495-exec-9] INFO  c.v.g.c.NotificationGeneralController -getNotificationDetails   method Start
				
2026-09-18 16:33:08 [http-nio-8495-exec-6] INFO  c.v.s.c.IndentManagementController -indentHdrDropDownByProjectCode Controller  method Start
				
2026-09-18 16:33:08 [http-nio-8495-exec-6] INFO  c.v.s.c.IndentManagementController -indentHdrDropDownByProjectCode Controller  method end
				
2026-09-18 16:33:08 [http-nio-8495-exec-8] INFO  c.v.g.c.NotificationGeneralController -getNotificationDetails   method Start
				
2026-09-18 16:33:09 [http-nio-8495-exec-10] INFO  c.v.g.c.NotificationGeneralController -getNotificationDetails   method Start
				
2026-09-18 16:34:21 [http-nio-8495-exec-8] INFO  c.v.g.c.NotificationGeneralController -getNotificationDetails   method Start
				
2026-09-18 16:34:21 [http-nio-8495-exec-4] INFO  c.v.g.c.NotificationGeneralController -getNotificationDetails   method Start
				
2026-09-18 16:34:21 [http-nio-8495-exec-10] INFO  c.v.g.c.NotificationGeneralController -getNotificationDetails   method Start
				
2026-09-18 16:34:21 [http-nio-8495-exec-3] INFO  c.v.s.c.IndentManagementController -indentHdrDropDownByProjectCode Controller  method Start
				
2026-09-18 16:34:21 [http-nio-8495-exec-3] INFO  c.v.s.c.IndentManagementController -indentHdrDropDownByProjectCode Controller  method end
				
2026-09-18 16:34:21 [http-nio-8495-exec-2] INFO  c.v.g.c.NotificationGeneralController -getNotificationDetails   method Start
				
2026-09-18 16:34:21 [http-nio-8495-exec-1] INFO  c.v.g.c.NotificationGeneralController -getNotificationDetails   method Start
				
2026-09-18 16:34:34 [http-nio-8495-exec-5] INFO  c.v.m.controller.VendorController -getApprVendorDtls method Start
				
2026-09-18 16:34:34 [http-nio-8495-exec-7] INFO  c.v.g.c.NotificationGeneralController -getNotificationDetails   method Start
				
2026-09-18 16:34:34 [http-nio-8495-exec-3] INFO  c.v.g.c.NotificationGeneralController -getNotificationDetails   method Start
				
2026-09-18 16:34:34 [http-nio-8495-exec-6] ERROR com.vmfg.scm.dao.impl.GrnDAO -getPoCodeByPoId method Errororg.springframework.dao.EmptyResultDataAccessException: Incorrect result size: expected 1, actual 0
				
2026-09-18 16:34:35 [http-nio-8495-exec-6] INFO  c.v.g.c.NotificationGeneralController -getNotificationDetails   method Start
				
2026-09-18 16:34:46 [http-nio-8495-exec-10] INFO  c.v.g.c.NotificationGeneralController -getNotificationDetails   method Start
				
2026-09-18 16:34:50 [http-nio-8495-exec-2] INFO  c.v.m.controller.VendorController -getApprVendorDtls method Start
				
2026-09-18 16:34:50 [http-nio-8495-exec-9] INFO  c.v.g.c.NotificationGeneralController -getNotificationDetails   method Start
				
2026-09-18 16:34:50 [http-nio-8495-exec-5] INFO  c.v.g.c.NotificationGeneralController -getNotificationDetails   method Start
				
2026-09-18 16:34:50 [http-nio-8495-exec-3] INFO  c.v.g.c.NotificationGeneralController -getNotificationDetails   method Start
				
2026-09-18 16:34:51 [http-nio-8495-exec-8] INFO  c.v.g.c.NotificationGeneralController -getNotificationDetails   method Start
				
2026-09-18 16:37:01 [http-nio-8495-exec-8] INFO  c.v.g.c.NotificationGeneralController -getNotificationDetails   method Start
				
2026-09-18 16:37:01 [http-nio-8495-exec-6] INFO  c.v.g.c.NotificationGeneralController -getNotificationDetails   method Start
				
2026-09-18 16:37:01 [http-nio-8495-exec-4] INFO  c.v.g.c.NotificationGeneralController -getNotificationDetails   method Start
				
2026-09-18 16:37:01 [http-nio-8495-exec-1] INFO  c.v.s.c.IndentManagementController -indentHdrDropDownByProjectCode Controller  method Start
				
2026-09-18 16:37:01 [http-nio-8495-exec-1] INFO  c.v.s.c.IndentManagementController -indentHdrDropDownByProjectCode Controller  method end
				
2026-09-18 16:37:01 [http-nio-8495-exec-3] INFO  c.v.g.c.NotificationGeneralController -getNotificationDetails   method Start
				
2026-09-18 16:37:01 [http-nio-8495-exec-5] INFO  c.v.g.c.NotificationGeneralController -getNotificationDetails   method Start
				
2026-09-18 16:37:30 [http-nio-8495-exec-1] INFO  c.v.g.c.NotificationGeneralController -getNotificationDetails   method Start
				
2026-09-18 16:37:30 [http-nio-8495-exec-2] INFO  c.v.g.c.NotificationGeneralController -getNotificationDetails   method Start
				
2026-09-18 16:37:30 [http-nio-8495-exec-8] INFO  c.v.g.c.NotificationGeneralController -getNotificationDetails   method Start
				
2026-09-18 16:37:30 [http-nio-8495-exec-6] INFO  c.v.s.c.IndentManagementController -indentHdrDropDownByProjectCode Controller  method Start
				
2026-09-18 16:37:30 [http-nio-8495-exec-6] INFO  c.v.s.c.IndentManagementController -indentHdrDropDownByProjectCode Controller  method end
				
2026-09-18 16:37:30 [http-nio-8495-exec-3] INFO  c.v.g.c.NotificationGeneralController -getNotificationDetails   method Start
				
2026-09-18 16:37:30 [http-nio-8495-exec-5] INFO  c.v.g.c.NotificationGeneralController -getNotificationDetails   method Start
				
2026-09-18 16:38:11 [http-nio-8495-exec-1] INFO  c.v.g.c.NotificationGeneralController -getNotificationDetails   method Start
				
2026-09-18 16:38:11 [http-nio-8495-exec-8] INFO  c.v.g.c.NotificationGeneralController -getNotificationDetails   method Start
				
2026-09-18 16:38:11 [http-nio-8495-exec-3] INFO  c.v.g.c.NotificationGeneralController -getNotificationDetails   method Start
				
2026-09-18 16:38:11 [http-nio-8495-exec-5] INFO  c.v.s.c.IndentManagementController -indentHdrDropDownByProjectCode Controller  method Start
				
2026-09-18 16:38:11 [http-nio-8495-exec-5] INFO  c.v.s.c.IndentManagementController -indentHdrDropDownByProjectCode Controller  method end
				
2026-09-18 16:38:11 [http-nio-8495-exec-9] INFO  c.v.g.c.NotificationGeneralController -getNotificationDetails   method Start
				
2026-09-18 16:38:12 [http-nio-8495-exec-4] INFO  c.v.g.c.NotificationGeneralController -getNotificationDetails   method Start
				
2026-09-18 16:38:17 [http-nio-8495-exec-2] INFO  c.v.m.controller.VendorController -getApprVendorDtls method Start
				
2026-09-18 16:38:17 [http-nio-8495-exec-5] INFO  c.v.g.c.NotificationGeneralController -getNotificationDetails   method Start
				
2026-09-18 16:38:18 [http-nio-8495-exec-2] INFO  c.v.g.c.NotificationGeneralController -getNotificationDetails   method Start
				
2026-09-18 16:38:18 [http-nio-8495-exec-3] ERROR com.vmfg.scm.dao.impl.GrnDAO -getPoCodeByPoId method Errororg.springframework.dao.EmptyResultDataAccessException: Incorrect result size: expected 1, actual 0
				
2026-09-18 16:38:18 [http-nio-8495-exec-8] INFO  c.v.g.c.NotificationGeneralController -getNotificationDetails   method Start
				
2026-09-18 16:38:26 [http-nio-8495-exec-9] INFO  c.v.g.c.NotificationGeneralController -getNotificationDetails   method Start
				
2026-09-18 16:38:30 [http-nio-8495-exec-4] INFO  c.v.m.controller.VendorController -getApprVendorDtls method Start
				
2026-09-18 16:38:30 [http-nio-8495-exec-7] INFO  c.v.g.c.NotificationGeneralController -getNotificationDetails   method Start
				
2026-09-18 16:38:30 [http-nio-8495-exec-10] INFO  c.v.g.c.NotificationGeneralController -getNotificationDetails   method Start
				
2026-09-18 16:38:30 [http-nio-8495-exec-5] INFO  c.v.g.c.NotificationGeneralController -getNotificationDetails   method Start
				
2026-09-18 16:38:30 [http-nio-8495-exec-1] INFO  c.v.g.c.NotificationGeneralController -getNotificationDetails   method Start
				
2026-09-18 16:39:13 [http-nio-8495-exec-6] INFO  c.v.g.c.NotificationGeneralController -getNotificationDetails   method Start
				
2026-09-18 16:54:07 [HikariPool-1 housekeeper] WARN  com.zaxxer.hikari.pool.HikariPool -HikariPool-1 - Thread starvation or clock leap detected (housekeeper delta=4m33s54ms).
				
2026-09-18 16:55:52 [HikariPool-1 housekeeper] WARN  com.zaxxer.hikari.pool.HikariPool -HikariPool-1 - Thread starvation or clock leap detected (housekeeper delta=1m45s530ms).
				
2026-09-18 17:13:14 [HikariPool-1 housekeeper] WARN  com.zaxxer.hikari.pool.HikariPool -HikariPool-1 - Thread starvation or clock leap detected (housekeeper delta=16m52s219ms).
				
2026-09-18 17:24:57 [HikariPool-1 housekeeper] WARN  com.zaxxer.hikari.pool.HikariPool -HikariPool-1 - Thread starvation or clock leap detected (housekeeper delta=11m12s316ms).
				
2026-09-18 17:26:38 [HikariPool-1 housekeeper] WARN  com.zaxxer.hikari.pool.HikariPool -HikariPool-1 - Thread starvation or clock leap detected (housekeeper delta=1m11s92ms).
				
2026-09-18 17:42:26 [HikariPool-1 housekeeper] WARN  com.zaxxer.hikari.pool.HikariPool -HikariPool-1 - Thread starvation or clock leap detected (housekeeper delta=15m48s670ms).
				
2026-09-18 17:49:31 [HikariPool-1 housekeeper] WARN  com.zaxxer.hikari.pool.HikariPool -HikariPool-1 - Thread starvation or clock leap detected (housekeeper delta=6m34s483ms).
				
2026-09-18 18:07:24 [HikariPool-1 housekeeper] WARN  com.zaxxer.hikari.pool.HikariPool -HikariPool-1 - Thread starvation or clock leap detected (housekeeper delta=17m23s122ms).
				
2026-09-18 18:23:04 [HikariPool-1 housekeeper] WARN  com.zaxxer.hikari.pool.HikariPool -HikariPool-1 - Thread starvation or clock leap detected (housekeeper delta=15m39s448ms).
				
2026-09-18 18:40:30 [HikariPool-1 housekeeper] WARN  com.zaxxer.hikari.pool.HikariPool -HikariPool-1 - Thread starvation or clock leap detected (housekeeper delta=16m56s551ms).
				
2026-09-18 18:45:32 [HikariPool-1 housekeeper] WARN  com.zaxxer.hikari.pool.HikariPool -HikariPool-1 - Thread starvation or clock leap detected (housekeeper delta=5m1s487ms).
				
2026-09-18 19:02:13 [HikariPool-1 housekeeper] WARN  com.zaxxer.hikari.pool.HikariPool -HikariPool-1 - Thread starvation or clock leap detected (housekeeper delta=16m11s410ms).
				
2026-09-18 19:18:54 [HikariPool-1 housekeeper] WARN  com.zaxxer.hikari.pool.HikariPool -HikariPool-1 - Thread starvation or clock leap detected (housekeeper delta=16m10s507ms).
				
2026-09-18 19:36:40 [HikariPool-1 housekeeper] WARN  com.zaxxer.hikari.pool.HikariPool -HikariPool-1 - Thread starvation or clock leap detected (housekeeper delta=17m16s463ms).
				
2026-09-18 19:44:53 [HikariPool-1 housekeeper] WARN  com.zaxxer.hikari.pool.HikariPool -HikariPool-1 - Thread starvation or clock leap detected (housekeeper delta=7m42s555ms).
				
2026-09-18 19:46:55 [HikariPool-1 housekeeper] WARN  com.zaxxer.hikari.pool.HikariPool -HikariPool-1 - Thread starvation or clock leap detected (housekeeper delta=1m1s980ms).
				
2026-09-18 19:56:56 [SpringApplicationShutdownHook] INFO  com.zaxxer.hikari.HikariDataSource -HikariPool-1 - Shutdown initiated...
				
2026-09-18 19:56:56 [SpringApplicationShutdownHook] INFO  com.zaxxer.hikari.HikariDataSource -HikariPool-1 - Shutdown completed.
				
